supplysector,subsector.name0,subsector.name,year,lifetime,technology
base load generation,geothermal,geo_base,2021,30,geothermal (recirculating)
base load generation,geothermal,geo_base,2021,30,geothermal (dry_hybrid)
base load generation,biomass,biomass_base_conv,2025,60,biomass (conv) (once through)
base load generation,biomass,biomass_base_conv,2025,60,biomass (conv) (seawater)
base load generation,biomass,biomass_base_conv,2025,60,biomass (conv) (recirculating)
base load generation,biomass,biomass_base_conv,2025,60,biomass (conv) (cooling pond)
base load generation,biomass,biomass_base_conv,2025,60,biomass (conv) (dry cooling)
base load generation,biomass,biomass_base_conv_CCS,2025,60,biomass (conv CCS) (once through)
base load generation,biomass,biomass_base_conv_CCS,2025,60,biomass (conv CCS) (seawater)
base load generation,biomass,biomass_base_conv_CCS,2025,60,biomass (conv CCS) (recirculating)
base load generation,biomass,biomass_base_conv_CCS,2025,60,biomass (conv CCS) (dry cooling)
base load generation,biomass,biomass_base_IGCC,2025,60,biomass (IGCC) (once through)
base load generation,biomass,biomass_base_IGCC,2025,60,biomass (IGCC) (seawater)
base load generation,biomass,biomass_base_IGCC,2025,60,biomass (IGCC) (recirculating)
base load generation,biomass,biomass_base_IGCC,2025,60,biomass (IGCC) (dry cooling)
base load generation,biomass,biomass_base_IGCC_CCS,2025,60,biomass (IGCC CCS) (once through)
base load generation,biomass,biomass_base_IGCC_CCS,2025,60,biomass (IGCC CCS) (seawater)
base load generation,biomass,biomass_base_IGCC_CCS,2025,60,biomass (IGCC CCS) (recirculating)
base load generation,biomass,biomass_base_IGCC_CCS,2025,60,biomass (IGCC CCS) (dry cooling)
base load generation,coal,coal_base_conv pul,2025,60,coal (conv pul) (once through)
base load generation,coal,coal_base_conv pul,2025,60,coal (conv pul) (seawater)
base load generation,coal,coal_base_conv pul,2025,60,coal (conv pul) (recirculating)
base load generation,coal,coal_base_conv pul,2025,60,coal (conv pul) (cooling pond)
base load generation,coal,coal_base_conv pul,2025,60,coal (conv pul) (dry cooling)
base load generation,coal,coal_base_conv pul_CCS,2025,60,coal (conv pul CCS) (once through)
base load generation,coal,coal_base_conv pul_CCS,2025,60,coal (conv pul CCS) (seawater)
base load generation,coal,coal_base_conv pul_CCS,2025,60,coal (conv pul CCS) (recirculating)
base load generation,coal,coal_base_conv pul_CCS,2025,60,coal (conv pul CCS) (dry cooling)
base load generation,coal,coal_base_IGCC,2025,60,coal (IGCC) (once through)
base load generation,coal,coal_base_IGCC,2025,60,coal (IGCC) (seawater)
base load generation,coal,coal_base_IGCC,2025,60,coal (IGCC) (recirculating)
base load generation,coal,coal_base_IGCC,2025,60,coal (IGCC) (dry cooling)
base load generation,coal,coal_base_IGCC_CCS,2025,60,coal (IGCC CCS) (once through)
base load generation,coal,coal_base_IGCC_CCS,2025,60,coal (IGCC CCS) (seawater)
base load generation,coal,coal_base_IGCC_CCS,2025,60,coal (IGCC CCS) (recirculating)
base load generation,coal,coal_base_IGCC_CCS,2025,60,coal (IGCC CCS) (dry cooling)
base load generation,gas,gas_base_CC,2025,45,gas (CC) (once through)
base load generation,gas,gas_base_CC,2025,45,gas (CC) (seawater)
base load generation,gas,gas_base_CC,2025,45,gas (CC) (recirculating)
base load generation,gas,gas_base_CC,2025,45,gas (CC) (cooling pond)
base load generation,gas,gas_base_CC,2025,45,gas (CC) (dry cooling)
base load generation,gas,gas_base_CC_CCS,2025,45,gas (CC CCS) (once through)
base load generation,gas,gas_base_CC_CCS,2025,45,gas (CC CCS) (seawater)
base load generation,gas,gas_base_CC_CCS,2025,45,gas (CC CCS) (recirculating)
base load generation,gas,gas_base_CC_CCS,2025,45,gas (CC CCS) (dry cooling)
base load generation,geothermal,geo_base,2025,30,geothermal (recirculating)
base load generation,geothermal,geo_base,2025,30,geothermal (dry_hybrid)
base load generation,nuclear,nuc_base_large reactor,2025,60,large reactor (once through)
base load generation,nuclear,nuc_base_large reactor,2025,60,large reactor (seawater)
base load generation,nuclear,nuc_base_large reactor,2025,60,large reactor (recirculating)
base load generation,nuclear,nuc_base_large reactor,2025,60,large reactor (cooling pond)
base load generation,nuclear,nuc_base_SMR,2025,60,SMR (once through)
base load generation,nuclear,nuc_base_SMR,2025,60,SMR (seawater)
base load generation,nuclear,nuc_base_SMR,2025,60,SMR (recirculating)
base load generation,nuclear,nuc_base_SMR,2025,60,SMR (cooling pond)
base load generation,refined liquids,refined liquids_base_steam/CT,2025,45,refined liquids (steam/CT) (once through)
base load generation,refined liquids,refined liquids_base_steam/CT,2025,45,refined liquids (steam/CT) (seawater)
base load generation,refined liquids,refined liquids_base_steam/CT,2025,45,refined liquids (steam/CT) (recirculating)
base load generation,refined liquids,refined liquids_base_steam/CT,2025,45,refined liquids (steam/CT) (cooling pond)
base load generation,refined liquids,refined liquids_base_steam/CT,2025,45,refined liquids (steam/CT) (dry cooling)
base load generation,refined liquids,refined liquids_base_CC,2025,45,refined liquids (CC) (once through)
base load generation,refined liquids,refined liquids_base_CC,2025,45,refined liquids (CC) (seawater)
base load generation,refined liquids,refined liquids_base_CC,2025,45,refined liquids (CC) (recirculating)
base load generation,refined liquids,refined liquids_base_CC,2025,45,refined liquids (CC) (dry cooling)
base load generation,refined liquids,refined liquids_base_CC_CCS,2025,45,refined liquids (CC CCS) (once through)
base load generation,refined liquids,refined liquids_base_CC_CCS,2025,45,refined liquids (CC CCS) (seawater)
base load generation,refined liquids,refined liquids_base_CC_CCS,2025,45,refined liquids (CC CCS) (recirculating)
base load generation,refined liquids,refined liquids_base_CC_CCS,2025,45,refined liquids (CC CCS) (dry cooling)
base load generation,solar,PV_base_storage,2025,30,PV_base_storage
base load generation,solar,CSP_base_storage,2025,30,CSP_base_storage
base load generation,wind,wind_base_storage,2025,30,wind_base_storage
base load generation,biomass,biomass_base_conv,2030,60,biomass (conv) (once through)
base load generation,biomass,biomass_base_conv,2030,60,biomass (conv) (seawater)
base load generation,biomass,biomass_base_conv,2030,60,biomass (conv) (recirculating)
base load generation,biomass,biomass_base_conv,2030,60,biomass (conv) (cooling pond)
base load generation,biomass,biomass_base_conv,2030,60,biomass (conv) (dry cooling)
base load generation,biomass,biomass_base_conv_CCS,2030,60,biomass (conv CCS) (once through)
base load generation,biomass,biomass_base_conv_CCS,2030,60,biomass (conv CCS) (seawater)
base load generation,biomass,biomass_base_conv_CCS,2030,60,biomass (conv CCS) (recirculating)
base load generation,biomass,biomass_base_conv_CCS,2030,60,biomass (conv CCS) (dry cooling)
base load generation,biomass,biomass_base_IGCC,2030,60,biomass (IGCC) (once through)
base load generation,biomass,biomass_base_IGCC,2030,60,biomass (IGCC) (seawater)
base load generation,biomass,biomass_base_IGCC,2030,60,biomass (IGCC) (recirculating)
base load generation,biomass,biomass_base_IGCC,2030,60,biomass (IGCC) (dry cooling)
base load generation,biomass,biomass_base_IGCC_CCS,2030,60,biomass (IGCC CCS) (once through)
base load generation,biomass,biomass_base_IGCC_CCS,2030,60,biomass (IGCC CCS) (seawater)
base load generation,biomass,biomass_base_IGCC_CCS,2030,60,biomass (IGCC CCS) (recirculating)
base load generation,biomass,biomass_base_IGCC_CCS,2030,60,biomass (IGCC CCS) (dry cooling)
base load generation,coal,coal_base_conv pul,2030,60,coal (conv pul) (once through)
base load generation,coal,coal_base_conv pul,2030,60,coal (conv pul) (seawater)
base load generation,coal,coal_base_conv pul,2030,60,coal (conv pul) (recirculating)
base load generation,coal,coal_base_conv pul,2030,60,coal (conv pul) (cooling pond)
base load generation,coal,coal_base_conv pul,2030,60,coal (conv pul) (dry cooling)
base load generation,coal,coal_base_conv pul_CCS,2030,60,coal (conv pul CCS) (once through)
base load generation,coal,coal_base_conv pul_CCS,2030,60,coal (conv pul CCS) (seawater)
base load generation,coal,coal_base_conv pul_CCS,2030,60,coal (conv pul CCS) (recirculating)
base load generation,coal,coal_base_conv pul_CCS,2030,60,coal (conv pul CCS) (dry cooling)
base load generation,coal,coal_base_IGCC,2030,60,coal (IGCC) (once through)
base load generation,coal,coal_base_IGCC,2030,60,coal (IGCC) (seawater)
base load generation,coal,coal_base_IGCC,2030,60,coal (IGCC) (recirculating)
base load generation,coal,coal_base_IGCC,2030,60,coal (IGCC) (dry cooling)
base load generation,coal,coal_base_IGCC_CCS,2030,60,coal (IGCC CCS) (once through)
base load generation,coal,coal_base_IGCC_CCS,2030,60,coal (IGCC CCS) (seawater)
base load generation,coal,coal_base_IGCC_CCS,2030,60,coal (IGCC CCS) (recirculating)
base load generation,coal,coal_base_IGCC_CCS,2030,60,coal (IGCC CCS) (dry cooling)
base load generation,gas,gas_base_CC,2030,45,gas (CC) (once through)
base load generation,gas,gas_base_CC,2030,45,gas (CC) (seawater)
base load generation,gas,gas_base_CC,2030,45,gas (CC) (recirculating)
base load generation,gas,gas_base_CC,2030,45,gas (CC) (cooling pond)
base load generation,gas,gas_base_CC,2030,45,gas (CC) (dry cooling)
base load generation,gas,gas_base_CC_CCS,2030,45,gas (CC CCS) (once through)
base load generation,gas,gas_base_CC_CCS,2030,45,gas (CC CCS) (seawater)
base load generation,gas,gas_base_CC_CCS,2030,45,gas (CC CCS) (recirculating)
base load generation,gas,gas_base_CC_CCS,2030,45,gas (CC CCS) (dry cooling)
base load generation,geothermal,geo_base,2030,30,geothermal (recirculating)
base load generation,geothermal,geo_base,2030,30,geothermal (dry_hybrid)
base load generation,nuclear,nuc_base_large reactor,2030,60,large reactor (once through)
base load generation,nuclear,nuc_base_large reactor,2030,60,large reactor (seawater)
base load generation,nuclear,nuc_base_large reactor,2030,60,large reactor (recirculating)
base load generation,nuclear,nuc_base_large reactor,2030,60,large reactor (cooling pond)
base load generation,nuclear,nuc_base_SMR,2030,60,SMR (once through)
base load generation,nuclear,nuc_base_SMR,2030,60,SMR (seawater)
base load generation,nuclear,nuc_base_SMR,2030,60,SMR (recirculating)
base load generation,nuclear,nuc_base_SMR,2030,60,SMR (cooling pond)
base load generation,refined liquids,refined liquids_base_steam/CT,2030,45,refined liquids (steam/CT) (once through)
base load generation,refined liquids,refined liquids_base_steam/CT,2030,45,refined liquids (steam/CT) (seawater)
base load generation,refined liquids,refined liquids_base_steam/CT,2030,45,refined liquids (steam/CT) (recirculating)
base load generation,refined liquids,refined liquids_base_steam/CT,2030,45,refined liquids (steam/CT) (cooling pond)
base load generation,refined liquids,refined liquids_base_steam/CT,2030,45,refined liquids (steam/CT) (dry cooling)
base load generation,refined liquids,refined liquids_base_CC,2030,45,refined liquids (CC) (once through)
base load generation,refined liquids,refined liquids_base_CC,2030,45,refined liquids (CC) (seawater)
base load generation,refined liquids,refined liquids_base_CC,2030,45,refined liquids (CC) (recirculating)
base load generation,refined liquids,refined liquids_base_CC,2030,45,refined liquids (CC) (dry cooling)
base load generation,refined liquids,refined liquids_base_CC_CCS,2030,45,refined liquids (CC CCS) (once through)
base load generation,refined liquids,refined liquids_base_CC_CCS,2030,45,refined liquids (CC CCS) (seawater)
base load generation,refined liquids,refined liquids_base_CC_CCS,2030,45,refined liquids (CC CCS) (recirculating)
base load generation,refined liquids,refined liquids_base_CC_CCS,2030,45,refined liquids (CC CCS) (dry cooling)
base load generation,solar,PV_base_storage,2030,30,PV_base_storage
base load generation,solar,CSP_base_storage,2030,30,CSP_base_storage
base load generation,wind,wind_base_storage,2030,30,wind_base_storage
base load generation,biomass,biomass_base_conv,2035,60,biomass (conv) (once through)
base load generation,biomass,biomass_base_conv,2035,60,biomass (conv) (seawater)
base load generation,biomass,biomass_base_conv,2035,60,biomass (conv) (recirculating)
base load generation,biomass,biomass_base_conv,2035,60,biomass (conv) (cooling pond)
base load generation,biomass,biomass_base_conv,2035,60,biomass (conv) (dry cooling)
base load generation,biomass,biomass_base_conv_CCS,2035,60,biomass (conv CCS) (once through)
base load generation,biomass,biomass_base_conv_CCS,2035,60,biomass (conv CCS) (seawater)
base load generation,biomass,biomass_base_conv_CCS,2035,60,biomass (conv CCS) (recirculating)
base load generation,biomass,biomass_base_conv_CCS,2035,60,biomass (conv CCS) (dry cooling)
base load generation,biomass,biomass_base_IGCC,2035,60,biomass (IGCC) (once through)
base load generation,biomass,biomass_base_IGCC,2035,60,biomass (IGCC) (seawater)
base load generation,biomass,biomass_base_IGCC,2035,60,biomass (IGCC) (recirculating)
base load generation,biomass,biomass_base_IGCC,2035,60,biomass (IGCC) (dry cooling)
base load generation,biomass,biomass_base_IGCC_CCS,2035,60,biomass (IGCC CCS) (once through)
base load generation,biomass,biomass_base_IGCC_CCS,2035,60,biomass (IGCC CCS) (seawater)
base load generation,biomass,biomass_base_IGCC_CCS,2035,60,biomass (IGCC CCS) (recirculating)
base load generation,biomass,biomass_base_IGCC_CCS,2035,60,biomass (IGCC CCS) (dry cooling)
base load generation,coal,coal_base_conv pul,2035,60,coal (conv pul) (once through)
base load generation,coal,coal_base_conv pul,2035,60,coal (conv pul) (seawater)
base load generation,coal,coal_base_conv pul,2035,60,coal (conv pul) (recirculating)
base load generation,coal,coal_base_conv pul,2035,60,coal (conv pul) (cooling pond)
base load generation,coal,coal_base_conv pul,2035,60,coal (conv pul) (dry cooling)
base load generation,coal,coal_base_conv pul_CCS,2035,60,coal (conv pul CCS) (once through)
base load generation,coal,coal_base_conv pul_CCS,2035,60,coal (conv pul CCS) (seawater)
base load generation,coal,coal_base_conv pul_CCS,2035,60,coal (conv pul CCS) (recirculating)
base load generation,coal,coal_base_conv pul_CCS,2035,60,coal (conv pul CCS) (dry cooling)
base load generation,coal,coal_base_IGCC,2035,60,coal (IGCC) (once through)
base load generation,coal,coal_base_IGCC,2035,60,coal (IGCC) (seawater)
base load generation,coal,coal_base_IGCC,2035,60,coal (IGCC) (recirculating)
base load generation,coal,coal_base_IGCC,2035,60,coal (IGCC) (dry cooling)
base load generation,coal,coal_base_IGCC_CCS,2035,60,coal (IGCC CCS) (once through)
base load generation,coal,coal_base_IGCC_CCS,2035,60,coal (IGCC CCS) (seawater)
base load generation,coal,coal_base_IGCC_CCS,2035,60,coal (IGCC CCS) (recirculating)
base load generation,coal,coal_base_IGCC_CCS,2035,60,coal (IGCC CCS) (dry cooling)
base load generation,gas,gas_base_CC,2035,45,gas (CC) (once through)
base load generation,gas,gas_base_CC,2035,45,gas (CC) (seawater)
base load generation,gas,gas_base_CC,2035,45,gas (CC) (recirculating)
base load generation,gas,gas_base_CC,2035,45,gas (CC) (cooling pond)
base load generation,gas,gas_base_CC,2035,45,gas (CC) (dry cooling)
base load generation,gas,gas_base_CC_CCS,2035,45,gas (CC CCS) (once through)
base load generation,gas,gas_base_CC_CCS,2035,45,gas (CC CCS) (seawater)
base load generation,gas,gas_base_CC_CCS,2035,45,gas (CC CCS) (recirculating)
base load generation,gas,gas_base_CC_CCS,2035,45,gas (CC CCS) (dry cooling)
base load generation,geothermal,geo_base,2035,30,geothermal (recirculating)
base load generation,geothermal,geo_base,2035,30,geothermal (dry_hybrid)
base load generation,nuclear,nuc_base_large reactor,2035,60,large reactor (once through)
base load generation,nuclear,nuc_base_large reactor,2035,60,large reactor (seawater)
base load generation,nuclear,nuc_base_large reactor,2035,60,large reactor (recirculating)
base load generation,nuclear,nuc_base_large reactor,2035,60,large reactor (cooling pond)
base load generation,nuclear,nuc_base_SMR,2035,60,SMR (once through)
base load generation,nuclear,nuc_base_SMR,2035,60,SMR (seawater)
base load generation,nuclear,nuc_base_SMR,2035,60,SMR (recirculating)
base load generation,nuclear,nuc_base_SMR,2035,60,SMR (cooling pond)
base load generation,refined liquids,refined liquids_base_steam/CT,2035,45,refined liquids (steam/CT) (once through)
base load generation,refined liquids,refined liquids_base_steam/CT,2035,45,refined liquids (steam/CT) (seawater)
base load generation,refined liquids,refined liquids_base_steam/CT,2035,45,refined liquids (steam/CT) (recirculating)
base load generation,refined liquids,refined liquids_base_steam/CT,2035,45,refined liquids (steam/CT) (cooling pond)
base load generation,refined liquids,refined liquids_base_steam/CT,2035,45,refined liquids (steam/CT) (dry cooling)
base load generation,refined liquids,refined liquids_base_CC,2035,45,refined liquids (CC) (once through)
base load generation,refined liquids,refined liquids_base_CC,2035,45,refined liquids (CC) (seawater)
base load generation,refined liquids,refined liquids_base_CC,2035,45,refined liquids (CC) (recirculating)
base load generation,refined liquids,refined liquids_base_CC,2035,45,refined liquids (CC) (dry cooling)
base load generation,refined liquids,refined liquids_base_CC_CCS,2035,45,refined liquids (CC CCS) (once through)
base load generation,refined liquids,refined liquids_base_CC_CCS,2035,45,refined liquids (CC CCS) (seawater)
base load generation,refined liquids,refined liquids_base_CC_CCS,2035,45,refined liquids (CC CCS) (recirculating)
base load generation,refined liquids,refined liquids_base_CC_CCS,2035,45,refined liquids (CC CCS) (dry cooling)
base load generation,solar,PV_base_storage,2035,30,PV_base_storage
base load generation,solar,CSP_base_storage,2035,30,CSP_base_storage
base load generation,wind,wind_base_storage,2035,30,wind_base_storage
base load generation,biomass,biomass_base_conv,2040,60,biomass (conv) (once through)
base load generation,biomass,biomass_base_conv,2040,60,biomass (conv) (seawater)
base load generation,biomass,biomass_base_conv,2040,60,biomass (conv) (recirculating)
base load generation,biomass,biomass_base_conv,2040,60,biomass (conv) (cooling pond)
base load generation,biomass,biomass_base_conv,2040,60,biomass (conv) (dry cooling)
base load generation,biomass,biomass_base_conv_CCS,2040,60,biomass (conv CCS) (once through)
base load generation,biomass,biomass_base_conv_CCS,2040,60,biomass (conv CCS) (seawater)
base load generation,biomass,biomass_base_conv_CCS,2040,60,biomass (conv CCS) (recirculating)
base load generation,biomass,biomass_base_conv_CCS,2040,60,biomass (conv CCS) (dry cooling)
base load generation,biomass,biomass_base_IGCC,2040,60,biomass (IGCC) (once through)
base load generation,biomass,biomass_base_IGCC,2040,60,biomass (IGCC) (seawater)
base load generation,biomass,biomass_base_IGCC,2040,60,biomass (IGCC) (recirculating)
base load generation,biomass,biomass_base_IGCC,2040,60,biomass (IGCC) (dry cooling)
base load generation,biomass,biomass_base_IGCC_CCS,2040,60,biomass (IGCC CCS) (once through)
base load generation,biomass,biomass_base_IGCC_CCS,2040,60,biomass (IGCC CCS) (seawater)
base load generation,biomass,biomass_base_IGCC_CCS,2040,60,biomass (IGCC CCS) (recirculating)
base load generation,biomass,biomass_base_IGCC_CCS,2040,60,biomass (IGCC CCS) (dry cooling)
base load generation,coal,coal_base_conv pul,2040,60,coal (conv pul) (once through)
base load generation,coal,coal_base_conv pul,2040,60,coal (conv pul) (seawater)
base load generation,coal,coal_base_conv pul,2040,60,coal (conv pul) (recirculating)
base load generation,coal,coal_base_conv pul,2040,60,coal (conv pul) (cooling pond)
base load generation,coal,coal_base_conv pul,2040,60,coal (conv pul) (dry cooling)
base load generation,coal,coal_base_conv pul_CCS,2040,60,coal (conv pul CCS) (once through)
base load generation,coal,coal_base_conv pul_CCS,2040,60,coal (conv pul CCS) (seawater)
base load generation,coal,coal_base_conv pul_CCS,2040,60,coal (conv pul CCS) (recirculating)
base load generation,coal,coal_base_conv pul_CCS,2040,60,coal (conv pul CCS) (dry cooling)
base load generation,coal,coal_base_IGCC,2040,60,coal (IGCC) (once through)
base load generation,coal,coal_base_IGCC,2040,60,coal (IGCC) (seawater)
base load generation,coal,coal_base_IGCC,2040,60,coal (IGCC) (recirculating)
base load generation,coal,coal_base_IGCC,2040,60,coal (IGCC) (dry cooling)
base load generation,coal,coal_base_IGCC_CCS,2040,60,coal (IGCC CCS) (once through)
base load generation,coal,coal_base_IGCC_CCS,2040,60,coal (IGCC CCS) (seawater)
base load generation,coal,coal_base_IGCC_CCS,2040,60,coal (IGCC CCS) (recirculating)
base load generation,coal,coal_base_IGCC_CCS,2040,60,coal (IGCC CCS) (dry cooling)
base load generation,gas,gas_base_CC,2040,45,gas (CC) (once through)
base load generation,gas,gas_base_CC,2040,45,gas (CC) (seawater)
base load generation,gas,gas_base_CC,2040,45,gas (CC) (recirculating)
base load generation,gas,gas_base_CC,2040,45,gas (CC) (cooling pond)
base load generation,gas,gas_base_CC,2040,45,gas (CC) (dry cooling)
base load generation,gas,gas_base_CC_CCS,2040,45,gas (CC CCS) (once through)
base load generation,gas,gas_base_CC_CCS,2040,45,gas (CC CCS) (seawater)
base load generation,gas,gas_base_CC_CCS,2040,45,gas (CC CCS) (recirculating)
base load generation,gas,gas_base_CC_CCS,2040,45,gas (CC CCS) (dry cooling)
base load generation,geothermal,geo_base,2040,30,geothermal (recirculating)
base load generation,geothermal,geo_base,2040,30,geothermal (dry_hybrid)
base load generation,nuclear,nuc_base_large reactor,2040,60,large reactor (once through)
base load generation,nuclear,nuc_base_large reactor,2040,60,large reactor (seawater)
base load generation,nuclear,nuc_base_large reactor,2040,60,large reactor (recirculating)
base load generation,nuclear,nuc_base_large reactor,2040,60,large reactor (cooling pond)
base load generation,nuclear,nuc_base_SMR,2040,60,SMR (once through)
base load generation,nuclear,nuc_base_SMR,2040,60,SMR (seawater)
base load generation,nuclear,nuc_base_SMR,2040,60,SMR (recirculating)
base load generation,nuclear,nuc_base_SMR,2040,60,SMR (cooling pond)
base load generation,refined liquids,refined liquids_base_steam/CT,2040,45,refined liquids (steam/CT) (once through)
base load generation,refined liquids,refined liquids_base_steam/CT,2040,45,refined liquids (steam/CT) (seawater)
base load generation,refined liquids,refined liquids_base_steam/CT,2040,45,refined liquids (steam/CT) (recirculating)
base load generation,refined liquids,refined liquids_base_steam/CT,2040,45,refined liquids (steam/CT) (cooling pond)
base load generation,refined liquids,refined liquids_base_steam/CT,2040,45,refined liquids (steam/CT) (dry cooling)
base load generation,refined liquids,refined liquids_base_CC,2040,45,refined liquids (CC) (once through)
base load generation,refined liquids,refined liquids_base_CC,2040,45,refined liquids (CC) (seawater)
base load generation,refined liquids,refined liquids_base_CC,2040,45,refined liquids (CC) (recirculating)
base load generation,refined liquids,refined liquids_base_CC,2040,45,refined liquids (CC) (dry cooling)
base load generation,refined liquids,refined liquids_base_CC_CCS,2040,45,refined liquids (CC CCS) (once through)
base load generation,refined liquids,refined liquids_base_CC_CCS,2040,45,refined liquids (CC CCS) (seawater)
base load generation,refined liquids,refined liquids_base_CC_CCS,2040,45,refined liquids (CC CCS) (recirculating)
base load generation,refined liquids,refined liquids_base_CC_CCS,2040,45,refined liquids (CC CCS) (dry cooling)
base load generation,solar,PV_base_storage,2040,30,PV_base_storage
base load generation,solar,CSP_base_storage,2040,30,CSP_base_storage
base load generation,wind,wind_base_storage,2040,30,wind_base_storage
base load generation,biomass,biomass_base_conv,2045,60,biomass (conv) (once through)
base load generation,biomass,biomass_base_conv,2045,60,biomass (conv) (seawater)
base load generation,biomass,biomass_base_conv,2045,60,biomass (conv) (recirculating)
base load generation,biomass,biomass_base_conv,2045,60,biomass (conv) (cooling pond)
base load generation,biomass,biomass_base_conv,2045,60,biomass (conv) (dry cooling)
base load generation,biomass,biomass_base_conv_CCS,2045,60,biomass (conv CCS) (once through)
base load generation,biomass,biomass_base_conv_CCS,2045,60,biomass (conv CCS) (seawater)
base load generation,biomass,biomass_base_conv_CCS,2045,60,biomass (conv CCS) (recirculating)
base load generation,biomass,biomass_base_conv_CCS,2045,60,biomass (conv CCS) (dry cooling)
base load generation,biomass,biomass_base_IGCC,2045,60,biomass (IGCC) (once through)
base load generation,biomass,biomass_base_IGCC,2045,60,biomass (IGCC) (seawater)
base load generation,biomass,biomass_base_IGCC,2045,60,biomass (IGCC) (recirculating)
base load generation,biomass,biomass_base_IGCC,2045,60,biomass (IGCC) (dry cooling)
base load generation,biomass,biomass_base_IGCC_CCS,2045,60,biomass (IGCC CCS) (once through)
base load generation,biomass,biomass_base_IGCC_CCS,2045,60,biomass (IGCC CCS) (seawater)
base load generation,biomass,biomass_base_IGCC_CCS,2045,60,biomass (IGCC CCS) (recirculating)
base load generation,biomass,biomass_base_IGCC_CCS,2045,60,biomass (IGCC CCS) (dry cooling)
base load generation,coal,coal_base_conv pul,2045,60,coal (conv pul) (once through)
base load generation,coal,coal_base_conv pul,2045,60,coal (conv pul) (seawater)
base load generation,coal,coal_base_conv pul,2045,60,coal (conv pul) (recirculating)
base load generation,coal,coal_base_conv pul,2045,60,coal (conv pul) (cooling pond)
base load generation,coal,coal_base_conv pul,2045,60,coal (conv pul) (dry cooling)
base load generation,coal,coal_base_conv pul_CCS,2045,60,coal (conv pul CCS) (once through)
base load generation,coal,coal_base_conv pul_CCS,2045,60,coal (conv pul CCS) (seawater)
base load generation,coal,coal_base_conv pul_CCS,2045,60,coal (conv pul CCS) (recirculating)
base load generation,coal,coal_base_conv pul_CCS,2045,60,coal (conv pul CCS) (dry cooling)
base load generation,coal,coal_base_IGCC,2045,60,coal (IGCC) (once through)
base load generation,coal,coal_base_IGCC,2045,60,coal (IGCC) (seawater)
base load generation,coal,coal_base_IGCC,2045,60,coal (IGCC) (recirculating)
base load generation,coal,coal_base_IGCC,2045,60,coal (IGCC) (dry cooling)
base load generation,coal,coal_base_IGCC_CCS,2045,60,coal (IGCC CCS) (once through)
base load generation,coal,coal_base_IGCC_CCS,2045,60,coal (IGCC CCS) (seawater)
base load generation,coal,coal_base_IGCC_CCS,2045,60,coal (IGCC CCS) (recirculating)
base load generation,coal,coal_base_IGCC_CCS,2045,60,coal (IGCC CCS) (dry cooling)
base load generation,gas,gas_base_CC,2045,45,gas (CC) (once through)
base load generation,gas,gas_base_CC,2045,45,gas (CC) (seawater)
base load generation,gas,gas_base_CC,2045,45,gas (CC) (recirculating)
base load generation,gas,gas_base_CC,2045,45,gas (CC) (cooling pond)
base load generation,gas,gas_base_CC,2045,45,gas (CC) (dry cooling)
base load generation,gas,gas_base_CC_CCS,2045,45,gas (CC CCS) (once through)
base load generation,gas,gas_base_CC_CCS,2045,45,gas (CC CCS) (seawater)
base load generation,gas,gas_base_CC_CCS,2045,45,gas (CC CCS) (recirculating)
base load generation,gas,gas_base_CC_CCS,2045,45,gas (CC CCS) (dry cooling)
base load generation,geothermal,geo_base,2045,30,geothermal (recirculating)
base load generation,geothermal,geo_base,2045,30,geothermal (dry_hybrid)
base load generation,nuclear,nuc_base_large reactor,2045,60,large reactor (once through)
base load generation,nuclear,nuc_base_large reactor,2045,60,large reactor (seawater)
base load generation,nuclear,nuc_base_large reactor,2045,60,large reactor (recirculating)
base load generation,nuclear,nuc_base_large reactor,2045,60,large reactor (cooling pond)
base load generation,nuclear,nuc_base_SMR,2045,60,SMR (once through)
base load generation,nuclear,nuc_base_SMR,2045,60,SMR (seawater)
base load generation,nuclear,nuc_base_SMR,2045,60,SMR (recirculating)
base load generation,nuclear,nuc_base_SMR,2045,60,SMR (cooling pond)
base load generation,refined liquids,refined liquids_base_steam/CT,2045,45,refined liquids (steam/CT) (once through)
base load generation,refined liquids,refined liquids_base_steam/CT,2045,45,refined liquids (steam/CT) (seawater)
base load generation,refined liquids,refined liquids_base_steam/CT,2045,45,refined liquids (steam/CT) (recirculating)
base load generation,refined liquids,refined liquids_base_steam/CT,2045,45,refined liquids (steam/CT) (cooling pond)
base load generation,refined liquids,refined liquids_base_steam/CT,2045,45,refined liquids (steam/CT) (dry cooling)
base load generation,refined liquids,refined liquids_base_CC,2045,45,refined liquids (CC) (once through)
base load generation,refined liquids,refined liquids_base_CC,2045,45,refined liquids (CC) (seawater)
base load generation,refined liquids,refined liquids_base_CC,2045,45,refined liquids (CC) (recirculating)
base load generation,refined liquids,refined liquids_base_CC,2045,45,refined liquids (CC) (dry cooling)
base load generation,refined liquids,refined liquids_base_CC_CCS,2045,45,refined liquids (CC CCS) (once through)
base load generation,refined liquids,refined liquids_base_CC_CCS,2045,45,refined liquids (CC CCS) (seawater)
base load generation,refined liquids,refined liquids_base_CC_CCS,2045,45,refined liquids (CC CCS) (recirculating)
base load generation,refined liquids,refined liquids_base_CC_CCS,2045,45,refined liquids (CC CCS) (dry cooling)
base load generation,solar,PV_base_storage,2045,30,PV_base_storage
base load generation,solar,CSP_base_storage,2045,30,CSP_base_storage
base load generation,wind,wind_base_storage,2045,30,wind_base_storage
base load generation,biomass,biomass_base_conv,2050,60,biomass (conv) (once through)
base load generation,biomass,biomass_base_conv,2050,60,biomass (conv) (seawater)
base load generation,biomass,biomass_base_conv,2050,60,biomass (conv) (recirculating)
base load generation,biomass,biomass_base_conv,2050,60,biomass (conv) (cooling pond)
base load generation,biomass,biomass_base_conv,2050,60,biomass (conv) (dry cooling)
base load generation,biomass,biomass_base_conv_CCS,2050,60,biomass (conv CCS) (once through)
base load generation,biomass,biomass_base_conv_CCS,2050,60,biomass (conv CCS) (seawater)
base load generation,biomass,biomass_base_conv_CCS,2050,60,biomass (conv CCS) (recirculating)
base load generation,biomass,biomass_base_conv_CCS,2050,60,biomass (conv CCS) (dry cooling)
base load generation,biomass,biomass_base_IGCC,2050,60,biomass (IGCC) (once through)
base load generation,biomass,biomass_base_IGCC,2050,60,biomass (IGCC) (seawater)
base load generation,biomass,biomass_base_IGCC,2050,60,biomass (IGCC) (recirculating)
base load generation,biomass,biomass_base_IGCC,2050,60,biomass (IGCC) (dry cooling)
base load generation,biomass,biomass_base_IGCC_CCS,2050,60,biomass (IGCC CCS) (once through)
base load generation,biomass,biomass_base_IGCC_CCS,2050,60,biomass (IGCC CCS) (seawater)
base load generation,biomass,biomass_base_IGCC_CCS,2050,60,biomass (IGCC CCS) (recirculating)
base load generation,biomass,biomass_base_IGCC_CCS,2050,60,biomass (IGCC CCS) (dry cooling)
base load generation,coal,coal_base_conv pul,2050,60,coal (conv pul) (once through)
base load generation,coal,coal_base_conv pul,2050,60,coal (conv pul) (seawater)
base load generation,coal,coal_base_conv pul,2050,60,coal (conv pul) (recirculating)
base load generation,coal,coal_base_conv pul,2050,60,coal (conv pul) (cooling pond)
base load generation,coal,coal_base_conv pul,2050,60,coal (conv pul) (dry cooling)
base load generation,coal,coal_base_conv pul_CCS,2050,60,coal (conv pul CCS) (once through)
base load generation,coal,coal_base_conv pul_CCS,2050,60,coal (conv pul CCS) (seawater)
base load generation,coal,coal_base_conv pul_CCS,2050,60,coal (conv pul CCS) (recirculating)
base load generation,coal,coal_base_conv pul_CCS,2050,60,coal (conv pul CCS) (dry cooling)
base load generation,coal,coal_base_IGCC,2050,60,coal (IGCC) (once through)
base load generation,coal,coal_base_IGCC,2050,60,coal (IGCC) (seawater)
base load generation,coal,coal_base_IGCC,2050,60,coal (IGCC) (recirculating)
base load generation,coal,coal_base_IGCC,2050,60,coal (IGCC) (dry cooling)
base load generation,coal,coal_base_IGCC_CCS,2050,60,coal (IGCC CCS) (once through)
base load generation,coal,coal_base_IGCC_CCS,2050,60,coal (IGCC CCS) (seawater)
base load generation,coal,coal_base_IGCC_CCS,2050,60,coal (IGCC CCS) (recirculating)
base load generation,coal,coal_base_IGCC_CCS,2050,60,coal (IGCC CCS) (dry cooling)
base load generation,gas,gas_base_CC,2050,45,gas (CC) (once through)
base load generation,gas,gas_base_CC,2050,45,gas (CC) (seawater)
base load generation,gas,gas_base_CC,2050,45,gas (CC) (recirculating)
base load generation,gas,gas_base_CC,2050,45,gas (CC) (cooling pond)
base load generation,gas,gas_base_CC,2050,45,gas (CC) (dry cooling)
base load generation,gas,gas_base_CC_CCS,2050,45,gas (CC CCS) (once through)
base load generation,gas,gas_base_CC_CCS,2050,45,gas (CC CCS) (seawater)
base load generation,gas,gas_base_CC_CCS,2050,45,gas (CC CCS) (recirculating)
base load generation,gas,gas_base_CC_CCS,2050,45,gas (CC CCS) (dry cooling)
base load generation,geothermal,geo_base,2050,30,geothermal (recirculating)
base load generation,geothermal,geo_base,2050,30,geothermal (dry_hybrid)
base load generation,nuclear,nuc_base_large reactor,2050,60,large reactor (once through)
base load generation,nuclear,nuc_base_large reactor,2050,60,large reactor (seawater)
base load generation,nuclear,nuc_base_large reactor,2050,60,large reactor (recirculating)
base load generation,nuclear,nuc_base_large reactor,2050,60,large reactor (cooling pond)
base load generation,nuclear,nuc_base_SMR,2050,60,SMR (once through)
base load generation,nuclear,nuc_base_SMR,2050,60,SMR (seawater)
base load generation,nuclear,nuc_base_SMR,2050,60,SMR (recirculating)
base load generation,nuclear,nuc_base_SMR,2050,60,SMR (cooling pond)
base load generation,refined liquids,refined liquids_base_steam/CT,2050,45,refined liquids (steam/CT) (once through)
base load generation,refined liquids,refined liquids_base_steam/CT,2050,45,refined liquids (steam/CT) (seawater)
base load generation,refined liquids,refined liquids_base_steam/CT,2050,45,refined liquids (steam/CT) (recirculating)
base load generation,refined liquids,refined liquids_base_steam/CT,2050,45,refined liquids (steam/CT) (cooling pond)
base load generation,refined liquids,refined liquids_base_steam/CT,2050,45,refined liquids (steam/CT) (dry cooling)
base load generation,refined liquids,refined liquids_base_CC,2050,45,refined liquids (CC) (once through)
base load generation,refined liquids,refined liquids_base_CC,2050,45,refined liquids (CC) (seawater)
base load generation,refined liquids,refined liquids_base_CC,2050,45,refined liquids (CC) (recirculating)
base load generation,refined liquids,refined liquids_base_CC,2050,45,refined liquids (CC) (dry cooling)
base load generation,refined liquids,refined liquids_base_CC_CCS,2050,45,refined liquids (CC CCS) (once through)
base load generation,refined liquids,refined liquids_base_CC_CCS,2050,45,refined liquids (CC CCS) (seawater)
base load generation,refined liquids,refined liquids_base_CC_CCS,2050,45,refined liquids (CC CCS) (recirculating)
base load generation,refined liquids,refined liquids_base_CC_CCS,2050,45,refined liquids (CC CCS) (dry cooling)
base load generation,solar,PV_base_storage,2050,30,PV_base_storage
base load generation,solar,CSP_base_storage,2050,30,CSP_base_storage
base load generation,wind,wind_base_storage,2050,30,wind_base_storage
base load generation,biomass,biomass_base_conv,2055,60,biomass (conv) (once through)
base load generation,biomass,biomass_base_conv,2055,60,biomass (conv) (seawater)
base load generation,biomass,biomass_base_conv,2055,60,biomass (conv) (recirculating)
base load generation,biomass,biomass_base_conv,2055,60,biomass (conv) (cooling pond)
base load generation,biomass,biomass_base_conv,2055,60,biomass (conv) (dry cooling)
base load generation,biomass,biomass_base_conv_CCS,2055,60,biomass (conv CCS) (once through)
base load generation,biomass,biomass_base_conv_CCS,2055,60,biomass (conv CCS) (seawater)
base load generation,biomass,biomass_base_conv_CCS,2055,60,biomass (conv CCS) (recirculating)
base load generation,biomass,biomass_base_conv_CCS,2055,60,biomass (conv CCS) (dry cooling)
base load generation,biomass,biomass_base_IGCC,2055,60,biomass (IGCC) (once through)
base load generation,biomass,biomass_base_IGCC,2055,60,biomass (IGCC) (seawater)
base load generation,biomass,biomass_base_IGCC,2055,60,biomass (IGCC) (recirculating)
base load generation,biomass,biomass_base_IGCC,2055,60,biomass (IGCC) (dry cooling)
base load generation,biomass,biomass_base_IGCC_CCS,2055,60,biomass (IGCC CCS) (once through)
base load generation,biomass,biomass_base_IGCC_CCS,2055,60,biomass (IGCC CCS) (seawater)
base load generation,biomass,biomass_base_IGCC_CCS,2055,60,biomass (IGCC CCS) (recirculating)
base load generation,biomass,biomass_base_IGCC_CCS,2055,60,biomass (IGCC CCS) (dry cooling)
base load generation,coal,coal_base_conv pul,2055,60,coal (conv pul) (once through)
base load generation,coal,coal_base_conv pul,2055,60,coal (conv pul) (seawater)
base load generation,coal,coal_base_conv pul,2055,60,coal (conv pul) (recirculating)
base load generation,coal,coal_base_conv pul,2055,60,coal (conv pul) (cooling pond)
base load generation,coal,coal_base_conv pul,2055,60,coal (conv pul) (dry cooling)
base load generation,coal,coal_base_conv pul_CCS,2055,60,coal (conv pul CCS) (once through)
base load generation,coal,coal_base_conv pul_CCS,2055,60,coal (conv pul CCS) (seawater)
base load generation,coal,coal_base_conv pul_CCS,2055,60,coal (conv pul CCS) (recirculating)
base load generation,coal,coal_base_conv pul_CCS,2055,60,coal (conv pul CCS) (dry cooling)
base load generation,coal,coal_base_IGCC,2055,60,coal (IGCC) (once through)
base load generation,coal,coal_base_IGCC,2055,60,coal (IGCC) (seawater)
base load generation,coal,coal_base_IGCC,2055,60,coal (IGCC) (recirculating)
base load generation,coal,coal_base_IGCC,2055,60,coal (IGCC) (dry cooling)
base load generation,coal,coal_base_IGCC_CCS,2055,60,coal (IGCC CCS) (once through)
base load generation,coal,coal_base_IGCC_CCS,2055,60,coal (IGCC CCS) (seawater)
base load generation,coal,coal_base_IGCC_CCS,2055,60,coal (IGCC CCS) (recirculating)
base load generation,coal,coal_base_IGCC_CCS,2055,60,coal (IGCC CCS) (dry cooling)
base load generation,gas,gas_base_CC,2055,45,gas (CC) (once through)
base load generation,gas,gas_base_CC,2055,45,gas (CC) (seawater)
base load generation,gas,gas_base_CC,2055,45,gas (CC) (recirculating)
base load generation,gas,gas_base_CC,2055,45,gas (CC) (cooling pond)
base load generation,gas,gas_base_CC,2055,45,gas (CC) (dry cooling)
base load generation,gas,gas_base_CC_CCS,2055,45,gas (CC CCS) (once through)
base load generation,gas,gas_base_CC_CCS,2055,45,gas (CC CCS) (seawater)
base load generation,gas,gas_base_CC_CCS,2055,45,gas (CC CCS) (recirculating)
base load generation,gas,gas_base_CC_CCS,2055,45,gas (CC CCS) (dry cooling)
base load generation,geothermal,geo_base,2055,30,geothermal (recirculating)
base load generation,geothermal,geo_base,2055,30,geothermal (dry_hybrid)
base load generation,nuclear,nuc_base_large reactor,2055,60,large reactor (once through)
base load generation,nuclear,nuc_base_large reactor,2055,60,large reactor (seawater)
base load generation,nuclear,nuc_base_large reactor,2055,60,large reactor (recirculating)
base load generation,nuclear,nuc_base_large reactor,2055,60,large reactor (cooling pond)
base load generation,nuclear,nuc_base_SMR,2055,60,SMR (once through)
base load generation,nuclear,nuc_base_SMR,2055,60,SMR (seawater)
base load generation,nuclear,nuc_base_SMR,2055,60,SMR (recirculating)
base load generation,nuclear,nuc_base_SMR,2055,60,SMR (cooling pond)
base load generation,refined liquids,refined liquids_base_steam/CT,2055,45,refined liquids (steam/CT) (once through)
base load generation,refined liquids,refined liquids_base_steam/CT,2055,45,refined liquids (steam/CT) (seawater)
base load generation,refined liquids,refined liquids_base_steam/CT,2055,45,refined liquids (steam/CT) (recirculating)
base load generation,refined liquids,refined liquids_base_steam/CT,2055,45,refined liquids (steam/CT) (cooling pond)
base load generation,refined liquids,refined liquids_base_steam/CT,2055,45,refined liquids (steam/CT) (dry cooling)
base load generation,refined liquids,refined liquids_base_CC,2055,45,refined liquids (CC) (once through)
base load generation,refined liquids,refined liquids_base_CC,2055,45,refined liquids (CC) (seawater)
base load generation,refined liquids,refined liquids_base_CC,2055,45,refined liquids (CC) (recirculating)
base load generation,refined liquids,refined liquids_base_CC,2055,45,refined liquids (CC) (dry cooling)
base load generation,refined liquids,refined liquids_base_CC_CCS,2055,45,refined liquids (CC CCS) (once through)
base load generation,refined liquids,refined liquids_base_CC_CCS,2055,45,refined liquids (CC CCS) (seawater)
base load generation,refined liquids,refined liquids_base_CC_CCS,2055,45,refined liquids (CC CCS) (recirculating)
base load generation,refined liquids,refined liquids_base_CC_CCS,2055,45,refined liquids (CC CCS) (dry cooling)
base load generation,solar,PV_base_storage,2055,30,PV_base_storage
base load generation,solar,CSP_base_storage,2055,30,CSP_base_storage
base load generation,wind,wind_base_storage,2055,30,wind_base_storage
base load generation,biomass,biomass_base_conv,2060,60,biomass (conv) (once through)
base load generation,biomass,biomass_base_conv,2060,60,biomass (conv) (seawater)
base load generation,biomass,biomass_base_conv,2060,60,biomass (conv) (recirculating)
base load generation,biomass,biomass_base_conv,2060,60,biomass (conv) (cooling pond)
base load generation,biomass,biomass_base_conv,2060,60,biomass (conv) (dry cooling)
base load generation,biomass,biomass_base_conv_CCS,2060,60,biomass (conv CCS) (once through)
base load generation,biomass,biomass_base_conv_CCS,2060,60,biomass (conv CCS) (seawater)
base load generation,biomass,biomass_base_conv_CCS,2060,60,biomass (conv CCS) (recirculating)
base load generation,biomass,biomass_base_conv_CCS,2060,60,biomass (conv CCS) (dry cooling)
base load generation,biomass,biomass_base_IGCC,2060,60,biomass (IGCC) (once through)
base load generation,biomass,biomass_base_IGCC,2060,60,biomass (IGCC) (seawater)
base load generation,biomass,biomass_base_IGCC,2060,60,biomass (IGCC) (recirculating)
base load generation,biomass,biomass_base_IGCC,2060,60,biomass (IGCC) (dry cooling)
base load generation,biomass,biomass_base_IGCC_CCS,2060,60,biomass (IGCC CCS) (once through)
base load generation,biomass,biomass_base_IGCC_CCS,2060,60,biomass (IGCC CCS) (seawater)
base load generation,biomass,biomass_base_IGCC_CCS,2060,60,biomass (IGCC CCS) (recirculating)
base load generation,biomass,biomass_base_IGCC_CCS,2060,60,biomass (IGCC CCS) (dry cooling)
base load generation,coal,coal_base_conv pul,2060,60,coal (conv pul) (once through)
base load generation,coal,coal_base_conv pul,2060,60,coal (conv pul) (seawater)
base load generation,coal,coal_base_conv pul,2060,60,coal (conv pul) (recirculating)
base load generation,coal,coal_base_conv pul,2060,60,coal (conv pul) (cooling pond)
base load generation,coal,coal_base_conv pul,2060,60,coal (conv pul) (dry cooling)
base load generation,coal,coal_base_conv pul_CCS,2060,60,coal (conv pul CCS) (once through)
base load generation,coal,coal_base_conv pul_CCS,2060,60,coal (conv pul CCS) (seawater)
base load generation,coal,coal_base_conv pul_CCS,2060,60,coal (conv pul CCS) (recirculating)
base load generation,coal,coal_base_conv pul_CCS,2060,60,coal (conv pul CCS) (dry cooling)
base load generation,coal,coal_base_IGCC,2060,60,coal (IGCC) (once through)
base load generation,coal,coal_base_IGCC,2060,60,coal (IGCC) (seawater)
base load generation,coal,coal_base_IGCC,2060,60,coal (IGCC) (recirculating)
base load generation,coal,coal_base_IGCC,2060,60,coal (IGCC) (dry cooling)
base load generation,coal,coal_base_IGCC_CCS,2060,60,coal (IGCC CCS) (once through)
base load generation,coal,coal_base_IGCC_CCS,2060,60,coal (IGCC CCS) (seawater)
base load generation,coal,coal_base_IGCC_CCS,2060,60,coal (IGCC CCS) (recirculating)
base load generation,coal,coal_base_IGCC_CCS,2060,60,coal (IGCC CCS) (dry cooling)
base load generation,gas,gas_base_CC,2060,45,gas (CC) (once through)
base load generation,gas,gas_base_CC,2060,45,gas (CC) (seawater)
base load generation,gas,gas_base_CC,2060,45,gas (CC) (recirculating)
base load generation,gas,gas_base_CC,2060,45,gas (CC) (cooling pond)
base load generation,gas,gas_base_CC,2060,45,gas (CC) (dry cooling)
base load generation,gas,gas_base_CC_CCS,2060,45,gas (CC CCS) (once through)
base load generation,gas,gas_base_CC_CCS,2060,45,gas (CC CCS) (seawater)
base load generation,gas,gas_base_CC_CCS,2060,45,gas (CC CCS) (recirculating)
base load generation,gas,gas_base_CC_CCS,2060,45,gas (CC CCS) (dry cooling)
base load generation,geothermal,geo_base,2060,30,geothermal (recirculating)
base load generation,geothermal,geo_base,2060,30,geothermal (dry_hybrid)
base load generation,nuclear,nuc_base_large reactor,2060,60,large reactor (once through)
base load generation,nuclear,nuc_base_large reactor,2060,60,large reactor (seawater)
base load generation,nuclear,nuc_base_large reactor,2060,60,large reactor (recirculating)
base load generation,nuclear,nuc_base_large reactor,2060,60,large reactor (cooling pond)
base load generation,nuclear,nuc_base_SMR,2060,60,SMR (once through)
base load generation,nuclear,nuc_base_SMR,2060,60,SMR (seawater)
base load generation,nuclear,nuc_base_SMR,2060,60,SMR (recirculating)
base load generation,nuclear,nuc_base_SMR,2060,60,SMR (cooling pond)
base load generation,refined liquids,refined liquids_base_steam/CT,2060,45,refined liquids (steam/CT) (once through)
base load generation,refined liquids,refined liquids_base_steam/CT,2060,45,refined liquids (steam/CT) (seawater)
base load generation,refined liquids,refined liquids_base_steam/CT,2060,45,refined liquids (steam/CT) (recirculating)
base load generation,refined liquids,refined liquids_base_steam/CT,2060,45,refined liquids (steam/CT) (cooling pond)
base load generation,refined liquids,refined liquids_base_steam/CT,2060,45,refined liquids (steam/CT) (dry cooling)
base load generation,refined liquids,refined liquids_base_CC,2060,45,refined liquids (CC) (once through)
base load generation,refined liquids,refined liquids_base_CC,2060,45,refined liquids (CC) (seawater)
base load generation,refined liquids,refined liquids_base_CC,2060,45,refined liquids (CC) (recirculating)
base load generation,refined liquids,refined liquids_base_CC,2060,45,refined liquids (CC) (dry cooling)
base load generation,refined liquids,refined liquids_base_CC_CCS,2060,45,refined liquids (CC CCS) (once through)
base load generation,refined liquids,refined liquids_base_CC_CCS,2060,45,refined liquids (CC CCS) (seawater)
base load generation,refined liquids,refined liquids_base_CC_CCS,2060,45,refined liquids (CC CCS) (recirculating)
base load generation,refined liquids,refined liquids_base_CC_CCS,2060,45,refined liquids (CC CCS) (dry cooling)
base load generation,solar,PV_base_storage,2060,30,PV_base_storage
base load generation,solar,CSP_base_storage,2060,30,CSP_base_storage
base load generation,wind,wind_base_storage,2060,30,wind_base_storage
base load generation,biomass,biomass_base_conv,2065,60,biomass (conv) (once through)
base load generation,biomass,biomass_base_conv,2065,60,biomass (conv) (seawater)
base load generation,biomass,biomass_base_conv,2065,60,biomass (conv) (recirculating)
base load generation,biomass,biomass_base_conv,2065,60,biomass (conv) (cooling pond)
base load generation,biomass,biomass_base_conv,2065,60,biomass (conv) (dry cooling)
base load generation,biomass,biomass_base_conv_CCS,2065,60,biomass (conv CCS) (once through)
base load generation,biomass,biomass_base_conv_CCS,2065,60,biomass (conv CCS) (seawater)
base load generation,biomass,biomass_base_conv_CCS,2065,60,biomass (conv CCS) (recirculating)
base load generation,biomass,biomass_base_conv_CCS,2065,60,biomass (conv CCS) (dry cooling)
base load generation,biomass,biomass_base_IGCC,2065,60,biomass (IGCC) (once through)
base load generation,biomass,biomass_base_IGCC,2065,60,biomass (IGCC) (seawater)
base load generation,biomass,biomass_base_IGCC,2065,60,biomass (IGCC) (recirculating)
base load generation,biomass,biomass_base_IGCC,2065,60,biomass (IGCC) (dry cooling)
base load generation,biomass,biomass_base_IGCC_CCS,2065,60,biomass (IGCC CCS) (once through)
base load generation,biomass,biomass_base_IGCC_CCS,2065,60,biomass (IGCC CCS) (seawater)
base load generation,biomass,biomass_base_IGCC_CCS,2065,60,biomass (IGCC CCS) (recirculating)
base load generation,biomass,biomass_base_IGCC_CCS,2065,60,biomass (IGCC CCS) (dry cooling)
base load generation,coal,coal_base_conv pul,2065,60,coal (conv pul) (once through)
base load generation,coal,coal_base_conv pul,2065,60,coal (conv pul) (seawater)
base load generation,coal,coal_base_conv pul,2065,60,coal (conv pul) (recirculating)
base load generation,coal,coal_base_conv pul,2065,60,coal (conv pul) (cooling pond)
base load generation,coal,coal_base_conv pul,2065,60,coal (conv pul) (dry cooling)
base load generation,coal,coal_base_conv pul_CCS,2065,60,coal (conv pul CCS) (once through)
base load generation,coal,coal_base_conv pul_CCS,2065,60,coal (conv pul CCS) (seawater)
base load generation,coal,coal_base_conv pul_CCS,2065,60,coal (conv pul CCS) (recirculating)
base load generation,coal,coal_base_conv pul_CCS,2065,60,coal (conv pul CCS) (dry cooling)
base load generation,coal,coal_base_IGCC,2065,60,coal (IGCC) (once through)
base load generation,coal,coal_base_IGCC,2065,60,coal (IGCC) (seawater)
base load generation,coal,coal_base_IGCC,2065,60,coal (IGCC) (recirculating)
base load generation,coal,coal_base_IGCC,2065,60,coal (IGCC) (dry cooling)
base load generation,coal,coal_base_IGCC_CCS,2065,60,coal (IGCC CCS) (once through)
base load generation,coal,coal_base_IGCC_CCS,2065,60,coal (IGCC CCS) (seawater)
base load generation,coal,coal_base_IGCC_CCS,2065,60,coal (IGCC CCS) (recirculating)
base load generation,coal,coal_base_IGCC_CCS,2065,60,coal (IGCC CCS) (dry cooling)
base load generation,gas,gas_base_CC,2065,45,gas (CC) (once through)
base load generation,gas,gas_base_CC,2065,45,gas (CC) (seawater)
base load generation,gas,gas_base_CC,2065,45,gas (CC) (recirculating)
base load generation,gas,gas_base_CC,2065,45,gas (CC) (cooling pond)
base load generation,gas,gas_base_CC,2065,45,gas (CC) (dry cooling)
base load generation,gas,gas_base_CC_CCS,2065,45,gas (CC CCS) (once through)
base load generation,gas,gas_base_CC_CCS,2065,45,gas (CC CCS) (seawater)
base load generation,gas,gas_base_CC_CCS,2065,45,gas (CC CCS) (recirculating)
base load generation,gas,gas_base_CC_CCS,2065,45,gas (CC CCS) (dry cooling)
base load generation,geothermal,geo_base,2065,30,geothermal (recirculating)
base load generation,geothermal,geo_base,2065,30,geothermal (dry_hybrid)
base load generation,nuclear,nuc_base_large reactor,2065,60,large reactor (once through)
base load generation,nuclear,nuc_base_large reactor,2065,60,large reactor (seawater)
base load generation,nuclear,nuc_base_large reactor,2065,60,large reactor (recirculating)
base load generation,nuclear,nuc_base_large reactor,2065,60,large reactor (cooling pond)
base load generation,nuclear,nuc_base_SMR,2065,60,SMR (once through)
base load generation,nuclear,nuc_base_SMR,2065,60,SMR (seawater)
base load generation,nuclear,nuc_base_SMR,2065,60,SMR (recirculating)
base load generation,nuclear,nuc_base_SMR,2065,60,SMR (cooling pond)
base load generation,refined liquids,refined liquids_base_steam/CT,2065,45,refined liquids (steam/CT) (once through)
base load generation,refined liquids,refined liquids_base_steam/CT,2065,45,refined liquids (steam/CT) (seawater)
base load generation,refined liquids,refined liquids_base_steam/CT,2065,45,refined liquids (steam/CT) (recirculating)
base load generation,refined liquids,refined liquids_base_steam/CT,2065,45,refined liquids (steam/CT) (cooling pond)
base load generation,refined liquids,refined liquids_base_steam/CT,2065,45,refined liquids (steam/CT) (dry cooling)
base load generation,refined liquids,refined liquids_base_CC,2065,45,refined liquids (CC) (once through)
base load generation,refined liquids,refined liquids_base_CC,2065,45,refined liquids (CC) (seawater)
base load generation,refined liquids,refined liquids_base_CC,2065,45,refined liquids (CC) (recirculating)
base load generation,refined liquids,refined liquids_base_CC,2065,45,refined liquids (CC) (dry cooling)
base load generation,refined liquids,refined liquids_base_CC_CCS,2065,45,refined liquids (CC CCS) (once through)
base load generation,refined liquids,refined liquids_base_CC_CCS,2065,45,refined liquids (CC CCS) (seawater)
base load generation,refined liquids,refined liquids_base_CC_CCS,2065,45,refined liquids (CC CCS) (recirculating)
base load generation,refined liquids,refined liquids_base_CC_CCS,2065,45,refined liquids (CC CCS) (dry cooling)
base load generation,solar,PV_base_storage,2065,30,PV_base_storage
base load generation,solar,CSP_base_storage,2065,30,CSP_base_storage
base load generation,wind,wind_base_storage,2065,30,wind_base_storage
base load generation,biomass,biomass_base_conv,2070,60,biomass (conv) (once through)
base load generation,biomass,biomass_base_conv,2070,60,biomass (conv) (seawater)
base load generation,biomass,biomass_base_conv,2070,60,biomass (conv) (recirculating)
base load generation,biomass,biomass_base_conv,2070,60,biomass (conv) (cooling pond)
base load generation,biomass,biomass_base_conv,2070,60,biomass (conv) (dry cooling)
base load generation,biomass,biomass_base_conv_CCS,2070,60,biomass (conv CCS) (once through)
base load generation,biomass,biomass_base_conv_CCS,2070,60,biomass (conv CCS) (seawater)
base load generation,biomass,biomass_base_conv_CCS,2070,60,biomass (conv CCS) (recirculating)
base load generation,biomass,biomass_base_conv_CCS,2070,60,biomass (conv CCS) (dry cooling)
base load generation,biomass,biomass_base_IGCC,2070,60,biomass (IGCC) (once through)
base load generation,biomass,biomass_base_IGCC,2070,60,biomass (IGCC) (seawater)
base load generation,biomass,biomass_base_IGCC,2070,60,biomass (IGCC) (recirculating)
base load generation,biomass,biomass_base_IGCC,2070,60,biomass (IGCC) (dry cooling)
base load generation,biomass,biomass_base_IGCC_CCS,2070,60,biomass (IGCC CCS) (once through)
base load generation,biomass,biomass_base_IGCC_CCS,2070,60,biomass (IGCC CCS) (seawater)
base load generation,biomass,biomass_base_IGCC_CCS,2070,60,biomass (IGCC CCS) (recirculating)
base load generation,biomass,biomass_base_IGCC_CCS,2070,60,biomass (IGCC CCS) (dry cooling)
base load generation,coal,coal_base_conv pul,2070,60,coal (conv pul) (once through)
base load generation,coal,coal_base_conv pul,2070,60,coal (conv pul) (seawater)
base load generation,coal,coal_base_conv pul,2070,60,coal (conv pul) (recirculating)
base load generation,coal,coal_base_conv pul,2070,60,coal (conv pul) (cooling pond)
base load generation,coal,coal_base_conv pul,2070,60,coal (conv pul) (dry cooling)
base load generation,coal,coal_base_conv pul_CCS,2070,60,coal (conv pul CCS) (once through)
base load generation,coal,coal_base_conv pul_CCS,2070,60,coal (conv pul CCS) (seawater)
base load generation,coal,coal_base_conv pul_CCS,2070,60,coal (conv pul CCS) (recirculating)
base load generation,coal,coal_base_conv pul_CCS,2070,60,coal (conv pul CCS) (dry cooling)
base load generation,coal,coal_base_IGCC,2070,60,coal (IGCC) (once through)
base load generation,coal,coal_base_IGCC,2070,60,coal (IGCC) (seawater)
base load generation,coal,coal_base_IGCC,2070,60,coal (IGCC) (recirculating)
base load generation,coal,coal_base_IGCC,2070,60,coal (IGCC) (dry cooling)
base load generation,coal,coal_base_IGCC_CCS,2070,60,coal (IGCC CCS) (once through)
base load generation,coal,coal_base_IGCC_CCS,2070,60,coal (IGCC CCS) (seawater)
base load generation,coal,coal_base_IGCC_CCS,2070,60,coal (IGCC CCS) (recirculating)
base load generation,coal,coal_base_IGCC_CCS,2070,60,coal (IGCC CCS) (dry cooling)
base load generation,gas,gas_base_CC,2070,45,gas (CC) (once through)
base load generation,gas,gas_base_CC,2070,45,gas (CC) (seawater)
base load generation,gas,gas_base_CC,2070,45,gas (CC) (recirculating)
base load generation,gas,gas_base_CC,2070,45,gas (CC) (cooling pond)
base load generation,gas,gas_base_CC,2070,45,gas (CC) (dry cooling)
base load generation,gas,gas_base_CC_CCS,2070,45,gas (CC CCS) (once through)
base load generation,gas,gas_base_CC_CCS,2070,45,gas (CC CCS) (seawater)
base load generation,gas,gas_base_CC_CCS,2070,45,gas (CC CCS) (recirculating)
base load generation,gas,gas_base_CC_CCS,2070,45,gas (CC CCS) (dry cooling)
base load generation,geothermal,geo_base,2070,30,geothermal (recirculating)
base load generation,geothermal,geo_base,2070,30,geothermal (dry_hybrid)
base load generation,nuclear,nuc_base_large reactor,2070,60,large reactor (once through)
base load generation,nuclear,nuc_base_large reactor,2070,60,large reactor (seawater)
base load generation,nuclear,nuc_base_large reactor,2070,60,large reactor (recirculating)
base load generation,nuclear,nuc_base_large reactor,2070,60,large reactor (cooling pond)
base load generation,nuclear,nuc_base_SMR,2070,60,SMR (once through)
base load generation,nuclear,nuc_base_SMR,2070,60,SMR (seawater)
base load generation,nuclear,nuc_base_SMR,2070,60,SMR (recirculating)
base load generation,nuclear,nuc_base_SMR,2070,60,SMR (cooling pond)
base load generation,refined liquids,refined liquids_base_steam/CT,2070,45,refined liquids (steam/CT) (once through)
base load generation,refined liquids,refined liquids_base_steam/CT,2070,45,refined liquids (steam/CT) (seawater)
base load generation,refined liquids,refined liquids_base_steam/CT,2070,45,refined liquids (steam/CT) (recirculating)
base load generation,refined liquids,refined liquids_base_steam/CT,2070,45,refined liquids (steam/CT) (cooling pond)
base load generation,refined liquids,refined liquids_base_steam/CT,2070,45,refined liquids (steam/CT) (dry cooling)
base load generation,refined liquids,refined liquids_base_CC,2070,45,refined liquids (CC) (once through)
base load generation,refined liquids,refined liquids_base_CC,2070,45,refined liquids (CC) (seawater)
base load generation,refined liquids,refined liquids_base_CC,2070,45,refined liquids (CC) (recirculating)
base load generation,refined liquids,refined liquids_base_CC,2070,45,refined liquids (CC) (dry cooling)
base load generation,refined liquids,refined liquids_base_CC_CCS,2070,45,refined liquids (CC CCS) (once through)
base load generation,refined liquids,refined liquids_base_CC_CCS,2070,45,refined liquids (CC CCS) (seawater)
base load generation,refined liquids,refined liquids_base_CC_CCS,2070,45,refined liquids (CC CCS) (recirculating)
base load generation,refined liquids,refined liquids_base_CC_CCS,2070,45,refined liquids (CC CCS) (dry cooling)
base load generation,solar,PV_base_storage,2070,30,PV_base_storage
base load generation,solar,CSP_base_storage,2070,30,CSP_base_storage
base load generation,wind,wind_base_storage,2070,30,wind_base_storage
base load generation,biomass,biomass_base_conv,2075,60,biomass (conv) (once through)
base load generation,biomass,biomass_base_conv,2075,60,biomass (conv) (seawater)
base load generation,biomass,biomass_base_conv,2075,60,biomass (conv) (recirculating)
base load generation,biomass,biomass_base_conv,2075,60,biomass (conv) (cooling pond)
base load generation,biomass,biomass_base_conv,2075,60,biomass (conv) (dry cooling)
base load generation,biomass,biomass_base_conv_CCS,2075,60,biomass (conv CCS) (once through)
base load generation,biomass,biomass_base_conv_CCS,2075,60,biomass (conv CCS) (seawater)
base load generation,biomass,biomass_base_conv_CCS,2075,60,biomass (conv CCS) (recirculating)
base load generation,biomass,biomass_base_conv_CCS,2075,60,biomass (conv CCS) (dry cooling)
base load generation,biomass,biomass_base_IGCC,2075,60,biomass (IGCC) (once through)
base load generation,biomass,biomass_base_IGCC,2075,60,biomass (IGCC) (seawater)
base load generation,biomass,biomass_base_IGCC,2075,60,biomass (IGCC) (recirculating)
base load generation,biomass,biomass_base_IGCC,2075,60,biomass (IGCC) (dry cooling)
base load generation,biomass,biomass_base_IGCC_CCS,2075,60,biomass (IGCC CCS) (once through)
base load generation,biomass,biomass_base_IGCC_CCS,2075,60,biomass (IGCC CCS) (seawater)
base load generation,biomass,biomass_base_IGCC_CCS,2075,60,biomass (IGCC CCS) (recirculating)
base load generation,biomass,biomass_base_IGCC_CCS,2075,60,biomass (IGCC CCS) (dry cooling)
base load generation,coal,coal_base_conv pul,2075,60,coal (conv pul) (once through)
base load generation,coal,coal_base_conv pul,2075,60,coal (conv pul) (seawater)
base load generation,coal,coal_base_conv pul,2075,60,coal (conv pul) (recirculating)
base load generation,coal,coal_base_conv pul,2075,60,coal (conv pul) (cooling pond)
base load generation,coal,coal_base_conv pul,2075,60,coal (conv pul) (dry cooling)
base load generation,coal,coal_base_conv pul_CCS,2075,60,coal (conv pul CCS) (once through)
base load generation,coal,coal_base_conv pul_CCS,2075,60,coal (conv pul CCS) (seawater)
base load generation,coal,coal_base_conv pul_CCS,2075,60,coal (conv pul CCS) (recirculating)
base load generation,coal,coal_base_conv pul_CCS,2075,60,coal (conv pul CCS) (dry cooling)
base load generation,coal,coal_base_IGCC,2075,60,coal (IGCC) (once through)
base load generation,coal,coal_base_IGCC,2075,60,coal (IGCC) (seawater)
base load generation,coal,coal_base_IGCC,2075,60,coal (IGCC) (recirculating)
base load generation,coal,coal_base_IGCC,2075,60,coal (IGCC) (dry cooling)
base load generation,coal,coal_base_IGCC_CCS,2075,60,coal (IGCC CCS) (once through)
base load generation,coal,coal_base_IGCC_CCS,2075,60,coal (IGCC CCS) (seawater)
base load generation,coal,coal_base_IGCC_CCS,2075,60,coal (IGCC CCS) (recirculating)
base load generation,coal,coal_base_IGCC_CCS,2075,60,coal (IGCC CCS) (dry cooling)
base load generation,gas,gas_base_CC,2075,45,gas (CC) (once through)
base load generation,gas,gas_base_CC,2075,45,gas (CC) (seawater)
base load generation,gas,gas_base_CC,2075,45,gas (CC) (recirculating)
base load generation,gas,gas_base_CC,2075,45,gas (CC) (cooling pond)
base load generation,gas,gas_base_CC,2075,45,gas (CC) (dry cooling)
base load generation,gas,gas_base_CC_CCS,2075,45,gas (CC CCS) (once through)
base load generation,gas,gas_base_CC_CCS,2075,45,gas (CC CCS) (seawater)
base load generation,gas,gas_base_CC_CCS,2075,45,gas (CC CCS) (recirculating)
base load generation,gas,gas_base_CC_CCS,2075,45,gas (CC CCS) (dry cooling)
base load generation,geothermal,geo_base,2075,30,geothermal (recirculating)
base load generation,geothermal,geo_base,2075,30,geothermal (dry_hybrid)
base load generation,nuclear,nuc_base_large reactor,2075,60,large reactor (once through)
base load generation,nuclear,nuc_base_large reactor,2075,60,large reactor (seawater)
base load generation,nuclear,nuc_base_large reactor,2075,60,large reactor (recirculating)
base load generation,nuclear,nuc_base_large reactor,2075,60,large reactor (cooling pond)
base load generation,nuclear,nuc_base_SMR,2075,60,SMR (once through)
base load generation,nuclear,nuc_base_SMR,2075,60,SMR (seawater)
base load generation,nuclear,nuc_base_SMR,2075,60,SMR (recirculating)
base load generation,nuclear,nuc_base_SMR,2075,60,SMR (cooling pond)
base load generation,refined liquids,refined liquids_base_steam/CT,2075,45,refined liquids (steam/CT) (once through)
base load generation,refined liquids,refined liquids_base_steam/CT,2075,45,refined liquids (steam/CT) (seawater)
base load generation,refined liquids,refined liquids_base_steam/CT,2075,45,refined liquids (steam/CT) (recirculating)
base load generation,refined liquids,refined liquids_base_steam/CT,2075,45,refined liquids (steam/CT) (cooling pond)
base load generation,refined liquids,refined liquids_base_steam/CT,2075,45,refined liquids (steam/CT) (dry cooling)
base load generation,refined liquids,refined liquids_base_CC,2075,45,refined liquids (CC) (once through)
base load generation,refined liquids,refined liquids_base_CC,2075,45,refined liquids (CC) (seawater)
base load generation,refined liquids,refined liquids_base_CC,2075,45,refined liquids (CC) (recirculating)
base load generation,refined liquids,refined liquids_base_CC,2075,45,refined liquids (CC) (dry cooling)
base load generation,refined liquids,refined liquids_base_CC_CCS,2075,45,refined liquids (CC CCS) (once through)
base load generation,refined liquids,refined liquids_base_CC_CCS,2075,45,refined liquids (CC CCS) (seawater)
base load generation,refined liquids,refined liquids_base_CC_CCS,2075,45,refined liquids (CC CCS) (recirculating)
base load generation,refined liquids,refined liquids_base_CC_CCS,2075,45,refined liquids (CC CCS) (dry cooling)
base load generation,solar,PV_base_storage,2075,30,PV_base_storage
base load generation,solar,CSP_base_storage,2075,30,CSP_base_storage
base load generation,wind,wind_base_storage,2075,30,wind_base_storage
base load generation,biomass,biomass_base_conv,2080,60,biomass (conv) (once through)
base load generation,biomass,biomass_base_conv,2080,60,biomass (conv) (seawater)
base load generation,biomass,biomass_base_conv,2080,60,biomass (conv) (recirculating)
base load generation,biomass,biomass_base_conv,2080,60,biomass (conv) (cooling pond)
base load generation,biomass,biomass_base_conv,2080,60,biomass (conv) (dry cooling)
base load generation,biomass,biomass_base_conv_CCS,2080,60,biomass (conv CCS) (once through)
base load generation,biomass,biomass_base_conv_CCS,2080,60,biomass (conv CCS) (seawater)
base load generation,biomass,biomass_base_conv_CCS,2080,60,biomass (conv CCS) (recirculating)
base load generation,biomass,biomass_base_conv_CCS,2080,60,biomass (conv CCS) (dry cooling)
base load generation,biomass,biomass_base_IGCC,2080,60,biomass (IGCC) (once through)
base load generation,biomass,biomass_base_IGCC,2080,60,biomass (IGCC) (seawater)
base load generation,biomass,biomass_base_IGCC,2080,60,biomass (IGCC) (recirculating)
base load generation,biomass,biomass_base_IGCC,2080,60,biomass (IGCC) (dry cooling)
base load generation,biomass,biomass_base_IGCC_CCS,2080,60,biomass (IGCC CCS) (once through)
base load generation,biomass,biomass_base_IGCC_CCS,2080,60,biomass (IGCC CCS) (seawater)
base load generation,biomass,biomass_base_IGCC_CCS,2080,60,biomass (IGCC CCS) (recirculating)
base load generation,biomass,biomass_base_IGCC_CCS,2080,60,biomass (IGCC CCS) (dry cooling)
base load generation,coal,coal_base_conv pul,2080,60,coal (conv pul) (once through)
base load generation,coal,coal_base_conv pul,2080,60,coal (conv pul) (seawater)
base load generation,coal,coal_base_conv pul,2080,60,coal (conv pul) (recirculating)
base load generation,coal,coal_base_conv pul,2080,60,coal (conv pul) (cooling pond)
base load generation,coal,coal_base_conv pul,2080,60,coal (conv pul) (dry cooling)
base load generation,coal,coal_base_conv pul_CCS,2080,60,coal (conv pul CCS) (once through)
base load generation,coal,coal_base_conv pul_CCS,2080,60,coal (conv pul CCS) (seawater)
base load generation,coal,coal_base_conv pul_CCS,2080,60,coal (conv pul CCS) (recirculating)
base load generation,coal,coal_base_conv pul_CCS,2080,60,coal (conv pul CCS) (dry cooling)
base load generation,coal,coal_base_IGCC,2080,60,coal (IGCC) (once through)
base load generation,coal,coal_base_IGCC,2080,60,coal (IGCC) (seawater)
base load generation,coal,coal_base_IGCC,2080,60,coal (IGCC) (recirculating)
base load generation,coal,coal_base_IGCC,2080,60,coal (IGCC) (dry cooling)
base load generation,coal,coal_base_IGCC_CCS,2080,60,coal (IGCC CCS) (once through)
base load generation,coal,coal_base_IGCC_CCS,2080,60,coal (IGCC CCS) (seawater)
base load generation,coal,coal_base_IGCC_CCS,2080,60,coal (IGCC CCS) (recirculating)
base load generation,coal,coal_base_IGCC_CCS,2080,60,coal (IGCC CCS) (dry cooling)
base load generation,gas,gas_base_CC,2080,45,gas (CC) (once through)
base load generation,gas,gas_base_CC,2080,45,gas (CC) (seawater)
base load generation,gas,gas_base_CC,2080,45,gas (CC) (recirculating)
base load generation,gas,gas_base_CC,2080,45,gas (CC) (cooling pond)
base load generation,gas,gas_base_CC,2080,45,gas (CC) (dry cooling)
base load generation,gas,gas_base_CC_CCS,2080,45,gas (CC CCS) (once through)
base load generation,gas,gas_base_CC_CCS,2080,45,gas (CC CCS) (seawater)
base load generation,gas,gas_base_CC_CCS,2080,45,gas (CC CCS) (recirculating)
base load generation,gas,gas_base_CC_CCS,2080,45,gas (CC CCS) (dry cooling)
base load generation,geothermal,geo_base,2080,30,geothermal (recirculating)
base load generation,geothermal,geo_base,2080,30,geothermal (dry_hybrid)
base load generation,nuclear,nuc_base_large reactor,2080,60,large reactor (once through)
base load generation,nuclear,nuc_base_large reactor,2080,60,large reactor (seawater)
base load generation,nuclear,nuc_base_large reactor,2080,60,large reactor (recirculating)
base load generation,nuclear,nuc_base_large reactor,2080,60,large reactor (cooling pond)
base load generation,nuclear,nuc_base_SMR,2080,60,SMR (once through)
base load generation,nuclear,nuc_base_SMR,2080,60,SMR (seawater)
base load generation,nuclear,nuc_base_SMR,2080,60,SMR (recirculating)
base load generation,nuclear,nuc_base_SMR,2080,60,SMR (cooling pond)
base load generation,refined liquids,refined liquids_base_steam/CT,2080,45,refined liquids (steam/CT) (once through)
base load generation,refined liquids,refined liquids_base_steam/CT,2080,45,refined liquids (steam/CT) (seawater)
base load generation,refined liquids,refined liquids_base_steam/CT,2080,45,refined liquids (steam/CT) (recirculating)
base load generation,refined liquids,refined liquids_base_steam/CT,2080,45,refined liquids (steam/CT) (cooling pond)
base load generation,refined liquids,refined liquids_base_steam/CT,2080,45,refined liquids (steam/CT) (dry cooling)
base load generation,refined liquids,refined liquids_base_CC,2080,45,refined liquids (CC) (once through)
base load generation,refined liquids,refined liquids_base_CC,2080,45,refined liquids (CC) (seawater)
base load generation,refined liquids,refined liquids_base_CC,2080,45,refined liquids (CC) (recirculating)
base load generation,refined liquids,refined liquids_base_CC,2080,45,refined liquids (CC) (dry cooling)
base load generation,refined liquids,refined liquids_base_CC_CCS,2080,45,refined liquids (CC CCS) (once through)
base load generation,refined liquids,refined liquids_base_CC_CCS,2080,45,refined liquids (CC CCS) (seawater)
base load generation,refined liquids,refined liquids_base_CC_CCS,2080,45,refined liquids (CC CCS) (recirculating)
base load generation,refined liquids,refined liquids_base_CC_CCS,2080,45,refined liquids (CC CCS) (dry cooling)
base load generation,solar,PV_base_storage,2080,30,PV_base_storage
base load generation,solar,CSP_base_storage,2080,30,CSP_base_storage
base load generation,wind,wind_base_storage,2080,30,wind_base_storage
base load generation,biomass,biomass_base_conv,2085,60,biomass (conv) (once through)
base load generation,biomass,biomass_base_conv,2085,60,biomass (conv) (seawater)
base load generation,biomass,biomass_base_conv,2085,60,biomass (conv) (recirculating)
base load generation,biomass,biomass_base_conv,2085,60,biomass (conv) (cooling pond)
base load generation,biomass,biomass_base_conv,2085,60,biomass (conv) (dry cooling)
base load generation,biomass,biomass_base_conv_CCS,2085,60,biomass (conv CCS) (once through)
base load generation,biomass,biomass_base_conv_CCS,2085,60,biomass (conv CCS) (seawater)
base load generation,biomass,biomass_base_conv_CCS,2085,60,biomass (conv CCS) (recirculating)
base load generation,biomass,biomass_base_conv_CCS,2085,60,biomass (conv CCS) (dry cooling)
base load generation,biomass,biomass_base_IGCC,2085,60,biomass (IGCC) (once through)
base load generation,biomass,biomass_base_IGCC,2085,60,biomass (IGCC) (seawater)
base load generation,biomass,biomass_base_IGCC,2085,60,biomass (IGCC) (recirculating)
base load generation,biomass,biomass_base_IGCC,2085,60,biomass (IGCC) (dry cooling)
base load generation,biomass,biomass_base_IGCC_CCS,2085,60,biomass (IGCC CCS) (once through)
base load generation,biomass,biomass_base_IGCC_CCS,2085,60,biomass (IGCC CCS) (seawater)
base load generation,biomass,biomass_base_IGCC_CCS,2085,60,biomass (IGCC CCS) (recirculating)
base load generation,biomass,biomass_base_IGCC_CCS,2085,60,biomass (IGCC CCS) (dry cooling)
base load generation,coal,coal_base_conv pul,2085,60,coal (conv pul) (once through)
base load generation,coal,coal_base_conv pul,2085,60,coal (conv pul) (seawater)
base load generation,coal,coal_base_conv pul,2085,60,coal (conv pul) (recirculating)
base load generation,coal,coal_base_conv pul,2085,60,coal (conv pul) (cooling pond)
base load generation,coal,coal_base_conv pul,2085,60,coal (conv pul) (dry cooling)
base load generation,coal,coal_base_conv pul_CCS,2085,60,coal (conv pul CCS) (once through)
base load generation,coal,coal_base_conv pul_CCS,2085,60,coal (conv pul CCS) (seawater)
base load generation,coal,coal_base_conv pul_CCS,2085,60,coal (conv pul CCS) (recirculating)
base load generation,coal,coal_base_conv pul_CCS,2085,60,coal (conv pul CCS) (dry cooling)
base load generation,coal,coal_base_IGCC,2085,60,coal (IGCC) (once through)
base load generation,coal,coal_base_IGCC,2085,60,coal (IGCC) (seawater)
base load generation,coal,coal_base_IGCC,2085,60,coal (IGCC) (recirculating)
base load generation,coal,coal_base_IGCC,2085,60,coal (IGCC) (dry cooling)
base load generation,coal,coal_base_IGCC_CCS,2085,60,coal (IGCC CCS) (once through)
base load generation,coal,coal_base_IGCC_CCS,2085,60,coal (IGCC CCS) (seawater)
base load generation,coal,coal_base_IGCC_CCS,2085,60,coal (IGCC CCS) (recirculating)
base load generation,coal,coal_base_IGCC_CCS,2085,60,coal (IGCC CCS) (dry cooling)
base load generation,gas,gas_base_CC,2085,45,gas (CC) (once through)
base load generation,gas,gas_base_CC,2085,45,gas (CC) (seawater)
base load generation,gas,gas_base_CC,2085,45,gas (CC) (recirculating)
base load generation,gas,gas_base_CC,2085,45,gas (CC) (cooling pond)
base load generation,gas,gas_base_CC,2085,45,gas (CC) (dry cooling)
base load generation,gas,gas_base_CC_CCS,2085,45,gas (CC CCS) (once through)
base load generation,gas,gas_base_CC_CCS,2085,45,gas (CC CCS) (seawater)
base load generation,gas,gas_base_CC_CCS,2085,45,gas (CC CCS) (recirculating)
base load generation,gas,gas_base_CC_CCS,2085,45,gas (CC CCS) (dry cooling)
base load generation,geothermal,geo_base,2085,30,geothermal (recirculating)
base load generation,geothermal,geo_base,2085,30,geothermal (dry_hybrid)
base load generation,nuclear,nuc_base_large reactor,2085,60,large reactor (once through)
base load generation,nuclear,nuc_base_large reactor,2085,60,large reactor (seawater)
base load generation,nuclear,nuc_base_large reactor,2085,60,large reactor (recirculating)
base load generation,nuclear,nuc_base_large reactor,2085,60,large reactor (cooling pond)
base load generation,nuclear,nuc_base_SMR,2085,60,SMR (once through)
base load generation,nuclear,nuc_base_SMR,2085,60,SMR (seawater)
base load generation,nuclear,nuc_base_SMR,2085,60,SMR (recirculating)
base load generation,nuclear,nuc_base_SMR,2085,60,SMR (cooling pond)
base load generation,refined liquids,refined liquids_base_steam/CT,2085,45,refined liquids (steam/CT) (once through)
base load generation,refined liquids,refined liquids_base_steam/CT,2085,45,refined liquids (steam/CT) (seawater)
base load generation,refined liquids,refined liquids_base_steam/CT,2085,45,refined liquids (steam/CT) (recirculating)
base load generation,refined liquids,refined liquids_base_steam/CT,2085,45,refined liquids (steam/CT) (cooling pond)
base load generation,refined liquids,refined liquids_base_steam/CT,2085,45,refined liquids (steam/CT) (dry cooling)
base load generation,refined liquids,refined liquids_base_CC,2085,45,refined liquids (CC) (once through)
base load generation,refined liquids,refined liquids_base_CC,2085,45,refined liquids (CC) (seawater)
base load generation,refined liquids,refined liquids_base_CC,2085,45,refined liquids (CC) (recirculating)
base load generation,refined liquids,refined liquids_base_CC,2085,45,refined liquids (CC) (dry cooling)
base load generation,refined liquids,refined liquids_base_CC_CCS,2085,45,refined liquids (CC CCS) (once through)
base load generation,refined liquids,refined liquids_base_CC_CCS,2085,45,refined liquids (CC CCS) (seawater)
base load generation,refined liquids,refined liquids_base_CC_CCS,2085,45,refined liquids (CC CCS) (recirculating)
base load generation,refined liquids,refined liquids_base_CC_CCS,2085,45,refined liquids (CC CCS) (dry cooling)
base load generation,solar,PV_base_storage,2085,30,PV_base_storage
base load generation,solar,CSP_base_storage,2085,30,CSP_base_storage
base load generation,wind,wind_base_storage,2085,30,wind_base_storage
base load generation,biomass,biomass_base_conv,2090,60,biomass (conv) (once through)
base load generation,biomass,biomass_base_conv,2090,60,biomass (conv) (seawater)
base load generation,biomass,biomass_base_conv,2090,60,biomass (conv) (recirculating)
base load generation,biomass,biomass_base_conv,2090,60,biomass (conv) (cooling pond)
base load generation,biomass,biomass_base_conv,2090,60,biomass (conv) (dry cooling)
base load generation,biomass,biomass_base_conv_CCS,2090,60,biomass (conv CCS) (once through)
base load generation,biomass,biomass_base_conv_CCS,2090,60,biomass (conv CCS) (seawater)
base load generation,biomass,biomass_base_conv_CCS,2090,60,biomass (conv CCS) (recirculating)
base load generation,biomass,biomass_base_conv_CCS,2090,60,biomass (conv CCS) (dry cooling)
base load generation,biomass,biomass_base_IGCC,2090,60,biomass (IGCC) (once through)
base load generation,biomass,biomass_base_IGCC,2090,60,biomass (IGCC) (seawater)
base load generation,biomass,biomass_base_IGCC,2090,60,biomass (IGCC) (recirculating)
base load generation,biomass,biomass_base_IGCC,2090,60,biomass (IGCC) (dry cooling)
base load generation,biomass,biomass_base_IGCC_CCS,2090,60,biomass (IGCC CCS) (once through)
base load generation,biomass,biomass_base_IGCC_CCS,2090,60,biomass (IGCC CCS) (seawater)
base load generation,biomass,biomass_base_IGCC_CCS,2090,60,biomass (IGCC CCS) (recirculating)
base load generation,biomass,biomass_base_IGCC_CCS,2090,60,biomass (IGCC CCS) (dry cooling)
base load generation,coal,coal_base_conv pul,2090,60,coal (conv pul) (once through)
base load generation,coal,coal_base_conv pul,2090,60,coal (conv pul) (seawater)
base load generation,coal,coal_base_conv pul,2090,60,coal (conv pul) (recirculating)
base load generation,coal,coal_base_conv pul,2090,60,coal (conv pul) (cooling pond)
base load generation,coal,coal_base_conv pul,2090,60,coal (conv pul) (dry cooling)
base load generation,coal,coal_base_conv pul_CCS,2090,60,coal (conv pul CCS) (once through)
base load generation,coal,coal_base_conv pul_CCS,2090,60,coal (conv pul CCS) (seawater)
base load generation,coal,coal_base_conv pul_CCS,2090,60,coal (conv pul CCS) (recirculating)
base load generation,coal,coal_base_conv pul_CCS,2090,60,coal (conv pul CCS) (dry cooling)
base load generation,coal,coal_base_IGCC,2090,60,coal (IGCC) (once through)
base load generation,coal,coal_base_IGCC,2090,60,coal (IGCC) (seawater)
base load generation,coal,coal_base_IGCC,2090,60,coal (IGCC) (recirculating)
base load generation,coal,coal_base_IGCC,2090,60,coal (IGCC) (dry cooling)
base load generation,coal,coal_base_IGCC_CCS,2090,60,coal (IGCC CCS) (once through)
base load generation,coal,coal_base_IGCC_CCS,2090,60,coal (IGCC CCS) (seawater)
base load generation,coal,coal_base_IGCC_CCS,2090,60,coal (IGCC CCS) (recirculating)
base load generation,coal,coal_base_IGCC_CCS,2090,60,coal (IGCC CCS) (dry cooling)
base load generation,gas,gas_base_CC,2090,45,gas (CC) (once through)
base load generation,gas,gas_base_CC,2090,45,gas (CC) (seawater)
base load generation,gas,gas_base_CC,2090,45,gas (CC) (recirculating)
base load generation,gas,gas_base_CC,2090,45,gas (CC) (cooling pond)
base load generation,gas,gas_base_CC,2090,45,gas (CC) (dry cooling)
base load generation,gas,gas_base_CC_CCS,2090,45,gas (CC CCS) (once through)
base load generation,gas,gas_base_CC_CCS,2090,45,gas (CC CCS) (seawater)
base load generation,gas,gas_base_CC_CCS,2090,45,gas (CC CCS) (recirculating)
base load generation,gas,gas_base_CC_CCS,2090,45,gas (CC CCS) (dry cooling)
base load generation,geothermal,geo_base,2090,30,geothermal (recirculating)
base load generation,geothermal,geo_base,2090,30,geothermal (dry_hybrid)
base load generation,nuclear,nuc_base_large reactor,2090,60,large reactor (once through)
base load generation,nuclear,nuc_base_large reactor,2090,60,large reactor (seawater)
base load generation,nuclear,nuc_base_large reactor,2090,60,large reactor (recirculating)
base load generation,nuclear,nuc_base_large reactor,2090,60,large reactor (cooling pond)
base load generation,nuclear,nuc_base_SMR,2090,60,SMR (once through)
base load generation,nuclear,nuc_base_SMR,2090,60,SMR (seawater)
base load generation,nuclear,nuc_base_SMR,2090,60,SMR (recirculating)
base load generation,nuclear,nuc_base_SMR,2090,60,SMR (cooling pond)
base load generation,refined liquids,refined liquids_base_steam/CT,2090,45,refined liquids (steam/CT) (once through)
base load generation,refined liquids,refined liquids_base_steam/CT,2090,45,refined liquids (steam/CT) (seawater)
base load generation,refined liquids,refined liquids_base_steam/CT,2090,45,refined liquids (steam/CT) (recirculating)
base load generation,refined liquids,refined liquids_base_steam/CT,2090,45,refined liquids (steam/CT) (cooling pond)
base load generation,refined liquids,refined liquids_base_steam/CT,2090,45,refined liquids (steam/CT) (dry cooling)
base load generation,refined liquids,refined liquids_base_CC,2090,45,refined liquids (CC) (once through)
base load generation,refined liquids,refined liquids_base_CC,2090,45,refined liquids (CC) (seawater)
base load generation,refined liquids,refined liquids_base_CC,2090,45,refined liquids (CC) (recirculating)
base load generation,refined liquids,refined liquids_base_CC,2090,45,refined liquids (CC) (dry cooling)
base load generation,refined liquids,refined liquids_base_CC_CCS,2090,45,refined liquids (CC CCS) (once through)
base load generation,refined liquids,refined liquids_base_CC_CCS,2090,45,refined liquids (CC CCS) (seawater)
base load generation,refined liquids,refined liquids_base_CC_CCS,2090,45,refined liquids (CC CCS) (recirculating)
base load generation,refined liquids,refined liquids_base_CC_CCS,2090,45,refined liquids (CC CCS) (dry cooling)
base load generation,solar,PV_base_storage,2090,30,PV_base_storage
base load generation,solar,CSP_base_storage,2090,30,CSP_base_storage
base load generation,wind,wind_base_storage,2090,30,wind_base_storage
base load generation,biomass,biomass_base_conv,2095,60,biomass (conv) (once through)
base load generation,biomass,biomass_base_conv,2095,60,biomass (conv) (seawater)
base load generation,biomass,biomass_base_conv,2095,60,biomass (conv) (recirculating)
base load generation,biomass,biomass_base_conv,2095,60,biomass (conv) (cooling pond)
base load generation,biomass,biomass_base_conv,2095,60,biomass (conv) (dry cooling)
base load generation,biomass,biomass_base_conv_CCS,2095,60,biomass (conv CCS) (once through)
base load generation,biomass,biomass_base_conv_CCS,2095,60,biomass (conv CCS) (seawater)
base load generation,biomass,biomass_base_conv_CCS,2095,60,biomass (conv CCS) (recirculating)
base load generation,biomass,biomass_base_conv_CCS,2095,60,biomass (conv CCS) (dry cooling)
base load generation,biomass,biomass_base_IGCC,2095,60,biomass (IGCC) (once through)
base load generation,biomass,biomass_base_IGCC,2095,60,biomass (IGCC) (seawater)
base load generation,biomass,biomass_base_IGCC,2095,60,biomass (IGCC) (recirculating)
base load generation,biomass,biomass_base_IGCC,2095,60,biomass (IGCC) (dry cooling)
base load generation,biomass,biomass_base_IGCC_CCS,2095,60,biomass (IGCC CCS) (once through)
base load generation,biomass,biomass_base_IGCC_CCS,2095,60,biomass (IGCC CCS) (seawater)
base load generation,biomass,biomass_base_IGCC_CCS,2095,60,biomass (IGCC CCS) (recirculating)
base load generation,biomass,biomass_base_IGCC_CCS,2095,60,biomass (IGCC CCS) (dry cooling)
base load generation,coal,coal_base_conv pul,2095,60,coal (conv pul) (once through)
base load generation,coal,coal_base_conv pul,2095,60,coal (conv pul) (seawater)
base load generation,coal,coal_base_conv pul,2095,60,coal (conv pul) (recirculating)
base load generation,coal,coal_base_conv pul,2095,60,coal (conv pul) (cooling pond)
base load generation,coal,coal_base_conv pul,2095,60,coal (conv pul) (dry cooling)
base load generation,coal,coal_base_conv pul_CCS,2095,60,coal (conv pul CCS) (once through)
base load generation,coal,coal_base_conv pul_CCS,2095,60,coal (conv pul CCS) (seawater)
base load generation,coal,coal_base_conv pul_CCS,2095,60,coal (conv pul CCS) (recirculating)
base load generation,coal,coal_base_conv pul_CCS,2095,60,coal (conv pul CCS) (dry cooling)
base load generation,coal,coal_base_IGCC,2095,60,coal (IGCC) (once through)
base load generation,coal,coal_base_IGCC,2095,60,coal (IGCC) (seawater)
base load generation,coal,coal_base_IGCC,2095,60,coal (IGCC) (recirculating)
base load generation,coal,coal_base_IGCC,2095,60,coal (IGCC) (dry cooling)
base load generation,coal,coal_base_IGCC_CCS,2095,60,coal (IGCC CCS) (once through)
base load generation,coal,coal_base_IGCC_CCS,2095,60,coal (IGCC CCS) (seawater)
base load generation,coal,coal_base_IGCC_CCS,2095,60,coal (IGCC CCS) (recirculating)
base load generation,coal,coal_base_IGCC_CCS,2095,60,coal (IGCC CCS) (dry cooling)
base load generation,gas,gas_base_CC,2095,45,gas (CC) (once through)
base load generation,gas,gas_base_CC,2095,45,gas (CC) (seawater)
base load generation,gas,gas_base_CC,2095,45,gas (CC) (recirculating)
base load generation,gas,gas_base_CC,2095,45,gas (CC) (cooling pond)
base load generation,gas,gas_base_CC,2095,45,gas (CC) (dry cooling)
base load generation,gas,gas_base_CC_CCS,2095,45,gas (CC CCS) (once through)
base load generation,gas,gas_base_CC_CCS,2095,45,gas (CC CCS) (seawater)
base load generation,gas,gas_base_CC_CCS,2095,45,gas (CC CCS) (recirculating)
base load generation,gas,gas_base_CC_CCS,2095,45,gas (CC CCS) (dry cooling)
base load generation,geothermal,geo_base,2095,30,geothermal (recirculating)
base load generation,geothermal,geo_base,2095,30,geothermal (dry_hybrid)
base load generation,nuclear,nuc_base_large reactor,2095,60,large reactor (once through)
base load generation,nuclear,nuc_base_large reactor,2095,60,large reactor (seawater)
base load generation,nuclear,nuc_base_large reactor,2095,60,large reactor (recirculating)
base load generation,nuclear,nuc_base_large reactor,2095,60,large reactor (cooling pond)
base load generation,nuclear,nuc_base_SMR,2095,60,SMR (once through)
base load generation,nuclear,nuc_base_SMR,2095,60,SMR (seawater)
base load generation,nuclear,nuc_base_SMR,2095,60,SMR (recirculating)
base load generation,nuclear,nuc_base_SMR,2095,60,SMR (cooling pond)
base load generation,refined liquids,refined liquids_base_steam/CT,2095,45,refined liquids (steam/CT) (once through)
base load generation,refined liquids,refined liquids_base_steam/CT,2095,45,refined liquids (steam/CT) (seawater)
base load generation,refined liquids,refined liquids_base_steam/CT,2095,45,refined liquids (steam/CT) (recirculating)
base load generation,refined liquids,refined liquids_base_steam/CT,2095,45,refined liquids (steam/CT) (cooling pond)
base load generation,refined liquids,refined liquids_base_steam/CT,2095,45,refined liquids (steam/CT) (dry cooling)
base load generation,refined liquids,refined liquids_base_CC,2095,45,refined liquids (CC) (once through)
base load generation,refined liquids,refined liquids_base_CC,2095,45,refined liquids (CC) (seawater)
base load generation,refined liquids,refined liquids_base_CC,2095,45,refined liquids (CC) (recirculating)
base load generation,refined liquids,refined liquids_base_CC,2095,45,refined liquids (CC) (dry cooling)
base load generation,refined liquids,refined liquids_base_CC_CCS,2095,45,refined liquids (CC CCS) (once through)
base load generation,refined liquids,refined liquids_base_CC_CCS,2095,45,refined liquids (CC CCS) (seawater)
base load generation,refined liquids,refined liquids_base_CC_CCS,2095,45,refined liquids (CC CCS) (recirculating)
base load generation,refined liquids,refined liquids_base_CC_CCS,2095,45,refined liquids (CC CCS) (dry cooling)
base load generation,solar,PV_base_storage,2095,30,PV_base_storage
base load generation,solar,CSP_base_storage,2095,30,CSP_base_storage
base load generation,wind,wind_base_storage,2095,30,wind_base_storage
base load generation,biomass,biomass_base_conv,2100,60,biomass (conv) (once through)
base load generation,biomass,biomass_base_conv,2100,60,biomass (conv) (seawater)
base load generation,biomass,biomass_base_conv,2100,60,biomass (conv) (recirculating)
base load generation,biomass,biomass_base_conv,2100,60,biomass (conv) (cooling pond)
base load generation,biomass,biomass_base_conv,2100,60,biomass (conv) (dry cooling)
base load generation,biomass,biomass_base_conv_CCS,2100,60,biomass (conv CCS) (once through)
base load generation,biomass,biomass_base_conv_CCS,2100,60,biomass (conv CCS) (seawater)
base load generation,biomass,biomass_base_conv_CCS,2100,60,biomass (conv CCS) (recirculating)
base load generation,biomass,biomass_base_conv_CCS,2100,60,biomass (conv CCS) (dry cooling)
base load generation,biomass,biomass_base_IGCC,2100,60,biomass (IGCC) (once through)
base load generation,biomass,biomass_base_IGCC,2100,60,biomass (IGCC) (seawater)
base load generation,biomass,biomass_base_IGCC,2100,60,biomass (IGCC) (recirculating)
base load generation,biomass,biomass_base_IGCC,2100,60,biomass (IGCC) (dry cooling)
base load generation,biomass,biomass_base_IGCC_CCS,2100,60,biomass (IGCC CCS) (once through)
base load generation,biomass,biomass_base_IGCC_CCS,2100,60,biomass (IGCC CCS) (seawater)
base load generation,biomass,biomass_base_IGCC_CCS,2100,60,biomass (IGCC CCS) (recirculating)
base load generation,biomass,biomass_base_IGCC_CCS,2100,60,biomass (IGCC CCS) (dry cooling)
base load generation,coal,coal_base_conv pul,2100,60,coal (conv pul) (once through)
base load generation,coal,coal_base_conv pul,2100,60,coal (conv pul) (seawater)
base load generation,coal,coal_base_conv pul,2100,60,coal (conv pul) (recirculating)
base load generation,coal,coal_base_conv pul,2100,60,coal (conv pul) (cooling pond)
base load generation,coal,coal_base_conv pul,2100,60,coal (conv pul) (dry cooling)
base load generation,coal,coal_base_conv pul_CCS,2100,60,coal (conv pul CCS) (once through)
base load generation,coal,coal_base_conv pul_CCS,2100,60,coal (conv pul CCS) (seawater)
base load generation,coal,coal_base_conv pul_CCS,2100,60,coal (conv pul CCS) (recirculating)
base load generation,coal,coal_base_conv pul_CCS,2100,60,coal (conv pul CCS) (dry cooling)
base load generation,coal,coal_base_IGCC,2100,60,coal (IGCC) (once through)
base load generation,coal,coal_base_IGCC,2100,60,coal (IGCC) (seawater)
base load generation,coal,coal_base_IGCC,2100,60,coal (IGCC) (recirculating)
base load generation,coal,coal_base_IGCC,2100,60,coal (IGCC) (dry cooling)
base load generation,coal,coal_base_IGCC_CCS,2100,60,coal (IGCC CCS) (once through)
base load generation,coal,coal_base_IGCC_CCS,2100,60,coal (IGCC CCS) (seawater)
base load generation,coal,coal_base_IGCC_CCS,2100,60,coal (IGCC CCS) (recirculating)
base load generation,coal,coal_base_IGCC_CCS,2100,60,coal (IGCC CCS) (dry cooling)
base load generation,gas,gas_base_CC,2100,45,gas (CC) (once through)
base load generation,gas,gas_base_CC,2100,45,gas (CC) (seawater)
base load generation,gas,gas_base_CC,2100,45,gas (CC) (recirculating)
base load generation,gas,gas_base_CC,2100,45,gas (CC) (cooling pond)
base load generation,gas,gas_base_CC,2100,45,gas (CC) (dry cooling)
base load generation,gas,gas_base_CC_CCS,2100,45,gas (CC CCS) (once through)
base load generation,gas,gas_base_CC_CCS,2100,45,gas (CC CCS) (seawater)
base load generation,gas,gas_base_CC_CCS,2100,45,gas (CC CCS) (recirculating)
base load generation,gas,gas_base_CC_CCS,2100,45,gas (CC CCS) (dry cooling)
base load generation,geothermal,geo_base,2100,30,geothermal (recirculating)
base load generation,geothermal,geo_base,2100,30,geothermal (dry_hybrid)
base load generation,nuclear,nuc_base_large reactor,2100,60,large reactor (once through)
base load generation,nuclear,nuc_base_large reactor,2100,60,large reactor (seawater)
base load generation,nuclear,nuc_base_large reactor,2100,60,large reactor (recirculating)
base load generation,nuclear,nuc_base_large reactor,2100,60,large reactor (cooling pond)
base load generation,nuclear,nuc_base_SMR,2100,60,SMR (once through)
base load generation,nuclear,nuc_base_SMR,2100,60,SMR (seawater)
base load generation,nuclear,nuc_base_SMR,2100,60,SMR (recirculating)
base load generation,nuclear,nuc_base_SMR,2100,60,SMR (cooling pond)
base load generation,refined liquids,refined liquids_base_steam/CT,2100,45,refined liquids (steam/CT) (once through)
base load generation,refined liquids,refined liquids_base_steam/CT,2100,45,refined liquids (steam/CT) (seawater)
base load generation,refined liquids,refined liquids_base_steam/CT,2100,45,refined liquids (steam/CT) (recirculating)
base load generation,refined liquids,refined liquids_base_steam/CT,2100,45,refined liquids (steam/CT) (cooling pond)
base load generation,refined liquids,refined liquids_base_steam/CT,2100,45,refined liquids (steam/CT) (dry cooling)
base load generation,refined liquids,refined liquids_base_CC,2100,45,refined liquids (CC) (once through)
base load generation,refined liquids,refined liquids_base_CC,2100,45,refined liquids (CC) (seawater)
base load generation,refined liquids,refined liquids_base_CC,2100,45,refined liquids (CC) (recirculating)
base load generation,refined liquids,refined liquids_base_CC,2100,45,refined liquids (CC) (dry cooling)
base load generation,refined liquids,refined liquids_base_CC_CCS,2100,45,refined liquids (CC CCS) (once through)
base load generation,refined liquids,refined liquids_base_CC_CCS,2100,45,refined liquids (CC CCS) (seawater)
base load generation,refined liquids,refined liquids_base_CC_CCS,2100,45,refined liquids (CC CCS) (recirculating)
base load generation,refined liquids,refined liquids_base_CC_CCS,2100,45,refined liquids (CC CCS) (dry cooling)
base load generation,solar,PV_base_storage,2100,30,PV_base_storage
base load generation,solar,CSP_base_storage,2100,30,CSP_base_storage
base load generation,wind,wind_base_storage,2100,30,wind_base_storage
intermediate generation,biomass,biomass_int_conv,2025,60,biomass (conv) (once through)
intermediate generation,biomass,biomass_int_conv,2025,60,biomass (conv) (seawater)
intermediate generation,biomass,biomass_int_conv,2025,60,biomass (conv) (recirculating)
intermediate generation,biomass,biomass_int_conv,2025,60,biomass (conv) (cooling pond)
intermediate generation,biomass,biomass_int_conv,2025,60,biomass (conv) (dry cooling)
intermediate generation,biomass,biomass_int_conv_CCS,2025,60,biomass (conv CCS) (once through)
intermediate generation,biomass,biomass_int_conv_CCS,2025,60,biomass (conv CCS) (seawater)
intermediate generation,biomass,biomass_int_conv_CCS,2025,60,biomass (conv CCS) (recirculating)
intermediate generation,biomass,biomass_int_conv_CCS,2025,60,biomass (conv CCS) (dry cooling)
intermediate generation,biomass,biomass_int_IGCC,2025,60,biomass (IGCC) (once through)
intermediate generation,biomass,biomass_int_IGCC,2025,60,biomass (IGCC) (seawater)
intermediate generation,biomass,biomass_int_IGCC,2025,60,biomass (IGCC) (recirculating)
intermediate generation,biomass,biomass_int_IGCC,2025,60,biomass (IGCC) (dry cooling)
intermediate generation,biomass,biomass_int_IGCC_CCS,2025,60,biomass (IGCC CCS) (once through)
intermediate generation,biomass,biomass_int_IGCC_CCS,2025,60,biomass (IGCC CCS) (seawater)
intermediate generation,biomass,biomass_int_IGCC_CCS,2025,60,biomass (IGCC CCS) (recirculating)
intermediate generation,biomass,biomass_int_IGCC_CCS,2025,60,biomass (IGCC CCS) (dry cooling)
intermediate generation,coal,coal_int_conv pul,2025,60,coal (conv pul) (once through)
intermediate generation,coal,coal_int_conv pul,2025,60,coal (conv pul) (seawater)
intermediate generation,coal,coal_int_conv pul,2025,60,coal (conv pul) (recirculating)
intermediate generation,coal,coal_int_conv pul,2025,60,coal (conv pul) (cooling pond)
intermediate generation,coal,coal_int_conv pul,2025,60,coal (conv pul) (dry cooling)
intermediate generation,coal,coal_int_conv pul_CCS,2025,60,coal (conv pul CCS) (once through)
intermediate generation,coal,coal_int_conv pul_CCS,2025,60,coal (conv pul CCS) (seawater)
intermediate generation,coal,coal_int_conv pul_CCS,2025,60,coal (conv pul CCS) (recirculating)
intermediate generation,coal,coal_int_conv pul_CCS,2025,60,coal (conv pul CCS) (dry cooling)
intermediate generation,coal,coal_int_IGCC,2025,60,coal (IGCC) (once through)
intermediate generation,coal,coal_int_IGCC,2025,60,coal (IGCC) (seawater)
intermediate generation,coal,coal_int_IGCC,2025,60,coal (IGCC) (recirculating)
intermediate generation,coal,coal_int_IGCC,2025,60,coal (IGCC) (dry cooling)
intermediate generation,coal,coal_int_IGCC_CCS,2025,60,coal (IGCC CCS) (once through)
intermediate generation,coal,coal_int_IGCC_CCS,2025,60,coal (IGCC CCS) (seawater)
intermediate generation,coal,coal_int_IGCC_CCS,2025,60,coal (IGCC CCS) (recirculating)
intermediate generation,coal,coal_int_IGCC_CCS,2025,60,coal (IGCC CCS) (dry cooling)
intermediate generation,gas,gas_int_CC,2025,45,gas (CC) (once through)
intermediate generation,gas,gas_int_CC,2025,45,gas (CC) (seawater)
intermediate generation,gas,gas_int_CC,2025,45,gas (CC) (recirculating)
intermediate generation,gas,gas_int_CC,2025,45,gas (CC) (cooling pond)
intermediate generation,gas,gas_int_CC,2025,45,gas (CC) (dry cooling)
intermediate generation,gas,gas_int_CC_CCS,2025,45,gas (CC CCS) (once through)
intermediate generation,gas,gas_int_CC_CCS,2025,45,gas (CC CCS) (seawater)
intermediate generation,gas,gas_int_CC_CCS,2025,45,gas (CC CCS) (recirculating)
intermediate generation,gas,gas_int_CC_CCS,2025,45,gas (CC CCS) (dry cooling)
intermediate generation,refined liquids,refined liquids_int_steam/CT,2025,45,refined liquids (steam/CT) (once through)
intermediate generation,refined liquids,refined liquids_int_steam/CT,2025,45,refined liquids (steam/CT) (seawater)
intermediate generation,refined liquids,refined liquids_int_steam/CT,2025,45,refined liquids (steam/CT) (recirculating)
intermediate generation,refined liquids,refined liquids_int_steam/CT,2025,45,refined liquids (steam/CT) (cooling pond)
intermediate generation,refined liquids,refined liquids_int_steam/CT,2025,45,refined liquids (steam/CT) (dry cooling)
intermediate generation,refined liquids,refined liquids_int_CC,2025,45,refined liquids (CC) (once through)
intermediate generation,refined liquids,refined liquids_int_CC,2025,45,refined liquids (CC) (seawater)
intermediate generation,refined liquids,refined liquids_int_CC,2025,45,refined liquids (CC) (recirculating)
intermediate generation,refined liquids,refined liquids_int_CC,2025,45,refined liquids (CC) (dry cooling)
intermediate generation,refined liquids,refined liquids_int_CC_CCS,2025,45,refined liquids (CC CCS) (once through)
intermediate generation,refined liquids,refined liquids_int_CC_CCS,2025,45,refined liquids (CC CCS) (seawater)
intermediate generation,refined liquids,refined liquids_int_CC_CCS,2025,45,refined liquids (CC CCS) (recirculating)
intermediate generation,refined liquids,refined liquids_int_CC_CCS,2025,45,refined liquids (CC CCS) (dry cooling)
intermediate generation,biomass,biomass_int_conv,2030,60,biomass (conv) (once through)
intermediate generation,biomass,biomass_int_conv,2030,60,biomass (conv) (seawater)
intermediate generation,biomass,biomass_int_conv,2030,60,biomass (conv) (recirculating)
intermediate generation,biomass,biomass_int_conv,2030,60,biomass (conv) (cooling pond)
intermediate generation,biomass,biomass_int_conv,2030,60,biomass (conv) (dry cooling)
intermediate generation,biomass,biomass_int_conv_CCS,2030,60,biomass (conv CCS) (once through)
intermediate generation,biomass,biomass_int_conv_CCS,2030,60,biomass (conv CCS) (seawater)
intermediate generation,biomass,biomass_int_conv_CCS,2030,60,biomass (conv CCS) (recirculating)
intermediate generation,biomass,biomass_int_conv_CCS,2030,60,biomass (conv CCS) (dry cooling)
intermediate generation,biomass,biomass_int_IGCC,2030,60,biomass (IGCC) (once through)
intermediate generation,biomass,biomass_int_IGCC,2030,60,biomass (IGCC) (seawater)
intermediate generation,biomass,biomass_int_IGCC,2030,60,biomass (IGCC) (recirculating)
intermediate generation,biomass,biomass_int_IGCC,2030,60,biomass (IGCC) (dry cooling)
intermediate generation,biomass,biomass_int_IGCC_CCS,2030,60,biomass (IGCC CCS) (once through)
intermediate generation,biomass,biomass_int_IGCC_CCS,2030,60,biomass (IGCC CCS) (seawater)
intermediate generation,biomass,biomass_int_IGCC_CCS,2030,60,biomass (IGCC CCS) (recirculating)
intermediate generation,biomass,biomass_int_IGCC_CCS,2030,60,biomass (IGCC CCS) (dry cooling)
intermediate generation,coal,coal_int_conv pul,2030,60,coal (conv pul) (once through)
intermediate generation,coal,coal_int_conv pul,2030,60,coal (conv pul) (seawater)
intermediate generation,coal,coal_int_conv pul,2030,60,coal (conv pul) (recirculating)
intermediate generation,coal,coal_int_conv pul,2030,60,coal (conv pul) (cooling pond)
intermediate generation,coal,coal_int_conv pul,2030,60,coal (conv pul) (dry cooling)
intermediate generation,coal,coal_int_conv pul_CCS,2030,60,coal (conv pul CCS) (once through)
intermediate generation,coal,coal_int_conv pul_CCS,2030,60,coal (conv pul CCS) (seawater)
intermediate generation,coal,coal_int_conv pul_CCS,2030,60,coal (conv pul CCS) (recirculating)
intermediate generation,coal,coal_int_conv pul_CCS,2030,60,coal (conv pul CCS) (dry cooling)
intermediate generation,coal,coal_int_IGCC,2030,60,coal (IGCC) (once through)
intermediate generation,coal,coal_int_IGCC,2030,60,coal (IGCC) (seawater)
intermediate generation,coal,coal_int_IGCC,2030,60,coal (IGCC) (recirculating)
intermediate generation,coal,coal_int_IGCC,2030,60,coal (IGCC) (dry cooling)
intermediate generation,coal,coal_int_IGCC_CCS,2030,60,coal (IGCC CCS) (once through)
intermediate generation,coal,coal_int_IGCC_CCS,2030,60,coal (IGCC CCS) (seawater)
intermediate generation,coal,coal_int_IGCC_CCS,2030,60,coal (IGCC CCS) (recirculating)
intermediate generation,coal,coal_int_IGCC_CCS,2030,60,coal (IGCC CCS) (dry cooling)
intermediate generation,gas,gas_int_CC,2030,45,gas (CC) (once through)
intermediate generation,gas,gas_int_CC,2030,45,gas (CC) (seawater)
intermediate generation,gas,gas_int_CC,2030,45,gas (CC) (recirculating)
intermediate generation,gas,gas_int_CC,2030,45,gas (CC) (cooling pond)
intermediate generation,gas,gas_int_CC,2030,45,gas (CC) (dry cooling)
intermediate generation,gas,gas_int_CC_CCS,2030,45,gas (CC CCS) (once through)
intermediate generation,gas,gas_int_CC_CCS,2030,45,gas (CC CCS) (seawater)
intermediate generation,gas,gas_int_CC_CCS,2030,45,gas (CC CCS) (recirculating)
intermediate generation,gas,gas_int_CC_CCS,2030,45,gas (CC CCS) (dry cooling)
intermediate generation,refined liquids,refined liquids_int_steam/CT,2030,45,refined liquids (steam/CT) (once through)
intermediate generation,refined liquids,refined liquids_int_steam/CT,2030,45,refined liquids (steam/CT) (seawater)
intermediate generation,refined liquids,refined liquids_int_steam/CT,2030,45,refined liquids (steam/CT) (recirculating)
intermediate generation,refined liquids,refined liquids_int_steam/CT,2030,45,refined liquids (steam/CT) (cooling pond)
intermediate generation,refined liquids,refined liquids_int_steam/CT,2030,45,refined liquids (steam/CT) (dry cooling)
intermediate generation,refined liquids,refined liquids_int_CC,2030,45,refined liquids (CC) (once through)
intermediate generation,refined liquids,refined liquids_int_CC,2030,45,refined liquids (CC) (seawater)
intermediate generation,refined liquids,refined liquids_int_CC,2030,45,refined liquids (CC) (recirculating)
intermediate generation,refined liquids,refined liquids_int_CC,2030,45,refined liquids (CC) (dry cooling)
intermediate generation,refined liquids,refined liquids_int_CC_CCS,2030,45,refined liquids (CC CCS) (once through)
intermediate generation,refined liquids,refined liquids_int_CC_CCS,2030,45,refined liquids (CC CCS) (seawater)
intermediate generation,refined liquids,refined liquids_int_CC_CCS,2030,45,refined liquids (CC CCS) (recirculating)
intermediate generation,refined liquids,refined liquids_int_CC_CCS,2030,45,refined liquids (CC CCS) (dry cooling)
intermediate generation,biomass,biomass_int_conv,2035,60,biomass (conv) (once through)
intermediate generation,biomass,biomass_int_conv,2035,60,biomass (conv) (seawater)
intermediate generation,biomass,biomass_int_conv,2035,60,biomass (conv) (recirculating)
intermediate generation,biomass,biomass_int_conv,2035,60,biomass (conv) (cooling pond)
intermediate generation,biomass,biomass_int_conv,2035,60,biomass (conv) (dry cooling)
intermediate generation,biomass,biomass_int_conv_CCS,2035,60,biomass (conv CCS) (once through)
intermediate generation,biomass,biomass_int_conv_CCS,2035,60,biomass (conv CCS) (seawater)
intermediate generation,biomass,biomass_int_conv_CCS,2035,60,biomass (conv CCS) (recirculating)
intermediate generation,biomass,biomass_int_conv_CCS,2035,60,biomass (conv CCS) (dry cooling)
intermediate generation,biomass,biomass_int_IGCC,2035,60,biomass (IGCC) (once through)
intermediate generation,biomass,biomass_int_IGCC,2035,60,biomass (IGCC) (seawater)
intermediate generation,biomass,biomass_int_IGCC,2035,60,biomass (IGCC) (recirculating)
intermediate generation,biomass,biomass_int_IGCC,2035,60,biomass (IGCC) (dry cooling)
intermediate generation,biomass,biomass_int_IGCC_CCS,2035,60,biomass (IGCC CCS) (once through)
intermediate generation,biomass,biomass_int_IGCC_CCS,2035,60,biomass (IGCC CCS) (seawater)
intermediate generation,biomass,biomass_int_IGCC_CCS,2035,60,biomass (IGCC CCS) (recirculating)
intermediate generation,biomass,biomass_int_IGCC_CCS,2035,60,biomass (IGCC CCS) (dry cooling)
intermediate generation,coal,coal_int_conv pul,2035,60,coal (conv pul) (once through)
intermediate generation,coal,coal_int_conv pul,2035,60,coal (conv pul) (seawater)
intermediate generation,coal,coal_int_conv pul,2035,60,coal (conv pul) (recirculating)
intermediate generation,coal,coal_int_conv pul,2035,60,coal (conv pul) (cooling pond)
intermediate generation,coal,coal_int_conv pul,2035,60,coal (conv pul) (dry cooling)
intermediate generation,coal,coal_int_conv pul_CCS,2035,60,coal (conv pul CCS) (once through)
intermediate generation,coal,coal_int_conv pul_CCS,2035,60,coal (conv pul CCS) (seawater)
intermediate generation,coal,coal_int_conv pul_CCS,2035,60,coal (conv pul CCS) (recirculating)
intermediate generation,coal,coal_int_conv pul_CCS,2035,60,coal (conv pul CCS) (dry cooling)
intermediate generation,coal,coal_int_IGCC,2035,60,coal (IGCC) (once through)
intermediate generation,coal,coal_int_IGCC,2035,60,coal (IGCC) (seawater)
intermediate generation,coal,coal_int_IGCC,2035,60,coal (IGCC) (recirculating)
intermediate generation,coal,coal_int_IGCC,2035,60,coal (IGCC) (dry cooling)
intermediate generation,coal,coal_int_IGCC_CCS,2035,60,coal (IGCC CCS) (once through)
intermediate generation,coal,coal_int_IGCC_CCS,2035,60,coal (IGCC CCS) (seawater)
intermediate generation,coal,coal_int_IGCC_CCS,2035,60,coal (IGCC CCS) (recirculating)
intermediate generation,coal,coal_int_IGCC_CCS,2035,60,coal (IGCC CCS) (dry cooling)
intermediate generation,gas,gas_int_CC,2035,45,gas (CC) (once through)
intermediate generation,gas,gas_int_CC,2035,45,gas (CC) (seawater)
intermediate generation,gas,gas_int_CC,2035,45,gas (CC) (recirculating)
intermediate generation,gas,gas_int_CC,2035,45,gas (CC) (cooling pond)
intermediate generation,gas,gas_int_CC,2035,45,gas (CC) (dry cooling)
intermediate generation,gas,gas_int_CC_CCS,2035,45,gas (CC CCS) (once through)
intermediate generation,gas,gas_int_CC_CCS,2035,45,gas (CC CCS) (seawater)
intermediate generation,gas,gas_int_CC_CCS,2035,45,gas (CC CCS) (recirculating)
intermediate generation,gas,gas_int_CC_CCS,2035,45,gas (CC CCS) (dry cooling)
intermediate generation,refined liquids,refined liquids_int_steam/CT,2035,45,refined liquids (steam/CT) (once through)
intermediate generation,refined liquids,refined liquids_int_steam/CT,2035,45,refined liquids (steam/CT) (seawater)
intermediate generation,refined liquids,refined liquids_int_steam/CT,2035,45,refined liquids (steam/CT) (recirculating)
intermediate generation,refined liquids,refined liquids_int_steam/CT,2035,45,refined liquids (steam/CT) (cooling pond)
intermediate generation,refined liquids,refined liquids_int_steam/CT,2035,45,refined liquids (steam/CT) (dry cooling)
intermediate generation,refined liquids,refined liquids_int_CC,2035,45,refined liquids (CC) (once through)
intermediate generation,refined liquids,refined liquids_int_CC,2035,45,refined liquids (CC) (seawater)
intermediate generation,refined liquids,refined liquids_int_CC,2035,45,refined liquids (CC) (recirculating)
intermediate generation,refined liquids,refined liquids_int_CC,2035,45,refined liquids (CC) (dry cooling)
intermediate generation,refined liquids,refined liquids_int_CC_CCS,2035,45,refined liquids (CC CCS) (once through)
intermediate generation,refined liquids,refined liquids_int_CC_CCS,2035,45,refined liquids (CC CCS) (seawater)
intermediate generation,refined liquids,refined liquids_int_CC_CCS,2035,45,refined liquids (CC CCS) (recirculating)
intermediate generation,refined liquids,refined liquids_int_CC_CCS,2035,45,refined liquids (CC CCS) (dry cooling)
intermediate generation,biomass,biomass_int_conv,2040,60,biomass (conv) (once through)
intermediate generation,biomass,biomass_int_conv,2040,60,biomass (conv) (seawater)
intermediate generation,biomass,biomass_int_conv,2040,60,biomass (conv) (recirculating)
intermediate generation,biomass,biomass_int_conv,2040,60,biomass (conv) (cooling pond)
intermediate generation,biomass,biomass_int_conv,2040,60,biomass (conv) (dry cooling)
intermediate generation,biomass,biomass_int_conv_CCS,2040,60,biomass (conv CCS) (once through)
intermediate generation,biomass,biomass_int_conv_CCS,2040,60,biomass (conv CCS) (seawater)
intermediate generation,biomass,biomass_int_conv_CCS,2040,60,biomass (conv CCS) (recirculating)
intermediate generation,biomass,biomass_int_conv_CCS,2040,60,biomass (conv CCS) (dry cooling)
intermediate generation,biomass,biomass_int_IGCC,2040,60,biomass (IGCC) (once through)
intermediate generation,biomass,biomass_int_IGCC,2040,60,biomass (IGCC) (seawater)
intermediate generation,biomass,biomass_int_IGCC,2040,60,biomass (IGCC) (recirculating)
intermediate generation,biomass,biomass_int_IGCC,2040,60,biomass (IGCC) (dry cooling)
intermediate generation,biomass,biomass_int_IGCC_CCS,2040,60,biomass (IGCC CCS) (once through)
intermediate generation,biomass,biomass_int_IGCC_CCS,2040,60,biomass (IGCC CCS) (seawater)
intermediate generation,biomass,biomass_int_IGCC_CCS,2040,60,biomass (IGCC CCS) (recirculating)
intermediate generation,biomass,biomass_int_IGCC_CCS,2040,60,biomass (IGCC CCS) (dry cooling)
intermediate generation,coal,coal_int_conv pul,2040,60,coal (conv pul) (once through)
intermediate generation,coal,coal_int_conv pul,2040,60,coal (conv pul) (seawater)
intermediate generation,coal,coal_int_conv pul,2040,60,coal (conv pul) (recirculating)
intermediate generation,coal,coal_int_conv pul,2040,60,coal (conv pul) (cooling pond)
intermediate generation,coal,coal_int_conv pul,2040,60,coal (conv pul) (dry cooling)
intermediate generation,coal,coal_int_conv pul_CCS,2040,60,coal (conv pul CCS) (once through)
intermediate generation,coal,coal_int_conv pul_CCS,2040,60,coal (conv pul CCS) (seawater)
intermediate generation,coal,coal_int_conv pul_CCS,2040,60,coal (conv pul CCS) (recirculating)
intermediate generation,coal,coal_int_conv pul_CCS,2040,60,coal (conv pul CCS) (dry cooling)
intermediate generation,coal,coal_int_IGCC,2040,60,coal (IGCC) (once through)
intermediate generation,coal,coal_int_IGCC,2040,60,coal (IGCC) (seawater)
intermediate generation,coal,coal_int_IGCC,2040,60,coal (IGCC) (recirculating)
intermediate generation,coal,coal_int_IGCC,2040,60,coal (IGCC) (dry cooling)
intermediate generation,coal,coal_int_IGCC_CCS,2040,60,coal (IGCC CCS) (once through)
intermediate generation,coal,coal_int_IGCC_CCS,2040,60,coal (IGCC CCS) (seawater)
intermediate generation,coal,coal_int_IGCC_CCS,2040,60,coal (IGCC CCS) (recirculating)
intermediate generation,coal,coal_int_IGCC_CCS,2040,60,coal (IGCC CCS) (dry cooling)
intermediate generation,gas,gas_int_CC,2040,45,gas (CC) (once through)
intermediate generation,gas,gas_int_CC,2040,45,gas (CC) (seawater)
intermediate generation,gas,gas_int_CC,2040,45,gas (CC) (recirculating)
intermediate generation,gas,gas_int_CC,2040,45,gas (CC) (cooling pond)
intermediate generation,gas,gas_int_CC,2040,45,gas (CC) (dry cooling)
intermediate generation,gas,gas_int_CC_CCS,2040,45,gas (CC CCS) (once through)
intermediate generation,gas,gas_int_CC_CCS,2040,45,gas (CC CCS) (seawater)
intermediate generation,gas,gas_int_CC_CCS,2040,45,gas (CC CCS) (recirculating)
intermediate generation,gas,gas_int_CC_CCS,2040,45,gas (CC CCS) (dry cooling)
intermediate generation,refined liquids,refined liquids_int_steam/CT,2040,45,refined liquids (steam/CT) (once through)
intermediate generation,refined liquids,refined liquids_int_steam/CT,2040,45,refined liquids (steam/CT) (seawater)
intermediate generation,refined liquids,refined liquids_int_steam/CT,2040,45,refined liquids (steam/CT) (recirculating)
intermediate generation,refined liquids,refined liquids_int_steam/CT,2040,45,refined liquids (steam/CT) (cooling pond)
intermediate generation,refined liquids,refined liquids_int_steam/CT,2040,45,refined liquids (steam/CT) (dry cooling)
intermediate generation,refined liquids,refined liquids_int_CC,2040,45,refined liquids (CC) (once through)
intermediate generation,refined liquids,refined liquids_int_CC,2040,45,refined liquids (CC) (seawater)
intermediate generation,refined liquids,refined liquids_int_CC,2040,45,refined liquids (CC) (recirculating)
intermediate generation,refined liquids,refined liquids_int_CC,2040,45,refined liquids (CC) (dry cooling)
intermediate generation,refined liquids,refined liquids_int_CC_CCS,2040,45,refined liquids (CC CCS) (once through)
intermediate generation,refined liquids,refined liquids_int_CC_CCS,2040,45,refined liquids (CC CCS) (seawater)
intermediate generation,refined liquids,refined liquids_int_CC_CCS,2040,45,refined liquids (CC CCS) (recirculating)
intermediate generation,refined liquids,refined liquids_int_CC_CCS,2040,45,refined liquids (CC CCS) (dry cooling)
intermediate generation,biomass,biomass_int_conv,2045,60,biomass (conv) (once through)
intermediate generation,biomass,biomass_int_conv,2045,60,biomass (conv) (seawater)
intermediate generation,biomass,biomass_int_conv,2045,60,biomass (conv) (recirculating)
intermediate generation,biomass,biomass_int_conv,2045,60,biomass (conv) (cooling pond)
intermediate generation,biomass,biomass_int_conv,2045,60,biomass (conv) (dry cooling)
intermediate generation,biomass,biomass_int_conv_CCS,2045,60,biomass (conv CCS) (once through)
intermediate generation,biomass,biomass_int_conv_CCS,2045,60,biomass (conv CCS) (seawater)
intermediate generation,biomass,biomass_int_conv_CCS,2045,60,biomass (conv CCS) (recirculating)
intermediate generation,biomass,biomass_int_conv_CCS,2045,60,biomass (conv CCS) (dry cooling)
intermediate generation,biomass,biomass_int_IGCC,2045,60,biomass (IGCC) (once through)
intermediate generation,biomass,biomass_int_IGCC,2045,60,biomass (IGCC) (seawater)
intermediate generation,biomass,biomass_int_IGCC,2045,60,biomass (IGCC) (recirculating)
intermediate generation,biomass,biomass_int_IGCC,2045,60,biomass (IGCC) (dry cooling)
intermediate generation,biomass,biomass_int_IGCC_CCS,2045,60,biomass (IGCC CCS) (once through)
intermediate generation,biomass,biomass_int_IGCC_CCS,2045,60,biomass (IGCC CCS) (seawater)
intermediate generation,biomass,biomass_int_IGCC_CCS,2045,60,biomass (IGCC CCS) (recirculating)
intermediate generation,biomass,biomass_int_IGCC_CCS,2045,60,biomass (IGCC CCS) (dry cooling)
intermediate generation,coal,coal_int_conv pul,2045,60,coal (conv pul) (once through)
intermediate generation,coal,coal_int_conv pul,2045,60,coal (conv pul) (seawater)
intermediate generation,coal,coal_int_conv pul,2045,60,coal (conv pul) (recirculating)
intermediate generation,coal,coal_int_conv pul,2045,60,coal (conv pul) (cooling pond)
intermediate generation,coal,coal_int_conv pul,2045,60,coal (conv pul) (dry cooling)
intermediate generation,coal,coal_int_conv pul_CCS,2045,60,coal (conv pul CCS) (once through)
intermediate generation,coal,coal_int_conv pul_CCS,2045,60,coal (conv pul CCS) (seawater)
intermediate generation,coal,coal_int_conv pul_CCS,2045,60,coal (conv pul CCS) (recirculating)
intermediate generation,coal,coal_int_conv pul_CCS,2045,60,coal (conv pul CCS) (dry cooling)
intermediate generation,coal,coal_int_IGCC,2045,60,coal (IGCC) (once through)
intermediate generation,coal,coal_int_IGCC,2045,60,coal (IGCC) (seawater)
intermediate generation,coal,coal_int_IGCC,2045,60,coal (IGCC) (recirculating)
intermediate generation,coal,coal_int_IGCC,2045,60,coal (IGCC) (dry cooling)
intermediate generation,coal,coal_int_IGCC_CCS,2045,60,coal (IGCC CCS) (once through)
intermediate generation,coal,coal_int_IGCC_CCS,2045,60,coal (IGCC CCS) (seawater)
intermediate generation,coal,coal_int_IGCC_CCS,2045,60,coal (IGCC CCS) (recirculating)
intermediate generation,coal,coal_int_IGCC_CCS,2045,60,coal (IGCC CCS) (dry cooling)
intermediate generation,gas,gas_int_CC,2045,45,gas (CC) (once through)
intermediate generation,gas,gas_int_CC,2045,45,gas (CC) (seawater)
intermediate generation,gas,gas_int_CC,2045,45,gas (CC) (recirculating)
intermediate generation,gas,gas_int_CC,2045,45,gas (CC) (cooling pond)
intermediate generation,gas,gas_int_CC,2045,45,gas (CC) (dry cooling)
intermediate generation,gas,gas_int_CC_CCS,2045,45,gas (CC CCS) (once through)
intermediate generation,gas,gas_int_CC_CCS,2045,45,gas (CC CCS) (seawater)
intermediate generation,gas,gas_int_CC_CCS,2045,45,gas (CC CCS) (recirculating)
intermediate generation,gas,gas_int_CC_CCS,2045,45,gas (CC CCS) (dry cooling)
intermediate generation,refined liquids,refined liquids_int_steam/CT,2045,45,refined liquids (steam/CT) (once through)
intermediate generation,refined liquids,refined liquids_int_steam/CT,2045,45,refined liquids (steam/CT) (seawater)
intermediate generation,refined liquids,refined liquids_int_steam/CT,2045,45,refined liquids (steam/CT) (recirculating)
intermediate generation,refined liquids,refined liquids_int_steam/CT,2045,45,refined liquids (steam/CT) (cooling pond)
intermediate generation,refined liquids,refined liquids_int_steam/CT,2045,45,refined liquids (steam/CT) (dry cooling)
intermediate generation,refined liquids,refined liquids_int_CC,2045,45,refined liquids (CC) (once through)
intermediate generation,refined liquids,refined liquids_int_CC,2045,45,refined liquids (CC) (seawater)
intermediate generation,refined liquids,refined liquids_int_CC,2045,45,refined liquids (CC) (recirculating)
intermediate generation,refined liquids,refined liquids_int_CC,2045,45,refined liquids (CC) (dry cooling)
intermediate generation,refined liquids,refined liquids_int_CC_CCS,2045,45,refined liquids (CC CCS) (once through)
intermediate generation,refined liquids,refined liquids_int_CC_CCS,2045,45,refined liquids (CC CCS) (seawater)
intermediate generation,refined liquids,refined liquids_int_CC_CCS,2045,45,refined liquids (CC CCS) (recirculating)
intermediate generation,refined liquids,refined liquids_int_CC_CCS,2045,45,refined liquids (CC CCS) (dry cooling)
intermediate generation,biomass,biomass_int_conv,2050,60,biomass (conv) (once through)
intermediate generation,biomass,biomass_int_conv,2050,60,biomass (conv) (seawater)
intermediate generation,biomass,biomass_int_conv,2050,60,biomass (conv) (recirculating)
intermediate generation,biomass,biomass_int_conv,2050,60,biomass (conv) (cooling pond)
intermediate generation,biomass,biomass_int_conv,2050,60,biomass (conv) (dry cooling)
intermediate generation,biomass,biomass_int_conv_CCS,2050,60,biomass (conv CCS) (once through)
intermediate generation,biomass,biomass_int_conv_CCS,2050,60,biomass (conv CCS) (seawater)
intermediate generation,biomass,biomass_int_conv_CCS,2050,60,biomass (conv CCS) (recirculating)
intermediate generation,biomass,biomass_int_conv_CCS,2050,60,biomass (conv CCS) (dry cooling)
intermediate generation,biomass,biomass_int_IGCC,2050,60,biomass (IGCC) (once through)
intermediate generation,biomass,biomass_int_IGCC,2050,60,biomass (IGCC) (seawater)
intermediate generation,biomass,biomass_int_IGCC,2050,60,biomass (IGCC) (recirculating)
intermediate generation,biomass,biomass_int_IGCC,2050,60,biomass (IGCC) (dry cooling)
intermediate generation,biomass,biomass_int_IGCC_CCS,2050,60,biomass (IGCC CCS) (once through)
intermediate generation,biomass,biomass_int_IGCC_CCS,2050,60,biomass (IGCC CCS) (seawater)
intermediate generation,biomass,biomass_int_IGCC_CCS,2050,60,biomass (IGCC CCS) (recirculating)
intermediate generation,biomass,biomass_int_IGCC_CCS,2050,60,biomass (IGCC CCS) (dry cooling)
intermediate generation,coal,coal_int_conv pul,2050,60,coal (conv pul) (once through)
intermediate generation,coal,coal_int_conv pul,2050,60,coal (conv pul) (seawater)
intermediate generation,coal,coal_int_conv pul,2050,60,coal (conv pul) (recirculating)
intermediate generation,coal,coal_int_conv pul,2050,60,coal (conv pul) (cooling pond)
intermediate generation,coal,coal_int_conv pul,2050,60,coal (conv pul) (dry cooling)
intermediate generation,coal,coal_int_conv pul_CCS,2050,60,coal (conv pul CCS) (once through)
intermediate generation,coal,coal_int_conv pul_CCS,2050,60,coal (conv pul CCS) (seawater)
intermediate generation,coal,coal_int_conv pul_CCS,2050,60,coal (conv pul CCS) (recirculating)
intermediate generation,coal,coal_int_conv pul_CCS,2050,60,coal (conv pul CCS) (dry cooling)
intermediate generation,coal,coal_int_IGCC,2050,60,coal (IGCC) (once through)
intermediate generation,coal,coal_int_IGCC,2050,60,coal (IGCC) (seawater)
intermediate generation,coal,coal_int_IGCC,2050,60,coal (IGCC) (recirculating)
intermediate generation,coal,coal_int_IGCC,2050,60,coal (IGCC) (dry cooling)
intermediate generation,coal,coal_int_IGCC_CCS,2050,60,coal (IGCC CCS) (once through)
intermediate generation,coal,coal_int_IGCC_CCS,2050,60,coal (IGCC CCS) (seawater)
intermediate generation,coal,coal_int_IGCC_CCS,2050,60,coal (IGCC CCS) (recirculating)
intermediate generation,coal,coal_int_IGCC_CCS,2050,60,coal (IGCC CCS) (dry cooling)
intermediate generation,gas,gas_int_CC,2050,45,gas (CC) (once through)
intermediate generation,gas,gas_int_CC,2050,45,gas (CC) (seawater)
intermediate generation,gas,gas_int_CC,2050,45,gas (CC) (recirculating)
intermediate generation,gas,gas_int_CC,2050,45,gas (CC) (cooling pond)
intermediate generation,gas,gas_int_CC,2050,45,gas (CC) (dry cooling)
intermediate generation,gas,gas_int_CC_CCS,2050,45,gas (CC CCS) (once through)
intermediate generation,gas,gas_int_CC_CCS,2050,45,gas (CC CCS) (seawater)
intermediate generation,gas,gas_int_CC_CCS,2050,45,gas (CC CCS) (recirculating)
intermediate generation,gas,gas_int_CC_CCS,2050,45,gas (CC CCS) (dry cooling)
intermediate generation,refined liquids,refined liquids_int_steam/CT,2050,45,refined liquids (steam/CT) (once through)
intermediate generation,refined liquids,refined liquids_int_steam/CT,2050,45,refined liquids (steam/CT) (seawater)
intermediate generation,refined liquids,refined liquids_int_steam/CT,2050,45,refined liquids (steam/CT) (recirculating)
intermediate generation,refined liquids,refined liquids_int_steam/CT,2050,45,refined liquids (steam/CT) (cooling pond)
intermediate generation,refined liquids,refined liquids_int_steam/CT,2050,45,refined liquids (steam/CT) (dry cooling)
intermediate generation,refined liquids,refined liquids_int_CC,2050,45,refined liquids (CC) (once through)
intermediate generation,refined liquids,refined liquids_int_CC,2050,45,refined liquids (CC) (seawater)
intermediate generation,refined liquids,refined liquids_int_CC,2050,45,refined liquids (CC) (recirculating)
intermediate generation,refined liquids,refined liquids_int_CC,2050,45,refined liquids (CC) (dry cooling)
intermediate generation,refined liquids,refined liquids_int_CC_CCS,2050,45,refined liquids (CC CCS) (once through)
intermediate generation,refined liquids,refined liquids_int_CC_CCS,2050,45,refined liquids (CC CCS) (seawater)
intermediate generation,refined liquids,refined liquids_int_CC_CCS,2050,45,refined liquids (CC CCS) (recirculating)
intermediate generation,refined liquids,refined liquids_int_CC_CCS,2050,45,refined liquids (CC CCS) (dry cooling)
intermediate generation,biomass,biomass_int_conv,2055,60,biomass (conv) (once through)
intermediate generation,biomass,biomass_int_conv,2055,60,biomass (conv) (seawater)
intermediate generation,biomass,biomass_int_conv,2055,60,biomass (conv) (recirculating)
intermediate generation,biomass,biomass_int_conv,2055,60,biomass (conv) (cooling pond)
intermediate generation,biomass,biomass_int_conv,2055,60,biomass (conv) (dry cooling)
intermediate generation,biomass,biomass_int_conv_CCS,2055,60,biomass (conv CCS) (once through)
intermediate generation,biomass,biomass_int_conv_CCS,2055,60,biomass (conv CCS) (seawater)
intermediate generation,biomass,biomass_int_conv_CCS,2055,60,biomass (conv CCS) (recirculating)
intermediate generation,biomass,biomass_int_conv_CCS,2055,60,biomass (conv CCS) (dry cooling)
intermediate generation,biomass,biomass_int_IGCC,2055,60,biomass (IGCC) (once through)
intermediate generation,biomass,biomass_int_IGCC,2055,60,biomass (IGCC) (seawater)
intermediate generation,biomass,biomass_int_IGCC,2055,60,biomass (IGCC) (recirculating)
intermediate generation,biomass,biomass_int_IGCC,2055,60,biomass (IGCC) (dry cooling)
intermediate generation,biomass,biomass_int_IGCC_CCS,2055,60,biomass (IGCC CCS) (once through)
intermediate generation,biomass,biomass_int_IGCC_CCS,2055,60,biomass (IGCC CCS) (seawater)
intermediate generation,biomass,biomass_int_IGCC_CCS,2055,60,biomass (IGCC CCS) (recirculating)
intermediate generation,biomass,biomass_int_IGCC_CCS,2055,60,biomass (IGCC CCS) (dry cooling)
intermediate generation,coal,coal_int_conv pul,2055,60,coal (conv pul) (once through)
intermediate generation,coal,coal_int_conv pul,2055,60,coal (conv pul) (seawater)
intermediate generation,coal,coal_int_conv pul,2055,60,coal (conv pul) (recirculating)
intermediate generation,coal,coal_int_conv pul,2055,60,coal (conv pul) (cooling pond)
intermediate generation,coal,coal_int_conv pul,2055,60,coal (conv pul) (dry cooling)
intermediate generation,coal,coal_int_conv pul_CCS,2055,60,coal (conv pul CCS) (once through)
intermediate generation,coal,coal_int_conv pul_CCS,2055,60,coal (conv pul CCS) (seawater)
intermediate generation,coal,coal_int_conv pul_CCS,2055,60,coal (conv pul CCS) (recirculating)
intermediate generation,coal,coal_int_conv pul_CCS,2055,60,coal (conv pul CCS) (dry cooling)
intermediate generation,coal,coal_int_IGCC,2055,60,coal (IGCC) (once through)
intermediate generation,coal,coal_int_IGCC,2055,60,coal (IGCC) (seawater)
intermediate generation,coal,coal_int_IGCC,2055,60,coal (IGCC) (recirculating)
intermediate generation,coal,coal_int_IGCC,2055,60,coal (IGCC) (dry cooling)
intermediate generation,coal,coal_int_IGCC_CCS,2055,60,coal (IGCC CCS) (once through)
intermediate generation,coal,coal_int_IGCC_CCS,2055,60,coal (IGCC CCS) (seawater)
intermediate generation,coal,coal_int_IGCC_CCS,2055,60,coal (IGCC CCS) (recirculating)
intermediate generation,coal,coal_int_IGCC_CCS,2055,60,coal (IGCC CCS) (dry cooling)
intermediate generation,gas,gas_int_CC,2055,45,gas (CC) (once through)
intermediate generation,gas,gas_int_CC,2055,45,gas (CC) (seawater)
intermediate generation,gas,gas_int_CC,2055,45,gas (CC) (recirculating)
intermediate generation,gas,gas_int_CC,2055,45,gas (CC) (cooling pond)
intermediate generation,gas,gas_int_CC,2055,45,gas (CC) (dry cooling)
intermediate generation,gas,gas_int_CC_CCS,2055,45,gas (CC CCS) (once through)
intermediate generation,gas,gas_int_CC_CCS,2055,45,gas (CC CCS) (seawater)
intermediate generation,gas,gas_int_CC_CCS,2055,45,gas (CC CCS) (recirculating)
intermediate generation,gas,gas_int_CC_CCS,2055,45,gas (CC CCS) (dry cooling)
intermediate generation,refined liquids,refined liquids_int_steam/CT,2055,45,refined liquids (steam/CT) (once through)
intermediate generation,refined liquids,refined liquids_int_steam/CT,2055,45,refined liquids (steam/CT) (seawater)
intermediate generation,refined liquids,refined liquids_int_steam/CT,2055,45,refined liquids (steam/CT) (recirculating)
intermediate generation,refined liquids,refined liquids_int_steam/CT,2055,45,refined liquids (steam/CT) (cooling pond)
intermediate generation,refined liquids,refined liquids_int_steam/CT,2055,45,refined liquids (steam/CT) (dry cooling)
intermediate generation,refined liquids,refined liquids_int_CC,2055,45,refined liquids (CC) (once through)
intermediate generation,refined liquids,refined liquids_int_CC,2055,45,refined liquids (CC) (seawater)
intermediate generation,refined liquids,refined liquids_int_CC,2055,45,refined liquids (CC) (recirculating)
intermediate generation,refined liquids,refined liquids_int_CC,2055,45,refined liquids (CC) (dry cooling)
intermediate generation,refined liquids,refined liquids_int_CC_CCS,2055,45,refined liquids (CC CCS) (once through)
intermediate generation,refined liquids,refined liquids_int_CC_CCS,2055,45,refined liquids (CC CCS) (seawater)
intermediate generation,refined liquids,refined liquids_int_CC_CCS,2055,45,refined liquids (CC CCS) (recirculating)
intermediate generation,refined liquids,refined liquids_int_CC_CCS,2055,45,refined liquids (CC CCS) (dry cooling)
intermediate generation,biomass,biomass_int_conv,2060,60,biomass (conv) (once through)
intermediate generation,biomass,biomass_int_conv,2060,60,biomass (conv) (seawater)
intermediate generation,biomass,biomass_int_conv,2060,60,biomass (conv) (recirculating)
intermediate generation,biomass,biomass_int_conv,2060,60,biomass (conv) (cooling pond)
intermediate generation,biomass,biomass_int_conv,2060,60,biomass (conv) (dry cooling)
intermediate generation,biomass,biomass_int_conv_CCS,2060,60,biomass (conv CCS) (once through)
intermediate generation,biomass,biomass_int_conv_CCS,2060,60,biomass (conv CCS) (seawater)
intermediate generation,biomass,biomass_int_conv_CCS,2060,60,biomass (conv CCS) (recirculating)
intermediate generation,biomass,biomass_int_conv_CCS,2060,60,biomass (conv CCS) (dry cooling)
intermediate generation,biomass,biomass_int_IGCC,2060,60,biomass (IGCC) (once through)
intermediate generation,biomass,biomass_int_IGCC,2060,60,biomass (IGCC) (seawater)
intermediate generation,biomass,biomass_int_IGCC,2060,60,biomass (IGCC) (recirculating)
intermediate generation,biomass,biomass_int_IGCC,2060,60,biomass (IGCC) (dry cooling)
intermediate generation,biomass,biomass_int_IGCC_CCS,2060,60,biomass (IGCC CCS) (once through)
intermediate generation,biomass,biomass_int_IGCC_CCS,2060,60,biomass (IGCC CCS) (seawater)
intermediate generation,biomass,biomass_int_IGCC_CCS,2060,60,biomass (IGCC CCS) (recirculating)
intermediate generation,biomass,biomass_int_IGCC_CCS,2060,60,biomass (IGCC CCS) (dry cooling)
intermediate generation,coal,coal_int_conv pul,2060,60,coal (conv pul) (once through)
intermediate generation,coal,coal_int_conv pul,2060,60,coal (conv pul) (seawater)
intermediate generation,coal,coal_int_conv pul,2060,60,coal (conv pul) (recirculating)
intermediate generation,coal,coal_int_conv pul,2060,60,coal (conv pul) (cooling pond)
intermediate generation,coal,coal_int_conv pul,2060,60,coal (conv pul) (dry cooling)
intermediate generation,coal,coal_int_conv pul_CCS,2060,60,coal (conv pul CCS) (once through)
intermediate generation,coal,coal_int_conv pul_CCS,2060,60,coal (conv pul CCS) (seawater)
intermediate generation,coal,coal_int_conv pul_CCS,2060,60,coal (conv pul CCS) (recirculating)
intermediate generation,coal,coal_int_conv pul_CCS,2060,60,coal (conv pul CCS) (dry cooling)
intermediate generation,coal,coal_int_IGCC,2060,60,coal (IGCC) (once through)
intermediate generation,coal,coal_int_IGCC,2060,60,coal (IGCC) (seawater)
intermediate generation,coal,coal_int_IGCC,2060,60,coal (IGCC) (recirculating)
intermediate generation,coal,coal_int_IGCC,2060,60,coal (IGCC) (dry cooling)
intermediate generation,coal,coal_int_IGCC_CCS,2060,60,coal (IGCC CCS) (once through)
intermediate generation,coal,coal_int_IGCC_CCS,2060,60,coal (IGCC CCS) (seawater)
intermediate generation,coal,coal_int_IGCC_CCS,2060,60,coal (IGCC CCS) (recirculating)
intermediate generation,coal,coal_int_IGCC_CCS,2060,60,coal (IGCC CCS) (dry cooling)
intermediate generation,gas,gas_int_CC,2060,45,gas (CC) (once through)
intermediate generation,gas,gas_int_CC,2060,45,gas (CC) (seawater)
intermediate generation,gas,gas_int_CC,2060,45,gas (CC) (recirculating)
intermediate generation,gas,gas_int_CC,2060,45,gas (CC) (cooling pond)
intermediate generation,gas,gas_int_CC,2060,45,gas (CC) (dry cooling)
intermediate generation,gas,gas_int_CC_CCS,2060,45,gas (CC CCS) (once through)
intermediate generation,gas,gas_int_CC_CCS,2060,45,gas (CC CCS) (seawater)
intermediate generation,gas,gas_int_CC_CCS,2060,45,gas (CC CCS) (recirculating)
intermediate generation,gas,gas_int_CC_CCS,2060,45,gas (CC CCS) (dry cooling)
intermediate generation,refined liquids,refined liquids_int_steam/CT,2060,45,refined liquids (steam/CT) (once through)
intermediate generation,refined liquids,refined liquids_int_steam/CT,2060,45,refined liquids (steam/CT) (seawater)
intermediate generation,refined liquids,refined liquids_int_steam/CT,2060,45,refined liquids (steam/CT) (recirculating)
intermediate generation,refined liquids,refined liquids_int_steam/CT,2060,45,refined liquids (steam/CT) (cooling pond)
intermediate generation,refined liquids,refined liquids_int_steam/CT,2060,45,refined liquids (steam/CT) (dry cooling)
intermediate generation,refined liquids,refined liquids_int_CC,2060,45,refined liquids (CC) (once through)
intermediate generation,refined liquids,refined liquids_int_CC,2060,45,refined liquids (CC) (seawater)
intermediate generation,refined liquids,refined liquids_int_CC,2060,45,refined liquids (CC) (recirculating)
intermediate generation,refined liquids,refined liquids_int_CC,2060,45,refined liquids (CC) (dry cooling)
intermediate generation,refined liquids,refined liquids_int_CC_CCS,2060,45,refined liquids (CC CCS) (once through)
intermediate generation,refined liquids,refined liquids_int_CC_CCS,2060,45,refined liquids (CC CCS) (seawater)
intermediate generation,refined liquids,refined liquids_int_CC_CCS,2060,45,refined liquids (CC CCS) (recirculating)
intermediate generation,refined liquids,refined liquids_int_CC_CCS,2060,45,refined liquids (CC CCS) (dry cooling)
intermediate generation,biomass,biomass_int_conv,2065,60,biomass (conv) (once through)
intermediate generation,biomass,biomass_int_conv,2065,60,biomass (conv) (seawater)
intermediate generation,biomass,biomass_int_conv,2065,60,biomass (conv) (recirculating)
intermediate generation,biomass,biomass_int_conv,2065,60,biomass (conv) (cooling pond)
intermediate generation,biomass,biomass_int_conv,2065,60,biomass (conv) (dry cooling)
intermediate generation,biomass,biomass_int_conv_CCS,2065,60,biomass (conv CCS) (once through)
intermediate generation,biomass,biomass_int_conv_CCS,2065,60,biomass (conv CCS) (seawater)
intermediate generation,biomass,biomass_int_conv_CCS,2065,60,biomass (conv CCS) (recirculating)
intermediate generation,biomass,biomass_int_conv_CCS,2065,60,biomass (conv CCS) (dry cooling)
intermediate generation,biomass,biomass_int_IGCC,2065,60,biomass (IGCC) (once through)
intermediate generation,biomass,biomass_int_IGCC,2065,60,biomass (IGCC) (seawater)
intermediate generation,biomass,biomass_int_IGCC,2065,60,biomass (IGCC) (recirculating)
intermediate generation,biomass,biomass_int_IGCC,2065,60,biomass (IGCC) (dry cooling)
intermediate generation,biomass,biomass_int_IGCC_CCS,2065,60,biomass (IGCC CCS) (once through)
intermediate generation,biomass,biomass_int_IGCC_CCS,2065,60,biomass (IGCC CCS) (seawater)
intermediate generation,biomass,biomass_int_IGCC_CCS,2065,60,biomass (IGCC CCS) (recirculating)
intermediate generation,biomass,biomass_int_IGCC_CCS,2065,60,biomass (IGCC CCS) (dry cooling)
intermediate generation,coal,coal_int_conv pul,2065,60,coal (conv pul) (once through)
intermediate generation,coal,coal_int_conv pul,2065,60,coal (conv pul) (seawater)
intermediate generation,coal,coal_int_conv pul,2065,60,coal (conv pul) (recirculating)
intermediate generation,coal,coal_int_conv pul,2065,60,coal (conv pul) (cooling pond)
intermediate generation,coal,coal_int_conv pul,2065,60,coal (conv pul) (dry cooling)
intermediate generation,coal,coal_int_conv pul_CCS,2065,60,coal (conv pul CCS) (once through)
intermediate generation,coal,coal_int_conv pul_CCS,2065,60,coal (conv pul CCS) (seawater)
intermediate generation,coal,coal_int_conv pul_CCS,2065,60,coal (conv pul CCS) (recirculating)
intermediate generation,coal,coal_int_conv pul_CCS,2065,60,coal (conv pul CCS) (dry cooling)
intermediate generation,coal,coal_int_IGCC,2065,60,coal (IGCC) (once through)
intermediate generation,coal,coal_int_IGCC,2065,60,coal (IGCC) (seawater)
intermediate generation,coal,coal_int_IGCC,2065,60,coal (IGCC) (recirculating)
intermediate generation,coal,coal_int_IGCC,2065,60,coal (IGCC) (dry cooling)
intermediate generation,coal,coal_int_IGCC_CCS,2065,60,coal (IGCC CCS) (once through)
intermediate generation,coal,coal_int_IGCC_CCS,2065,60,coal (IGCC CCS) (seawater)
intermediate generation,coal,coal_int_IGCC_CCS,2065,60,coal (IGCC CCS) (recirculating)
intermediate generation,coal,coal_int_IGCC_CCS,2065,60,coal (IGCC CCS) (dry cooling)
intermediate generation,gas,gas_int_CC,2065,45,gas (CC) (once through)
intermediate generation,gas,gas_int_CC,2065,45,gas (CC) (seawater)
intermediate generation,gas,gas_int_CC,2065,45,gas (CC) (recirculating)
intermediate generation,gas,gas_int_CC,2065,45,gas (CC) (cooling pond)
intermediate generation,gas,gas_int_CC,2065,45,gas (CC) (dry cooling)
intermediate generation,gas,gas_int_CC_CCS,2065,45,gas (CC CCS) (once through)
intermediate generation,gas,gas_int_CC_CCS,2065,45,gas (CC CCS) (seawater)
intermediate generation,gas,gas_int_CC_CCS,2065,45,gas (CC CCS) (recirculating)
intermediate generation,gas,gas_int_CC_CCS,2065,45,gas (CC CCS) (dry cooling)
intermediate generation,refined liquids,refined liquids_int_steam/CT,2065,45,refined liquids (steam/CT) (once through)
intermediate generation,refined liquids,refined liquids_int_steam/CT,2065,45,refined liquids (steam/CT) (seawater)
intermediate generation,refined liquids,refined liquids_int_steam/CT,2065,45,refined liquids (steam/CT) (recirculating)
intermediate generation,refined liquids,refined liquids_int_steam/CT,2065,45,refined liquids (steam/CT) (cooling pond)
intermediate generation,refined liquids,refined liquids_int_steam/CT,2065,45,refined liquids (steam/CT) (dry cooling)
intermediate generation,refined liquids,refined liquids_int_CC,2065,45,refined liquids (CC) (once through)
intermediate generation,refined liquids,refined liquids_int_CC,2065,45,refined liquids (CC) (seawater)
intermediate generation,refined liquids,refined liquids_int_CC,2065,45,refined liquids (CC) (recirculating)
intermediate generation,refined liquids,refined liquids_int_CC,2065,45,refined liquids (CC) (dry cooling)
intermediate generation,refined liquids,refined liquids_int_CC_CCS,2065,45,refined liquids (CC CCS) (once through)
intermediate generation,refined liquids,refined liquids_int_CC_CCS,2065,45,refined liquids (CC CCS) (seawater)
intermediate generation,refined liquids,refined liquids_int_CC_CCS,2065,45,refined liquids (CC CCS) (recirculating)
intermediate generation,refined liquids,refined liquids_int_CC_CCS,2065,45,refined liquids (CC CCS) (dry cooling)
intermediate generation,biomass,biomass_int_conv,2070,60,biomass (conv) (once through)
intermediate generation,biomass,biomass_int_conv,2070,60,biomass (conv) (seawater)
intermediate generation,biomass,biomass_int_conv,2070,60,biomass (conv) (recirculating)
intermediate generation,biomass,biomass_int_conv,2070,60,biomass (conv) (cooling pond)
intermediate generation,biomass,biomass_int_conv,2070,60,biomass (conv) (dry cooling)
intermediate generation,biomass,biomass_int_conv_CCS,2070,60,biomass (conv CCS) (once through)
intermediate generation,biomass,biomass_int_conv_CCS,2070,60,biomass (conv CCS) (seawater)
intermediate generation,biomass,biomass_int_conv_CCS,2070,60,biomass (conv CCS) (recirculating)
intermediate generation,biomass,biomass_int_conv_CCS,2070,60,biomass (conv CCS) (dry cooling)
intermediate generation,biomass,biomass_int_IGCC,2070,60,biomass (IGCC) (once through)
intermediate generation,biomass,biomass_int_IGCC,2070,60,biomass (IGCC) (seawater)
intermediate generation,biomass,biomass_int_IGCC,2070,60,biomass (IGCC) (recirculating)
intermediate generation,biomass,biomass_int_IGCC,2070,60,biomass (IGCC) (dry cooling)
intermediate generation,biomass,biomass_int_IGCC_CCS,2070,60,biomass (IGCC CCS) (once through)
intermediate generation,biomass,biomass_int_IGCC_CCS,2070,60,biomass (IGCC CCS) (seawater)
intermediate generation,biomass,biomass_int_IGCC_CCS,2070,60,biomass (IGCC CCS) (recirculating)
intermediate generation,biomass,biomass_int_IGCC_CCS,2070,60,biomass (IGCC CCS) (dry cooling)
intermediate generation,coal,coal_int_conv pul,2070,60,coal (conv pul) (once through)
intermediate generation,coal,coal_int_conv pul,2070,60,coal (conv pul) (seawater)
intermediate generation,coal,coal_int_conv pul,2070,60,coal (conv pul) (recirculating)
intermediate generation,coal,coal_int_conv pul,2070,60,coal (conv pul) (cooling pond)
intermediate generation,coal,coal_int_conv pul,2070,60,coal (conv pul) (dry cooling)
intermediate generation,coal,coal_int_conv pul_CCS,2070,60,coal (conv pul CCS) (once through)
intermediate generation,coal,coal_int_conv pul_CCS,2070,60,coal (conv pul CCS) (seawater)
intermediate generation,coal,coal_int_conv pul_CCS,2070,60,coal (conv pul CCS) (recirculating)
intermediate generation,coal,coal_int_conv pul_CCS,2070,60,coal (conv pul CCS) (dry cooling)
intermediate generation,coal,coal_int_IGCC,2070,60,coal (IGCC) (once through)
intermediate generation,coal,coal_int_IGCC,2070,60,coal (IGCC) (seawater)
intermediate generation,coal,coal_int_IGCC,2070,60,coal (IGCC) (recirculating)
intermediate generation,coal,coal_int_IGCC,2070,60,coal (IGCC) (dry cooling)
intermediate generation,coal,coal_int_IGCC_CCS,2070,60,coal (IGCC CCS) (once through)
intermediate generation,coal,coal_int_IGCC_CCS,2070,60,coal (IGCC CCS) (seawater)
intermediate generation,coal,coal_int_IGCC_CCS,2070,60,coal (IGCC CCS) (recirculating)
intermediate generation,coal,coal_int_IGCC_CCS,2070,60,coal (IGCC CCS) (dry cooling)
intermediate generation,gas,gas_int_CC,2070,45,gas (CC) (once through)
intermediate generation,gas,gas_int_CC,2070,45,gas (CC) (seawater)
intermediate generation,gas,gas_int_CC,2070,45,gas (CC) (recirculating)
intermediate generation,gas,gas_int_CC,2070,45,gas (CC) (cooling pond)
intermediate generation,gas,gas_int_CC,2070,45,gas (CC) (dry cooling)
intermediate generation,gas,gas_int_CC_CCS,2070,45,gas (CC CCS) (once through)
intermediate generation,gas,gas_int_CC_CCS,2070,45,gas (CC CCS) (seawater)
intermediate generation,gas,gas_int_CC_CCS,2070,45,gas (CC CCS) (recirculating)
intermediate generation,gas,gas_int_CC_CCS,2070,45,gas (CC CCS) (dry cooling)
intermediate generation,refined liquids,refined liquids_int_steam/CT,2070,45,refined liquids (steam/CT) (once through)
intermediate generation,refined liquids,refined liquids_int_steam/CT,2070,45,refined liquids (steam/CT) (seawater)
intermediate generation,refined liquids,refined liquids_int_steam/CT,2070,45,refined liquids (steam/CT) (recirculating)
intermediate generation,refined liquids,refined liquids_int_steam/CT,2070,45,refined liquids (steam/CT) (cooling pond)
intermediate generation,refined liquids,refined liquids_int_steam/CT,2070,45,refined liquids (steam/CT) (dry cooling)
intermediate generation,refined liquids,refined liquids_int_CC,2070,45,refined liquids (CC) (once through)
intermediate generation,refined liquids,refined liquids_int_CC,2070,45,refined liquids (CC) (seawater)
intermediate generation,refined liquids,refined liquids_int_CC,2070,45,refined liquids (CC) (recirculating)
intermediate generation,refined liquids,refined liquids_int_CC,2070,45,refined liquids (CC) (dry cooling)
intermediate generation,refined liquids,refined liquids_int_CC_CCS,2070,45,refined liquids (CC CCS) (once through)
intermediate generation,refined liquids,refined liquids_int_CC_CCS,2070,45,refined liquids (CC CCS) (seawater)
intermediate generation,refined liquids,refined liquids_int_CC_CCS,2070,45,refined liquids (CC CCS) (recirculating)
intermediate generation,refined liquids,refined liquids_int_CC_CCS,2070,45,refined liquids (CC CCS) (dry cooling)
intermediate generation,biomass,biomass_int_conv,2075,60,biomass (conv) (once through)
intermediate generation,biomass,biomass_int_conv,2075,60,biomass (conv) (seawater)
intermediate generation,biomass,biomass_int_conv,2075,60,biomass (conv) (recirculating)
intermediate generation,biomass,biomass_int_conv,2075,60,biomass (conv) (cooling pond)
intermediate generation,biomass,biomass_int_conv,2075,60,biomass (conv) (dry cooling)
intermediate generation,biomass,biomass_int_conv_CCS,2075,60,biomass (conv CCS) (once through)
intermediate generation,biomass,biomass_int_conv_CCS,2075,60,biomass (conv CCS) (seawater)
intermediate generation,biomass,biomass_int_conv_CCS,2075,60,biomass (conv CCS) (recirculating)
intermediate generation,biomass,biomass_int_conv_CCS,2075,60,biomass (conv CCS) (dry cooling)
intermediate generation,biomass,biomass_int_IGCC,2075,60,biomass (IGCC) (once through)
intermediate generation,biomass,biomass_int_IGCC,2075,60,biomass (IGCC) (seawater)
intermediate generation,biomass,biomass_int_IGCC,2075,60,biomass (IGCC) (recirculating)
intermediate generation,biomass,biomass_int_IGCC,2075,60,biomass (IGCC) (dry cooling)
intermediate generation,biomass,biomass_int_IGCC_CCS,2075,60,biomass (IGCC CCS) (once through)
intermediate generation,biomass,biomass_int_IGCC_CCS,2075,60,biomass (IGCC CCS) (seawater)
intermediate generation,biomass,biomass_int_IGCC_CCS,2075,60,biomass (IGCC CCS) (recirculating)
intermediate generation,biomass,biomass_int_IGCC_CCS,2075,60,biomass (IGCC CCS) (dry cooling)
intermediate generation,coal,coal_int_conv pul,2075,60,coal (conv pul) (once through)
intermediate generation,coal,coal_int_conv pul,2075,60,coal (conv pul) (seawater)
intermediate generation,coal,coal_int_conv pul,2075,60,coal (conv pul) (recirculating)
intermediate generation,coal,coal_int_conv pul,2075,60,coal (conv pul) (cooling pond)
intermediate generation,coal,coal_int_conv pul,2075,60,coal (conv pul) (dry cooling)
intermediate generation,coal,coal_int_conv pul_CCS,2075,60,coal (conv pul CCS) (once through)
intermediate generation,coal,coal_int_conv pul_CCS,2075,60,coal (conv pul CCS) (seawater)
intermediate generation,coal,coal_int_conv pul_CCS,2075,60,coal (conv pul CCS) (recirculating)
intermediate generation,coal,coal_int_conv pul_CCS,2075,60,coal (conv pul CCS) (dry cooling)
intermediate generation,coal,coal_int_IGCC,2075,60,coal (IGCC) (once through)
intermediate generation,coal,coal_int_IGCC,2075,60,coal (IGCC) (seawater)
intermediate generation,coal,coal_int_IGCC,2075,60,coal (IGCC) (recirculating)
intermediate generation,coal,coal_int_IGCC,2075,60,coal (IGCC) (dry cooling)
intermediate generation,coal,coal_int_IGCC_CCS,2075,60,coal (IGCC CCS) (once through)
intermediate generation,coal,coal_int_IGCC_CCS,2075,60,coal (IGCC CCS) (seawater)
intermediate generation,coal,coal_int_IGCC_CCS,2075,60,coal (IGCC CCS) (recirculating)
intermediate generation,coal,coal_int_IGCC_CCS,2075,60,coal (IGCC CCS) (dry cooling)
intermediate generation,gas,gas_int_CC,2075,45,gas (CC) (once through)
intermediate generation,gas,gas_int_CC,2075,45,gas (CC) (seawater)
intermediate generation,gas,gas_int_CC,2075,45,gas (CC) (recirculating)
intermediate generation,gas,gas_int_CC,2075,45,gas (CC) (cooling pond)
intermediate generation,gas,gas_int_CC,2075,45,gas (CC) (dry cooling)
intermediate generation,gas,gas_int_CC_CCS,2075,45,gas (CC CCS) (once through)
intermediate generation,gas,gas_int_CC_CCS,2075,45,gas (CC CCS) (seawater)
intermediate generation,gas,gas_int_CC_CCS,2075,45,gas (CC CCS) (recirculating)
intermediate generation,gas,gas_int_CC_CCS,2075,45,gas (CC CCS) (dry cooling)
intermediate generation,refined liquids,refined liquids_int_steam/CT,2075,45,refined liquids (steam/CT) (once through)
intermediate generation,refined liquids,refined liquids_int_steam/CT,2075,45,refined liquids (steam/CT) (seawater)
intermediate generation,refined liquids,refined liquids_int_steam/CT,2075,45,refined liquids (steam/CT) (recirculating)
intermediate generation,refined liquids,refined liquids_int_steam/CT,2075,45,refined liquids (steam/CT) (cooling pond)
intermediate generation,refined liquids,refined liquids_int_steam/CT,2075,45,refined liquids (steam/CT) (dry cooling)
intermediate generation,refined liquids,refined liquids_int_CC,2075,45,refined liquids (CC) (once through)
intermediate generation,refined liquids,refined liquids_int_CC,2075,45,refined liquids (CC) (seawater)
intermediate generation,refined liquids,refined liquids_int_CC,2075,45,refined liquids (CC) (recirculating)
intermediate generation,refined liquids,refined liquids_int_CC,2075,45,refined liquids (CC) (dry cooling)
intermediate generation,refined liquids,refined liquids_int_CC_CCS,2075,45,refined liquids (CC CCS) (once through)
intermediate generation,refined liquids,refined liquids_int_CC_CCS,2075,45,refined liquids (CC CCS) (seawater)
intermediate generation,refined liquids,refined liquids_int_CC_CCS,2075,45,refined liquids (CC CCS) (recirculating)
intermediate generation,refined liquids,refined liquids_int_CC_CCS,2075,45,refined liquids (CC CCS) (dry cooling)
intermediate generation,biomass,biomass_int_conv,2080,60,biomass (conv) (once through)
intermediate generation,biomass,biomass_int_conv,2080,60,biomass (conv) (seawater)
intermediate generation,biomass,biomass_int_conv,2080,60,biomass (conv) (recirculating)
intermediate generation,biomass,biomass_int_conv,2080,60,biomass (conv) (cooling pond)
intermediate generation,biomass,biomass_int_conv,2080,60,biomass (conv) (dry cooling)
intermediate generation,biomass,biomass_int_conv_CCS,2080,60,biomass (conv CCS) (once through)
intermediate generation,biomass,biomass_int_conv_CCS,2080,60,biomass (conv CCS) (seawater)
intermediate generation,biomass,biomass_int_conv_CCS,2080,60,biomass (conv CCS) (recirculating)
intermediate generation,biomass,biomass_int_conv_CCS,2080,60,biomass (conv CCS) (dry cooling)
intermediate generation,biomass,biomass_int_IGCC,2080,60,biomass (IGCC) (once through)
intermediate generation,biomass,biomass_int_IGCC,2080,60,biomass (IGCC) (seawater)
intermediate generation,biomass,biomass_int_IGCC,2080,60,biomass (IGCC) (recirculating)
intermediate generation,biomass,biomass_int_IGCC,2080,60,biomass (IGCC) (dry cooling)
intermediate generation,biomass,biomass_int_IGCC_CCS,2080,60,biomass (IGCC CCS) (once through)
intermediate generation,biomass,biomass_int_IGCC_CCS,2080,60,biomass (IGCC CCS) (seawater)
intermediate generation,biomass,biomass_int_IGCC_CCS,2080,60,biomass (IGCC CCS) (recirculating)
intermediate generation,biomass,biomass_int_IGCC_CCS,2080,60,biomass (IGCC CCS) (dry cooling)
intermediate generation,coal,coal_int_conv pul,2080,60,coal (conv pul) (once through)
intermediate generation,coal,coal_int_conv pul,2080,60,coal (conv pul) (seawater)
intermediate generation,coal,coal_int_conv pul,2080,60,coal (conv pul) (recirculating)
intermediate generation,coal,coal_int_conv pul,2080,60,coal (conv pul) (cooling pond)
intermediate generation,coal,coal_int_conv pul,2080,60,coal (conv pul) (dry cooling)
intermediate generation,coal,coal_int_conv pul_CCS,2080,60,coal (conv pul CCS) (once through)
intermediate generation,coal,coal_int_conv pul_CCS,2080,60,coal (conv pul CCS) (seawater)
intermediate generation,coal,coal_int_conv pul_CCS,2080,60,coal (conv pul CCS) (recirculating)
intermediate generation,coal,coal_int_conv pul_CCS,2080,60,coal (conv pul CCS) (dry cooling)
intermediate generation,coal,coal_int_IGCC,2080,60,coal (IGCC) (once through)
intermediate generation,coal,coal_int_IGCC,2080,60,coal (IGCC) (seawater)
intermediate generation,coal,coal_int_IGCC,2080,60,coal (IGCC) (recirculating)
intermediate generation,coal,coal_int_IGCC,2080,60,coal (IGCC) (dry cooling)
intermediate generation,coal,coal_int_IGCC_CCS,2080,60,coal (IGCC CCS) (once through)
intermediate generation,coal,coal_int_IGCC_CCS,2080,60,coal (IGCC CCS) (seawater)
intermediate generation,coal,coal_int_IGCC_CCS,2080,60,coal (IGCC CCS) (recirculating)
intermediate generation,coal,coal_int_IGCC_CCS,2080,60,coal (IGCC CCS) (dry cooling)
intermediate generation,gas,gas_int_CC,2080,45,gas (CC) (once through)
intermediate generation,gas,gas_int_CC,2080,45,gas (CC) (seawater)
intermediate generation,gas,gas_int_CC,2080,45,gas (CC) (recirculating)
intermediate generation,gas,gas_int_CC,2080,45,gas (CC) (cooling pond)
intermediate generation,gas,gas_int_CC,2080,45,gas (CC) (dry cooling)
intermediate generation,gas,gas_int_CC_CCS,2080,45,gas (CC CCS) (once through)
intermediate generation,gas,gas_int_CC_CCS,2080,45,gas (CC CCS) (seawater)
intermediate generation,gas,gas_int_CC_CCS,2080,45,gas (CC CCS) (recirculating)
intermediate generation,gas,gas_int_CC_CCS,2080,45,gas (CC CCS) (dry cooling)
intermediate generation,refined liquids,refined liquids_int_steam/CT,2080,45,refined liquids (steam/CT) (once through)
intermediate generation,refined liquids,refined liquids_int_steam/CT,2080,45,refined liquids (steam/CT) (seawater)
intermediate generation,refined liquids,refined liquids_int_steam/CT,2080,45,refined liquids (steam/CT) (recirculating)
intermediate generation,refined liquids,refined liquids_int_steam/CT,2080,45,refined liquids (steam/CT) (cooling pond)
intermediate generation,refined liquids,refined liquids_int_steam/CT,2080,45,refined liquids (steam/CT) (dry cooling)
intermediate generation,refined liquids,refined liquids_int_CC,2080,45,refined liquids (CC) (once through)
intermediate generation,refined liquids,refined liquids_int_CC,2080,45,refined liquids (CC) (seawater)
intermediate generation,refined liquids,refined liquids_int_CC,2080,45,refined liquids (CC) (recirculating)
intermediate generation,refined liquids,refined liquids_int_CC,2080,45,refined liquids (CC) (dry cooling)
intermediate generation,refined liquids,refined liquids_int_CC_CCS,2080,45,refined liquids (CC CCS) (once through)
intermediate generation,refined liquids,refined liquids_int_CC_CCS,2080,45,refined liquids (CC CCS) (seawater)
intermediate generation,refined liquids,refined liquids_int_CC_CCS,2080,45,refined liquids (CC CCS) (recirculating)
intermediate generation,refined liquids,refined liquids_int_CC_CCS,2080,45,refined liquids (CC CCS) (dry cooling)
intermediate generation,biomass,biomass_int_conv,2085,60,biomass (conv) (once through)
intermediate generation,biomass,biomass_int_conv,2085,60,biomass (conv) (seawater)
intermediate generation,biomass,biomass_int_conv,2085,60,biomass (conv) (recirculating)
intermediate generation,biomass,biomass_int_conv,2085,60,biomass (conv) (cooling pond)
intermediate generation,biomass,biomass_int_conv,2085,60,biomass (conv) (dry cooling)
intermediate generation,biomass,biomass_int_conv_CCS,2085,60,biomass (conv CCS) (once through)
intermediate generation,biomass,biomass_int_conv_CCS,2085,60,biomass (conv CCS) (seawater)
intermediate generation,biomass,biomass_int_conv_CCS,2085,60,biomass (conv CCS) (recirculating)
intermediate generation,biomass,biomass_int_conv_CCS,2085,60,biomass (conv CCS) (dry cooling)
intermediate generation,biomass,biomass_int_IGCC,2085,60,biomass (IGCC) (once through)
intermediate generation,biomass,biomass_int_IGCC,2085,60,biomass (IGCC) (seawater)
intermediate generation,biomass,biomass_int_IGCC,2085,60,biomass (IGCC) (recirculating)
intermediate generation,biomass,biomass_int_IGCC,2085,60,biomass (IGCC) (dry cooling)
intermediate generation,biomass,biomass_int_IGCC_CCS,2085,60,biomass (IGCC CCS) (once through)
intermediate generation,biomass,biomass_int_IGCC_CCS,2085,60,biomass (IGCC CCS) (seawater)
intermediate generation,biomass,biomass_int_IGCC_CCS,2085,60,biomass (IGCC CCS) (recirculating)
intermediate generation,biomass,biomass_int_IGCC_CCS,2085,60,biomass (IGCC CCS) (dry cooling)
intermediate generation,coal,coal_int_conv pul,2085,60,coal (conv pul) (once through)
intermediate generation,coal,coal_int_conv pul,2085,60,coal (conv pul) (seawater)
intermediate generation,coal,coal_int_conv pul,2085,60,coal (conv pul) (recirculating)
intermediate generation,coal,coal_int_conv pul,2085,60,coal (conv pul) (cooling pond)
intermediate generation,coal,coal_int_conv pul,2085,60,coal (conv pul) (dry cooling)
intermediate generation,coal,coal_int_conv pul_CCS,2085,60,coal (conv pul CCS) (once through)
intermediate generation,coal,coal_int_conv pul_CCS,2085,60,coal (conv pul CCS) (seawater)
intermediate generation,coal,coal_int_conv pul_CCS,2085,60,coal (conv pul CCS) (recirculating)
intermediate generation,coal,coal_int_conv pul_CCS,2085,60,coal (conv pul CCS) (dry cooling)
intermediate generation,coal,coal_int_IGCC,2085,60,coal (IGCC) (once through)
intermediate generation,coal,coal_int_IGCC,2085,60,coal (IGCC) (seawater)
intermediate generation,coal,coal_int_IGCC,2085,60,coal (IGCC) (recirculating)
intermediate generation,coal,coal_int_IGCC,2085,60,coal (IGCC) (dry cooling)
intermediate generation,coal,coal_int_IGCC_CCS,2085,60,coal (IGCC CCS) (once through)
intermediate generation,coal,coal_int_IGCC_CCS,2085,60,coal (IGCC CCS) (seawater)
intermediate generation,coal,coal_int_IGCC_CCS,2085,60,coal (IGCC CCS) (recirculating)
intermediate generation,coal,coal_int_IGCC_CCS,2085,60,coal (IGCC CCS) (dry cooling)
intermediate generation,gas,gas_int_CC,2085,45,gas (CC) (once through)
intermediate generation,gas,gas_int_CC,2085,45,gas (CC) (seawater)
intermediate generation,gas,gas_int_CC,2085,45,gas (CC) (recirculating)
intermediate generation,gas,gas_int_CC,2085,45,gas (CC) (cooling pond)
intermediate generation,gas,gas_int_CC,2085,45,gas (CC) (dry cooling)
intermediate generation,gas,gas_int_CC_CCS,2085,45,gas (CC CCS) (once through)
intermediate generation,gas,gas_int_CC_CCS,2085,45,gas (CC CCS) (seawater)
intermediate generation,gas,gas_int_CC_CCS,2085,45,gas (CC CCS) (recirculating)
intermediate generation,gas,gas_int_CC_CCS,2085,45,gas (CC CCS) (dry cooling)
intermediate generation,refined liquids,refined liquids_int_steam/CT,2085,45,refined liquids (steam/CT) (once through)
intermediate generation,refined liquids,refined liquids_int_steam/CT,2085,45,refined liquids (steam/CT) (seawater)
intermediate generation,refined liquids,refined liquids_int_steam/CT,2085,45,refined liquids (steam/CT) (recirculating)
intermediate generation,refined liquids,refined liquids_int_steam/CT,2085,45,refined liquids (steam/CT) (cooling pond)
intermediate generation,refined liquids,refined liquids_int_steam/CT,2085,45,refined liquids (steam/CT) (dry cooling)
intermediate generation,refined liquids,refined liquids_int_CC,2085,45,refined liquids (CC) (once through)
intermediate generation,refined liquids,refined liquids_int_CC,2085,45,refined liquids (CC) (seawater)
intermediate generation,refined liquids,refined liquids_int_CC,2085,45,refined liquids (CC) (recirculating)
intermediate generation,refined liquids,refined liquids_int_CC,2085,45,refined liquids (CC) (dry cooling)
intermediate generation,refined liquids,refined liquids_int_CC_CCS,2085,45,refined liquids (CC CCS) (once through)
intermediate generation,refined liquids,refined liquids_int_CC_CCS,2085,45,refined liquids (CC CCS) (seawater)
intermediate generation,refined liquids,refined liquids_int_CC_CCS,2085,45,refined liquids (CC CCS) (recirculating)
intermediate generation,refined liquids,refined liquids_int_CC_CCS,2085,45,refined liquids (CC CCS) (dry cooling)
intermediate generation,biomass,biomass_int_conv,2090,60,biomass (conv) (once through)
intermediate generation,biomass,biomass_int_conv,2090,60,biomass (conv) (seawater)
intermediate generation,biomass,biomass_int_conv,2090,60,biomass (conv) (recirculating)
intermediate generation,biomass,biomass_int_conv,2090,60,biomass (conv) (cooling pond)
intermediate generation,biomass,biomass_int_conv,2090,60,biomass (conv) (dry cooling)
intermediate generation,biomass,biomass_int_conv_CCS,2090,60,biomass (conv CCS) (once through)
intermediate generation,biomass,biomass_int_conv_CCS,2090,60,biomass (conv CCS) (seawater)
intermediate generation,biomass,biomass_int_conv_CCS,2090,60,biomass (conv CCS) (recirculating)
intermediate generation,biomass,biomass_int_conv_CCS,2090,60,biomass (conv CCS) (dry cooling)
intermediate generation,biomass,biomass_int_IGCC,2090,60,biomass (IGCC) (once through)
intermediate generation,biomass,biomass_int_IGCC,2090,60,biomass (IGCC) (seawater)
intermediate generation,biomass,biomass_int_IGCC,2090,60,biomass (IGCC) (recirculating)
intermediate generation,biomass,biomass_int_IGCC,2090,60,biomass (IGCC) (dry cooling)
intermediate generation,biomass,biomass_int_IGCC_CCS,2090,60,biomass (IGCC CCS) (once through)
intermediate generation,biomass,biomass_int_IGCC_CCS,2090,60,biomass (IGCC CCS) (seawater)
intermediate generation,biomass,biomass_int_IGCC_CCS,2090,60,biomass (IGCC CCS) (recirculating)
intermediate generation,biomass,biomass_int_IGCC_CCS,2090,60,biomass (IGCC CCS) (dry cooling)
intermediate generation,coal,coal_int_conv pul,2090,60,coal (conv pul) (once through)
intermediate generation,coal,coal_int_conv pul,2090,60,coal (conv pul) (seawater)
intermediate generation,coal,coal_int_conv pul,2090,60,coal (conv pul) (recirculating)
intermediate generation,coal,coal_int_conv pul,2090,60,coal (conv pul) (cooling pond)
intermediate generation,coal,coal_int_conv pul,2090,60,coal (conv pul) (dry cooling)
intermediate generation,coal,coal_int_conv pul_CCS,2090,60,coal (conv pul CCS) (once through)
intermediate generation,coal,coal_int_conv pul_CCS,2090,60,coal (conv pul CCS) (seawater)
intermediate generation,coal,coal_int_conv pul_CCS,2090,60,coal (conv pul CCS) (recirculating)
intermediate generation,coal,coal_int_conv pul_CCS,2090,60,coal (conv pul CCS) (dry cooling)
intermediate generation,coal,coal_int_IGCC,2090,60,coal (IGCC) (once through)
intermediate generation,coal,coal_int_IGCC,2090,60,coal (IGCC) (seawater)
intermediate generation,coal,coal_int_IGCC,2090,60,coal (IGCC) (recirculating)
intermediate generation,coal,coal_int_IGCC,2090,60,coal (IGCC) (dry cooling)
intermediate generation,coal,coal_int_IGCC_CCS,2090,60,coal (IGCC CCS) (once through)
intermediate generation,coal,coal_int_IGCC_CCS,2090,60,coal (IGCC CCS) (seawater)
intermediate generation,coal,coal_int_IGCC_CCS,2090,60,coal (IGCC CCS) (recirculating)
intermediate generation,coal,coal_int_IGCC_CCS,2090,60,coal (IGCC CCS) (dry cooling)
intermediate generation,gas,gas_int_CC,2090,45,gas (CC) (once through)
intermediate generation,gas,gas_int_CC,2090,45,gas (CC) (seawater)
intermediate generation,gas,gas_int_CC,2090,45,gas (CC) (recirculating)
intermediate generation,gas,gas_int_CC,2090,45,gas (CC) (cooling pond)
intermediate generation,gas,gas_int_CC,2090,45,gas (CC) (dry cooling)
intermediate generation,gas,gas_int_CC_CCS,2090,45,gas (CC CCS) (once through)
intermediate generation,gas,gas_int_CC_CCS,2090,45,gas (CC CCS) (seawater)
intermediate generation,gas,gas_int_CC_CCS,2090,45,gas (CC CCS) (recirculating)
intermediate generation,gas,gas_int_CC_CCS,2090,45,gas (CC CCS) (dry cooling)
intermediate generation,refined liquids,refined liquids_int_steam/CT,2090,45,refined liquids (steam/CT) (once through)
intermediate generation,refined liquids,refined liquids_int_steam/CT,2090,45,refined liquids (steam/CT) (seawater)
intermediate generation,refined liquids,refined liquids_int_steam/CT,2090,45,refined liquids (steam/CT) (recirculating)
intermediate generation,refined liquids,refined liquids_int_steam/CT,2090,45,refined liquids (steam/CT) (cooling pond)
intermediate generation,refined liquids,refined liquids_int_steam/CT,2090,45,refined liquids (steam/CT) (dry cooling)
intermediate generation,refined liquids,refined liquids_int_CC,2090,45,refined liquids (CC) (once through)
intermediate generation,refined liquids,refined liquids_int_CC,2090,45,refined liquids (CC) (seawater)
intermediate generation,refined liquids,refined liquids_int_CC,2090,45,refined liquids (CC) (recirculating)
intermediate generation,refined liquids,refined liquids_int_CC,2090,45,refined liquids (CC) (dry cooling)
intermediate generation,refined liquids,refined liquids_int_CC_CCS,2090,45,refined liquids (CC CCS) (once through)
intermediate generation,refined liquids,refined liquids_int_CC_CCS,2090,45,refined liquids (CC CCS) (seawater)
intermediate generation,refined liquids,refined liquids_int_CC_CCS,2090,45,refined liquids (CC CCS) (recirculating)
intermediate generation,refined liquids,refined liquids_int_CC_CCS,2090,45,refined liquids (CC CCS) (dry cooling)
intermediate generation,biomass,biomass_int_conv,2095,60,biomass (conv) (once through)
intermediate generation,biomass,biomass_int_conv,2095,60,biomass (conv) (seawater)
intermediate generation,biomass,biomass_int_conv,2095,60,biomass (conv) (recirculating)
intermediate generation,biomass,biomass_int_conv,2095,60,biomass (conv) (cooling pond)
intermediate generation,biomass,biomass_int_conv,2095,60,biomass (conv) (dry cooling)
intermediate generation,biomass,biomass_int_conv_CCS,2095,60,biomass (conv CCS) (once through)
intermediate generation,biomass,biomass_int_conv_CCS,2095,60,biomass (conv CCS) (seawater)
intermediate generation,biomass,biomass_int_conv_CCS,2095,60,biomass (conv CCS) (recirculating)
intermediate generation,biomass,biomass_int_conv_CCS,2095,60,biomass (conv CCS) (dry cooling)
intermediate generation,biomass,biomass_int_IGCC,2095,60,biomass (IGCC) (once through)
intermediate generation,biomass,biomass_int_IGCC,2095,60,biomass (IGCC) (seawater)
intermediate generation,biomass,biomass_int_IGCC,2095,60,biomass (IGCC) (recirculating)
intermediate generation,biomass,biomass_int_IGCC,2095,60,biomass (IGCC) (dry cooling)
intermediate generation,biomass,biomass_int_IGCC_CCS,2095,60,biomass (IGCC CCS) (once through)
intermediate generation,biomass,biomass_int_IGCC_CCS,2095,60,biomass (IGCC CCS) (seawater)
intermediate generation,biomass,biomass_int_IGCC_CCS,2095,60,biomass (IGCC CCS) (recirculating)
intermediate generation,biomass,biomass_int_IGCC_CCS,2095,60,biomass (IGCC CCS) (dry cooling)
intermediate generation,coal,coal_int_conv pul,2095,60,coal (conv pul) (once through)
intermediate generation,coal,coal_int_conv pul,2095,60,coal (conv pul) (seawater)
intermediate generation,coal,coal_int_conv pul,2095,60,coal (conv pul) (recirculating)
intermediate generation,coal,coal_int_conv pul,2095,60,coal (conv pul) (cooling pond)
intermediate generation,coal,coal_int_conv pul,2095,60,coal (conv pul) (dry cooling)
intermediate generation,coal,coal_int_conv pul_CCS,2095,60,coal (conv pul CCS) (once through)
intermediate generation,coal,coal_int_conv pul_CCS,2095,60,coal (conv pul CCS) (seawater)
intermediate generation,coal,coal_int_conv pul_CCS,2095,60,coal (conv pul CCS) (recirculating)
intermediate generation,coal,coal_int_conv pul_CCS,2095,60,coal (conv pul CCS) (dry cooling)
intermediate generation,coal,coal_int_IGCC,2095,60,coal (IGCC) (once through)
intermediate generation,coal,coal_int_IGCC,2095,60,coal (IGCC) (seawater)
intermediate generation,coal,coal_int_IGCC,2095,60,coal (IGCC) (recirculating)
intermediate generation,coal,coal_int_IGCC,2095,60,coal (IGCC) (dry cooling)
intermediate generation,coal,coal_int_IGCC_CCS,2095,60,coal (IGCC CCS) (once through)
intermediate generation,coal,coal_int_IGCC_CCS,2095,60,coal (IGCC CCS) (seawater)
intermediate generation,coal,coal_int_IGCC_CCS,2095,60,coal (IGCC CCS) (recirculating)
intermediate generation,coal,coal_int_IGCC_CCS,2095,60,coal (IGCC CCS) (dry cooling)
intermediate generation,gas,gas_int_CC,2095,45,gas (CC) (once through)
intermediate generation,gas,gas_int_CC,2095,45,gas (CC) (seawater)
intermediate generation,gas,gas_int_CC,2095,45,gas (CC) (recirculating)
intermediate generation,gas,gas_int_CC,2095,45,gas (CC) (cooling pond)
intermediate generation,gas,gas_int_CC,2095,45,gas (CC) (dry cooling)
intermediate generation,gas,gas_int_CC_CCS,2095,45,gas (CC CCS) (once through)
intermediate generation,gas,gas_int_CC_CCS,2095,45,gas (CC CCS) (seawater)
intermediate generation,gas,gas_int_CC_CCS,2095,45,gas (CC CCS) (recirculating)
intermediate generation,gas,gas_int_CC_CCS,2095,45,gas (CC CCS) (dry cooling)
intermediate generation,refined liquids,refined liquids_int_steam/CT,2095,45,refined liquids (steam/CT) (once through)
intermediate generation,refined liquids,refined liquids_int_steam/CT,2095,45,refined liquids (steam/CT) (seawater)
intermediate generation,refined liquids,refined liquids_int_steam/CT,2095,45,refined liquids (steam/CT) (recirculating)
intermediate generation,refined liquids,refined liquids_int_steam/CT,2095,45,refined liquids (steam/CT) (cooling pond)
intermediate generation,refined liquids,refined liquids_int_steam/CT,2095,45,refined liquids (steam/CT) (dry cooling)
intermediate generation,refined liquids,refined liquids_int_CC,2095,45,refined liquids (CC) (once through)
intermediate generation,refined liquids,refined liquids_int_CC,2095,45,refined liquids (CC) (seawater)
intermediate generation,refined liquids,refined liquids_int_CC,2095,45,refined liquids (CC) (recirculating)
intermediate generation,refined liquids,refined liquids_int_CC,2095,45,refined liquids (CC) (dry cooling)
intermediate generation,refined liquids,refined liquids_int_CC_CCS,2095,45,refined liquids (CC CCS) (once through)
intermediate generation,refined liquids,refined liquids_int_CC_CCS,2095,45,refined liquids (CC CCS) (seawater)
intermediate generation,refined liquids,refined liquids_int_CC_CCS,2095,45,refined liquids (CC CCS) (recirculating)
intermediate generation,refined liquids,refined liquids_int_CC_CCS,2095,45,refined liquids (CC CCS) (dry cooling)
intermediate generation,biomass,biomass_int_conv,2100,60,biomass (conv) (once through)
intermediate generation,biomass,biomass_int_conv,2100,60,biomass (conv) (seawater)
intermediate generation,biomass,biomass_int_conv,2100,60,biomass (conv) (recirculating)
intermediate generation,biomass,biomass_int_conv,2100,60,biomass (conv) (cooling pond)
intermediate generation,biomass,biomass_int_conv,2100,60,biomass (conv) (dry cooling)
intermediate generation,biomass,biomass_int_conv_CCS,2100,60,biomass (conv CCS) (once through)
intermediate generation,biomass,biomass_int_conv_CCS,2100,60,biomass (conv CCS) (seawater)
intermediate generation,biomass,biomass_int_conv_CCS,2100,60,biomass (conv CCS) (recirculating)
intermediate generation,biomass,biomass_int_conv_CCS,2100,60,biomass (conv CCS) (dry cooling)
intermediate generation,biomass,biomass_int_IGCC,2100,60,biomass (IGCC) (once through)
intermediate generation,biomass,biomass_int_IGCC,2100,60,biomass (IGCC) (seawater)
intermediate generation,biomass,biomass_int_IGCC,2100,60,biomass (IGCC) (recirculating)
intermediate generation,biomass,biomass_int_IGCC,2100,60,biomass (IGCC) (dry cooling)
intermediate generation,biomass,biomass_int_IGCC_CCS,2100,60,biomass (IGCC CCS) (once through)
intermediate generation,biomass,biomass_int_IGCC_CCS,2100,60,biomass (IGCC CCS) (seawater)
intermediate generation,biomass,biomass_int_IGCC_CCS,2100,60,biomass (IGCC CCS) (recirculating)
intermediate generation,biomass,biomass_int_IGCC_CCS,2100,60,biomass (IGCC CCS) (dry cooling)
intermediate generation,coal,coal_int_conv pul,2100,60,coal (conv pul) (once through)
intermediate generation,coal,coal_int_conv pul,2100,60,coal (conv pul) (seawater)
intermediate generation,coal,coal_int_conv pul,2100,60,coal (conv pul) (recirculating)
intermediate generation,coal,coal_int_conv pul,2100,60,coal (conv pul) (cooling pond)
intermediate generation,coal,coal_int_conv pul,2100,60,coal (conv pul) (dry cooling)
intermediate generation,coal,coal_int_conv pul_CCS,2100,60,coal (conv pul CCS) (once through)
intermediate generation,coal,coal_int_conv pul_CCS,2100,60,coal (conv pul CCS) (seawater)
intermediate generation,coal,coal_int_conv pul_CCS,2100,60,coal (conv pul CCS) (recirculating)
intermediate generation,coal,coal_int_conv pul_CCS,2100,60,coal (conv pul CCS) (dry cooling)
intermediate generation,coal,coal_int_IGCC,2100,60,coal (IGCC) (once through)
intermediate generation,coal,coal_int_IGCC,2100,60,coal (IGCC) (seawater)
intermediate generation,coal,coal_int_IGCC,2100,60,coal (IGCC) (recirculating)
intermediate generation,coal,coal_int_IGCC,2100,60,coal (IGCC) (dry cooling)
intermediate generation,coal,coal_int_IGCC_CCS,2100,60,coal (IGCC CCS) (once through)
intermediate generation,coal,coal_int_IGCC_CCS,2100,60,coal (IGCC CCS) (seawater)
intermediate generation,coal,coal_int_IGCC_CCS,2100,60,coal (IGCC CCS) (recirculating)
intermediate generation,coal,coal_int_IGCC_CCS,2100,60,coal (IGCC CCS) (dry cooling)
intermediate generation,gas,gas_int_CC,2100,45,gas (CC) (once through)
intermediate generation,gas,gas_int_CC,2100,45,gas (CC) (seawater)
intermediate generation,gas,gas_int_CC,2100,45,gas (CC) (recirculating)
intermediate generation,gas,gas_int_CC,2100,45,gas (CC) (cooling pond)
intermediate generation,gas,gas_int_CC,2100,45,gas (CC) (dry cooling)
intermediate generation,gas,gas_int_CC_CCS,2100,45,gas (CC CCS) (once through)
intermediate generation,gas,gas_int_CC_CCS,2100,45,gas (CC CCS) (seawater)
intermediate generation,gas,gas_int_CC_CCS,2100,45,gas (CC CCS) (recirculating)
intermediate generation,gas,gas_int_CC_CCS,2100,45,gas (CC CCS) (dry cooling)
intermediate generation,refined liquids,refined liquids_int_steam/CT,2100,45,refined liquids (steam/CT) (once through)
intermediate generation,refined liquids,refined liquids_int_steam/CT,2100,45,refined liquids (steam/CT) (seawater)
intermediate generation,refined liquids,refined liquids_int_steam/CT,2100,45,refined liquids (steam/CT) (recirculating)
intermediate generation,refined liquids,refined liquids_int_steam/CT,2100,45,refined liquids (steam/CT) (cooling pond)
intermediate generation,refined liquids,refined liquids_int_steam/CT,2100,45,refined liquids (steam/CT) (dry cooling)
intermediate generation,refined liquids,refined liquids_int_CC,2100,45,refined liquids (CC) (once through)
intermediate generation,refined liquids,refined liquids_int_CC,2100,45,refined liquids (CC) (seawater)
intermediate generation,refined liquids,refined liquids_int_CC,2100,45,refined liquids (CC) (recirculating)
intermediate generation,refined liquids,refined liquids_int_CC,2100,45,refined liquids (CC) (dry cooling)
intermediate generation,refined liquids,refined liquids_int_CC_CCS,2100,45,refined liquids (CC CCS) (once through)
intermediate generation,refined liquids,refined liquids_int_CC_CCS,2100,45,refined liquids (CC CCS) (seawater)
intermediate generation,refined liquids,refined liquids_int_CC_CCS,2100,45,refined liquids (CC CCS) (recirculating)
intermediate generation,refined liquids,refined liquids_int_CC_CCS,2100,45,refined liquids (CC CCS) (dry cooling)
peak generation,coal,coal_peak_conv pul,2025,60,coal (conv pul) (once through)
peak generation,coal,coal_peak_conv pul,2025,60,coal (conv pul) (seawater)
peak generation,coal,coal_peak_conv pul,2025,60,coal (conv pul) (recirculating)
peak generation,coal,coal_peak_conv pul,2025,60,coal (conv pul) (cooling pond)
peak generation,coal,coal_peak_conv pul,2025,60,coal (conv pul) (dry cooling)
peak generation,gas,gas_peak_steam/CT,2025,45,gas (steam/CT) (once through)
peak generation,gas,gas_peak_steam/CT,2025,45,gas (steam/CT) (seawater)
peak generation,gas,gas_peak_steam/CT,2025,45,gas (steam/CT) (recirculating)
peak generation,gas,gas_peak_steam/CT,2025,45,gas (steam/CT) (cooling pond)
peak generation,gas,gas_peak_steam/CT,2025,45,gas (steam/CT) (dry cooling)
peak generation,gas,gas_peak_CC,2025,45,gas (CC) (once through)
peak generation,gas,gas_peak_CC,2025,45,gas (CC) (seawater)
peak generation,gas,gas_peak_CC,2025,45,gas (CC) (recirculating)
peak generation,gas,gas_peak_CC,2025,45,gas (CC) (cooling pond)
peak generation,gas,gas_peak_CC,2025,45,gas (CC) (dry cooling)
peak generation,gas,gas_peak_CC_CCS,2025,45,gas (CC CCS) (once through)
peak generation,gas,gas_peak_CC_CCS,2025,45,gas (CC CCS) (seawater)
peak generation,gas,gas_peak_CC_CCS,2025,45,gas (CC CCS) (recirculating)
peak generation,gas,gas_peak_CC_CCS,2025,45,gas (CC CCS) (dry cooling)
peak generation,refined liquids,refined liquids_peak_steam/CT,2025,45,refined liquids (steam/CT) (once through)
peak generation,refined liquids,refined liquids_peak_steam/CT,2025,45,refined liquids (steam/CT) (seawater)
peak generation,refined liquids,refined liquids_peak_steam/CT,2025,45,refined liquids (steam/CT) (recirculating)
peak generation,refined liquids,refined liquids_peak_steam/CT,2025,45,refined liquids (steam/CT) (cooling pond)
peak generation,refined liquids,refined liquids_peak_steam/CT,2025,45,refined liquids (steam/CT) (dry cooling)
peak generation,refined liquids,refined liquids_peak_CC,2025,45,refined liquids (CC) (once through)
peak generation,refined liquids,refined liquids_peak_CC,2025,45,refined liquids (CC) (seawater)
peak generation,refined liquids,refined liquids_peak_CC,2025,45,refined liquids (CC) (recirculating)
peak generation,refined liquids,refined liquids_peak_CC,2025,45,refined liquids (CC) (dry cooling)
peak generation,refined liquids,refined liquids_peak_CC_CCS,2025,45,refined liquids (CC CCS) (once through)
peak generation,refined liquids,refined liquids_peak_CC_CCS,2025,45,refined liquids (CC CCS) (seawater)
peak generation,refined liquids,refined liquids_peak_CC_CCS,2025,45,refined liquids (CC CCS) (recirculating)
peak generation,refined liquids,refined liquids_peak_CC_CCS,2025,45,refined liquids (CC CCS) (dry cooling)
peak generation,coal,coal_peak_conv pul,2030,60,coal (conv pul) (once through)
peak generation,coal,coal_peak_conv pul,2030,60,coal (conv pul) (seawater)
peak generation,coal,coal_peak_conv pul,2030,60,coal (conv pul) (recirculating)
peak generation,coal,coal_peak_conv pul,2030,60,coal (conv pul) (cooling pond)
peak generation,coal,coal_peak_conv pul,2030,60,coal (conv pul) (dry cooling)
peak generation,gas,gas_peak_steam/CT,2030,45,gas (steam/CT) (once through)
peak generation,gas,gas_peak_steam/CT,2030,45,gas (steam/CT) (seawater)
peak generation,gas,gas_peak_steam/CT,2030,45,gas (steam/CT) (recirculating)
peak generation,gas,gas_peak_steam/CT,2030,45,gas (steam/CT) (cooling pond)
peak generation,gas,gas_peak_steam/CT,2030,45,gas (steam/CT) (dry cooling)
peak generation,gas,gas_peak_CC,2030,45,gas (CC) (once through)
peak generation,gas,gas_peak_CC,2030,45,gas (CC) (seawater)
peak generation,gas,gas_peak_CC,2030,45,gas (CC) (recirculating)
peak generation,gas,gas_peak_CC,2030,45,gas (CC) (cooling pond)
peak generation,gas,gas_peak_CC,2030,45,gas (CC) (dry cooling)
peak generation,gas,gas_peak_CC_CCS,2030,45,gas (CC CCS) (once through)
peak generation,gas,gas_peak_CC_CCS,2030,45,gas (CC CCS) (seawater)
peak generation,gas,gas_peak_CC_CCS,2030,45,gas (CC CCS) (recirculating)
peak generation,gas,gas_peak_CC_CCS,2030,45,gas (CC CCS) (dry cooling)
peak generation,refined liquids,refined liquids_peak_steam/CT,2030,45,refined liquids (steam/CT) (once through)
peak generation,refined liquids,refined liquids_peak_steam/CT,2030,45,refined liquids (steam/CT) (seawater)
peak generation,refined liquids,refined liquids_peak_steam/CT,2030,45,refined liquids (steam/CT) (recirculating)
peak generation,refined liquids,refined liquids_peak_steam/CT,2030,45,refined liquids (steam/CT) (cooling pond)
peak generation,refined liquids,refined liquids_peak_steam/CT,2030,45,refined liquids (steam/CT) (dry cooling)
peak generation,refined liquids,refined liquids_peak_CC,2030,45,refined liquids (CC) (once through)
peak generation,refined liquids,refined liquids_peak_CC,2030,45,refined liquids (CC) (seawater)
peak generation,refined liquids,refined liquids_peak_CC,2030,45,refined liquids (CC) (recirculating)
peak generation,refined liquids,refined liquids_peak_CC,2030,45,refined liquids (CC) (dry cooling)
peak generation,refined liquids,refined liquids_peak_CC_CCS,2030,45,refined liquids (CC CCS) (once through)
peak generation,refined liquids,refined liquids_peak_CC_CCS,2030,45,refined liquids (CC CCS) (seawater)
peak generation,refined liquids,refined liquids_peak_CC_CCS,2030,45,refined liquids (CC CCS) (recirculating)
peak generation,refined liquids,refined liquids_peak_CC_CCS,2030,45,refined liquids (CC CCS) (dry cooling)
peak generation,coal,coal_peak_conv pul,2035,60,coal (conv pul) (once through)
peak generation,coal,coal_peak_conv pul,2035,60,coal (conv pul) (seawater)
peak generation,coal,coal_peak_conv pul,2035,60,coal (conv pul) (recirculating)
peak generation,coal,coal_peak_conv pul,2035,60,coal (conv pul) (cooling pond)
peak generation,coal,coal_peak_conv pul,2035,60,coal (conv pul) (dry cooling)
peak generation,gas,gas_peak_steam/CT,2035,45,gas (steam/CT) (once through)
peak generation,gas,gas_peak_steam/CT,2035,45,gas (steam/CT) (seawater)
peak generation,gas,gas_peak_steam/CT,2035,45,gas (steam/CT) (recirculating)
peak generation,gas,gas_peak_steam/CT,2035,45,gas (steam/CT) (cooling pond)
peak generation,gas,gas_peak_steam/CT,2035,45,gas (steam/CT) (dry cooling)
peak generation,gas,gas_peak_CC,2035,45,gas (CC) (once through)
peak generation,gas,gas_peak_CC,2035,45,gas (CC) (seawater)
peak generation,gas,gas_peak_CC,2035,45,gas (CC) (recirculating)
peak generation,gas,gas_peak_CC,2035,45,gas (CC) (cooling pond)
peak generation,gas,gas_peak_CC,2035,45,gas (CC) (dry cooling)
peak generation,gas,gas_peak_CC_CCS,2035,45,gas (CC CCS) (once through)
peak generation,gas,gas_peak_CC_CCS,2035,45,gas (CC CCS) (seawater)
peak generation,gas,gas_peak_CC_CCS,2035,45,gas (CC CCS) (recirculating)
peak generation,gas,gas_peak_CC_CCS,2035,45,gas (CC CCS) (dry cooling)
peak generation,refined liquids,refined liquids_peak_steam/CT,2035,45,refined liquids (steam/CT) (once through)
peak generation,refined liquids,refined liquids_peak_steam/CT,2035,45,refined liquids (steam/CT) (seawater)
peak generation,refined liquids,refined liquids_peak_steam/CT,2035,45,refined liquids (steam/CT) (recirculating)
peak generation,refined liquids,refined liquids_peak_steam/CT,2035,45,refined liquids (steam/CT) (cooling pond)
peak generation,refined liquids,refined liquids_peak_steam/CT,2035,45,refined liquids (steam/CT) (dry cooling)
peak generation,refined liquids,refined liquids_peak_CC,2035,45,refined liquids (CC) (once through)
peak generation,refined liquids,refined liquids_peak_CC,2035,45,refined liquids (CC) (seawater)
peak generation,refined liquids,refined liquids_peak_CC,2035,45,refined liquids (CC) (recirculating)
peak generation,refined liquids,refined liquids_peak_CC,2035,45,refined liquids (CC) (dry cooling)
peak generation,refined liquids,refined liquids_peak_CC_CCS,2035,45,refined liquids (CC CCS) (once through)
peak generation,refined liquids,refined liquids_peak_CC_CCS,2035,45,refined liquids (CC CCS) (seawater)
peak generation,refined liquids,refined liquids_peak_CC_CCS,2035,45,refined liquids (CC CCS) (recirculating)
peak generation,refined liquids,refined liquids_peak_CC_CCS,2035,45,refined liquids (CC CCS) (dry cooling)
peak generation,coal,coal_peak_conv pul,2040,60,coal (conv pul) (once through)
peak generation,coal,coal_peak_conv pul,2040,60,coal (conv pul) (seawater)
peak generation,coal,coal_peak_conv pul,2040,60,coal (conv pul) (recirculating)
peak generation,coal,coal_peak_conv pul,2040,60,coal (conv pul) (cooling pond)
peak generation,coal,coal_peak_conv pul,2040,60,coal (conv pul) (dry cooling)
peak generation,gas,gas_peak_steam/CT,2040,45,gas (steam/CT) (once through)
peak generation,gas,gas_peak_steam/CT,2040,45,gas (steam/CT) (seawater)
peak generation,gas,gas_peak_steam/CT,2040,45,gas (steam/CT) (recirculating)
peak generation,gas,gas_peak_steam/CT,2040,45,gas (steam/CT) (cooling pond)
peak generation,gas,gas_peak_steam/CT,2040,45,gas (steam/CT) (dry cooling)
peak generation,gas,gas_peak_CC,2040,45,gas (CC) (once through)
peak generation,gas,gas_peak_CC,2040,45,gas (CC) (seawater)
peak generation,gas,gas_peak_CC,2040,45,gas (CC) (recirculating)
peak generation,gas,gas_peak_CC,2040,45,gas (CC) (cooling pond)
peak generation,gas,gas_peak_CC,2040,45,gas (CC) (dry cooling)
peak generation,gas,gas_peak_CC_CCS,2040,45,gas (CC CCS) (once through)
peak generation,gas,gas_peak_CC_CCS,2040,45,gas (CC CCS) (seawater)
peak generation,gas,gas_peak_CC_CCS,2040,45,gas (CC CCS) (recirculating)
peak generation,gas,gas_peak_CC_CCS,2040,45,gas (CC CCS) (dry cooling)
peak generation,refined liquids,refined liquids_peak_steam/CT,2040,45,refined liquids (steam/CT) (once through)
peak generation,refined liquids,refined liquids_peak_steam/CT,2040,45,refined liquids (steam/CT) (seawater)
peak generation,refined liquids,refined liquids_peak_steam/CT,2040,45,refined liquids (steam/CT) (recirculating)
peak generation,refined liquids,refined liquids_peak_steam/CT,2040,45,refined liquids (steam/CT) (cooling pond)
peak generation,refined liquids,refined liquids_peak_steam/CT,2040,45,refined liquids (steam/CT) (dry cooling)
peak generation,refined liquids,refined liquids_peak_CC,2040,45,refined liquids (CC) (once through)
peak generation,refined liquids,refined liquids_peak_CC,2040,45,refined liquids (CC) (seawater)
peak generation,refined liquids,refined liquids_peak_CC,2040,45,refined liquids (CC) (recirculating)
peak generation,refined liquids,refined liquids_peak_CC,2040,45,refined liquids (CC) (dry cooling)
peak generation,refined liquids,refined liquids_peak_CC_CCS,2040,45,refined liquids (CC CCS) (once through)
peak generation,refined liquids,refined liquids_peak_CC_CCS,2040,45,refined liquids (CC CCS) (seawater)
peak generation,refined liquids,refined liquids_peak_CC_CCS,2040,45,refined liquids (CC CCS) (recirculating)
peak generation,refined liquids,refined liquids_peak_CC_CCS,2040,45,refined liquids (CC CCS) (dry cooling)
peak generation,coal,coal_peak_conv pul,2045,60,coal (conv pul) (once through)
peak generation,coal,coal_peak_conv pul,2045,60,coal (conv pul) (seawater)
peak generation,coal,coal_peak_conv pul,2045,60,coal (conv pul) (recirculating)
peak generation,coal,coal_peak_conv pul,2045,60,coal (conv pul) (cooling pond)
peak generation,coal,coal_peak_conv pul,2045,60,coal (conv pul) (dry cooling)
peak generation,gas,gas_peak_steam/CT,2045,45,gas (steam/CT) (once through)
peak generation,gas,gas_peak_steam/CT,2045,45,gas (steam/CT) (seawater)
peak generation,gas,gas_peak_steam/CT,2045,45,gas (steam/CT) (recirculating)
peak generation,gas,gas_peak_steam/CT,2045,45,gas (steam/CT) (cooling pond)
peak generation,gas,gas_peak_steam/CT,2045,45,gas (steam/CT) (dry cooling)
peak generation,gas,gas_peak_CC,2045,45,gas (CC) (once through)
peak generation,gas,gas_peak_CC,2045,45,gas (CC) (seawater)
peak generation,gas,gas_peak_CC,2045,45,gas (CC) (recirculating)
peak generation,gas,gas_peak_CC,2045,45,gas (CC) (cooling pond)
peak generation,gas,gas_peak_CC,2045,45,gas (CC) (dry cooling)
peak generation,gas,gas_peak_CC_CCS,2045,45,gas (CC CCS) (once through)
peak generation,gas,gas_peak_CC_CCS,2045,45,gas (CC CCS) (seawater)
peak generation,gas,gas_peak_CC_CCS,2045,45,gas (CC CCS) (recirculating)
peak generation,gas,gas_peak_CC_CCS,2045,45,gas (CC CCS) (dry cooling)
peak generation,refined liquids,refined liquids_peak_steam/CT,2045,45,refined liquids (steam/CT) (once through)
peak generation,refined liquids,refined liquids_peak_steam/CT,2045,45,refined liquids (steam/CT) (seawater)
peak generation,refined liquids,refined liquids_peak_steam/CT,2045,45,refined liquids (steam/CT) (recirculating)
peak generation,refined liquids,refined liquids_peak_steam/CT,2045,45,refined liquids (steam/CT) (cooling pond)
peak generation,refined liquids,refined liquids_peak_steam/CT,2045,45,refined liquids (steam/CT) (dry cooling)
peak generation,refined liquids,refined liquids_peak_CC,2045,45,refined liquids (CC) (once through)
peak generation,refined liquids,refined liquids_peak_CC,2045,45,refined liquids (CC) (seawater)
peak generation,refined liquids,refined liquids_peak_CC,2045,45,refined liquids (CC) (recirculating)
peak generation,refined liquids,refined liquids_peak_CC,2045,45,refined liquids (CC) (dry cooling)
peak generation,refined liquids,refined liquids_peak_CC_CCS,2045,45,refined liquids (CC CCS) (once through)
peak generation,refined liquids,refined liquids_peak_CC_CCS,2045,45,refined liquids (CC CCS) (seawater)
peak generation,refined liquids,refined liquids_peak_CC_CCS,2045,45,refined liquids (CC CCS) (recirculating)
peak generation,refined liquids,refined liquids_peak_CC_CCS,2045,45,refined liquids (CC CCS) (dry cooling)
peak generation,coal,coal_peak_conv pul,2050,60,coal (conv pul) (once through)
peak generation,coal,coal_peak_conv pul,2050,60,coal (conv pul) (seawater)
peak generation,coal,coal_peak_conv pul,2050,60,coal (conv pul) (recirculating)
peak generation,coal,coal_peak_conv pul,2050,60,coal (conv pul) (cooling pond)
peak generation,coal,coal_peak_conv pul,2050,60,coal (conv pul) (dry cooling)
peak generation,gas,gas_peak_steam/CT,2050,45,gas (steam/CT) (once through)
peak generation,gas,gas_peak_steam/CT,2050,45,gas (steam/CT) (seawater)
peak generation,gas,gas_peak_steam/CT,2050,45,gas (steam/CT) (recirculating)
peak generation,gas,gas_peak_steam/CT,2050,45,gas (steam/CT) (cooling pond)
peak generation,gas,gas_peak_steam/CT,2050,45,gas (steam/CT) (dry cooling)
peak generation,gas,gas_peak_CC,2050,45,gas (CC) (once through)
peak generation,gas,gas_peak_CC,2050,45,gas (CC) (seawater)
peak generation,gas,gas_peak_CC,2050,45,gas (CC) (recirculating)
peak generation,gas,gas_peak_CC,2050,45,gas (CC) (cooling pond)
peak generation,gas,gas_peak_CC,2050,45,gas (CC) (dry cooling)
peak generation,gas,gas_peak_CC_CCS,2050,45,gas (CC CCS) (once through)
peak generation,gas,gas_peak_CC_CCS,2050,45,gas (CC CCS) (seawater)
peak generation,gas,gas_peak_CC_CCS,2050,45,gas (CC CCS) (recirculating)
peak generation,gas,gas_peak_CC_CCS,2050,45,gas (CC CCS) (dry cooling)
peak generation,refined liquids,refined liquids_peak_steam/CT,2050,45,refined liquids (steam/CT) (once through)
peak generation,refined liquids,refined liquids_peak_steam/CT,2050,45,refined liquids (steam/CT) (seawater)
peak generation,refined liquids,refined liquids_peak_steam/CT,2050,45,refined liquids (steam/CT) (recirculating)
peak generation,refined liquids,refined liquids_peak_steam/CT,2050,45,refined liquids (steam/CT) (cooling pond)
peak generation,refined liquids,refined liquids_peak_steam/CT,2050,45,refined liquids (steam/CT) (dry cooling)
peak generation,refined liquids,refined liquids_peak_CC,2050,45,refined liquids (CC) (once through)
peak generation,refined liquids,refined liquids_peak_CC,2050,45,refined liquids (CC) (seawater)
peak generation,refined liquids,refined liquids_peak_CC,2050,45,refined liquids (CC) (recirculating)
peak generation,refined liquids,refined liquids_peak_CC,2050,45,refined liquids (CC) (dry cooling)
peak generation,refined liquids,refined liquids_peak_CC_CCS,2050,45,refined liquids (CC CCS) (once through)
peak generation,refined liquids,refined liquids_peak_CC_CCS,2050,45,refined liquids (CC CCS) (seawater)
peak generation,refined liquids,refined liquids_peak_CC_CCS,2050,45,refined liquids (CC CCS) (recirculating)
peak generation,refined liquids,refined liquids_peak_CC_CCS,2050,45,refined liquids (CC CCS) (dry cooling)
peak generation,coal,coal_peak_conv pul,2055,60,coal (conv pul) (once through)
peak generation,coal,coal_peak_conv pul,2055,60,coal (conv pul) (seawater)
peak generation,coal,coal_peak_conv pul,2055,60,coal (conv pul) (recirculating)
peak generation,coal,coal_peak_conv pul,2055,60,coal (conv pul) (cooling pond)
peak generation,coal,coal_peak_conv pul,2055,60,coal (conv pul) (dry cooling)
peak generation,gas,gas_peak_steam/CT,2055,45,gas (steam/CT) (once through)
peak generation,gas,gas_peak_steam/CT,2055,45,gas (steam/CT) (seawater)
peak generation,gas,gas_peak_steam/CT,2055,45,gas (steam/CT) (recirculating)
peak generation,gas,gas_peak_steam/CT,2055,45,gas (steam/CT) (cooling pond)
peak generation,gas,gas_peak_steam/CT,2055,45,gas (steam/CT) (dry cooling)
peak generation,gas,gas_peak_CC,2055,45,gas (CC) (once through)
peak generation,gas,gas_peak_CC,2055,45,gas (CC) (seawater)
peak generation,gas,gas_peak_CC,2055,45,gas (CC) (recirculating)
peak generation,gas,gas_peak_CC,2055,45,gas (CC) (cooling pond)
peak generation,gas,gas_peak_CC,2055,45,gas (CC) (dry cooling)
peak generation,gas,gas_peak_CC_CCS,2055,45,gas (CC CCS) (once through)
peak generation,gas,gas_peak_CC_CCS,2055,45,gas (CC CCS) (seawater)
peak generation,gas,gas_peak_CC_CCS,2055,45,gas (CC CCS) (recirculating)
peak generation,gas,gas_peak_CC_CCS,2055,45,gas (CC CCS) (dry cooling)
peak generation,refined liquids,refined liquids_peak_steam/CT,2055,45,refined liquids (steam/CT) (once through)
peak generation,refined liquids,refined liquids_peak_steam/CT,2055,45,refined liquids (steam/CT) (seawater)
peak generation,refined liquids,refined liquids_peak_steam/CT,2055,45,refined liquids (steam/CT) (recirculating)
peak generation,refined liquids,refined liquids_peak_steam/CT,2055,45,refined liquids (steam/CT) (cooling pond)
peak generation,refined liquids,refined liquids_peak_steam/CT,2055,45,refined liquids (steam/CT) (dry cooling)
peak generation,refined liquids,refined liquids_peak_CC,2055,45,refined liquids (CC) (once through)
peak generation,refined liquids,refined liquids_peak_CC,2055,45,refined liquids (CC) (seawater)
peak generation,refined liquids,refined liquids_peak_CC,2055,45,refined liquids (CC) (recirculating)
peak generation,refined liquids,refined liquids_peak_CC,2055,45,refined liquids (CC) (dry cooling)
peak generation,refined liquids,refined liquids_peak_CC_CCS,2055,45,refined liquids (CC CCS) (once through)
peak generation,refined liquids,refined liquids_peak_CC_CCS,2055,45,refined liquids (CC CCS) (seawater)
peak generation,refined liquids,refined liquids_peak_CC_CCS,2055,45,refined liquids (CC CCS) (recirculating)
peak generation,refined liquids,refined liquids_peak_CC_CCS,2055,45,refined liquids (CC CCS) (dry cooling)
peak generation,coal,coal_peak_conv pul,2060,60,coal (conv pul) (once through)
peak generation,coal,coal_peak_conv pul,2060,60,coal (conv pul) (seawater)
peak generation,coal,coal_peak_conv pul,2060,60,coal (conv pul) (recirculating)
peak generation,coal,coal_peak_conv pul,2060,60,coal (conv pul) (cooling pond)
peak generation,coal,coal_peak_conv pul,2060,60,coal (conv pul) (dry cooling)
peak generation,gas,gas_peak_steam/CT,2060,45,gas (steam/CT) (once through)
peak generation,gas,gas_peak_steam/CT,2060,45,gas (steam/CT) (seawater)
peak generation,gas,gas_peak_steam/CT,2060,45,gas (steam/CT) (recirculating)
peak generation,gas,gas_peak_steam/CT,2060,45,gas (steam/CT) (cooling pond)
peak generation,gas,gas_peak_steam/CT,2060,45,gas (steam/CT) (dry cooling)
peak generation,gas,gas_peak_CC,2060,45,gas (CC) (once through)
peak generation,gas,gas_peak_CC,2060,45,gas (CC) (seawater)
peak generation,gas,gas_peak_CC,2060,45,gas (CC) (recirculating)
peak generation,gas,gas_peak_CC,2060,45,gas (CC) (cooling pond)
peak generation,gas,gas_peak_CC,2060,45,gas (CC) (dry cooling)
peak generation,gas,gas_peak_CC_CCS,2060,45,gas (CC CCS) (once through)
peak generation,gas,gas_peak_CC_CCS,2060,45,gas (CC CCS) (seawater)
peak generation,gas,gas_peak_CC_CCS,2060,45,gas (CC CCS) (recirculating)
peak generation,gas,gas_peak_CC_CCS,2060,45,gas (CC CCS) (dry cooling)
peak generation,refined liquids,refined liquids_peak_steam/CT,2060,45,refined liquids (steam/CT) (once through)
peak generation,refined liquids,refined liquids_peak_steam/CT,2060,45,refined liquids (steam/CT) (seawater)
peak generation,refined liquids,refined liquids_peak_steam/CT,2060,45,refined liquids (steam/CT) (recirculating)
peak generation,refined liquids,refined liquids_peak_steam/CT,2060,45,refined liquids (steam/CT) (cooling pond)
peak generation,refined liquids,refined liquids_peak_steam/CT,2060,45,refined liquids (steam/CT) (dry cooling)
peak generation,refined liquids,refined liquids_peak_CC,2060,45,refined liquids (CC) (once through)
peak generation,refined liquids,refined liquids_peak_CC,2060,45,refined liquids (CC) (seawater)
peak generation,refined liquids,refined liquids_peak_CC,2060,45,refined liquids (CC) (recirculating)
peak generation,refined liquids,refined liquids_peak_CC,2060,45,refined liquids (CC) (dry cooling)
peak generation,refined liquids,refined liquids_peak_CC_CCS,2060,45,refined liquids (CC CCS) (once through)
peak generation,refined liquids,refined liquids_peak_CC_CCS,2060,45,refined liquids (CC CCS) (seawater)
peak generation,refined liquids,refined liquids_peak_CC_CCS,2060,45,refined liquids (CC CCS) (recirculating)
peak generation,refined liquids,refined liquids_peak_CC_CCS,2060,45,refined liquids (CC CCS) (dry cooling)
peak generation,coal,coal_peak_conv pul,2065,60,coal (conv pul) (once through)
peak generation,coal,coal_peak_conv pul,2065,60,coal (conv pul) (seawater)
peak generation,coal,coal_peak_conv pul,2065,60,coal (conv pul) (recirculating)
peak generation,coal,coal_peak_conv pul,2065,60,coal (conv pul) (cooling pond)
peak generation,coal,coal_peak_conv pul,2065,60,coal (conv pul) (dry cooling)
peak generation,gas,gas_peak_steam/CT,2065,45,gas (steam/CT) (once through)
peak generation,gas,gas_peak_steam/CT,2065,45,gas (steam/CT) (seawater)
peak generation,gas,gas_peak_steam/CT,2065,45,gas (steam/CT) (recirculating)
peak generation,gas,gas_peak_steam/CT,2065,45,gas (steam/CT) (cooling pond)
peak generation,gas,gas_peak_steam/CT,2065,45,gas (steam/CT) (dry cooling)
peak generation,gas,gas_peak_CC,2065,45,gas (CC) (once through)
peak generation,gas,gas_peak_CC,2065,45,gas (CC) (seawater)
peak generation,gas,gas_peak_CC,2065,45,gas (CC) (recirculating)
peak generation,gas,gas_peak_CC,2065,45,gas (CC) (cooling pond)
peak generation,gas,gas_peak_CC,2065,45,gas (CC) (dry cooling)
peak generation,gas,gas_peak_CC_CCS,2065,45,gas (CC CCS) (once through)
peak generation,gas,gas_peak_CC_CCS,2065,45,gas (CC CCS) (seawater)
peak generation,gas,gas_peak_CC_CCS,2065,45,gas (CC CCS) (recirculating)
peak generation,gas,gas_peak_CC_CCS,2065,45,gas (CC CCS) (dry cooling)
peak generation,refined liquids,refined liquids_peak_steam/CT,2065,45,refined liquids (steam/CT) (once through)
peak generation,refined liquids,refined liquids_peak_steam/CT,2065,45,refined liquids (steam/CT) (seawater)
peak generation,refined liquids,refined liquids_peak_steam/CT,2065,45,refined liquids (steam/CT) (recirculating)
peak generation,refined liquids,refined liquids_peak_steam/CT,2065,45,refined liquids (steam/CT) (cooling pond)
peak generation,refined liquids,refined liquids_peak_steam/CT,2065,45,refined liquids (steam/CT) (dry cooling)
peak generation,refined liquids,refined liquids_peak_CC,2065,45,refined liquids (CC) (once through)
peak generation,refined liquids,refined liquids_peak_CC,2065,45,refined liquids (CC) (seawater)
peak generation,refined liquids,refined liquids_peak_CC,2065,45,refined liquids (CC) (recirculating)
peak generation,refined liquids,refined liquids_peak_CC,2065,45,refined liquids (CC) (dry cooling)
peak generation,refined liquids,refined liquids_peak_CC_CCS,2065,45,refined liquids (CC CCS) (once through)
peak generation,refined liquids,refined liquids_peak_CC_CCS,2065,45,refined liquids (CC CCS) (seawater)
peak generation,refined liquids,refined liquids_peak_CC_CCS,2065,45,refined liquids (CC CCS) (recirculating)
peak generation,refined liquids,refined liquids_peak_CC_CCS,2065,45,refined liquids (CC CCS) (dry cooling)
peak generation,coal,coal_peak_conv pul,2070,60,coal (conv pul) (once through)
peak generation,coal,coal_peak_conv pul,2070,60,coal (conv pul) (seawater)
peak generation,coal,coal_peak_conv pul,2070,60,coal (conv pul) (recirculating)
peak generation,coal,coal_peak_conv pul,2070,60,coal (conv pul) (cooling pond)
peak generation,coal,coal_peak_conv pul,2070,60,coal (conv pul) (dry cooling)
peak generation,gas,gas_peak_steam/CT,2070,45,gas (steam/CT) (once through)
peak generation,gas,gas_peak_steam/CT,2070,45,gas (steam/CT) (seawater)
peak generation,gas,gas_peak_steam/CT,2070,45,gas (steam/CT) (recirculating)
peak generation,gas,gas_peak_steam/CT,2070,45,gas (steam/CT) (cooling pond)
peak generation,gas,gas_peak_steam/CT,2070,45,gas (steam/CT) (dry cooling)
peak generation,gas,gas_peak_CC,2070,45,gas (CC) (once through)
peak generation,gas,gas_peak_CC,2070,45,gas (CC) (seawater)
peak generation,gas,gas_peak_CC,2070,45,gas (CC) (recirculating)
peak generation,gas,gas_peak_CC,2070,45,gas (CC) (cooling pond)
peak generation,gas,gas_peak_CC,2070,45,gas (CC) (dry cooling)
peak generation,gas,gas_peak_CC_CCS,2070,45,gas (CC CCS) (once through)
peak generation,gas,gas_peak_CC_CCS,2070,45,gas (CC CCS) (seawater)
peak generation,gas,gas_peak_CC_CCS,2070,45,gas (CC CCS) (recirculating)
peak generation,gas,gas_peak_CC_CCS,2070,45,gas (CC CCS) (dry cooling)
peak generation,refined liquids,refined liquids_peak_steam/CT,2070,45,refined liquids (steam/CT) (once through)
peak generation,refined liquids,refined liquids_peak_steam/CT,2070,45,refined liquids (steam/CT) (seawater)
peak generation,refined liquids,refined liquids_peak_steam/CT,2070,45,refined liquids (steam/CT) (recirculating)
peak generation,refined liquids,refined liquids_peak_steam/CT,2070,45,refined liquids (steam/CT) (cooling pond)
peak generation,refined liquids,refined liquids_peak_steam/CT,2070,45,refined liquids (steam/CT) (dry cooling)
peak generation,refined liquids,refined liquids_peak_CC,2070,45,refined liquids (CC) (once through)
peak generation,refined liquids,refined liquids_peak_CC,2070,45,refined liquids (CC) (seawater)
peak generation,refined liquids,refined liquids_peak_CC,2070,45,refined liquids (CC) (recirculating)
peak generation,refined liquids,refined liquids_peak_CC,2070,45,refined liquids (CC) (dry cooling)
peak generation,refined liquids,refined liquids_peak_CC_CCS,2070,45,refined liquids (CC CCS) (once through)
peak generation,refined liquids,refined liquids_peak_CC_CCS,2070,45,refined liquids (CC CCS) (seawater)
peak generation,refined liquids,refined liquids_peak_CC_CCS,2070,45,refined liquids (CC CCS) (recirculating)
peak generation,refined liquids,refined liquids_peak_CC_CCS,2070,45,refined liquids (CC CCS) (dry cooling)
peak generation,coal,coal_peak_conv pul,2075,60,coal (conv pul) (once through)
peak generation,coal,coal_peak_conv pul,2075,60,coal (conv pul) (seawater)
peak generation,coal,coal_peak_conv pul,2075,60,coal (conv pul) (recirculating)
peak generation,coal,coal_peak_conv pul,2075,60,coal (conv pul) (cooling pond)
peak generation,coal,coal_peak_conv pul,2075,60,coal (conv pul) (dry cooling)
peak generation,gas,gas_peak_steam/CT,2075,45,gas (steam/CT) (once through)
peak generation,gas,gas_peak_steam/CT,2075,45,gas (steam/CT) (seawater)
peak generation,gas,gas_peak_steam/CT,2075,45,gas (steam/CT) (recirculating)
peak generation,gas,gas_peak_steam/CT,2075,45,gas (steam/CT) (cooling pond)
peak generation,gas,gas_peak_steam/CT,2075,45,gas (steam/CT) (dry cooling)
peak generation,gas,gas_peak_CC,2075,45,gas (CC) (once through)
peak generation,gas,gas_peak_CC,2075,45,gas (CC) (seawater)
peak generation,gas,gas_peak_CC,2075,45,gas (CC) (recirculating)
peak generation,gas,gas_peak_CC,2075,45,gas (CC) (cooling pond)
peak generation,gas,gas_peak_CC,2075,45,gas (CC) (dry cooling)
peak generation,gas,gas_peak_CC_CCS,2075,45,gas (CC CCS) (once through)
peak generation,gas,gas_peak_CC_CCS,2075,45,gas (CC CCS) (seawater)
peak generation,gas,gas_peak_CC_CCS,2075,45,gas (CC CCS) (recirculating)
peak generation,gas,gas_peak_CC_CCS,2075,45,gas (CC CCS) (dry cooling)
peak generation,refined liquids,refined liquids_peak_steam/CT,2075,45,refined liquids (steam/CT) (once through)
peak generation,refined liquids,refined liquids_peak_steam/CT,2075,45,refined liquids (steam/CT) (seawater)
peak generation,refined liquids,refined liquids_peak_steam/CT,2075,45,refined liquids (steam/CT) (recirculating)
peak generation,refined liquids,refined liquids_peak_steam/CT,2075,45,refined liquids (steam/CT) (cooling pond)
peak generation,refined liquids,refined liquids_peak_steam/CT,2075,45,refined liquids (steam/CT) (dry cooling)
peak generation,refined liquids,refined liquids_peak_CC,2075,45,refined liquids (CC) (once through)
peak generation,refined liquids,refined liquids_peak_CC,2075,45,refined liquids (CC) (seawater)
peak generation,refined liquids,refined liquids_peak_CC,2075,45,refined liquids (CC) (recirculating)
peak generation,refined liquids,refined liquids_peak_CC,2075,45,refined liquids (CC) (dry cooling)
peak generation,refined liquids,refined liquids_peak_CC_CCS,2075,45,refined liquids (CC CCS) (once through)
peak generation,refined liquids,refined liquids_peak_CC_CCS,2075,45,refined liquids (CC CCS) (seawater)
peak generation,refined liquids,refined liquids_peak_CC_CCS,2075,45,refined liquids (CC CCS) (recirculating)
peak generation,refined liquids,refined liquids_peak_CC_CCS,2075,45,refined liquids (CC CCS) (dry cooling)
peak generation,coal,coal_peak_conv pul,2080,60,coal (conv pul) (once through)
peak generation,coal,coal_peak_conv pul,2080,60,coal (conv pul) (seawater)
peak generation,coal,coal_peak_conv pul,2080,60,coal (conv pul) (recirculating)
peak generation,coal,coal_peak_conv pul,2080,60,coal (conv pul) (cooling pond)
peak generation,coal,coal_peak_conv pul,2080,60,coal (conv pul) (dry cooling)
peak generation,gas,gas_peak_steam/CT,2080,45,gas (steam/CT) (once through)
peak generation,gas,gas_peak_steam/CT,2080,45,gas (steam/CT) (seawater)
peak generation,gas,gas_peak_steam/CT,2080,45,gas (steam/CT) (recirculating)
peak generation,gas,gas_peak_steam/CT,2080,45,gas (steam/CT) (cooling pond)
peak generation,gas,gas_peak_steam/CT,2080,45,gas (steam/CT) (dry cooling)
peak generation,gas,gas_peak_CC,2080,45,gas (CC) (once through)
peak generation,gas,gas_peak_CC,2080,45,gas (CC) (seawater)
peak generation,gas,gas_peak_CC,2080,45,gas (CC) (recirculating)
peak generation,gas,gas_peak_CC,2080,45,gas (CC) (cooling pond)
peak generation,gas,gas_peak_CC,2080,45,gas (CC) (dry cooling)
peak generation,gas,gas_peak_CC_CCS,2080,45,gas (CC CCS) (once through)
peak generation,gas,gas_peak_CC_CCS,2080,45,gas (CC CCS) (seawater)
peak generation,gas,gas_peak_CC_CCS,2080,45,gas (CC CCS) (recirculating)
peak generation,gas,gas_peak_CC_CCS,2080,45,gas (CC CCS) (dry cooling)
peak generation,refined liquids,refined liquids_peak_steam/CT,2080,45,refined liquids (steam/CT) (once through)
peak generation,refined liquids,refined liquids_peak_steam/CT,2080,45,refined liquids (steam/CT) (seawater)
peak generation,refined liquids,refined liquids_peak_steam/CT,2080,45,refined liquids (steam/CT) (recirculating)
peak generation,refined liquids,refined liquids_peak_steam/CT,2080,45,refined liquids (steam/CT) (cooling pond)
peak generation,refined liquids,refined liquids_peak_steam/CT,2080,45,refined liquids (steam/CT) (dry cooling)
peak generation,refined liquids,refined liquids_peak_CC,2080,45,refined liquids (CC) (once through)
peak generation,refined liquids,refined liquids_peak_CC,2080,45,refined liquids (CC) (seawater)
peak generation,refined liquids,refined liquids_peak_CC,2080,45,refined liquids (CC) (recirculating)
peak generation,refined liquids,refined liquids_peak_CC,2080,45,refined liquids (CC) (dry cooling)
peak generation,refined liquids,refined liquids_peak_CC_CCS,2080,45,refined liquids (CC CCS) (once through)
peak generation,refined liquids,refined liquids_peak_CC_CCS,2080,45,refined liquids (CC CCS) (seawater)
peak generation,refined liquids,refined liquids_peak_CC_CCS,2080,45,refined liquids (CC CCS) (recirculating)
peak generation,refined liquids,refined liquids_peak_CC_CCS,2080,45,refined liquids (CC CCS) (dry cooling)
peak generation,coal,coal_peak_conv pul,2085,60,coal (conv pul) (once through)
peak generation,coal,coal_peak_conv pul,2085,60,coal (conv pul) (seawater)
peak generation,coal,coal_peak_conv pul,2085,60,coal (conv pul) (recirculating)
peak generation,coal,coal_peak_conv pul,2085,60,coal (conv pul) (cooling pond)
peak generation,coal,coal_peak_conv pul,2085,60,coal (conv pul) (dry cooling)
peak generation,gas,gas_peak_steam/CT,2085,45,gas (steam/CT) (once through)
peak generation,gas,gas_peak_steam/CT,2085,45,gas (steam/CT) (seawater)
peak generation,gas,gas_peak_steam/CT,2085,45,gas (steam/CT) (recirculating)
peak generation,gas,gas_peak_steam/CT,2085,45,gas (steam/CT) (cooling pond)
peak generation,gas,gas_peak_steam/CT,2085,45,gas (steam/CT) (dry cooling)
peak generation,gas,gas_peak_CC,2085,45,gas (CC) (once through)
peak generation,gas,gas_peak_CC,2085,45,gas (CC) (seawater)
peak generation,gas,gas_peak_CC,2085,45,gas (CC) (recirculating)
peak generation,gas,gas_peak_CC,2085,45,gas (CC) (cooling pond)
peak generation,gas,gas_peak_CC,2085,45,gas (CC) (dry cooling)
peak generation,gas,gas_peak_CC_CCS,2085,45,gas (CC CCS) (once through)
peak generation,gas,gas_peak_CC_CCS,2085,45,gas (CC CCS) (seawater)
peak generation,gas,gas_peak_CC_CCS,2085,45,gas (CC CCS) (recirculating)
peak generation,gas,gas_peak_CC_CCS,2085,45,gas (CC CCS) (dry cooling)
peak generation,refined liquids,refined liquids_peak_steam/CT,2085,45,refined liquids (steam/CT) (once through)
peak generation,refined liquids,refined liquids_peak_steam/CT,2085,45,refined liquids (steam/CT) (seawater)
peak generation,refined liquids,refined liquids_peak_steam/CT,2085,45,refined liquids (steam/CT) (recirculating)
peak generation,refined liquids,refined liquids_peak_steam/CT,2085,45,refined liquids (steam/CT) (cooling pond)
peak generation,refined liquids,refined liquids_peak_steam/CT,2085,45,refined liquids (steam/CT) (dry cooling)
peak generation,refined liquids,refined liquids_peak_CC,2085,45,refined liquids (CC) (once through)
peak generation,refined liquids,refined liquids_peak_CC,2085,45,refined liquids (CC) (seawater)
peak generation,refined liquids,refined liquids_peak_CC,2085,45,refined liquids (CC) (recirculating)
peak generation,refined liquids,refined liquids_peak_CC,2085,45,refined liquids (CC) (dry cooling)
peak generation,refined liquids,refined liquids_peak_CC_CCS,2085,45,refined liquids (CC CCS) (once through)
peak generation,refined liquids,refined liquids_peak_CC_CCS,2085,45,refined liquids (CC CCS) (seawater)
peak generation,refined liquids,refined liquids_peak_CC_CCS,2085,45,refined liquids (CC CCS) (recirculating)
peak generation,refined liquids,refined liquids_peak_CC_CCS,2085,45,refined liquids (CC CCS) (dry cooling)
peak generation,coal,coal_peak_conv pul,2090,60,coal (conv pul) (once through)
peak generation,coal,coal_peak_conv pul,2090,60,coal (conv pul) (seawater)
peak generation,coal,coal_peak_conv pul,2090,60,coal (conv pul) (recirculating)
peak generation,coal,coal_peak_conv pul,2090,60,coal (conv pul) (cooling pond)
peak generation,coal,coal_peak_conv pul,2090,60,coal (conv pul) (dry cooling)
peak generation,gas,gas_peak_steam/CT,2090,45,gas (steam/CT) (once through)
peak generation,gas,gas_peak_steam/CT,2090,45,gas (steam/CT) (seawater)
peak generation,gas,gas_peak_steam/CT,2090,45,gas (steam/CT) (recirculating)
peak generation,gas,gas_peak_steam/CT,2090,45,gas (steam/CT) (cooling pond)
peak generation,gas,gas_peak_steam/CT,2090,45,gas (steam/CT) (dry cooling)
peak generation,gas,gas_peak_CC,2090,45,gas (CC) (once through)
peak generation,gas,gas_peak_CC,2090,45,gas (CC) (seawater)
peak generation,gas,gas_peak_CC,2090,45,gas (CC) (recirculating)
peak generation,gas,gas_peak_CC,2090,45,gas (CC) (cooling pond)
peak generation,gas,gas_peak_CC,2090,45,gas (CC) (dry cooling)
peak generation,gas,gas_peak_CC_CCS,2090,45,gas (CC CCS) (once through)
peak generation,gas,gas_peak_CC_CCS,2090,45,gas (CC CCS) (seawater)
peak generation,gas,gas_peak_CC_CCS,2090,45,gas (CC CCS) (recirculating)
peak generation,gas,gas_peak_CC_CCS,2090,45,gas (CC CCS) (dry cooling)
peak generation,refined liquids,refined liquids_peak_steam/CT,2090,45,refined liquids (steam/CT) (once through)
peak generation,refined liquids,refined liquids_peak_steam/CT,2090,45,refined liquids (steam/CT) (seawater)
peak generation,refined liquids,refined liquids_peak_steam/CT,2090,45,refined liquids (steam/CT) (recirculating)
peak generation,refined liquids,refined liquids_peak_steam/CT,2090,45,refined liquids (steam/CT) (cooling pond)
peak generation,refined liquids,refined liquids_peak_steam/CT,2090,45,refined liquids (steam/CT) (dry cooling)
peak generation,refined liquids,refined liquids_peak_CC,2090,45,refined liquids (CC) (once through)
peak generation,refined liquids,refined liquids_peak_CC,2090,45,refined liquids (CC) (seawater)
peak generation,refined liquids,refined liquids_peak_CC,2090,45,refined liquids (CC) (recirculating)
peak generation,refined liquids,refined liquids_peak_CC,2090,45,refined liquids (CC) (dry cooling)
peak generation,refined liquids,refined liquids_peak_CC_CCS,2090,45,refined liquids (CC CCS) (once through)
peak generation,refined liquids,refined liquids_peak_CC_CCS,2090,45,refined liquids (CC CCS) (seawater)
peak generation,refined liquids,refined liquids_peak_CC_CCS,2090,45,refined liquids (CC CCS) (recirculating)
peak generation,refined liquids,refined liquids_peak_CC_CCS,2090,45,refined liquids (CC CCS) (dry cooling)
peak generation,coal,coal_peak_conv pul,2095,60,coal (conv pul) (once through)
peak generation,coal,coal_peak_conv pul,2095,60,coal (conv pul) (seawater)
peak generation,coal,coal_peak_conv pul,2095,60,coal (conv pul) (recirculating)
peak generation,coal,coal_peak_conv pul,2095,60,coal (conv pul) (cooling pond)
peak generation,coal,coal_peak_conv pul,2095,60,coal (conv pul) (dry cooling)
peak generation,gas,gas_peak_steam/CT,2095,45,gas (steam/CT) (once through)
peak generation,gas,gas_peak_steam/CT,2095,45,gas (steam/CT) (seawater)
peak generation,gas,gas_peak_steam/CT,2095,45,gas (steam/CT) (recirculating)
peak generation,gas,gas_peak_steam/CT,2095,45,gas (steam/CT) (cooling pond)
peak generation,gas,gas_peak_steam/CT,2095,45,gas (steam/CT) (dry cooling)
peak generation,gas,gas_peak_CC,2095,45,gas (CC) (once through)
peak generation,gas,gas_peak_CC,2095,45,gas (CC) (seawater)
peak generation,gas,gas_peak_CC,2095,45,gas (CC) (recirculating)
peak generation,gas,gas_peak_CC,2095,45,gas (CC) (cooling pond)
peak generation,gas,gas_peak_CC,2095,45,gas (CC) (dry cooling)
peak generation,gas,gas_peak_CC_CCS,2095,45,gas (CC CCS) (once through)
peak generation,gas,gas_peak_CC_CCS,2095,45,gas (CC CCS) (seawater)
peak generation,gas,gas_peak_CC_CCS,2095,45,gas (CC CCS) (recirculating)
peak generation,gas,gas_peak_CC_CCS,2095,45,gas (CC CCS) (dry cooling)
peak generation,refined liquids,refined liquids_peak_steam/CT,2095,45,refined liquids (steam/CT) (once through)
peak generation,refined liquids,refined liquids_peak_steam/CT,2095,45,refined liquids (steam/CT) (seawater)
peak generation,refined liquids,refined liquids_peak_steam/CT,2095,45,refined liquids (steam/CT) (recirculating)
peak generation,refined liquids,refined liquids_peak_steam/CT,2095,45,refined liquids (steam/CT) (cooling pond)
peak generation,refined liquids,refined liquids_peak_steam/CT,2095,45,refined liquids (steam/CT) (dry cooling)
peak generation,refined liquids,refined liquids_peak_CC,2095,45,refined liquids (CC) (once through)
peak generation,refined liquids,refined liquids_peak_CC,2095,45,refined liquids (CC) (seawater)
peak generation,refined liquids,refined liquids_peak_CC,2095,45,refined liquids (CC) (recirculating)
peak generation,refined liquids,refined liquids_peak_CC,2095,45,refined liquids (CC) (dry cooling)
peak generation,refined liquids,refined liquids_peak_CC_CCS,2095,45,refined liquids (CC CCS) (once through)
peak generation,refined liquids,refined liquids_peak_CC_CCS,2095,45,refined liquids (CC CCS) (seawater)
peak generation,refined liquids,refined liquids_peak_CC_CCS,2095,45,refined liquids (CC CCS) (recirculating)
peak generation,refined liquids,refined liquids_peak_CC_CCS,2095,45,refined liquids (CC CCS) (dry cooling)
peak generation,coal,coal_peak_conv pul,2100,60,coal (conv pul) (once through)
peak generation,coal,coal_peak_conv pul,2100,60,coal (conv pul) (seawater)
peak generation,coal,coal_peak_conv pul,2100,60,coal (conv pul) (recirculating)
peak generation,coal,coal_peak_conv pul,2100,60,coal (conv pul) (cooling pond)
peak generation,coal,coal_peak_conv pul,2100,60,coal (conv pul) (dry cooling)
peak generation,gas,gas_peak_steam/CT,2100,45,gas (steam/CT) (once through)
peak generation,gas,gas_peak_steam/CT,2100,45,gas (steam/CT) (seawater)
peak generation,gas,gas_peak_steam/CT,2100,45,gas (steam/CT) (recirculating)
peak generation,gas,gas_peak_steam/CT,2100,45,gas (steam/CT) (cooling pond)
peak generation,gas,gas_peak_steam/CT,2100,45,gas (steam/CT) (dry cooling)
peak generation,gas,gas_peak_CC,2100,45,gas (CC) (once through)
peak generation,gas,gas_peak_CC,2100,45,gas (CC) (seawater)
peak generation,gas,gas_peak_CC,2100,45,gas (CC) (recirculating)
peak generation,gas,gas_peak_CC,2100,45,gas (CC) (cooling pond)
peak generation,gas,gas_peak_CC,2100,45,gas (CC) (dry cooling)
peak generation,gas,gas_peak_CC_CCS,2100,45,gas (CC CCS) (once through)
peak generation,gas,gas_peak_CC_CCS,2100,45,gas (CC CCS) (seawater)
peak generation,gas,gas_peak_CC_CCS,2100,45,gas (CC CCS) (recirculating)
peak generation,gas,gas_peak_CC_CCS,2100,45,gas (CC CCS) (dry cooling)
peak generation,refined liquids,refined liquids_peak_steam/CT,2100,45,refined liquids (steam/CT) (once through)
peak generation,refined liquids,refined liquids_peak_steam/CT,2100,45,refined liquids (steam/CT) (seawater)
peak generation,refined liquids,refined liquids_peak_steam/CT,2100,45,refined liquids (steam/CT) (recirculating)
peak generation,refined liquids,refined liquids_peak_steam/CT,2100,45,refined liquids (steam/CT) (cooling pond)
peak generation,refined liquids,refined liquids_peak_steam/CT,2100,45,refined liquids (steam/CT) (dry cooling)
peak generation,refined liquids,refined liquids_peak_CC,2100,45,refined liquids (CC) (once through)
peak generation,refined liquids,refined liquids_peak_CC,2100,45,refined liquids (CC) (seawater)
peak generation,refined liquids,refined liquids_peak_CC,2100,45,refined liquids (CC) (recirculating)
peak generation,refined liquids,refined liquids_peak_CC,2100,45,refined liquids (CC) (dry cooling)
peak generation,refined liquids,refined liquids_peak_CC_CCS,2100,45,refined liquids (CC CCS) (once through)
peak generation,refined liquids,refined liquids_peak_CC_CCS,2100,45,refined liquids (CC CCS) (seawater)
peak generation,refined liquids,refined liquids_peak_CC_CCS,2100,45,refined liquids (CC CCS) (recirculating)
peak generation,refined liquids,refined liquids_peak_CC_CCS,2100,45,refined liquids (CC CCS) (dry cooling)
subpeak generation,coal,coal_subpeak_conv pul,2025,60,coal (conv pul) (once through)
subpeak generation,coal,coal_subpeak_conv pul,2025,60,coal (conv pul) (seawater)
subpeak generation,coal,coal_subpeak_conv pul,2025,60,coal (conv pul) (recirculating)
subpeak generation,coal,coal_subpeak_conv pul,2025,60,coal (conv pul) (cooling pond)
subpeak generation,coal,coal_subpeak_conv pul,2025,60,coal (conv pul) (dry cooling)
subpeak generation,gas,gas_subpeak_steam/CT,2025,45,gas (steam/CT) (once through)
subpeak generation,gas,gas_subpeak_steam/CT,2025,45,gas (steam/CT) (seawater)
subpeak generation,gas,gas_subpeak_steam/CT,2025,45,gas (steam/CT) (recirculating)
subpeak generation,gas,gas_subpeak_steam/CT,2025,45,gas (steam/CT) (cooling pond)
subpeak generation,gas,gas_subpeak_steam/CT,2025,45,gas (steam/CT) (dry cooling)
subpeak generation,gas,gas_subpeak_CC,2025,45,gas (CC) (once through)
subpeak generation,gas,gas_subpeak_CC,2025,45,gas (CC) (seawater)
subpeak generation,gas,gas_subpeak_CC,2025,45,gas (CC) (recirculating)
subpeak generation,gas,gas_subpeak_CC,2025,45,gas (CC) (cooling pond)
subpeak generation,gas,gas_subpeak_CC,2025,45,gas (CC) (dry cooling)
subpeak generation,gas,gas_subpeak_CC_CCS,2025,45,gas (CC CCS) (once through)
subpeak generation,gas,gas_subpeak_CC_CCS,2025,45,gas (CC CCS) (seawater)
subpeak generation,gas,gas_subpeak_CC_CCS,2025,45,gas (CC CCS) (recirculating)
subpeak generation,gas,gas_subpeak_CC_CCS,2025,45,gas (CC CCS) (dry cooling)
subpeak generation,refined liquids,refined liquids_subpeak_steam/CT,2025,45,refined liquids (steam/CT) (once through)
subpeak generation,refined liquids,refined liquids_subpeak_steam/CT,2025,45,refined liquids (steam/CT) (seawater)
subpeak generation,refined liquids,refined liquids_subpeak_steam/CT,2025,45,refined liquids (steam/CT) (recirculating)
subpeak generation,refined liquids,refined liquids_subpeak_steam/CT,2025,45,refined liquids (steam/CT) (cooling pond)
subpeak generation,refined liquids,refined liquids_subpeak_steam/CT,2025,45,refined liquids (steam/CT) (dry cooling)
subpeak generation,refined liquids,refined liquids_subpeak_CC,2025,45,refined liquids (CC) (once through)
subpeak generation,refined liquids,refined liquids_subpeak_CC,2025,45,refined liquids (CC) (seawater)
subpeak generation,refined liquids,refined liquids_subpeak_CC,2025,45,refined liquids (CC) (recirculating)
subpeak generation,refined liquids,refined liquids_subpeak_CC,2025,45,refined liquids (CC) (dry cooling)
subpeak generation,refined liquids,refined liquids_subpeak_CC_CCS,2025,45,refined liquids (CC CCS) (once through)
subpeak generation,refined liquids,refined liquids_subpeak_CC_CCS,2025,45,refined liquids (CC CCS) (seawater)
subpeak generation,refined liquids,refined liquids_subpeak_CC_CCS,2025,45,refined liquids (CC CCS) (recirculating)
subpeak generation,refined liquids,refined liquids_subpeak_CC_CCS,2025,45,refined liquids (CC CCS) (dry cooling)
subpeak generation,coal,coal_subpeak_conv pul,2030,60,coal (conv pul) (once through)
subpeak generation,coal,coal_subpeak_conv pul,2030,60,coal (conv pul) (seawater)
subpeak generation,coal,coal_subpeak_conv pul,2030,60,coal (conv pul) (recirculating)
subpeak generation,coal,coal_subpeak_conv pul,2030,60,coal (conv pul) (cooling pond)
subpeak generation,coal,coal_subpeak_conv pul,2030,60,coal (conv pul) (dry cooling)
subpeak generation,gas,gas_subpeak_steam/CT,2030,45,gas (steam/CT) (once through)
subpeak generation,gas,gas_subpeak_steam/CT,2030,45,gas (steam/CT) (seawater)
subpeak generation,gas,gas_subpeak_steam/CT,2030,45,gas (steam/CT) (recirculating)
subpeak generation,gas,gas_subpeak_steam/CT,2030,45,gas (steam/CT) (cooling pond)
subpeak generation,gas,gas_subpeak_steam/CT,2030,45,gas (steam/CT) (dry cooling)
subpeak generation,gas,gas_subpeak_CC,2030,45,gas (CC) (once through)
subpeak generation,gas,gas_subpeak_CC,2030,45,gas (CC) (seawater)
subpeak generation,gas,gas_subpeak_CC,2030,45,gas (CC) (recirculating)
subpeak generation,gas,gas_subpeak_CC,2030,45,gas (CC) (cooling pond)
subpeak generation,gas,gas_subpeak_CC,2030,45,gas (CC) (dry cooling)
subpeak generation,gas,gas_subpeak_CC_CCS,2030,45,gas (CC CCS) (once through)
subpeak generation,gas,gas_subpeak_CC_CCS,2030,45,gas (CC CCS) (seawater)
subpeak generation,gas,gas_subpeak_CC_CCS,2030,45,gas (CC CCS) (recirculating)
subpeak generation,gas,gas_subpeak_CC_CCS,2030,45,gas (CC CCS) (dry cooling)
subpeak generation,refined liquids,refined liquids_subpeak_steam/CT,2030,45,refined liquids (steam/CT) (once through)
subpeak generation,refined liquids,refined liquids_subpeak_steam/CT,2030,45,refined liquids (steam/CT) (seawater)
subpeak generation,refined liquids,refined liquids_subpeak_steam/CT,2030,45,refined liquids (steam/CT) (recirculating)
subpeak generation,refined liquids,refined liquids_subpeak_steam/CT,2030,45,refined liquids (steam/CT) (cooling pond)
subpeak generation,refined liquids,refined liquids_subpeak_steam/CT,2030,45,refined liquids (steam/CT) (dry cooling)
subpeak generation,refined liquids,refined liquids_subpeak_CC,2030,45,refined liquids (CC) (once through)
subpeak generation,refined liquids,refined liquids_subpeak_CC,2030,45,refined liquids (CC) (seawater)
subpeak generation,refined liquids,refined liquids_subpeak_CC,2030,45,refined liquids (CC) (recirculating)
subpeak generation,refined liquids,refined liquids_subpeak_CC,2030,45,refined liquids (CC) (dry cooling)
subpeak generation,refined liquids,refined liquids_subpeak_CC_CCS,2030,45,refined liquids (CC CCS) (once through)
subpeak generation,refined liquids,refined liquids_subpeak_CC_CCS,2030,45,refined liquids (CC CCS) (seawater)
subpeak generation,refined liquids,refined liquids_subpeak_CC_CCS,2030,45,refined liquids (CC CCS) (recirculating)
subpeak generation,refined liquids,refined liquids_subpeak_CC_CCS,2030,45,refined liquids (CC CCS) (dry cooling)
subpeak generation,coal,coal_subpeak_conv pul,2035,60,coal (conv pul) (once through)
subpeak generation,coal,coal_subpeak_conv pul,2035,60,coal (conv pul) (seawater)
subpeak generation,coal,coal_subpeak_conv pul,2035,60,coal (conv pul) (recirculating)
subpeak generation,coal,coal_subpeak_conv pul,2035,60,coal (conv pul) (cooling pond)
subpeak generation,coal,coal_subpeak_conv pul,2035,60,coal (conv pul) (dry cooling)
subpeak generation,gas,gas_subpeak_steam/CT,2035,45,gas (steam/CT) (once through)
subpeak generation,gas,gas_subpeak_steam/CT,2035,45,gas (steam/CT) (seawater)
subpeak generation,gas,gas_subpeak_steam/CT,2035,45,gas (steam/CT) (recirculating)
subpeak generation,gas,gas_subpeak_steam/CT,2035,45,gas (steam/CT) (cooling pond)
subpeak generation,gas,gas_subpeak_steam/CT,2035,45,gas (steam/CT) (dry cooling)
subpeak generation,gas,gas_subpeak_CC,2035,45,gas (CC) (once through)
subpeak generation,gas,gas_subpeak_CC,2035,45,gas (CC) (seawater)
subpeak generation,gas,gas_subpeak_CC,2035,45,gas (CC) (recirculating)
subpeak generation,gas,gas_subpeak_CC,2035,45,gas (CC) (cooling pond)
subpeak generation,gas,gas_subpeak_CC,2035,45,gas (CC) (dry cooling)
subpeak generation,gas,gas_subpeak_CC_CCS,2035,45,gas (CC CCS) (once through)
subpeak generation,gas,gas_subpeak_CC_CCS,2035,45,gas (CC CCS) (seawater)
subpeak generation,gas,gas_subpeak_CC_CCS,2035,45,gas (CC CCS) (recirculating)
subpeak generation,gas,gas_subpeak_CC_CCS,2035,45,gas (CC CCS) (dry cooling)
subpeak generation,refined liquids,refined liquids_subpeak_steam/CT,2035,45,refined liquids (steam/CT) (once through)
subpeak generation,refined liquids,refined liquids_subpeak_steam/CT,2035,45,refined liquids (steam/CT) (seawater)
subpeak generation,refined liquids,refined liquids_subpeak_steam/CT,2035,45,refined liquids (steam/CT) (recirculating)
subpeak generation,refined liquids,refined liquids_subpeak_steam/CT,2035,45,refined liquids (steam/CT) (cooling pond)
subpeak generation,refined liquids,refined liquids_subpeak_steam/CT,2035,45,refined liquids (steam/CT) (dry cooling)
subpeak generation,refined liquids,refined liquids_subpeak_CC,2035,45,refined liquids (CC) (once through)
subpeak generation,refined liquids,refined liquids_subpeak_CC,2035,45,refined liquids (CC) (seawater)
subpeak generation,refined liquids,refined liquids_subpeak_CC,2035,45,refined liquids (CC) (recirculating)
subpeak generation,refined liquids,refined liquids_subpeak_CC,2035,45,refined liquids (CC) (dry cooling)
subpeak generation,refined liquids,refined liquids_subpeak_CC_CCS,2035,45,refined liquids (CC CCS) (once through)
subpeak generation,refined liquids,refined liquids_subpeak_CC_CCS,2035,45,refined liquids (CC CCS) (seawater)
subpeak generation,refined liquids,refined liquids_subpeak_CC_CCS,2035,45,refined liquids (CC CCS) (recirculating)
subpeak generation,refined liquids,refined liquids_subpeak_CC_CCS,2035,45,refined liquids (CC CCS) (dry cooling)
subpeak generation,coal,coal_subpeak_conv pul,2040,60,coal (conv pul) (once through)
subpeak generation,coal,coal_subpeak_conv pul,2040,60,coal (conv pul) (seawater)
subpeak generation,coal,coal_subpeak_conv pul,2040,60,coal (conv pul) (recirculating)
subpeak generation,coal,coal_subpeak_conv pul,2040,60,coal (conv pul) (cooling pond)
subpeak generation,coal,coal_subpeak_conv pul,2040,60,coal (conv pul) (dry cooling)
subpeak generation,gas,gas_subpeak_steam/CT,2040,45,gas (steam/CT) (once through)
subpeak generation,gas,gas_subpeak_steam/CT,2040,45,gas (steam/CT) (seawater)
subpeak generation,gas,gas_subpeak_steam/CT,2040,45,gas (steam/CT) (recirculating)
subpeak generation,gas,gas_subpeak_steam/CT,2040,45,gas (steam/CT) (cooling pond)
subpeak generation,gas,gas_subpeak_steam/CT,2040,45,gas (steam/CT) (dry cooling)
subpeak generation,gas,gas_subpeak_CC,2040,45,gas (CC) (once through)
subpeak generation,gas,gas_subpeak_CC,2040,45,gas (CC) (seawater)
subpeak generation,gas,gas_subpeak_CC,2040,45,gas (CC) (recirculating)
subpeak generation,gas,gas_subpeak_CC,2040,45,gas (CC) (cooling pond)
subpeak generation,gas,gas_subpeak_CC,2040,45,gas (CC) (dry cooling)
subpeak generation,gas,gas_subpeak_CC_CCS,2040,45,gas (CC CCS) (once through)
subpeak generation,gas,gas_subpeak_CC_CCS,2040,45,gas (CC CCS) (seawater)
subpeak generation,gas,gas_subpeak_CC_CCS,2040,45,gas (CC CCS) (recirculating)
subpeak generation,gas,gas_subpeak_CC_CCS,2040,45,gas (CC CCS) (dry cooling)
subpeak generation,refined liquids,refined liquids_subpeak_steam/CT,2040,45,refined liquids (steam/CT) (once through)
subpeak generation,refined liquids,refined liquids_subpeak_steam/CT,2040,45,refined liquids (steam/CT) (seawater)
subpeak generation,refined liquids,refined liquids_subpeak_steam/CT,2040,45,refined liquids (steam/CT) (recirculating)
subpeak generation,refined liquids,refined liquids_subpeak_steam/CT,2040,45,refined liquids (steam/CT) (cooling pond)
subpeak generation,refined liquids,refined liquids_subpeak_steam/CT,2040,45,refined liquids (steam/CT) (dry cooling)
subpeak generation,refined liquids,refined liquids_subpeak_CC,2040,45,refined liquids (CC) (once through)
subpeak generation,refined liquids,refined liquids_subpeak_CC,2040,45,refined liquids (CC) (seawater)
subpeak generation,refined liquids,refined liquids_subpeak_CC,2040,45,refined liquids (CC) (recirculating)
subpeak generation,refined liquids,refined liquids_subpeak_CC,2040,45,refined liquids (CC) (dry cooling)
subpeak generation,refined liquids,refined liquids_subpeak_CC_CCS,2040,45,refined liquids (CC CCS) (once through)
subpeak generation,refined liquids,refined liquids_subpeak_CC_CCS,2040,45,refined liquids (CC CCS) (seawater)
subpeak generation,refined liquids,refined liquids_subpeak_CC_CCS,2040,45,refined liquids (CC CCS) (recirculating)
subpeak generation,refined liquids,refined liquids_subpeak_CC_CCS,2040,45,refined liquids (CC CCS) (dry cooling)
subpeak generation,coal,coal_subpeak_conv pul,2045,60,coal (conv pul) (once through)
subpeak generation,coal,coal_subpeak_conv pul,2045,60,coal (conv pul) (seawater)
subpeak generation,coal,coal_subpeak_conv pul,2045,60,coal (conv pul) (recirculating)
subpeak generation,coal,coal_subpeak_conv pul,2045,60,coal (conv pul) (cooling pond)
subpeak generation,coal,coal_subpeak_conv pul,2045,60,coal (conv pul) (dry cooling)
subpeak generation,gas,gas_subpeak_steam/CT,2045,45,gas (steam/CT) (once through)
subpeak generation,gas,gas_subpeak_steam/CT,2045,45,gas (steam/CT) (seawater)
subpeak generation,gas,gas_subpeak_steam/CT,2045,45,gas (steam/CT) (recirculating)
subpeak generation,gas,gas_subpeak_steam/CT,2045,45,gas (steam/CT) (cooling pond)
subpeak generation,gas,gas_subpeak_steam/CT,2045,45,gas (steam/CT) (dry cooling)
subpeak generation,gas,gas_subpeak_CC,2045,45,gas (CC) (once through)
subpeak generation,gas,gas_subpeak_CC,2045,45,gas (CC) (seawater)
subpeak generation,gas,gas_subpeak_CC,2045,45,gas (CC) (recirculating)
subpeak generation,gas,gas_subpeak_CC,2045,45,gas (CC) (cooling pond)
subpeak generation,gas,gas_subpeak_CC,2045,45,gas (CC) (dry cooling)
subpeak generation,gas,gas_subpeak_CC_CCS,2045,45,gas (CC CCS) (once through)
subpeak generation,gas,gas_subpeak_CC_CCS,2045,45,gas (CC CCS) (seawater)
subpeak generation,gas,gas_subpeak_CC_CCS,2045,45,gas (CC CCS) (recirculating)
subpeak generation,gas,gas_subpeak_CC_CCS,2045,45,gas (CC CCS) (dry cooling)
subpeak generation,refined liquids,refined liquids_subpeak_steam/CT,2045,45,refined liquids (steam/CT) (once through)
subpeak generation,refined liquids,refined liquids_subpeak_steam/CT,2045,45,refined liquids (steam/CT) (seawater)
subpeak generation,refined liquids,refined liquids_subpeak_steam/CT,2045,45,refined liquids (steam/CT) (recirculating)
subpeak generation,refined liquids,refined liquids_subpeak_steam/CT,2045,45,refined liquids (steam/CT) (cooling pond)
subpeak generation,refined liquids,refined liquids_subpeak_steam/CT,2045,45,refined liquids (steam/CT) (dry cooling)
subpeak generation,refined liquids,refined liquids_subpeak_CC,2045,45,refined liquids (CC) (once through)
subpeak generation,refined liquids,refined liquids_subpeak_CC,2045,45,refined liquids (CC) (seawater)
subpeak generation,refined liquids,refined liquids_subpeak_CC,2045,45,refined liquids (CC) (recirculating)
subpeak generation,refined liquids,refined liquids_subpeak_CC,2045,45,refined liquids (CC) (dry cooling)
subpeak generation,refined liquids,refined liquids_subpeak_CC_CCS,2045,45,refined liquids (CC CCS) (once through)
subpeak generation,refined liquids,refined liquids_subpeak_CC_CCS,2045,45,refined liquids (CC CCS) (seawater)
subpeak generation,refined liquids,refined liquids_subpeak_CC_CCS,2045,45,refined liquids (CC CCS) (recirculating)
subpeak generation,refined liquids,refined liquids_subpeak_CC_CCS,2045,45,refined liquids (CC CCS) (dry cooling)
subpeak generation,coal,coal_subpeak_conv pul,2050,60,coal (conv pul) (once through)
subpeak generation,coal,coal_subpeak_conv pul,2050,60,coal (conv pul) (seawater)
subpeak generation,coal,coal_subpeak_conv pul,2050,60,coal (conv pul) (recirculating)
subpeak generation,coal,coal_subpeak_conv pul,2050,60,coal (conv pul) (cooling pond)
subpeak generation,coal,coal_subpeak_conv pul,2050,60,coal (conv pul) (dry cooling)
subpeak generation,gas,gas_subpeak_steam/CT,2050,45,gas (steam/CT) (once through)
subpeak generation,gas,gas_subpeak_steam/CT,2050,45,gas (steam/CT) (seawater)
subpeak generation,gas,gas_subpeak_steam/CT,2050,45,gas (steam/CT) (recirculating)
subpeak generation,gas,gas_subpeak_steam/CT,2050,45,gas (steam/CT) (cooling pond)
subpeak generation,gas,gas_subpeak_steam/CT,2050,45,gas (steam/CT) (dry cooling)
subpeak generation,gas,gas_subpeak_CC,2050,45,gas (CC) (once through)
subpeak generation,gas,gas_subpeak_CC,2050,45,gas (CC) (seawater)
subpeak generation,gas,gas_subpeak_CC,2050,45,gas (CC) (recirculating)
subpeak generation,gas,gas_subpeak_CC,2050,45,gas (CC) (cooling pond)
subpeak generation,gas,gas_subpeak_CC,2050,45,gas (CC) (dry cooling)
subpeak generation,gas,gas_subpeak_CC_CCS,2050,45,gas (CC CCS) (once through)
subpeak generation,gas,gas_subpeak_CC_CCS,2050,45,gas (CC CCS) (seawater)
subpeak generation,gas,gas_subpeak_CC_CCS,2050,45,gas (CC CCS) (recirculating)
subpeak generation,gas,gas_subpeak_CC_CCS,2050,45,gas (CC CCS) (dry cooling)
subpeak generation,refined liquids,refined liquids_subpeak_steam/CT,2050,45,refined liquids (steam/CT) (once through)
subpeak generation,refined liquids,refined liquids_subpeak_steam/CT,2050,45,refined liquids (steam/CT) (seawater)
subpeak generation,refined liquids,refined liquids_subpeak_steam/CT,2050,45,refined liquids (steam/CT) (recirculating)
subpeak generation,refined liquids,refined liquids_subpeak_steam/CT,2050,45,refined liquids (steam/CT) (cooling pond)
subpeak generation,refined liquids,refined liquids_subpeak_steam/CT,2050,45,refined liquids (steam/CT) (dry cooling)
subpeak generation,refined liquids,refined liquids_subpeak_CC,2050,45,refined liquids (CC) (once through)
subpeak generation,refined liquids,refined liquids_subpeak_CC,2050,45,refined liquids (CC) (seawater)
subpeak generation,refined liquids,refined liquids_subpeak_CC,2050,45,refined liquids (CC) (recirculating)
subpeak generation,refined liquids,refined liquids_subpeak_CC,2050,45,refined liquids (CC) (dry cooling)
subpeak generation,refined liquids,refined liquids_subpeak_CC_CCS,2050,45,refined liquids (CC CCS) (once through)
subpeak generation,refined liquids,refined liquids_subpeak_CC_CCS,2050,45,refined liquids (CC CCS) (seawater)
subpeak generation,refined liquids,refined liquids_subpeak_CC_CCS,2050,45,refined liquids (CC CCS) (recirculating)
subpeak generation,refined liquids,refined liquids_subpeak_CC_CCS,2050,45,refined liquids (CC CCS) (dry cooling)
subpeak generation,coal,coal_subpeak_conv pul,2055,60,coal (conv pul) (once through)
subpeak generation,coal,coal_subpeak_conv pul,2055,60,coal (conv pul) (seawater)
subpeak generation,coal,coal_subpeak_conv pul,2055,60,coal (conv pul) (recirculating)
subpeak generation,coal,coal_subpeak_conv pul,2055,60,coal (conv pul) (cooling pond)
subpeak generation,coal,coal_subpeak_conv pul,2055,60,coal (conv pul) (dry cooling)
subpeak generation,gas,gas_subpeak_steam/CT,2055,45,gas (steam/CT) (once through)
subpeak generation,gas,gas_subpeak_steam/CT,2055,45,gas (steam/CT) (seawater)
subpeak generation,gas,gas_subpeak_steam/CT,2055,45,gas (steam/CT) (recirculating)
subpeak generation,gas,gas_subpeak_steam/CT,2055,45,gas (steam/CT) (cooling pond)
subpeak generation,gas,gas_subpeak_steam/CT,2055,45,gas (steam/CT) (dry cooling)
subpeak generation,gas,gas_subpeak_CC,2055,45,gas (CC) (once through)
subpeak generation,gas,gas_subpeak_CC,2055,45,gas (CC) (seawater)
subpeak generation,gas,gas_subpeak_CC,2055,45,gas (CC) (recirculating)
subpeak generation,gas,gas_subpeak_CC,2055,45,gas (CC) (cooling pond)
subpeak generation,gas,gas_subpeak_CC,2055,45,gas (CC) (dry cooling)
subpeak generation,gas,gas_subpeak_CC_CCS,2055,45,gas (CC CCS) (once through)
subpeak generation,gas,gas_subpeak_CC_CCS,2055,45,gas (CC CCS) (seawater)
subpeak generation,gas,gas_subpeak_CC_CCS,2055,45,gas (CC CCS) (recirculating)
subpeak generation,gas,gas_subpeak_CC_CCS,2055,45,gas (CC CCS) (dry cooling)
subpeak generation,refined liquids,refined liquids_subpeak_steam/CT,2055,45,refined liquids (steam/CT) (once through)
subpeak generation,refined liquids,refined liquids_subpeak_steam/CT,2055,45,refined liquids (steam/CT) (seawater)
subpeak generation,refined liquids,refined liquids_subpeak_steam/CT,2055,45,refined liquids (steam/CT) (recirculating)
subpeak generation,refined liquids,refined liquids_subpeak_steam/CT,2055,45,refined liquids (steam/CT) (cooling pond)
subpeak generation,refined liquids,refined liquids_subpeak_steam/CT,2055,45,refined liquids (steam/CT) (dry cooling)
subpeak generation,refined liquids,refined liquids_subpeak_CC,2055,45,refined liquids (CC) (once through)
subpeak generation,refined liquids,refined liquids_subpeak_CC,2055,45,refined liquids (CC) (seawater)
subpeak generation,refined liquids,refined liquids_subpeak_CC,2055,45,refined liquids (CC) (recirculating)
subpeak generation,refined liquids,refined liquids_subpeak_CC,2055,45,refined liquids (CC) (dry cooling)
subpeak generation,refined liquids,refined liquids_subpeak_CC_CCS,2055,45,refined liquids (CC CCS) (once through)
subpeak generation,refined liquids,refined liquids_subpeak_CC_CCS,2055,45,refined liquids (CC CCS) (seawater)
subpeak generation,refined liquids,refined liquids_subpeak_CC_CCS,2055,45,refined liquids (CC CCS) (recirculating)
subpeak generation,refined liquids,refined liquids_subpeak_CC_CCS,2055,45,refined liquids (CC CCS) (dry cooling)
subpeak generation,coal,coal_subpeak_conv pul,2060,60,coal (conv pul) (once through)
subpeak generation,coal,coal_subpeak_conv pul,2060,60,coal (conv pul) (seawater)
subpeak generation,coal,coal_subpeak_conv pul,2060,60,coal (conv pul) (recirculating)
subpeak generation,coal,coal_subpeak_conv pul,2060,60,coal (conv pul) (cooling pond)
subpeak generation,coal,coal_subpeak_conv pul,2060,60,coal (conv pul) (dry cooling)
subpeak generation,gas,gas_subpeak_steam/CT,2060,45,gas (steam/CT) (once through)
subpeak generation,gas,gas_subpeak_steam/CT,2060,45,gas (steam/CT) (seawater)
subpeak generation,gas,gas_subpeak_steam/CT,2060,45,gas (steam/CT) (recirculating)
subpeak generation,gas,gas_subpeak_steam/CT,2060,45,gas (steam/CT) (cooling pond)
subpeak generation,gas,gas_subpeak_steam/CT,2060,45,gas (steam/CT) (dry cooling)
subpeak generation,gas,gas_subpeak_CC,2060,45,gas (CC) (once through)
subpeak generation,gas,gas_subpeak_CC,2060,45,gas (CC) (seawater)
subpeak generation,gas,gas_subpeak_CC,2060,45,gas (CC) (recirculating)
subpeak generation,gas,gas_subpeak_CC,2060,45,gas (CC) (cooling pond)
subpeak generation,gas,gas_subpeak_CC,2060,45,gas (CC) (dry cooling)
subpeak generation,gas,gas_subpeak_CC_CCS,2060,45,gas (CC CCS) (once through)
subpeak generation,gas,gas_subpeak_CC_CCS,2060,45,gas (CC CCS) (seawater)
subpeak generation,gas,gas_subpeak_CC_CCS,2060,45,gas (CC CCS) (recirculating)
subpeak generation,gas,gas_subpeak_CC_CCS,2060,45,gas (CC CCS) (dry cooling)
subpeak generation,refined liquids,refined liquids_subpeak_steam/CT,2060,45,refined liquids (steam/CT) (once through)
subpeak generation,refined liquids,refined liquids_subpeak_steam/CT,2060,45,refined liquids (steam/CT) (seawater)
subpeak generation,refined liquids,refined liquids_subpeak_steam/CT,2060,45,refined liquids (steam/CT) (recirculating)
subpeak generation,refined liquids,refined liquids_subpeak_steam/CT,2060,45,refined liquids (steam/CT) (cooling pond)
subpeak generation,refined liquids,refined liquids_subpeak_steam/CT,2060,45,refined liquids (steam/CT) (dry cooling)
subpeak generation,refined liquids,refined liquids_subpeak_CC,2060,45,refined liquids (CC) (once through)
subpeak generation,refined liquids,refined liquids_subpeak_CC,2060,45,refined liquids (CC) (seawater)
subpeak generation,refined liquids,refined liquids_subpeak_CC,2060,45,refined liquids (CC) (recirculating)
subpeak generation,refined liquids,refined liquids_subpeak_CC,2060,45,refined liquids (CC) (dry cooling)
subpeak generation,refined liquids,refined liquids_subpeak_CC_CCS,2060,45,refined liquids (CC CCS) (once through)
subpeak generation,refined liquids,refined liquids_subpeak_CC_CCS,2060,45,refined liquids (CC CCS) (seawater)
subpeak generation,refined liquids,refined liquids_subpeak_CC_CCS,2060,45,refined liquids (CC CCS) (recirculating)
subpeak generation,refined liquids,refined liquids_subpeak_CC_CCS,2060,45,refined liquids (CC CCS) (dry cooling)
subpeak generation,coal,coal_subpeak_conv pul,2065,60,coal (conv pul) (once through)
subpeak generation,coal,coal_subpeak_conv pul,2065,60,coal (conv pul) (seawater)
subpeak generation,coal,coal_subpeak_conv pul,2065,60,coal (conv pul) (recirculating)
subpeak generation,coal,coal_subpeak_conv pul,2065,60,coal (conv pul) (cooling pond)
subpeak generation,coal,coal_subpeak_conv pul,2065,60,coal (conv pul) (dry cooling)
subpeak generation,gas,gas_subpeak_steam/CT,2065,45,gas (steam/CT) (once through)
subpeak generation,gas,gas_subpeak_steam/CT,2065,45,gas (steam/CT) (seawater)
subpeak generation,gas,gas_subpeak_steam/CT,2065,45,gas (steam/CT) (recirculating)
subpeak generation,gas,gas_subpeak_steam/CT,2065,45,gas (steam/CT) (cooling pond)
subpeak generation,gas,gas_subpeak_steam/CT,2065,45,gas (steam/CT) (dry cooling)
subpeak generation,gas,gas_subpeak_CC,2065,45,gas (CC) (once through)
subpeak generation,gas,gas_subpeak_CC,2065,45,gas (CC) (seawater)
subpeak generation,gas,gas_subpeak_CC,2065,45,gas (CC) (recirculating)
subpeak generation,gas,gas_subpeak_CC,2065,45,gas (CC) (cooling pond)
subpeak generation,gas,gas_subpeak_CC,2065,45,gas (CC) (dry cooling)
subpeak generation,gas,gas_subpeak_CC_CCS,2065,45,gas (CC CCS) (once through)
subpeak generation,gas,gas_subpeak_CC_CCS,2065,45,gas (CC CCS) (seawater)
subpeak generation,gas,gas_subpeak_CC_CCS,2065,45,gas (CC CCS) (recirculating)
subpeak generation,gas,gas_subpeak_CC_CCS,2065,45,gas (CC CCS) (dry cooling)
subpeak generation,refined liquids,refined liquids_subpeak_steam/CT,2065,45,refined liquids (steam/CT) (once through)
subpeak generation,refined liquids,refined liquids_subpeak_steam/CT,2065,45,refined liquids (steam/CT) (seawater)
subpeak generation,refined liquids,refined liquids_subpeak_steam/CT,2065,45,refined liquids (steam/CT) (recirculating)
subpeak generation,refined liquids,refined liquids_subpeak_steam/CT,2065,45,refined liquids (steam/CT) (cooling pond)
subpeak generation,refined liquids,refined liquids_subpeak_steam/CT,2065,45,refined liquids (steam/CT) (dry cooling)
subpeak generation,refined liquids,refined liquids_subpeak_CC,2065,45,refined liquids (CC) (once through)
subpeak generation,refined liquids,refined liquids_subpeak_CC,2065,45,refined liquids (CC) (seawater)
subpeak generation,refined liquids,refined liquids_subpeak_CC,2065,45,refined liquids (CC) (recirculating)
subpeak generation,refined liquids,refined liquids_subpeak_CC,2065,45,refined liquids (CC) (dry cooling)
subpeak generation,refined liquids,refined liquids_subpeak_CC_CCS,2065,45,refined liquids (CC CCS) (once through)
subpeak generation,refined liquids,refined liquids_subpeak_CC_CCS,2065,45,refined liquids (CC CCS) (seawater)
subpeak generation,refined liquids,refined liquids_subpeak_CC_CCS,2065,45,refined liquids (CC CCS) (recirculating)
subpeak generation,refined liquids,refined liquids_subpeak_CC_CCS,2065,45,refined liquids (CC CCS) (dry cooling)
subpeak generation,coal,coal_subpeak_conv pul,2070,60,coal (conv pul) (once through)
subpeak generation,coal,coal_subpeak_conv pul,2070,60,coal (conv pul) (seawater)
subpeak generation,coal,coal_subpeak_conv pul,2070,60,coal (conv pul) (recirculating)
subpeak generation,coal,coal_subpeak_conv pul,2070,60,coal (conv pul) (cooling pond)
subpeak generation,coal,coal_subpeak_conv pul,2070,60,coal (conv pul) (dry cooling)
subpeak generation,gas,gas_subpeak_steam/CT,2070,45,gas (steam/CT) (once through)
subpeak generation,gas,gas_subpeak_steam/CT,2070,45,gas (steam/CT) (seawater)
subpeak generation,gas,gas_subpeak_steam/CT,2070,45,gas (steam/CT) (recirculating)
subpeak generation,gas,gas_subpeak_steam/CT,2070,45,gas (steam/CT) (cooling pond)
subpeak generation,gas,gas_subpeak_steam/CT,2070,45,gas (steam/CT) (dry cooling)
subpeak generation,gas,gas_subpeak_CC,2070,45,gas (CC) (once through)
subpeak generation,gas,gas_subpeak_CC,2070,45,gas (CC) (seawater)
subpeak generation,gas,gas_subpeak_CC,2070,45,gas (CC) (recirculating)
subpeak generation,gas,gas_subpeak_CC,2070,45,gas (CC) (cooling pond)
subpeak generation,gas,gas_subpeak_CC,2070,45,gas (CC) (dry cooling)
subpeak generation,gas,gas_subpeak_CC_CCS,2070,45,gas (CC CCS) (once through)
subpeak generation,gas,gas_subpeak_CC_CCS,2070,45,gas (CC CCS) (seawater)
subpeak generation,gas,gas_subpeak_CC_CCS,2070,45,gas (CC CCS) (recirculating)
subpeak generation,gas,gas_subpeak_CC_CCS,2070,45,gas (CC CCS) (dry cooling)
subpeak generation,refined liquids,refined liquids_subpeak_steam/CT,2070,45,refined liquids (steam/CT) (once through)
subpeak generation,refined liquids,refined liquids_subpeak_steam/CT,2070,45,refined liquids (steam/CT) (seawater)
subpeak generation,refined liquids,refined liquids_subpeak_steam/CT,2070,45,refined liquids (steam/CT) (recirculating)
subpeak generation,refined liquids,refined liquids_subpeak_steam/CT,2070,45,refined liquids (steam/CT) (cooling pond)
subpeak generation,refined liquids,refined liquids_subpeak_steam/CT,2070,45,refined liquids (steam/CT) (dry cooling)
subpeak generation,refined liquids,refined liquids_subpeak_CC,2070,45,refined liquids (CC) (once through)
subpeak generation,refined liquids,refined liquids_subpeak_CC,2070,45,refined liquids (CC) (seawater)
subpeak generation,refined liquids,refined liquids_subpeak_CC,2070,45,refined liquids (CC) (recirculating)
subpeak generation,refined liquids,refined liquids_subpeak_CC,2070,45,refined liquids (CC) (dry cooling)
subpeak generation,refined liquids,refined liquids_subpeak_CC_CCS,2070,45,refined liquids (CC CCS) (once through)
subpeak generation,refined liquids,refined liquids_subpeak_CC_CCS,2070,45,refined liquids (CC CCS) (seawater)
subpeak generation,refined liquids,refined liquids_subpeak_CC_CCS,2070,45,refined liquids (CC CCS) (recirculating)
subpeak generation,refined liquids,refined liquids_subpeak_CC_CCS,2070,45,refined liquids (CC CCS) (dry cooling)
subpeak generation,coal,coal_subpeak_conv pul,2075,60,coal (conv pul) (once through)
subpeak generation,coal,coal_subpeak_conv pul,2075,60,coal (conv pul) (seawater)
subpeak generation,coal,coal_subpeak_conv pul,2075,60,coal (conv pul) (recirculating)
subpeak generation,coal,coal_subpeak_conv pul,2075,60,coal (conv pul) (cooling pond)
subpeak generation,coal,coal_subpeak_conv pul,2075,60,coal (conv pul) (dry cooling)
subpeak generation,gas,gas_subpeak_steam/CT,2075,45,gas (steam/CT) (once through)
subpeak generation,gas,gas_subpeak_steam/CT,2075,45,gas (steam/CT) (seawater)
subpeak generation,gas,gas_subpeak_steam/CT,2075,45,gas (steam/CT) (recirculating)
subpeak generation,gas,gas_subpeak_steam/CT,2075,45,gas (steam/CT) (cooling pond)
subpeak generation,gas,gas_subpeak_steam/CT,2075,45,gas (steam/CT) (dry cooling)
subpeak generation,gas,gas_subpeak_CC,2075,45,gas (CC) (once through)
subpeak generation,gas,gas_subpeak_CC,2075,45,gas (CC) (seawater)
subpeak generation,gas,gas_subpeak_CC,2075,45,gas (CC) (recirculating)
subpeak generation,gas,gas_subpeak_CC,2075,45,gas (CC) (cooling pond)
subpeak generation,gas,gas_subpeak_CC,2075,45,gas (CC) (dry cooling)
subpeak generation,gas,gas_subpeak_CC_CCS,2075,45,gas (CC CCS) (once through)
subpeak generation,gas,gas_subpeak_CC_CCS,2075,45,gas (CC CCS) (seawater)
subpeak generation,gas,gas_subpeak_CC_CCS,2075,45,gas (CC CCS) (recirculating)
subpeak generation,gas,gas_subpeak_CC_CCS,2075,45,gas (CC CCS) (dry cooling)
subpeak generation,refined liquids,refined liquids_subpeak_steam/CT,2075,45,refined liquids (steam/CT) (once through)
subpeak generation,refined liquids,refined liquids_subpeak_steam/CT,2075,45,refined liquids (steam/CT) (seawater)
subpeak generation,refined liquids,refined liquids_subpeak_steam/CT,2075,45,refined liquids (steam/CT) (recirculating)
subpeak generation,refined liquids,refined liquids_subpeak_steam/CT,2075,45,refined liquids (steam/CT) (cooling pond)
subpeak generation,refined liquids,refined liquids_subpeak_steam/CT,2075,45,refined liquids (steam/CT) (dry cooling)
subpeak generation,refined liquids,refined liquids_subpeak_CC,2075,45,refined liquids (CC) (once through)
subpeak generation,refined liquids,refined liquids_subpeak_CC,2075,45,refined liquids (CC) (seawater)
subpeak generation,refined liquids,refined liquids_subpeak_CC,2075,45,refined liquids (CC) (recirculating)
subpeak generation,refined liquids,refined liquids_subpeak_CC,2075,45,refined liquids (CC) (dry cooling)
subpeak generation,refined liquids,refined liquids_subpeak_CC_CCS,2075,45,refined liquids (CC CCS) (once through)
subpeak generation,refined liquids,refined liquids_subpeak_CC_CCS,2075,45,refined liquids (CC CCS) (seawater)
subpeak generation,refined liquids,refined liquids_subpeak_CC_CCS,2075,45,refined liquids (CC CCS) (recirculating)
subpeak generation,refined liquids,refined liquids_subpeak_CC_CCS,2075,45,refined liquids (CC CCS) (dry cooling)
subpeak generation,coal,coal_subpeak_conv pul,2080,60,coal (conv pul) (once through)
subpeak generation,coal,coal_subpeak_conv pul,2080,60,coal (conv pul) (seawater)
subpeak generation,coal,coal_subpeak_conv pul,2080,60,coal (conv pul) (recirculating)
subpeak generation,coal,coal_subpeak_conv pul,2080,60,coal (conv pul) (cooling pond)
subpeak generation,coal,coal_subpeak_conv pul,2080,60,coal (conv pul) (dry cooling)
subpeak generation,gas,gas_subpeak_steam/CT,2080,45,gas (steam/CT) (once through)
subpeak generation,gas,gas_subpeak_steam/CT,2080,45,gas (steam/CT) (seawater)
subpeak generation,gas,gas_subpeak_steam/CT,2080,45,gas (steam/CT) (recirculating)
subpeak generation,gas,gas_subpeak_steam/CT,2080,45,gas (steam/CT) (cooling pond)
subpeak generation,gas,gas_subpeak_steam/CT,2080,45,gas (steam/CT) (dry cooling)
subpeak generation,gas,gas_subpeak_CC,2080,45,gas (CC) (once through)
subpeak generation,gas,gas_subpeak_CC,2080,45,gas (CC) (seawater)
subpeak generation,gas,gas_subpeak_CC,2080,45,gas (CC) (recirculating)
subpeak generation,gas,gas_subpeak_CC,2080,45,gas (CC) (cooling pond)
subpeak generation,gas,gas_subpeak_CC,2080,45,gas (CC) (dry cooling)
subpeak generation,gas,gas_subpeak_CC_CCS,2080,45,gas (CC CCS) (once through)
subpeak generation,gas,gas_subpeak_CC_CCS,2080,45,gas (CC CCS) (seawater)
subpeak generation,gas,gas_subpeak_CC_CCS,2080,45,gas (CC CCS) (recirculating)
subpeak generation,gas,gas_subpeak_CC_CCS,2080,45,gas (CC CCS) (dry cooling)
subpeak generation,refined liquids,refined liquids_subpeak_steam/CT,2080,45,refined liquids (steam/CT) (once through)
subpeak generation,refined liquids,refined liquids_subpeak_steam/CT,2080,45,refined liquids (steam/CT) (seawater)
subpeak generation,refined liquids,refined liquids_subpeak_steam/CT,2080,45,refined liquids (steam/CT) (recirculating)
subpeak generation,refined liquids,refined liquids_subpeak_steam/CT,2080,45,refined liquids (steam/CT) (cooling pond)
subpeak generation,refined liquids,refined liquids_subpeak_steam/CT,2080,45,refined liquids (steam/CT) (dry cooling)
subpeak generation,refined liquids,refined liquids_subpeak_CC,2080,45,refined liquids (CC) (once through)
subpeak generation,refined liquids,refined liquids_subpeak_CC,2080,45,refined liquids (CC) (seawater)
subpeak generation,refined liquids,refined liquids_subpeak_CC,2080,45,refined liquids (CC) (recirculating)
subpeak generation,refined liquids,refined liquids_subpeak_CC,2080,45,refined liquids (CC) (dry cooling)
subpeak generation,refined liquids,refined liquids_subpeak_CC_CCS,2080,45,refined liquids (CC CCS) (once through)
subpeak generation,refined liquids,refined liquids_subpeak_CC_CCS,2080,45,refined liquids (CC CCS) (seawater)
subpeak generation,refined liquids,refined liquids_subpeak_CC_CCS,2080,45,refined liquids (CC CCS) (recirculating)
subpeak generation,refined liquids,refined liquids_subpeak_CC_CCS,2080,45,refined liquids (CC CCS) (dry cooling)
subpeak generation,coal,coal_subpeak_conv pul,2085,60,coal (conv pul) (once through)
subpeak generation,coal,coal_subpeak_conv pul,2085,60,coal (conv pul) (seawater)
subpeak generation,coal,coal_subpeak_conv pul,2085,60,coal (conv pul) (recirculating)
subpeak generation,coal,coal_subpeak_conv pul,2085,60,coal (conv pul) (cooling pond)
subpeak generation,coal,coal_subpeak_conv pul,2085,60,coal (conv pul) (dry cooling)
subpeak generation,gas,gas_subpeak_steam/CT,2085,45,gas (steam/CT) (once through)
subpeak generation,gas,gas_subpeak_steam/CT,2085,45,gas (steam/CT) (seawater)
subpeak generation,gas,gas_subpeak_steam/CT,2085,45,gas (steam/CT) (recirculating)
subpeak generation,gas,gas_subpeak_steam/CT,2085,45,gas (steam/CT) (cooling pond)
subpeak generation,gas,gas_subpeak_steam/CT,2085,45,gas (steam/CT) (dry cooling)
subpeak generation,gas,gas_subpeak_CC,2085,45,gas (CC) (once through)
subpeak generation,gas,gas_subpeak_CC,2085,45,gas (CC) (seawater)
subpeak generation,gas,gas_subpeak_CC,2085,45,gas (CC) (recirculating)
subpeak generation,gas,gas_subpeak_CC,2085,45,gas (CC) (cooling pond)
subpeak generation,gas,gas_subpeak_CC,2085,45,gas (CC) (dry cooling)
subpeak generation,gas,gas_subpeak_CC_CCS,2085,45,gas (CC CCS) (once through)
subpeak generation,gas,gas_subpeak_CC_CCS,2085,45,gas (CC CCS) (seawater)
subpeak generation,gas,gas_subpeak_CC_CCS,2085,45,gas (CC CCS) (recirculating)
subpeak generation,gas,gas_subpeak_CC_CCS,2085,45,gas (CC CCS) (dry cooling)
subpeak generation,refined liquids,refined liquids_subpeak_steam/CT,2085,45,refined liquids (steam/CT) (once through)
subpeak generation,refined liquids,refined liquids_subpeak_steam/CT,2085,45,refined liquids (steam/CT) (seawater)
subpeak generation,refined liquids,refined liquids_subpeak_steam/CT,2085,45,refined liquids (steam/CT) (recirculating)
subpeak generation,refined liquids,refined liquids_subpeak_steam/CT,2085,45,refined liquids (steam/CT) (cooling pond)
subpeak generation,refined liquids,refined liquids_subpeak_steam/CT,2085,45,refined liquids (steam/CT) (dry cooling)
subpeak generation,refined liquids,refined liquids_subpeak_CC,2085,45,refined liquids (CC) (once through)
subpeak generation,refined liquids,refined liquids_subpeak_CC,2085,45,refined liquids (CC) (seawater)
subpeak generation,refined liquids,refined liquids_subpeak_CC,2085,45,refined liquids (CC) (recirculating)
subpeak generation,refined liquids,refined liquids_subpeak_CC,2085,45,refined liquids (CC) (dry cooling)
subpeak generation,refined liquids,refined liquids_subpeak_CC_CCS,2085,45,refined liquids (CC CCS) (once through)
subpeak generation,refined liquids,refined liquids_subpeak_CC_CCS,2085,45,refined liquids (CC CCS) (seawater)
subpeak generation,refined liquids,refined liquids_subpeak_CC_CCS,2085,45,refined liquids (CC CCS) (recirculating)
subpeak generation,refined liquids,refined liquids_subpeak_CC_CCS,2085,45,refined liquids (CC CCS) (dry cooling)
subpeak generation,coal,coal_subpeak_conv pul,2090,60,coal (conv pul) (once through)
subpeak generation,coal,coal_subpeak_conv pul,2090,60,coal (conv pul) (seawater)
subpeak generation,coal,coal_subpeak_conv pul,2090,60,coal (conv pul) (recirculating)
subpeak generation,coal,coal_subpeak_conv pul,2090,60,coal (conv pul) (cooling pond)
subpeak generation,coal,coal_subpeak_conv pul,2090,60,coal (conv pul) (dry cooling)
subpeak generation,gas,gas_subpeak_steam/CT,2090,45,gas (steam/CT) (once through)
subpeak generation,gas,gas_subpeak_steam/CT,2090,45,gas (steam/CT) (seawater)
subpeak generation,gas,gas_subpeak_steam/CT,2090,45,gas (steam/CT) (recirculating)
subpeak generation,gas,gas_subpeak_steam/CT,2090,45,gas (steam/CT) (cooling pond)
subpeak generation,gas,gas_subpeak_steam/CT,2090,45,gas (steam/CT) (dry cooling)
subpeak generation,gas,gas_subpeak_CC,2090,45,gas (CC) (once through)
subpeak generation,gas,gas_subpeak_CC,2090,45,gas (CC) (seawater)
subpeak generation,gas,gas_subpeak_CC,2090,45,gas (CC) (recirculating)
subpeak generation,gas,gas_subpeak_CC,2090,45,gas (CC) (cooling pond)
subpeak generation,gas,gas_subpeak_CC,2090,45,gas (CC) (dry cooling)
subpeak generation,gas,gas_subpeak_CC_CCS,2090,45,gas (CC CCS) (once through)
subpeak generation,gas,gas_subpeak_CC_CCS,2090,45,gas (CC CCS) (seawater)
subpeak generation,gas,gas_subpeak_CC_CCS,2090,45,gas (CC CCS) (recirculating)
subpeak generation,gas,gas_subpeak_CC_CCS,2090,45,gas (CC CCS) (dry cooling)
subpeak generation,refined liquids,refined liquids_subpeak_steam/CT,2090,45,refined liquids (steam/CT) (once through)
subpeak generation,refined liquids,refined liquids_subpeak_steam/CT,2090,45,refined liquids (steam/CT) (seawater)
subpeak generation,refined liquids,refined liquids_subpeak_steam/CT,2090,45,refined liquids (steam/CT) (recirculating)
subpeak generation,refined liquids,refined liquids_subpeak_steam/CT,2090,45,refined liquids (steam/CT) (cooling pond)
subpeak generation,refined liquids,refined liquids_subpeak_steam/CT,2090,45,refined liquids (steam/CT) (dry cooling)
subpeak generation,refined liquids,refined liquids_subpeak_CC,2090,45,refined liquids (CC) (once through)
subpeak generation,refined liquids,refined liquids_subpeak_CC,2090,45,refined liquids (CC) (seawater)
subpeak generation,refined liquids,refined liquids_subpeak_CC,2090,45,refined liquids (CC) (recirculating)
subpeak generation,refined liquids,refined liquids_subpeak_CC,2090,45,refined liquids (CC) (dry cooling)
subpeak generation,refined liquids,refined liquids_subpeak_CC_CCS,2090,45,refined liquids (CC CCS) (once through)
subpeak generation,refined liquids,refined liquids_subpeak_CC_CCS,2090,45,refined liquids (CC CCS) (seawater)
subpeak generation,refined liquids,refined liquids_subpeak_CC_CCS,2090,45,refined liquids (CC CCS) (recirculating)
subpeak generation,refined liquids,refined liquids_subpeak_CC_CCS,2090,45,refined liquids (CC CCS) (dry cooling)
subpeak generation,coal,coal_subpeak_conv pul,2095,60,coal (conv pul) (once through)
subpeak generation,coal,coal_subpeak_conv pul,2095,60,coal (conv pul) (seawater)
subpeak generation,coal,coal_subpeak_conv pul,2095,60,coal (conv pul) (recirculating)
subpeak generation,coal,coal_subpeak_conv pul,2095,60,coal (conv pul) (cooling pond)
subpeak generation,coal,coal_subpeak_conv pul,2095,60,coal (conv pul) (dry cooling)
subpeak generation,gas,gas_subpeak_steam/CT,2095,45,gas (steam/CT) (once through)
subpeak generation,gas,gas_subpeak_steam/CT,2095,45,gas (steam/CT) (seawater)
subpeak generation,gas,gas_subpeak_steam/CT,2095,45,gas (steam/CT) (recirculating)
subpeak generation,gas,gas_subpeak_steam/CT,2095,45,gas (steam/CT) (cooling pond)
subpeak generation,gas,gas_subpeak_steam/CT,2095,45,gas (steam/CT) (dry cooling)
subpeak generation,gas,gas_subpeak_CC,2095,45,gas (CC) (once through)
subpeak generation,gas,gas_subpeak_CC,2095,45,gas (CC) (seawater)
subpeak generation,gas,gas_subpeak_CC,2095,45,gas (CC) (recirculating)
subpeak generation,gas,gas_subpeak_CC,2095,45,gas (CC) (cooling pond)
subpeak generation,gas,gas_subpeak_CC,2095,45,gas (CC) (dry cooling)
subpeak generation,gas,gas_subpeak_CC_CCS,2095,45,gas (CC CCS) (once through)
subpeak generation,gas,gas_subpeak_CC_CCS,2095,45,gas (CC CCS) (seawater)
subpeak generation,gas,gas_subpeak_CC_CCS,2095,45,gas (CC CCS) (recirculating)
subpeak generation,gas,gas_subpeak_CC_CCS,2095,45,gas (CC CCS) (dry cooling)
subpeak generation,refined liquids,refined liquids_subpeak_steam/CT,2095,45,refined liquids (steam/CT) (once through)
subpeak generation,refined liquids,refined liquids_subpeak_steam/CT,2095,45,refined liquids (steam/CT) (seawater)
subpeak generation,refined liquids,refined liquids_subpeak_steam/CT,2095,45,refined liquids (steam/CT) (recirculating)
subpeak generation,refined liquids,refined liquids_subpeak_steam/CT,2095,45,refined liquids (steam/CT) (cooling pond)
subpeak generation,refined liquids,refined liquids_subpeak_steam/CT,2095,45,refined liquids (steam/CT) (dry cooling)
subpeak generation,refined liquids,refined liquids_subpeak_CC,2095,45,refined liquids (CC) (once through)
subpeak generation,refined liquids,refined liquids_subpeak_CC,2095,45,refined liquids (CC) (seawater)
subpeak generation,refined liquids,refined liquids_subpeak_CC,2095,45,refined liquids (CC) (recirculating)
subpeak generation,refined liquids,refined liquids_subpeak_CC,2095,45,refined liquids (CC) (dry cooling)
subpeak generation,refined liquids,refined liquids_subpeak_CC_CCS,2095,45,refined liquids (CC CCS) (once through)
subpeak generation,refined liquids,refined liquids_subpeak_CC_CCS,2095,45,refined liquids (CC CCS) (seawater)
subpeak generation,refined liquids,refined liquids_subpeak_CC_CCS,2095,45,refined liquids (CC CCS) (recirculating)
subpeak generation,refined liquids,refined liquids_subpeak_CC_CCS,2095,45,refined liquids (CC CCS) (dry cooling)
subpeak generation,coal,coal_subpeak_conv pul,2100,60,coal (conv pul) (once through)
subpeak generation,coal,coal_subpeak_conv pul,2100,60,coal (conv pul) (seawater)
subpeak generation,coal,coal_subpeak_conv pul,2100,60,coal (conv pul) (recirculating)
subpeak generation,coal,coal_subpeak_conv pul,2100,60,coal (conv pul) (cooling pond)
subpeak generation,coal,coal_subpeak_conv pul,2100,60,coal (conv pul) (dry cooling)
subpeak generation,gas,gas_subpeak_steam/CT,2100,45,gas (steam/CT) (once through)
subpeak generation,gas,gas_subpeak_steam/CT,2100,45,gas (steam/CT) (seawater)
subpeak generation,gas,gas_subpeak_steam/CT,2100,45,gas (steam/CT) (recirculating)
subpeak generation,gas,gas_subpeak_steam/CT,2100,45,gas (steam/CT) (cooling pond)
subpeak generation,gas,gas_subpeak_steam/CT,2100,45,gas (steam/CT) (dry cooling)
subpeak generation,gas,gas_subpeak_CC,2100,45,gas (CC) (once through)
subpeak generation,gas,gas_subpeak_CC,2100,45,gas (CC) (seawater)
subpeak generation,gas,gas_subpeak_CC,2100,45,gas (CC) (recirculating)
subpeak generation,gas,gas_subpeak_CC,2100,45,gas (CC) (cooling pond)
subpeak generation,gas,gas_subpeak_CC,2100,45,gas (CC) (dry cooling)
subpeak generation,gas,gas_subpeak_CC_CCS,2100,45,gas (CC CCS) (once through)
subpeak generation,gas,gas_subpeak_CC_CCS,2100,45,gas (CC CCS) (seawater)
subpeak generation,gas,gas_subpeak_CC_CCS,2100,45,gas (CC CCS) (recirculating)
subpeak generation,gas,gas_subpeak_CC_CCS,2100,45,gas (CC CCS) (dry cooling)
subpeak generation,refined liquids,refined liquids_subpeak_steam/CT,2100,45,refined liquids (steam/CT) (once through)
subpeak generation,refined liquids,refined liquids_subpeak_steam/CT,2100,45,refined liquids (steam/CT) (seawater)
subpeak generation,refined liquids,refined liquids_subpeak_steam/CT,2100,45,refined liquids (steam/CT) (recirculating)
subpeak generation,refined liquids,refined liquids_subpeak_steam/CT,2100,45,refined liquids (steam/CT) (cooling pond)
subpeak generation,refined liquids,refined liquids_subpeak_steam/CT,2100,45,refined liquids (steam/CT) (dry cooling)
subpeak generation,refined liquids,refined liquids_subpeak_CC,2100,45,refined liquids (CC) (once through)
subpeak generation,refined liquids,refined liquids_subpeak_CC,2100,45,refined liquids (CC) (seawater)
subpeak generation,refined liquids,refined liquids_subpeak_CC,2100,45,refined liquids (CC) (recirculating)
subpeak generation,refined liquids,refined liquids_subpeak_CC,2100,45,refined liquids (CC) (dry cooling)
subpeak generation,refined liquids,refined liquids_subpeak_CC_CCS,2100,45,refined liquids (CC CCS) (once through)
subpeak generation,refined liquids,refined liquids_subpeak_CC_CCS,2100,45,refined liquids (CC CCS) (seawater)
subpeak generation,refined liquids,refined liquids_subpeak_CC_CCS,2100,45,refined liquids (CC CCS) (recirculating)
subpeak generation,refined liquids,refined liquids_subpeak_CC_CCS,2100,45,refined liquids (CC CCS) (dry cooling)
