region,supplysector,subsector0,subsector,year,lifetime,steepness,half.life,technology
AK,base load generation,coal,coal_base_conv pul 1951-1955,2021,13,0.3,11,coal (conv pul) (seawater)
AK,intermediate generation,coal,coal_int_conv pul 1951-1955,2021,13,0.3,11,coal (conv pul) (seawater)
AK,base load generation,coal,coal_base_conv pul 1961-1965,2021,23,0.3,20,coal (conv pul) (seawater)
AK,intermediate generation,coal,coal_int_conv pul 1961-1965,2021,23,0.3,20,coal (conv pul) (seawater)
AK,base load generation,coal,coal_base_conv pul 1966-1970,2021,26,0.3,23,coal (conv pul) (seawater)
AK,intermediate generation,coal,coal_int_conv pul 1966-1970,2021,26,0.3,23,coal (conv pul) (seawater)
AK,base load generation,coal,coal_base_conv pul 1971-1975,2021,34,0.3,30,coal (conv pul) (seawater)
AK,intermediate generation,coal,coal_int_conv pul 1971-1975,2021,34,0.3,30,coal (conv pul) (seawater)
AK,base load generation,coal,coal_base_conv pul 1981-1985,2021,40,0.3,35,coal (conv pul) (seawater)
AK,intermediate generation,coal,coal_int_conv pul 1981-1985,2021,40,0.3,35,coal (conv pul) (seawater)
AK,base load generation,coal,coal_base_conv pul 1986-1990,2021,47,0.3,41,coal (conv pul) (seawater)
AK,intermediate generation,coal,coal_int_conv pul 1986-1990,2021,47,0.3,41,coal (conv pul) (seawater)
AK,base load generation,coal,coal_base_conv pul 1996-2000,2021,57,0.3,50,coal (conv pul) (seawater)
AK,intermediate generation,coal,coal_int_conv pul 1996-2000,2021,57,0.3,50,coal (conv pul) (seawater)
AK,base load generation,coal,coal_base_conv pul 2016-2021,2021,79,0.3,69,coal (conv pul) (seawater)
AK,intermediate generation,coal,coal_int_conv pul 2016-2021,2021,79,0.3,69,coal (conv pul) (seawater)
AK,base load generation,coal,coal_base_conv pul,2021,60,0.3,50,coal (conv pul) (seawater)
AK,base load generation,coal,coal_base_conv pul_retire_2023,2021,5,0.1,2.5,coal (conv pul) (seawater)
AK,intermediate generation,coal,coal_int_conv pul,2021,60,0.3,50,coal (conv pul) (seawater)
AK,intermediate generation,coal,coal_int_conv pul_retire_2023,2021,5,0.1,2.5,coal (conv pul) (seawater)
AK,peak generation,coal,coal_peak_conv pul,2021,60,0.3,50,coal (conv pul) (seawater)
AK,peak generation,coal,coal_peak_conv pul_retire_2023,2021,5,0.1,2.5,coal (conv pul) (seawater)
AK,subpeak generation,coal,coal_subpeak_conv pul,2021,60,0.3,50,coal (conv pul) (seawater)
AK,subpeak generation,coal,coal_subpeak_conv pul_retire_2023,2021,5,0.1,2.5,coal (conv pul) (seawater)
AK,base load generation,coal,coal_base_conv pul 1951-1955,2021,13,0.3,11,coal (conv pul) (once through)
AK,base load generation,coal,coal_base_conv pul 1951-1955,2021,13,0.3,11,coal (conv pul) (recirculating)
AK,base load generation,coal,coal_base_conv pul 1951-1955,2021,13,0.3,11,coal (conv pul) (cooling pond)
AK,base load generation,coal,coal_base_conv pul 1951-1955,2021,13,0.3,11,coal (conv pul) (dry cooling)
AK,intermediate generation,coal,coal_int_conv pul 1951-1955,2021,13,0.3,11,coal (conv pul) (once through)
AK,intermediate generation,coal,coal_int_conv pul 1951-1955,2021,13,0.3,11,coal (conv pul) (recirculating)
AK,intermediate generation,coal,coal_int_conv pul 1951-1955,2021,13,0.3,11,coal (conv pul) (cooling pond)
AK,intermediate generation,coal,coal_int_conv pul 1951-1955,2021,13,0.3,11,coal (conv pul) (dry cooling)
AK,base load generation,coal,coal_base_conv pul 1961-1965,2021,23,0.3,20,coal (conv pul) (once through)
AK,base load generation,coal,coal_base_conv pul 1961-1965,2021,23,0.3,20,coal (conv pul) (recirculating)
AK,base load generation,coal,coal_base_conv pul 1961-1965,2021,23,0.3,20,coal (conv pul) (cooling pond)
AK,base load generation,coal,coal_base_conv pul 1961-1965,2021,23,0.3,20,coal (conv pul) (dry cooling)
AK,intermediate generation,coal,coal_int_conv pul 1961-1965,2021,23,0.3,20,coal (conv pul) (once through)
AK,intermediate generation,coal,coal_int_conv pul 1961-1965,2021,23,0.3,20,coal (conv pul) (recirculating)
AK,intermediate generation,coal,coal_int_conv pul 1961-1965,2021,23,0.3,20,coal (conv pul) (cooling pond)
AK,intermediate generation,coal,coal_int_conv pul 1961-1965,2021,23,0.3,20,coal (conv pul) (dry cooling)
AK,base load generation,coal,coal_base_conv pul 1966-1970,2021,26,0.3,23,coal (conv pul) (once through)
AK,base load generation,coal,coal_base_conv pul 1966-1970,2021,26,0.3,23,coal (conv pul) (recirculating)
AK,base load generation,coal,coal_base_conv pul 1966-1970,2021,26,0.3,23,coal (conv pul) (cooling pond)
AK,base load generation,coal,coal_base_conv pul 1966-1970,2021,26,0.3,23,coal (conv pul) (dry cooling)
AK,intermediate generation,coal,coal_int_conv pul 1966-1970,2021,26,0.3,23,coal (conv pul) (once through)
AK,intermediate generation,coal,coal_int_conv pul 1966-1970,2021,26,0.3,23,coal (conv pul) (recirculating)
AK,intermediate generation,coal,coal_int_conv pul 1966-1970,2021,26,0.3,23,coal (conv pul) (cooling pond)
AK,intermediate generation,coal,coal_int_conv pul 1966-1970,2021,26,0.3,23,coal (conv pul) (dry cooling)
AK,base load generation,coal,coal_base_conv pul 1971-1975,2021,34,0.3,30,coal (conv pul) (once through)
AK,base load generation,coal,coal_base_conv pul 1971-1975,2021,34,0.3,30,coal (conv pul) (recirculating)
AK,base load generation,coal,coal_base_conv pul 1971-1975,2021,34,0.3,30,coal (conv pul) (cooling pond)
AK,base load generation,coal,coal_base_conv pul 1971-1975,2021,34,0.3,30,coal (conv pul) (dry cooling)
AK,intermediate generation,coal,coal_int_conv pul 1971-1975,2021,34,0.3,30,coal (conv pul) (once through)
AK,intermediate generation,coal,coal_int_conv pul 1971-1975,2021,34,0.3,30,coal (conv pul) (recirculating)
AK,intermediate generation,coal,coal_int_conv pul 1971-1975,2021,34,0.3,30,coal (conv pul) (cooling pond)
AK,intermediate generation,coal,coal_int_conv pul 1971-1975,2021,34,0.3,30,coal (conv pul) (dry cooling)
AK,base load generation,coal,coal_base_conv pul 1981-1985,2021,40,0.3,35,coal (conv pul) (once through)
AK,base load generation,coal,coal_base_conv pul 1981-1985,2021,40,0.3,35,coal (conv pul) (recirculating)
AK,base load generation,coal,coal_base_conv pul 1981-1985,2021,40,0.3,35,coal (conv pul) (cooling pond)
AK,base load generation,coal,coal_base_conv pul 1981-1985,2021,40,0.3,35,coal (conv pul) (dry cooling)
AK,intermediate generation,coal,coal_int_conv pul 1981-1985,2021,40,0.3,35,coal (conv pul) (once through)
AK,intermediate generation,coal,coal_int_conv pul 1981-1985,2021,40,0.3,35,coal (conv pul) (recirculating)
AK,intermediate generation,coal,coal_int_conv pul 1981-1985,2021,40,0.3,35,coal (conv pul) (cooling pond)
AK,intermediate generation,coal,coal_int_conv pul 1981-1985,2021,40,0.3,35,coal (conv pul) (dry cooling)
AK,base load generation,coal,coal_base_conv pul 1986-1990,2021,47,0.3,41,coal (conv pul) (once through)
AK,base load generation,coal,coal_base_conv pul 1986-1990,2021,47,0.3,41,coal (conv pul) (recirculating)
AK,base load generation,coal,coal_base_conv pul 1986-1990,2021,47,0.3,41,coal (conv pul) (cooling pond)
AK,base load generation,coal,coal_base_conv pul 1986-1990,2021,47,0.3,41,coal (conv pul) (dry cooling)
AK,intermediate generation,coal,coal_int_conv pul 1986-1990,2021,47,0.3,41,coal (conv pul) (once through)
AK,intermediate generation,coal,coal_int_conv pul 1986-1990,2021,47,0.3,41,coal (conv pul) (recirculating)
AK,intermediate generation,coal,coal_int_conv pul 1986-1990,2021,47,0.3,41,coal (conv pul) (cooling pond)
AK,intermediate generation,coal,coal_int_conv pul 1986-1990,2021,47,0.3,41,coal (conv pul) (dry cooling)
AK,base load generation,coal,coal_base_conv pul 1996-2000,2021,57,0.3,50,coal (conv pul) (once through)
AK,base load generation,coal,coal_base_conv pul 1996-2000,2021,57,0.3,50,coal (conv pul) (recirculating)
AK,base load generation,coal,coal_base_conv pul 1996-2000,2021,57,0.3,50,coal (conv pul) (cooling pond)
AK,base load generation,coal,coal_base_conv pul 1996-2000,2021,57,0.3,50,coal (conv pul) (dry cooling)
AK,intermediate generation,coal,coal_int_conv pul 1996-2000,2021,57,0.3,50,coal (conv pul) (once through)
AK,intermediate generation,coal,coal_int_conv pul 1996-2000,2021,57,0.3,50,coal (conv pul) (recirculating)
AK,intermediate generation,coal,coal_int_conv pul 1996-2000,2021,57,0.3,50,coal (conv pul) (cooling pond)
AK,intermediate generation,coal,coal_int_conv pul 1996-2000,2021,57,0.3,50,coal (conv pul) (dry cooling)
AK,base load generation,coal,coal_base_conv pul 2016-2021,2021,79,0.3,69,coal (conv pul) (once through)
AK,base load generation,coal,coal_base_conv pul 2016-2021,2021,79,0.3,69,coal (conv pul) (recirculating)
AK,base load generation,coal,coal_base_conv pul 2016-2021,2021,79,0.3,69,coal (conv pul) (cooling pond)
AK,base load generation,coal,coal_base_conv pul 2016-2021,2021,79,0.3,69,coal (conv pul) (dry cooling)
AK,intermediate generation,coal,coal_int_conv pul 2016-2021,2021,79,0.3,69,coal (conv pul) (once through)
AK,intermediate generation,coal,coal_int_conv pul 2016-2021,2021,79,0.3,69,coal (conv pul) (recirculating)
AK,intermediate generation,coal,coal_int_conv pul 2016-2021,2021,79,0.3,69,coal (conv pul) (cooling pond)
AK,intermediate generation,coal,coal_int_conv pul 2016-2021,2021,79,0.3,69,coal (conv pul) (dry cooling)
AK,base load generation,coal,coal_base_conv pul,2021,60,0.3,50,coal (conv pul) (once through)
AK,base load generation,coal,coal_base_conv pul,2021,60,0.3,50,coal (conv pul) (recirculating)
AK,base load generation,coal,coal_base_conv pul,2021,60,0.3,50,coal (conv pul) (cooling pond)
AK,base load generation,coal,coal_base_conv pul,2021,60,0.3,50,coal (conv pul) (dry cooling)
AK,base load generation,coal,coal_base_conv pul_retire_2023,2021,5,0.1,2.5,coal (conv pul) (once through)
AK,base load generation,coal,coal_base_conv pul_retire_2023,2021,5,0.1,2.5,coal (conv pul) (recirculating)
AK,base load generation,coal,coal_base_conv pul_retire_2023,2021,5,0.1,2.5,coal (conv pul) (cooling pond)
AK,base load generation,coal,coal_base_conv pul_retire_2023,2021,5,0.1,2.5,coal (conv pul) (dry cooling)
AK,intermediate generation,coal,coal_int_conv pul,2021,60,0.3,50,coal (conv pul) (once through)
AK,intermediate generation,coal,coal_int_conv pul,2021,60,0.3,50,coal (conv pul) (recirculating)
AK,intermediate generation,coal,coal_int_conv pul,2021,60,0.3,50,coal (conv pul) (cooling pond)
AK,intermediate generation,coal,coal_int_conv pul,2021,60,0.3,50,coal (conv pul) (dry cooling)
AK,intermediate generation,coal,coal_int_conv pul_retire_2023,2021,5,0.1,2.5,coal (conv pul) (once through)
AK,intermediate generation,coal,coal_int_conv pul_retire_2023,2021,5,0.1,2.5,coal (conv pul) (recirculating)
AK,intermediate generation,coal,coal_int_conv pul_retire_2023,2021,5,0.1,2.5,coal (conv pul) (cooling pond)
AK,intermediate generation,coal,coal_int_conv pul_retire_2023,2021,5,0.1,2.5,coal (conv pul) (dry cooling)
AK,peak generation,coal,coal_peak_conv pul,2021,60,0.3,50,coal (conv pul) (once through)
AK,peak generation,coal,coal_peak_conv pul,2021,60,0.3,50,coal (conv pul) (recirculating)
AK,peak generation,coal,coal_peak_conv pul,2021,60,0.3,50,coal (conv pul) (cooling pond)
AK,peak generation,coal,coal_peak_conv pul,2021,60,0.3,50,coal (conv pul) (dry cooling)
AK,peak generation,coal,coal_peak_conv pul_retire_2023,2021,5,0.1,2.5,coal (conv pul) (once through)
AK,peak generation,coal,coal_peak_conv pul_retire_2023,2021,5,0.1,2.5,coal (conv pul) (recirculating)
AK,peak generation,coal,coal_peak_conv pul_retire_2023,2021,5,0.1,2.5,coal (conv pul) (cooling pond)
AK,peak generation,coal,coal_peak_conv pul_retire_2023,2021,5,0.1,2.5,coal (conv pul) (dry cooling)
AK,subpeak generation,coal,coal_subpeak_conv pul,2021,60,0.3,50,coal (conv pul) (once through)
AK,subpeak generation,coal,coal_subpeak_conv pul,2021,60,0.3,50,coal (conv pul) (recirculating)
AK,subpeak generation,coal,coal_subpeak_conv pul,2021,60,0.3,50,coal (conv pul) (cooling pond)
AK,subpeak generation,coal,coal_subpeak_conv pul,2021,60,0.3,50,coal (conv pul) (dry cooling)
AK,subpeak generation,coal,coal_subpeak_conv pul_retire_2023,2021,5,0.1,2.5,coal (conv pul) (once through)
AK,subpeak generation,coal,coal_subpeak_conv pul_retire_2023,2021,5,0.1,2.5,coal (conv pul) (recirculating)
AK,subpeak generation,coal,coal_subpeak_conv pul_retire_2023,2021,5,0.1,2.5,coal (conv pul) (cooling pond)
AK,subpeak generation,coal,coal_subpeak_conv pul_retire_2023,2021,5,0.1,2.5,coal (conv pul) (dry cooling)
AL,base load generation,coal,coal_base_conv pul 1966-1970,2021,28,0.3,24,coal (conv pul) (seawater)
AL,intermediate generation,coal,coal_int_conv pul 1966-1970,2021,28,0.3,24,coal (conv pul) (seawater)
AL,base load generation,coal,coal_base_conv pul 1971-1975,2021,32,0.3,28,coal (conv pul) (seawater)
AL,intermediate generation,coal,coal_int_conv pul 1971-1975,2021,32,0.3,28,coal (conv pul) (seawater)
AL,base load generation,coal,coal_base_conv pul 1976-1980,2021,37,0.3,32,coal (conv pul) (seawater)
AL,intermediate generation,coal,coal_int_conv pul 1976-1980,2021,37,0.3,32,coal (conv pul) (seawater)
AL,base load generation,coal,coal_base_conv pul 1981-1985,2021,44,0.3,38,coal (conv pul) (seawater)
AL,intermediate generation,coal,coal_int_conv pul 1981-1985,2021,44,0.3,38,coal (conv pul) (seawater)
AL,base load generation,coal,coal_base_conv pul 1986-1990,2021,48,0.3,42,coal (conv pul) (seawater)
AL,intermediate generation,coal,coal_int_conv pul 1986-1990,2021,48,0.3,42,coal (conv pul) (seawater)
AL,base load generation,coal,coal_base_conv pul 1991-1995,2021,50,0.3,44,coal (conv pul) (seawater)
AL,intermediate generation,coal,coal_int_conv pul 1991-1995,2021,50,0.3,44,coal (conv pul) (seawater)
AL,base load generation,coal,coal_base_conv pul,2021,60,0.3,50,coal (conv pul) (seawater)
AL,base load generation,coal,coal_base_conv pul_retire_2023,2021,5,0.1,2.5,coal (conv pul) (seawater)
AL,intermediate generation,coal,coal_int_conv pul,2021,60,0.3,50,coal (conv pul) (seawater)
AL,intermediate generation,coal,coal_int_conv pul_retire_2023,2021,5,0.1,2.5,coal (conv pul) (seawater)
AL,peak generation,coal,coal_peak_conv pul,2021,60,0.3,50,coal (conv pul) (seawater)
AL,peak generation,coal,coal_peak_conv pul_retire_2023,2021,5,0.1,2.5,coal (conv pul) (seawater)
AL,subpeak generation,coal,coal_subpeak_conv pul,2021,60,0.3,50,coal (conv pul) (seawater)
AL,subpeak generation,coal,coal_subpeak_conv pul_retire_2023,2021,5,0.1,2.5,coal (conv pul) (seawater)
AL,base load generation,coal,coal_base_conv pul 1966-1970,2021,28,0.3,24,coal (conv pul) (once through)
AL,base load generation,coal,coal_base_conv pul 1966-1970,2021,28,0.3,24,coal (conv pul) (recirculating)
AL,base load generation,coal,coal_base_conv pul 1966-1970,2021,28,0.3,24,coal (conv pul) (cooling pond)
AL,base load generation,coal,coal_base_conv pul 1966-1970,2021,28,0.3,24,coal (conv pul) (dry cooling)
AL,intermediate generation,coal,coal_int_conv pul 1966-1970,2021,28,0.3,24,coal (conv pul) (once through)
AL,intermediate generation,coal,coal_int_conv pul 1966-1970,2021,28,0.3,24,coal (conv pul) (recirculating)
AL,intermediate generation,coal,coal_int_conv pul 1966-1970,2021,28,0.3,24,coal (conv pul) (cooling pond)
AL,intermediate generation,coal,coal_int_conv pul 1966-1970,2021,28,0.3,24,coal (conv pul) (dry cooling)
AL,base load generation,coal,coal_base_conv pul 1971-1975,2021,32,0.3,28,coal (conv pul) (once through)
AL,base load generation,coal,coal_base_conv pul 1971-1975,2021,32,0.3,28,coal (conv pul) (recirculating)
AL,base load generation,coal,coal_base_conv pul 1971-1975,2021,32,0.3,28,coal (conv pul) (cooling pond)
AL,base load generation,coal,coal_base_conv pul 1971-1975,2021,32,0.3,28,coal (conv pul) (dry cooling)
AL,intermediate generation,coal,coal_int_conv pul 1971-1975,2021,32,0.3,28,coal (conv pul) (once through)
AL,intermediate generation,coal,coal_int_conv pul 1971-1975,2021,32,0.3,28,coal (conv pul) (recirculating)
AL,intermediate generation,coal,coal_int_conv pul 1971-1975,2021,32,0.3,28,coal (conv pul) (cooling pond)
AL,intermediate generation,coal,coal_int_conv pul 1971-1975,2021,32,0.3,28,coal (conv pul) (dry cooling)
AL,base load generation,coal,coal_base_conv pul 1976-1980,2021,37,0.3,32,coal (conv pul) (once through)
AL,base load generation,coal,coal_base_conv pul 1976-1980,2021,37,0.3,32,coal (conv pul) (recirculating)
AL,base load generation,coal,coal_base_conv pul 1976-1980,2021,37,0.3,32,coal (conv pul) (cooling pond)
AL,base load generation,coal,coal_base_conv pul 1976-1980,2021,37,0.3,32,coal (conv pul) (dry cooling)
AL,intermediate generation,coal,coal_int_conv pul 1976-1980,2021,37,0.3,32,coal (conv pul) (once through)
AL,intermediate generation,coal,coal_int_conv pul 1976-1980,2021,37,0.3,32,coal (conv pul) (recirculating)
AL,intermediate generation,coal,coal_int_conv pul 1976-1980,2021,37,0.3,32,coal (conv pul) (cooling pond)
AL,intermediate generation,coal,coal_int_conv pul 1976-1980,2021,37,0.3,32,coal (conv pul) (dry cooling)
AL,base load generation,coal,coal_base_conv pul 1981-1985,2021,44,0.3,38,coal (conv pul) (once through)
AL,base load generation,coal,coal_base_conv pul 1981-1985,2021,44,0.3,38,coal (conv pul) (recirculating)
AL,base load generation,coal,coal_base_conv pul 1981-1985,2021,44,0.3,38,coal (conv pul) (cooling pond)
AL,base load generation,coal,coal_base_conv pul 1981-1985,2021,44,0.3,38,coal (conv pul) (dry cooling)
AL,intermediate generation,coal,coal_int_conv pul 1981-1985,2021,44,0.3,38,coal (conv pul) (once through)
AL,intermediate generation,coal,coal_int_conv pul 1981-1985,2021,44,0.3,38,coal (conv pul) (recirculating)
AL,intermediate generation,coal,coal_int_conv pul 1981-1985,2021,44,0.3,38,coal (conv pul) (cooling pond)
AL,intermediate generation,coal,coal_int_conv pul 1981-1985,2021,44,0.3,38,coal (conv pul) (dry cooling)
AL,base load generation,coal,coal_base_conv pul 1986-1990,2021,48,0.3,42,coal (conv pul) (once through)
AL,base load generation,coal,coal_base_conv pul 1986-1990,2021,48,0.3,42,coal (conv pul) (recirculating)
AL,base load generation,coal,coal_base_conv pul 1986-1990,2021,48,0.3,42,coal (conv pul) (cooling pond)
AL,base load generation,coal,coal_base_conv pul 1986-1990,2021,48,0.3,42,coal (conv pul) (dry cooling)
AL,intermediate generation,coal,coal_int_conv pul 1986-1990,2021,48,0.3,42,coal (conv pul) (once through)
AL,intermediate generation,coal,coal_int_conv pul 1986-1990,2021,48,0.3,42,coal (conv pul) (recirculating)
AL,intermediate generation,coal,coal_int_conv pul 1986-1990,2021,48,0.3,42,coal (conv pul) (cooling pond)
AL,intermediate generation,coal,coal_int_conv pul 1986-1990,2021,48,0.3,42,coal (conv pul) (dry cooling)
AL,base load generation,coal,coal_base_conv pul 1991-1995,2021,50,0.3,44,coal (conv pul) (once through)
AL,base load generation,coal,coal_base_conv pul 1991-1995,2021,50,0.3,44,coal (conv pul) (recirculating)
AL,base load generation,coal,coal_base_conv pul 1991-1995,2021,50,0.3,44,coal (conv pul) (cooling pond)
AL,base load generation,coal,coal_base_conv pul 1991-1995,2021,50,0.3,44,coal (conv pul) (dry cooling)
AL,intermediate generation,coal,coal_int_conv pul 1991-1995,2021,50,0.3,44,coal (conv pul) (once through)
AL,intermediate generation,coal,coal_int_conv pul 1991-1995,2021,50,0.3,44,coal (conv pul) (recirculating)
AL,intermediate generation,coal,coal_int_conv pul 1991-1995,2021,50,0.3,44,coal (conv pul) (cooling pond)
AL,intermediate generation,coal,coal_int_conv pul 1991-1995,2021,50,0.3,44,coal (conv pul) (dry cooling)
AL,base load generation,coal,coal_base_conv pul,2021,60,0.3,50,coal (conv pul) (once through)
AL,base load generation,coal,coal_base_conv pul,2021,60,0.3,50,coal (conv pul) (recirculating)
AL,base load generation,coal,coal_base_conv pul,2021,60,0.3,50,coal (conv pul) (cooling pond)
AL,base load generation,coal,coal_base_conv pul,2021,60,0.3,50,coal (conv pul) (dry cooling)
AL,base load generation,coal,coal_base_conv pul_retire_2023,2021,5,0.1,2.5,coal (conv pul) (once through)
AL,base load generation,coal,coal_base_conv pul_retire_2023,2021,5,0.1,2.5,coal (conv pul) (recirculating)
AL,base load generation,coal,coal_base_conv pul_retire_2023,2021,5,0.1,2.5,coal (conv pul) (cooling pond)
AL,base load generation,coal,coal_base_conv pul_retire_2023,2021,5,0.1,2.5,coal (conv pul) (dry cooling)
AL,intermediate generation,coal,coal_int_conv pul,2021,60,0.3,50,coal (conv pul) (once through)
AL,intermediate generation,coal,coal_int_conv pul,2021,60,0.3,50,coal (conv pul) (recirculating)
AL,intermediate generation,coal,coal_int_conv pul,2021,60,0.3,50,coal (conv pul) (cooling pond)
AL,intermediate generation,coal,coal_int_conv pul,2021,60,0.3,50,coal (conv pul) (dry cooling)
AL,intermediate generation,coal,coal_int_conv pul_retire_2023,2021,5,0.1,2.5,coal (conv pul) (once through)
AL,intermediate generation,coal,coal_int_conv pul_retire_2023,2021,5,0.1,2.5,coal (conv pul) (recirculating)
AL,intermediate generation,coal,coal_int_conv pul_retire_2023,2021,5,0.1,2.5,coal (conv pul) (cooling pond)
AL,intermediate generation,coal,coal_int_conv pul_retire_2023,2021,5,0.1,2.5,coal (conv pul) (dry cooling)
AL,peak generation,coal,coal_peak_conv pul,2021,60,0.3,50,coal (conv pul) (once through)
AL,peak generation,coal,coal_peak_conv pul,2021,60,0.3,50,coal (conv pul) (recirculating)
AL,peak generation,coal,coal_peak_conv pul,2021,60,0.3,50,coal (conv pul) (cooling pond)
AL,peak generation,coal,coal_peak_conv pul,2021,60,0.3,50,coal (conv pul) (dry cooling)
AL,peak generation,coal,coal_peak_conv pul_retire_2023,2021,5,0.1,2.5,coal (conv pul) (once through)
AL,peak generation,coal,coal_peak_conv pul_retire_2023,2021,5,0.1,2.5,coal (conv pul) (recirculating)
AL,peak generation,coal,coal_peak_conv pul_retire_2023,2021,5,0.1,2.5,coal (conv pul) (cooling pond)
AL,peak generation,coal,coal_peak_conv pul_retire_2023,2021,5,0.1,2.5,coal (conv pul) (dry cooling)
AL,subpeak generation,coal,coal_subpeak_conv pul,2021,60,0.3,50,coal (conv pul) (once through)
AL,subpeak generation,coal,coal_subpeak_conv pul,2021,60,0.3,50,coal (conv pul) (recirculating)
AL,subpeak generation,coal,coal_subpeak_conv pul,2021,60,0.3,50,coal (conv pul) (cooling pond)
AL,subpeak generation,coal,coal_subpeak_conv pul,2021,60,0.3,50,coal (conv pul) (dry cooling)
AL,subpeak generation,coal,coal_subpeak_conv pul_retire_2023,2021,5,0.1,2.5,coal (conv pul) (once through)
AL,subpeak generation,coal,coal_subpeak_conv pul_retire_2023,2021,5,0.1,2.5,coal (conv pul) (recirculating)
AL,subpeak generation,coal,coal_subpeak_conv pul_retire_2023,2021,5,0.1,2.5,coal (conv pul) (cooling pond)
AL,subpeak generation,coal,coal_subpeak_conv pul_retire_2023,2021,5,0.1,2.5,coal (conv pul) (dry cooling)
AR,base load generation,coal,coal_base_conv pul 1976-1980,2021,38,0.3,33,coal (conv pul) (once through)
AR,base load generation,coal,coal_base_conv pul 1976-1980,2021,38,0.3,33,coal (conv pul) (recirculating)
AR,base load generation,coal,coal_base_conv pul 1976-1980,2021,38,0.3,33,coal (conv pul) (cooling pond)
AR,base load generation,coal,coal_base_conv pul 1976-1980,2021,38,0.3,33,coal (conv pul) (dry cooling)
AR,intermediate generation,coal,coal_int_conv pul 1976-1980,2021,38,0.3,33,coal (conv pul) (once through)
AR,intermediate generation,coal,coal_int_conv pul 1976-1980,2021,38,0.3,33,coal (conv pul) (recirculating)
AR,intermediate generation,coal,coal_int_conv pul 1976-1980,2021,38,0.3,33,coal (conv pul) (cooling pond)
AR,intermediate generation,coal,coal_int_conv pul 1976-1980,2021,38,0.3,33,coal (conv pul) (dry cooling)
AR,base load generation,coal,coal_base_conv pul 1981-1985,2021,42,0.3,37,coal (conv pul) (once through)
AR,base load generation,coal,coal_base_conv pul 1981-1985,2021,42,0.3,37,coal (conv pul) (recirculating)
AR,base load generation,coal,coal_base_conv pul 1981-1985,2021,42,0.3,37,coal (conv pul) (cooling pond)
AR,base load generation,coal,coal_base_conv pul 1981-1985,2021,42,0.3,37,coal (conv pul) (dry cooling)
AR,intermediate generation,coal,coal_int_conv pul 1981-1985,2021,42,0.3,37,coal (conv pul) (once through)
AR,intermediate generation,coal,coal_int_conv pul 1981-1985,2021,42,0.3,37,coal (conv pul) (recirculating)
AR,intermediate generation,coal,coal_int_conv pul 1981-1985,2021,42,0.3,37,coal (conv pul) (cooling pond)
AR,intermediate generation,coal,coal_int_conv pul 1981-1985,2021,42,0.3,37,coal (conv pul) (dry cooling)
AR,base load generation,coal,coal_base_conv pul 2006-2010,2021,69,0.3,60,coal (conv pul) (once through)
AR,base load generation,coal,coal_base_conv pul 2006-2010,2021,69,0.3,60,coal (conv pul) (recirculating)
AR,base load generation,coal,coal_base_conv pul 2006-2010,2021,69,0.3,60,coal (conv pul) (cooling pond)
AR,base load generation,coal,coal_base_conv pul 2006-2010,2021,69,0.3,60,coal (conv pul) (dry cooling)
AR,intermediate generation,coal,coal_int_conv pul 2006-2010,2021,69,0.3,60,coal (conv pul) (once through)
AR,intermediate generation,coal,coal_int_conv pul 2006-2010,2021,69,0.3,60,coal (conv pul) (recirculating)
AR,intermediate generation,coal,coal_int_conv pul 2006-2010,2021,69,0.3,60,coal (conv pul) (cooling pond)
AR,intermediate generation,coal,coal_int_conv pul 2006-2010,2021,69,0.3,60,coal (conv pul) (dry cooling)
AR,base load generation,coal,coal_base_conv pul 2011-2015,2021,71,0.3,62,coal (conv pul) (once through)
AR,base load generation,coal,coal_base_conv pul 2011-2015,2021,71,0.3,62,coal (conv pul) (recirculating)
AR,base load generation,coal,coal_base_conv pul 2011-2015,2021,71,0.3,62,coal (conv pul) (cooling pond)
AR,base load generation,coal,coal_base_conv pul 2011-2015,2021,71,0.3,62,coal (conv pul) (dry cooling)
AR,intermediate generation,coal,coal_int_conv pul 2011-2015,2021,71,0.3,62,coal (conv pul) (once through)
AR,intermediate generation,coal,coal_int_conv pul 2011-2015,2021,71,0.3,62,coal (conv pul) (recirculating)
AR,intermediate generation,coal,coal_int_conv pul 2011-2015,2021,71,0.3,62,coal (conv pul) (cooling pond)
AR,intermediate generation,coal,coal_int_conv pul 2011-2015,2021,71,0.3,62,coal (conv pul) (dry cooling)
AR,base load generation,coal,coal_base_conv pul,2021,60,0.3,50,coal (conv pul) (once through)
AR,base load generation,coal,coal_base_conv pul,2021,60,0.3,50,coal (conv pul) (recirculating)
AR,base load generation,coal,coal_base_conv pul,2021,60,0.3,50,coal (conv pul) (cooling pond)
AR,base load generation,coal,coal_base_conv pul,2021,60,0.3,50,coal (conv pul) (dry cooling)
AR,base load generation,coal,coal_base_conv pul_retire_2023,2021,5,0.1,2.5,coal (conv pul) (once through)
AR,base load generation,coal,coal_base_conv pul_retire_2023,2021,5,0.1,2.5,coal (conv pul) (recirculating)
AR,base load generation,coal,coal_base_conv pul_retire_2023,2021,5,0.1,2.5,coal (conv pul) (cooling pond)
AR,base load generation,coal,coal_base_conv pul_retire_2023,2021,5,0.1,2.5,coal (conv pul) (dry cooling)
AR,intermediate generation,coal,coal_int_conv pul,2021,60,0.3,50,coal (conv pul) (once through)
AR,intermediate generation,coal,coal_int_conv pul,2021,60,0.3,50,coal (conv pul) (recirculating)
AR,intermediate generation,coal,coal_int_conv pul,2021,60,0.3,50,coal (conv pul) (cooling pond)
AR,intermediate generation,coal,coal_int_conv pul,2021,60,0.3,50,coal (conv pul) (dry cooling)
AR,intermediate generation,coal,coal_int_conv pul_retire_2023,2021,5,0.1,2.5,coal (conv pul) (once through)
AR,intermediate generation,coal,coal_int_conv pul_retire_2023,2021,5,0.1,2.5,coal (conv pul) (recirculating)
AR,intermediate generation,coal,coal_int_conv pul_retire_2023,2021,5,0.1,2.5,coal (conv pul) (cooling pond)
AR,intermediate generation,coal,coal_int_conv pul_retire_2023,2021,5,0.1,2.5,coal (conv pul) (dry cooling)
AR,peak generation,coal,coal_peak_conv pul,2021,60,0.3,50,coal (conv pul) (once through)
AR,peak generation,coal,coal_peak_conv pul,2021,60,0.3,50,coal (conv pul) (recirculating)
AR,peak generation,coal,coal_peak_conv pul,2021,60,0.3,50,coal (conv pul) (cooling pond)
AR,peak generation,coal,coal_peak_conv pul,2021,60,0.3,50,coal (conv pul) (dry cooling)
AR,peak generation,coal,coal_peak_conv pul_retire_2023,2021,5,0.1,2.5,coal (conv pul) (once through)
AR,peak generation,coal,coal_peak_conv pul_retire_2023,2021,5,0.1,2.5,coal (conv pul) (recirculating)
AR,peak generation,coal,coal_peak_conv pul_retire_2023,2021,5,0.1,2.5,coal (conv pul) (cooling pond)
AR,peak generation,coal,coal_peak_conv pul_retire_2023,2021,5,0.1,2.5,coal (conv pul) (dry cooling)
AR,subpeak generation,coal,coal_subpeak_conv pul,2021,60,0.3,50,coal (conv pul) (once through)
AR,subpeak generation,coal,coal_subpeak_conv pul,2021,60,0.3,50,coal (conv pul) (recirculating)
AR,subpeak generation,coal,coal_subpeak_conv pul,2021,60,0.3,50,coal (conv pul) (cooling pond)
AR,subpeak generation,coal,coal_subpeak_conv pul,2021,60,0.3,50,coal (conv pul) (dry cooling)
AR,subpeak generation,coal,coal_subpeak_conv pul_retire_2023,2021,5,0.1,2.5,coal (conv pul) (once through)
AR,subpeak generation,coal,coal_subpeak_conv pul_retire_2023,2021,5,0.1,2.5,coal (conv pul) (recirculating)
AR,subpeak generation,coal,coal_subpeak_conv pul_retire_2023,2021,5,0.1,2.5,coal (conv pul) (cooling pond)
AR,subpeak generation,coal,coal_subpeak_conv pul_retire_2023,2021,5,0.1,2.5,coal (conv pul) (dry cooling)
AZ,base load generation,coal,coal_base_conv pul 1961-1965,2021,21,0.3,18,coal (conv pul) (once through)
AZ,base load generation,coal,coal_base_conv pul 1961-1965,2021,21,0.3,18,coal (conv pul) (recirculating)
AZ,base load generation,coal,coal_base_conv pul 1961-1965,2021,21,0.3,18,coal (conv pul) (cooling pond)
AZ,base load generation,coal,coal_base_conv pul 1961-1965,2021,21,0.3,18,coal (conv pul) (dry cooling)
AZ,intermediate generation,coal,coal_int_conv pul 1961-1965,2021,21,0.3,18,coal (conv pul) (once through)
AZ,intermediate generation,coal,coal_int_conv pul 1961-1965,2021,21,0.3,18,coal (conv pul) (recirculating)
AZ,intermediate generation,coal,coal_int_conv pul 1961-1965,2021,21,0.3,18,coal (conv pul) (cooling pond)
AZ,intermediate generation,coal,coal_int_conv pul 1961-1965,2021,21,0.3,18,coal (conv pul) (dry cooling)
AZ,base load generation,coal,coal_base_conv pul 1976-1980,2021,22,0.3,19,coal (conv pul) (once through)
AZ,base load generation,coal,coal_base_conv pul 1976-1980,2021,22,0.3,19,coal (conv pul) (recirculating)
AZ,base load generation,coal,coal_base_conv pul 1976-1980,2021,22,0.3,19,coal (conv pul) (cooling pond)
AZ,base load generation,coal,coal_base_conv pul 1976-1980,2021,22,0.3,19,coal (conv pul) (dry cooling)
AZ,intermediate generation,coal,coal_int_conv pul 1976-1980,2021,22,0.3,19,coal (conv pul) (once through)
AZ,intermediate generation,coal,coal_int_conv pul 1976-1980,2021,22,0.3,19,coal (conv pul) (recirculating)
AZ,intermediate generation,coal,coal_int_conv pul 1976-1980,2021,22,0.3,19,coal (conv pul) (cooling pond)
AZ,intermediate generation,coal,coal_int_conv pul 1976-1980,2021,22,0.3,19,coal (conv pul) (dry cooling)
AZ,base load generation,coal,coal_base_conv pul 1981-1985,2021,6,0.3,5,coal (conv pul) (once through)
AZ,base load generation,coal,coal_base_conv pul 1981-1985,2021,6,0.3,5,coal (conv pul) (recirculating)
AZ,base load generation,coal,coal_base_conv pul 1981-1985,2021,6,0.3,5,coal (conv pul) (cooling pond)
AZ,base load generation,coal,coal_base_conv pul 1981-1985,2021,6,0.3,5,coal (conv pul) (dry cooling)
AZ,intermediate generation,coal,coal_int_conv pul 1981-1985,2021,6,0.3,5,coal (conv pul) (once through)
AZ,intermediate generation,coal,coal_int_conv pul 1981-1985,2021,6,0.3,5,coal (conv pul) (recirculating)
AZ,intermediate generation,coal,coal_int_conv pul 1981-1985,2021,6,0.3,5,coal (conv pul) (cooling pond)
AZ,intermediate generation,coal,coal_int_conv pul 1981-1985,2021,6,0.3,5,coal (conv pul) (dry cooling)
AZ,base load generation,coal,coal_base_conv pul 1986-1990,2021,11,0.3,10,coal (conv pul) (once through)
AZ,base load generation,coal,coal_base_conv pul 1986-1990,2021,11,0.3,10,coal (conv pul) (recirculating)
AZ,base load generation,coal,coal_base_conv pul 1986-1990,2021,11,0.3,10,coal (conv pul) (cooling pond)
AZ,base load generation,coal,coal_base_conv pul 1986-1990,2021,11,0.3,10,coal (conv pul) (dry cooling)
AZ,intermediate generation,coal,coal_int_conv pul 1986-1990,2021,11,0.3,10,coal (conv pul) (once through)
AZ,intermediate generation,coal,coal_int_conv pul 1986-1990,2021,11,0.3,10,coal (conv pul) (recirculating)
AZ,intermediate generation,coal,coal_int_conv pul 1986-1990,2021,11,0.3,10,coal (conv pul) (cooling pond)
AZ,intermediate generation,coal,coal_int_conv pul 1986-1990,2021,11,0.3,10,coal (conv pul) (dry cooling)
AZ,base load generation,coal,coal_base_conv pul 2006-2010,2021,66,0.3,58,coal (conv pul) (once through)
AZ,base load generation,coal,coal_base_conv pul 2006-2010,2021,66,0.3,58,coal (conv pul) (recirculating)
AZ,base load generation,coal,coal_base_conv pul 2006-2010,2021,66,0.3,58,coal (conv pul) (cooling pond)
AZ,base load generation,coal,coal_base_conv pul 2006-2010,2021,66,0.3,58,coal (conv pul) (dry cooling)
AZ,intermediate generation,coal,coal_int_conv pul 2006-2010,2021,66,0.3,58,coal (conv pul) (once through)
AZ,intermediate generation,coal,coal_int_conv pul 2006-2010,2021,66,0.3,58,coal (conv pul) (recirculating)
AZ,intermediate generation,coal,coal_int_conv pul 2006-2010,2021,66,0.3,58,coal (conv pul) (cooling pond)
AZ,intermediate generation,coal,coal_int_conv pul 2006-2010,2021,66,0.3,58,coal (conv pul) (dry cooling)
AZ,base load generation,coal,coal_base_conv pul,2021,60,0.3,50,coal (conv pul) (once through)
AZ,base load generation,coal,coal_base_conv pul,2021,60,0.3,50,coal (conv pul) (recirculating)
AZ,base load generation,coal,coal_base_conv pul,2021,60,0.3,50,coal (conv pul) (cooling pond)
AZ,base load generation,coal,coal_base_conv pul,2021,60,0.3,50,coal (conv pul) (dry cooling)
AZ,base load generation,coal,coal_base_conv pul_retire_2023,2021,5,0.1,2.5,coal (conv pul) (once through)
AZ,base load generation,coal,coal_base_conv pul_retire_2023,2021,5,0.1,2.5,coal (conv pul) (recirculating)
AZ,base load generation,coal,coal_base_conv pul_retire_2023,2021,5,0.1,2.5,coal (conv pul) (cooling pond)
AZ,base load generation,coal,coal_base_conv pul_retire_2023,2021,5,0.1,2.5,coal (conv pul) (dry cooling)
AZ,intermediate generation,coal,coal_int_conv pul,2021,60,0.3,50,coal (conv pul) (once through)
AZ,intermediate generation,coal,coal_int_conv pul,2021,60,0.3,50,coal (conv pul) (recirculating)
AZ,intermediate generation,coal,coal_int_conv pul,2021,60,0.3,50,coal (conv pul) (cooling pond)
AZ,intermediate generation,coal,coal_int_conv pul,2021,60,0.3,50,coal (conv pul) (dry cooling)
AZ,intermediate generation,coal,coal_int_conv pul_retire_2023,2021,5,0.1,2.5,coal (conv pul) (once through)
AZ,intermediate generation,coal,coal_int_conv pul_retire_2023,2021,5,0.1,2.5,coal (conv pul) (recirculating)
AZ,intermediate generation,coal,coal_int_conv pul_retire_2023,2021,5,0.1,2.5,coal (conv pul) (cooling pond)
AZ,intermediate generation,coal,coal_int_conv pul_retire_2023,2021,5,0.1,2.5,coal (conv pul) (dry cooling)
AZ,peak generation,coal,coal_peak_conv pul,2021,60,0.3,50,coal (conv pul) (once through)
AZ,peak generation,coal,coal_peak_conv pul,2021,60,0.3,50,coal (conv pul) (recirculating)
AZ,peak generation,coal,coal_peak_conv pul,2021,60,0.3,50,coal (conv pul) (cooling pond)
AZ,peak generation,coal,coal_peak_conv pul,2021,60,0.3,50,coal (conv pul) (dry cooling)
AZ,peak generation,coal,coal_peak_conv pul_retire_2023,2021,5,0.1,2.5,coal (conv pul) (once through)
AZ,peak generation,coal,coal_peak_conv pul_retire_2023,2021,5,0.1,2.5,coal (conv pul) (recirculating)
AZ,peak generation,coal,coal_peak_conv pul_retire_2023,2021,5,0.1,2.5,coal (conv pul) (cooling pond)
AZ,peak generation,coal,coal_peak_conv pul_retire_2023,2021,5,0.1,2.5,coal (conv pul) (dry cooling)
AZ,subpeak generation,coal,coal_subpeak_conv pul,2021,60,0.3,50,coal (conv pul) (once through)
AZ,subpeak generation,coal,coal_subpeak_conv pul,2021,60,0.3,50,coal (conv pul) (recirculating)
AZ,subpeak generation,coal,coal_subpeak_conv pul,2021,60,0.3,50,coal (conv pul) (cooling pond)
AZ,subpeak generation,coal,coal_subpeak_conv pul,2021,60,0.3,50,coal (conv pul) (dry cooling)
AZ,subpeak generation,coal,coal_subpeak_conv pul_retire_2023,2021,5,0.1,2.5,coal (conv pul) (once through)
AZ,subpeak generation,coal,coal_subpeak_conv pul_retire_2023,2021,5,0.1,2.5,coal (conv pul) (recirculating)
AZ,subpeak generation,coal,coal_subpeak_conv pul_retire_2023,2021,5,0.1,2.5,coal (conv pul) (cooling pond)
AZ,subpeak generation,coal,coal_subpeak_conv pul_retire_2023,2021,5,0.1,2.5,coal (conv pul) (dry cooling)
CA,base load generation,coal,coal_base_conv pul,2021,60,0.3,50,coal (conv pul) (seawater)
CA,base load generation,coal,coal_base_conv pul_retire_2023,2021,5,0.1,2.5,coal (conv pul) (seawater)
CA,intermediate generation,coal,coal_int_conv pul,2021,60,0.3,50,coal (conv pul) (seawater)
CA,intermediate generation,coal,coal_int_conv pul_retire_2023,2021,5,0.1,2.5,coal (conv pul) (seawater)
CA,peak generation,coal,coal_peak_conv pul,2021,60,0.3,50,coal (conv pul) (seawater)
CA,peak generation,coal,coal_peak_conv pul_retire_2023,2021,5,0.1,2.5,coal (conv pul) (seawater)
CA,subpeak generation,coal,coal_subpeak_conv pul,2021,60,0.3,50,coal (conv pul) (seawater)
CA,subpeak generation,coal,coal_subpeak_conv pul_retire_2023,2021,5,0.1,2.5,coal (conv pul) (seawater)
CA,base load generation,coal,coal_base_conv pul,2021,60,0.3,50,coal (conv pul) (once through)
CA,base load generation,coal,coal_base_conv pul,2021,60,0.3,50,coal (conv pul) (recirculating)
CA,base load generation,coal,coal_base_conv pul,2021,60,0.3,50,coal (conv pul) (cooling pond)
CA,base load generation,coal,coal_base_conv pul,2021,60,0.3,50,coal (conv pul) (dry cooling)
CA,base load generation,coal,coal_base_conv pul_retire_2023,2021,5,0.1,2.5,coal (conv pul) (once through)
CA,base load generation,coal,coal_base_conv pul_retire_2023,2021,5,0.1,2.5,coal (conv pul) (recirculating)
CA,base load generation,coal,coal_base_conv pul_retire_2023,2021,5,0.1,2.5,coal (conv pul) (cooling pond)
CA,base load generation,coal,coal_base_conv pul_retire_2023,2021,5,0.1,2.5,coal (conv pul) (dry cooling)
CA,intermediate generation,coal,coal_int_conv pul,2021,60,0.3,50,coal (conv pul) (once through)
CA,intermediate generation,coal,coal_int_conv pul,2021,60,0.3,50,coal (conv pul) (recirculating)
CA,intermediate generation,coal,coal_int_conv pul,2021,60,0.3,50,coal (conv pul) (cooling pond)
CA,intermediate generation,coal,coal_int_conv pul,2021,60,0.3,50,coal (conv pul) (dry cooling)
CA,intermediate generation,coal,coal_int_conv pul_retire_2023,2021,5,0.1,2.5,coal (conv pul) (once through)
CA,intermediate generation,coal,coal_int_conv pul_retire_2023,2021,5,0.1,2.5,coal (conv pul) (recirculating)
CA,intermediate generation,coal,coal_int_conv pul_retire_2023,2021,5,0.1,2.5,coal (conv pul) (cooling pond)
CA,intermediate generation,coal,coal_int_conv pul_retire_2023,2021,5,0.1,2.5,coal (conv pul) (dry cooling)
CA,peak generation,coal,coal_peak_conv pul,2021,60,0.3,50,coal (conv pul) (once through)
CA,peak generation,coal,coal_peak_conv pul,2021,60,0.3,50,coal (conv pul) (recirculating)
CA,peak generation,coal,coal_peak_conv pul,2021,60,0.3,50,coal (conv pul) (cooling pond)
CA,peak generation,coal,coal_peak_conv pul,2021,60,0.3,50,coal (conv pul) (dry cooling)
CA,peak generation,coal,coal_peak_conv pul_retire_2023,2021,5,0.1,2.5,coal (conv pul) (once through)
CA,peak generation,coal,coal_peak_conv pul_retire_2023,2021,5,0.1,2.5,coal (conv pul) (recirculating)
CA,peak generation,coal,coal_peak_conv pul_retire_2023,2021,5,0.1,2.5,coal (conv pul) (cooling pond)
CA,peak generation,coal,coal_peak_conv pul_retire_2023,2021,5,0.1,2.5,coal (conv pul) (dry cooling)
CA,subpeak generation,coal,coal_subpeak_conv pul,2021,60,0.3,50,coal (conv pul) (once through)
CA,subpeak generation,coal,coal_subpeak_conv pul,2021,60,0.3,50,coal (conv pul) (recirculating)
CA,subpeak generation,coal,coal_subpeak_conv pul,2021,60,0.3,50,coal (conv pul) (cooling pond)
CA,subpeak generation,coal,coal_subpeak_conv pul,2021,60,0.3,50,coal (conv pul) (dry cooling)
CA,subpeak generation,coal,coal_subpeak_conv pul_retire_2023,2021,5,0.1,2.5,coal (conv pul) (once through)
CA,subpeak generation,coal,coal_subpeak_conv pul_retire_2023,2021,5,0.1,2.5,coal (conv pul) (recirculating)
CA,subpeak generation,coal,coal_subpeak_conv pul_retire_2023,2021,5,0.1,2.5,coal (conv pul) (cooling pond)
CA,subpeak generation,coal,coal_subpeak_conv pul_retire_2023,2021,5,0.1,2.5,coal (conv pul) (dry cooling)
CO,base load generation,coal,coal_base_conv pul 1961-1965,2021,7,0.3,6,coal (conv pul) (once through)
CO,base load generation,coal,coal_base_conv pul 1961-1965,2021,7,0.3,6,coal (conv pul) (recirculating)
CO,base load generation,coal,coal_base_conv pul 1961-1965,2021,7,0.3,6,coal (conv pul) (cooling pond)
CO,base load generation,coal,coal_base_conv pul 1961-1965,2021,7,0.3,6,coal (conv pul) (dry cooling)
CO,intermediate generation,coal,coal_int_conv pul 1961-1965,2021,7,0.3,6,coal (conv pul) (once through)
CO,intermediate generation,coal,coal_int_conv pul 1961-1965,2021,7,0.3,6,coal (conv pul) (recirculating)
CO,intermediate generation,coal,coal_int_conv pul 1961-1965,2021,7,0.3,6,coal (conv pul) (cooling pond)
CO,intermediate generation,coal,coal_int_conv pul 1961-1965,2021,7,0.3,6,coal (conv pul) (dry cooling)
CO,base load generation,coal,coal_base_conv pul 1971-1975,2021,4,0.3,4,coal (conv pul) (once through)
CO,base load generation,coal,coal_base_conv pul 1971-1975,2021,4,0.3,4,coal (conv pul) (recirculating)
CO,base load generation,coal,coal_base_conv pul 1971-1975,2021,4,0.3,4,coal (conv pul) (cooling pond)
CO,base load generation,coal,coal_base_conv pul 1971-1975,2021,4,0.3,4,coal (conv pul) (dry cooling)
CO,intermediate generation,coal,coal_int_conv pul 1971-1975,2021,4,0.3,4,coal (conv pul) (once through)
CO,intermediate generation,coal,coal_int_conv pul 1971-1975,2021,4,0.3,4,coal (conv pul) (recirculating)
CO,intermediate generation,coal,coal_int_conv pul 1971-1975,2021,4,0.3,4,coal (conv pul) (cooling pond)
CO,intermediate generation,coal,coal_int_conv pul 1971-1975,2021,4,0.3,4,coal (conv pul) (dry cooling)
CO,base load generation,coal,coal_base_conv pul 1976-1980,2021,6,0.3,5,coal (conv pul) (once through)
CO,base load generation,coal,coal_base_conv pul 1976-1980,2021,6,0.3,5,coal (conv pul) (recirculating)
CO,base load generation,coal,coal_base_conv pul 1976-1980,2021,6,0.3,5,coal (conv pul) (cooling pond)
CO,base load generation,coal,coal_base_conv pul 1976-1980,2021,6,0.3,5,coal (conv pul) (dry cooling)
CO,intermediate generation,coal,coal_int_conv pul 1976-1980,2021,6,0.3,5,coal (conv pul) (once through)
CO,intermediate generation,coal,coal_int_conv pul 1976-1980,2021,6,0.3,5,coal (conv pul) (recirculating)
CO,intermediate generation,coal,coal_int_conv pul 1976-1980,2021,6,0.3,5,coal (conv pul) (cooling pond)
CO,intermediate generation,coal,coal_int_conv pul 1976-1980,2021,6,0.3,5,coal (conv pul) (dry cooling)
CO,base load generation,coal,coal_base_conv pul 1981-1985,2021,21,0.3,18,coal (conv pul) (once through)
CO,base load generation,coal,coal_base_conv pul 1981-1985,2021,21,0.3,18,coal (conv pul) (recirculating)
CO,base load generation,coal,coal_base_conv pul 1981-1985,2021,21,0.3,18,coal (conv pul) (cooling pond)
CO,base load generation,coal,coal_base_conv pul 1981-1985,2021,21,0.3,18,coal (conv pul) (dry cooling)
CO,intermediate generation,coal,coal_int_conv pul 1981-1985,2021,21,0.3,18,coal (conv pul) (once through)
CO,intermediate generation,coal,coal_int_conv pul 1981-1985,2021,21,0.3,18,coal (conv pul) (recirculating)
CO,intermediate generation,coal,coal_int_conv pul 1981-1985,2021,21,0.3,18,coal (conv pul) (cooling pond)
CO,intermediate generation,coal,coal_int_conv pul 1981-1985,2021,21,0.3,18,coal (conv pul) (dry cooling)
CO,base load generation,coal,coal_base_conv pul 2006-2010,2021,69,0.3,60,coal (conv pul) (once through)
CO,base load generation,coal,coal_base_conv pul 2006-2010,2021,69,0.3,60,coal (conv pul) (recirculating)
CO,base load generation,coal,coal_base_conv pul 2006-2010,2021,69,0.3,60,coal (conv pul) (cooling pond)
CO,base load generation,coal,coal_base_conv pul 2006-2010,2021,69,0.3,60,coal (conv pul) (dry cooling)
CO,intermediate generation,coal,coal_int_conv pul 2006-2010,2021,69,0.3,60,coal (conv pul) (once through)
CO,intermediate generation,coal,coal_int_conv pul 2006-2010,2021,69,0.3,60,coal (conv pul) (recirculating)
CO,intermediate generation,coal,coal_int_conv pul 2006-2010,2021,69,0.3,60,coal (conv pul) (cooling pond)
CO,intermediate generation,coal,coal_int_conv pul 2006-2010,2021,69,0.3,60,coal (conv pul) (dry cooling)
CO,base load generation,coal,coal_base_conv pul,2021,60,0.3,50,coal (conv pul) (once through)
CO,base load generation,coal,coal_base_conv pul,2021,60,0.3,50,coal (conv pul) (recirculating)
CO,base load generation,coal,coal_base_conv pul,2021,60,0.3,50,coal (conv pul) (cooling pond)
CO,base load generation,coal,coal_base_conv pul,2021,60,0.3,50,coal (conv pul) (dry cooling)
CO,base load generation,coal,coal_base_conv pul_retire_2023,2021,5,0.1,2.5,coal (conv pul) (once through)
CO,base load generation,coal,coal_base_conv pul_retire_2023,2021,5,0.1,2.5,coal (conv pul) (recirculating)
CO,base load generation,coal,coal_base_conv pul_retire_2023,2021,5,0.1,2.5,coal (conv pul) (cooling pond)
CO,base load generation,coal,coal_base_conv pul_retire_2023,2021,5,0.1,2.5,coal (conv pul) (dry cooling)
CO,intermediate generation,coal,coal_int_conv pul,2021,60,0.3,50,coal (conv pul) (once through)
CO,intermediate generation,coal,coal_int_conv pul,2021,60,0.3,50,coal (conv pul) (recirculating)
CO,intermediate generation,coal,coal_int_conv pul,2021,60,0.3,50,coal (conv pul) (cooling pond)
CO,intermediate generation,coal,coal_int_conv pul,2021,60,0.3,50,coal (conv pul) (dry cooling)
CO,intermediate generation,coal,coal_int_conv pul_retire_2023,2021,5,0.1,2.5,coal (conv pul) (once through)
CO,intermediate generation,coal,coal_int_conv pul_retire_2023,2021,5,0.1,2.5,coal (conv pul) (recirculating)
CO,intermediate generation,coal,coal_int_conv pul_retire_2023,2021,5,0.1,2.5,coal (conv pul) (cooling pond)
CO,intermediate generation,coal,coal_int_conv pul_retire_2023,2021,5,0.1,2.5,coal (conv pul) (dry cooling)
CO,peak generation,coal,coal_peak_conv pul,2021,60,0.3,50,coal (conv pul) (once through)
CO,peak generation,coal,coal_peak_conv pul,2021,60,0.3,50,coal (conv pul) (recirculating)
CO,peak generation,coal,coal_peak_conv pul,2021,60,0.3,50,coal (conv pul) (cooling pond)
CO,peak generation,coal,coal_peak_conv pul,2021,60,0.3,50,coal (conv pul) (dry cooling)
CO,peak generation,coal,coal_peak_conv pul_retire_2023,2021,5,0.1,2.5,coal (conv pul) (once through)
CO,peak generation,coal,coal_peak_conv pul_retire_2023,2021,5,0.1,2.5,coal (conv pul) (recirculating)
CO,peak generation,coal,coal_peak_conv pul_retire_2023,2021,5,0.1,2.5,coal (conv pul) (cooling pond)
CO,peak generation,coal,coal_peak_conv pul_retire_2023,2021,5,0.1,2.5,coal (conv pul) (dry cooling)
CO,subpeak generation,coal,coal_subpeak_conv pul,2021,60,0.3,50,coal (conv pul) (once through)
CO,subpeak generation,coal,coal_subpeak_conv pul,2021,60,0.3,50,coal (conv pul) (recirculating)
CO,subpeak generation,coal,coal_subpeak_conv pul,2021,60,0.3,50,coal (conv pul) (cooling pond)
CO,subpeak generation,coal,coal_subpeak_conv pul,2021,60,0.3,50,coal (conv pul) (dry cooling)
CO,subpeak generation,coal,coal_subpeak_conv pul_retire_2023,2021,5,0.1,2.5,coal (conv pul) (once through)
CO,subpeak generation,coal,coal_subpeak_conv pul_retire_2023,2021,5,0.1,2.5,coal (conv pul) (recirculating)
CO,subpeak generation,coal,coal_subpeak_conv pul_retire_2023,2021,5,0.1,2.5,coal (conv pul) (cooling pond)
CO,subpeak generation,coal,coal_subpeak_conv pul_retire_2023,2021,5,0.1,2.5,coal (conv pul) (dry cooling)
CT,base load generation,coal,coal_base_conv pul,2021,60,0.3,50,coal (conv pul) (seawater)
CT,base load generation,coal,coal_base_conv pul_retire_2023,2021,5,0.1,2.5,coal (conv pul) (seawater)
CT,intermediate generation,coal,coal_int_conv pul,2021,60,0.3,50,coal (conv pul) (seawater)
CT,intermediate generation,coal,coal_int_conv pul_retire_2023,2021,5,0.1,2.5,coal (conv pul) (seawater)
CT,peak generation,coal,coal_peak_conv pul,2021,60,0.3,50,coal (conv pul) (seawater)
CT,peak generation,coal,coal_peak_conv pul_retire_2023,2021,5,0.1,2.5,coal (conv pul) (seawater)
CT,subpeak generation,coal,coal_subpeak_conv pul,2021,60,0.3,50,coal (conv pul) (seawater)
CT,subpeak generation,coal,coal_subpeak_conv pul_retire_2023,2021,5,0.1,2.5,coal (conv pul) (seawater)
CT,base load generation,coal,coal_base_conv pul,2021,60,0.3,50,coal (conv pul) (once through)
CT,base load generation,coal,coal_base_conv pul,2021,60,0.3,50,coal (conv pul) (recirculating)
CT,base load generation,coal,coal_base_conv pul,2021,60,0.3,50,coal (conv pul) (cooling pond)
CT,base load generation,coal,coal_base_conv pul,2021,60,0.3,50,coal (conv pul) (dry cooling)
CT,base load generation,coal,coal_base_conv pul_retire_2023,2021,5,0.1,2.5,coal (conv pul) (once through)
CT,base load generation,coal,coal_base_conv pul_retire_2023,2021,5,0.1,2.5,coal (conv pul) (recirculating)
CT,base load generation,coal,coal_base_conv pul_retire_2023,2021,5,0.1,2.5,coal (conv pul) (cooling pond)
CT,base load generation,coal,coal_base_conv pul_retire_2023,2021,5,0.1,2.5,coal (conv pul) (dry cooling)
CT,intermediate generation,coal,coal_int_conv pul,2021,60,0.3,50,coal (conv pul) (once through)
CT,intermediate generation,coal,coal_int_conv pul,2021,60,0.3,50,coal (conv pul) (recirculating)
CT,intermediate generation,coal,coal_int_conv pul,2021,60,0.3,50,coal (conv pul) (cooling pond)
CT,intermediate generation,coal,coal_int_conv pul,2021,60,0.3,50,coal (conv pul) (dry cooling)
CT,intermediate generation,coal,coal_int_conv pul_retire_2023,2021,5,0.1,2.5,coal (conv pul) (once through)
CT,intermediate generation,coal,coal_int_conv pul_retire_2023,2021,5,0.1,2.5,coal (conv pul) (recirculating)
CT,intermediate generation,coal,coal_int_conv pul_retire_2023,2021,5,0.1,2.5,coal (conv pul) (cooling pond)
CT,intermediate generation,coal,coal_int_conv pul_retire_2023,2021,5,0.1,2.5,coal (conv pul) (dry cooling)
CT,peak generation,coal,coal_peak_conv pul,2021,60,0.3,50,coal (conv pul) (once through)
CT,peak generation,coal,coal_peak_conv pul,2021,60,0.3,50,coal (conv pul) (recirculating)
CT,peak generation,coal,coal_peak_conv pul,2021,60,0.3,50,coal (conv pul) (cooling pond)
CT,peak generation,coal,coal_peak_conv pul,2021,60,0.3,50,coal (conv pul) (dry cooling)
CT,peak generation,coal,coal_peak_conv pul_retire_2023,2021,5,0.1,2.5,coal (conv pul) (once through)
CT,peak generation,coal,coal_peak_conv pul_retire_2023,2021,5,0.1,2.5,coal (conv pul) (recirculating)
CT,peak generation,coal,coal_peak_conv pul_retire_2023,2021,5,0.1,2.5,coal (conv pul) (cooling pond)
CT,peak generation,coal,coal_peak_conv pul_retire_2023,2021,5,0.1,2.5,coal (conv pul) (dry cooling)
CT,subpeak generation,coal,coal_subpeak_conv pul,2021,60,0.3,50,coal (conv pul) (once through)
CT,subpeak generation,coal,coal_subpeak_conv pul,2021,60,0.3,50,coal (conv pul) (recirculating)
CT,subpeak generation,coal,coal_subpeak_conv pul,2021,60,0.3,50,coal (conv pul) (cooling pond)
CT,subpeak generation,coal,coal_subpeak_conv pul,2021,60,0.3,50,coal (conv pul) (dry cooling)
CT,subpeak generation,coal,coal_subpeak_conv pul_retire_2023,2021,5,0.1,2.5,coal (conv pul) (once through)
CT,subpeak generation,coal,coal_subpeak_conv pul_retire_2023,2021,5,0.1,2.5,coal (conv pul) (recirculating)
CT,subpeak generation,coal,coal_subpeak_conv pul_retire_2023,2021,5,0.1,2.5,coal (conv pul) (cooling pond)
CT,subpeak generation,coal,coal_subpeak_conv pul_retire_2023,2021,5,0.1,2.5,coal (conv pul) (dry cooling)
DC,base load generation,coal,coal_base_conv pul,2021,60,0.3,50,coal (conv pul) (once through)
DC,base load generation,coal,coal_base_conv pul,2021,60,0.3,50,coal (conv pul) (recirculating)
DC,base load generation,coal,coal_base_conv pul,2021,60,0.3,50,coal (conv pul) (cooling pond)
DC,base load generation,coal,coal_base_conv pul,2021,60,0.3,50,coal (conv pul) (dry cooling)
DC,base load generation,coal,coal_base_conv pul_retire_2023,2021,5,0.1,2.5,coal (conv pul) (once through)
DC,base load generation,coal,coal_base_conv pul_retire_2023,2021,5,0.1,2.5,coal (conv pul) (recirculating)
DC,base load generation,coal,coal_base_conv pul_retire_2023,2021,5,0.1,2.5,coal (conv pul) (cooling pond)
DC,base load generation,coal,coal_base_conv pul_retire_2023,2021,5,0.1,2.5,coal (conv pul) (dry cooling)
DC,intermediate generation,coal,coal_int_conv pul,2021,60,0.3,50,coal (conv pul) (once through)
DC,intermediate generation,coal,coal_int_conv pul,2021,60,0.3,50,coal (conv pul) (recirculating)
DC,intermediate generation,coal,coal_int_conv pul,2021,60,0.3,50,coal (conv pul) (cooling pond)
DC,intermediate generation,coal,coal_int_conv pul,2021,60,0.3,50,coal (conv pul) (dry cooling)
DC,intermediate generation,coal,coal_int_conv pul_retire_2023,2021,5,0.1,2.5,coal (conv pul) (once through)
DC,intermediate generation,coal,coal_int_conv pul_retire_2023,2021,5,0.1,2.5,coal (conv pul) (recirculating)
DC,intermediate generation,coal,coal_int_conv pul_retire_2023,2021,5,0.1,2.5,coal (conv pul) (cooling pond)
DC,intermediate generation,coal,coal_int_conv pul_retire_2023,2021,5,0.1,2.5,coal (conv pul) (dry cooling)
DC,peak generation,coal,coal_peak_conv pul,2021,60,0.3,50,coal (conv pul) (once through)
DC,peak generation,coal,coal_peak_conv pul,2021,60,0.3,50,coal (conv pul) (recirculating)
DC,peak generation,coal,coal_peak_conv pul,2021,60,0.3,50,coal (conv pul) (cooling pond)
DC,peak generation,coal,coal_peak_conv pul,2021,60,0.3,50,coal (conv pul) (dry cooling)
DC,peak generation,coal,coal_peak_conv pul_retire_2023,2021,5,0.1,2.5,coal (conv pul) (once through)
DC,peak generation,coal,coal_peak_conv pul_retire_2023,2021,5,0.1,2.5,coal (conv pul) (recirculating)
DC,peak generation,coal,coal_peak_conv pul_retire_2023,2021,5,0.1,2.5,coal (conv pul) (cooling pond)
DC,peak generation,coal,coal_peak_conv pul_retire_2023,2021,5,0.1,2.5,coal (conv pul) (dry cooling)
DC,subpeak generation,coal,coal_subpeak_conv pul,2021,60,0.3,50,coal (conv pul) (once through)
DC,subpeak generation,coal,coal_subpeak_conv pul,2021,60,0.3,50,coal (conv pul) (recirculating)
DC,subpeak generation,coal,coal_subpeak_conv pul,2021,60,0.3,50,coal (conv pul) (cooling pond)
DC,subpeak generation,coal,coal_subpeak_conv pul,2021,60,0.3,50,coal (conv pul) (dry cooling)
DC,subpeak generation,coal,coal_subpeak_conv pul_retire_2023,2021,5,0.1,2.5,coal (conv pul) (once through)
DC,subpeak generation,coal,coal_subpeak_conv pul_retire_2023,2021,5,0.1,2.5,coal (conv pul) (recirculating)
DC,subpeak generation,coal,coal_subpeak_conv pul_retire_2023,2021,5,0.1,2.5,coal (conv pul) (cooling pond)
DC,subpeak generation,coal,coal_subpeak_conv pul_retire_2023,2021,5,0.1,2.5,coal (conv pul) (dry cooling)
DE,base load generation,coal,coal_base_conv pul 1976-1980,2021,5,0.3,4,coal (conv pul) (seawater)
DE,intermediate generation,coal,coal_int_conv pul 1976-1980,2021,5,0.3,4,coal (conv pul) (seawater)
DE,base load generation,coal,coal_base_conv pul,2021,60,0.3,50,coal (conv pul) (seawater)
DE,base load generation,coal,coal_base_conv pul_retire_2023,2021,5,0.1,2.5,coal (conv pul) (seawater)
DE,intermediate generation,coal,coal_int_conv pul,2021,60,0.3,50,coal (conv pul) (seawater)
DE,intermediate generation,coal,coal_int_conv pul_retire_2023,2021,5,0.1,2.5,coal (conv pul) (seawater)
DE,peak generation,coal,coal_peak_conv pul,2021,60,0.3,50,coal (conv pul) (seawater)
DE,peak generation,coal,coal_peak_conv pul_retire_2023,2021,5,0.1,2.5,coal (conv pul) (seawater)
DE,subpeak generation,coal,coal_subpeak_conv pul,2021,60,0.3,50,coal (conv pul) (seawater)
DE,subpeak generation,coal,coal_subpeak_conv pul_retire_2023,2021,5,0.1,2.5,coal (conv pul) (seawater)
DE,base load generation,coal,coal_base_conv pul 1976-1980,2021,5,0.3,4,coal (conv pul) (once through)
DE,base load generation,coal,coal_base_conv pul 1976-1980,2021,5,0.3,4,coal (conv pul) (recirculating)
DE,base load generation,coal,coal_base_conv pul 1976-1980,2021,5,0.3,4,coal (conv pul) (cooling pond)
DE,base load generation,coal,coal_base_conv pul 1976-1980,2021,5,0.3,4,coal (conv pul) (dry cooling)
DE,intermediate generation,coal,coal_int_conv pul 1976-1980,2021,5,0.3,4,coal (conv pul) (once through)
DE,intermediate generation,coal,coal_int_conv pul 1976-1980,2021,5,0.3,4,coal (conv pul) (recirculating)
DE,intermediate generation,coal,coal_int_conv pul 1976-1980,2021,5,0.3,4,coal (conv pul) (cooling pond)
DE,intermediate generation,coal,coal_int_conv pul 1976-1980,2021,5,0.3,4,coal (conv pul) (dry cooling)
DE,base load generation,coal,coal_base_conv pul,2021,60,0.3,50,coal (conv pul) (once through)
DE,base load generation,coal,coal_base_conv pul,2021,60,0.3,50,coal (conv pul) (recirculating)
DE,base load generation,coal,coal_base_conv pul,2021,60,0.3,50,coal (conv pul) (cooling pond)
DE,base load generation,coal,coal_base_conv pul,2021,60,0.3,50,coal (conv pul) (dry cooling)
DE,base load generation,coal,coal_base_conv pul_retire_2023,2021,5,0.1,2.5,coal (conv pul) (once through)
DE,base load generation,coal,coal_base_conv pul_retire_2023,2021,5,0.1,2.5,coal (conv pul) (recirculating)
DE,base load generation,coal,coal_base_conv pul_retire_2023,2021,5,0.1,2.5,coal (conv pul) (cooling pond)
DE,base load generation,coal,coal_base_conv pul_retire_2023,2021,5,0.1,2.5,coal (conv pul) (dry cooling)
DE,intermediate generation,coal,coal_int_conv pul,2021,60,0.3,50,coal (conv pul) (once through)
DE,intermediate generation,coal,coal_int_conv pul,2021,60,0.3,50,coal (conv pul) (recirculating)
DE,intermediate generation,coal,coal_int_conv pul,2021,60,0.3,50,coal (conv pul) (cooling pond)
DE,intermediate generation,coal,coal_int_conv pul,2021,60,0.3,50,coal (conv pul) (dry cooling)
DE,intermediate generation,coal,coal_int_conv pul_retire_2023,2021,5,0.1,2.5,coal (conv pul) (once through)
DE,intermediate generation,coal,coal_int_conv pul_retire_2023,2021,5,0.1,2.5,coal (conv pul) (recirculating)
DE,intermediate generation,coal,coal_int_conv pul_retire_2023,2021,5,0.1,2.5,coal (conv pul) (cooling pond)
DE,intermediate generation,coal,coal_int_conv pul_retire_2023,2021,5,0.1,2.5,coal (conv pul) (dry cooling)
DE,peak generation,coal,coal_peak_conv pul,2021,60,0.3,50,coal (conv pul) (once through)
DE,peak generation,coal,coal_peak_conv pul,2021,60,0.3,50,coal (conv pul) (recirculating)
DE,peak generation,coal,coal_peak_conv pul,2021,60,0.3,50,coal (conv pul) (cooling pond)
DE,peak generation,coal,coal_peak_conv pul,2021,60,0.3,50,coal (conv pul) (dry cooling)
DE,peak generation,coal,coal_peak_conv pul_retire_2023,2021,5,0.1,2.5,coal (conv pul) (once through)
DE,peak generation,coal,coal_peak_conv pul_retire_2023,2021,5,0.1,2.5,coal (conv pul) (recirculating)
DE,peak generation,coal,coal_peak_conv pul_retire_2023,2021,5,0.1,2.5,coal (conv pul) (cooling pond)
DE,peak generation,coal,coal_peak_conv pul_retire_2023,2021,5,0.1,2.5,coal (conv pul) (dry cooling)
DE,subpeak generation,coal,coal_subpeak_conv pul,2021,60,0.3,50,coal (conv pul) (once through)
DE,subpeak generation,coal,coal_subpeak_conv pul,2021,60,0.3,50,coal (conv pul) (recirculating)
DE,subpeak generation,coal,coal_subpeak_conv pul,2021,60,0.3,50,coal (conv pul) (cooling pond)
DE,subpeak generation,coal,coal_subpeak_conv pul,2021,60,0.3,50,coal (conv pul) (dry cooling)
DE,subpeak generation,coal,coal_subpeak_conv pul_retire_2023,2021,5,0.1,2.5,coal (conv pul) (once through)
DE,subpeak generation,coal,coal_subpeak_conv pul_retire_2023,2021,5,0.1,2.5,coal (conv pul) (recirculating)
DE,subpeak generation,coal,coal_subpeak_conv pul_retire_2023,2021,5,0.1,2.5,coal (conv pul) (cooling pond)
DE,subpeak generation,coal,coal_subpeak_conv pul_retire_2023,2021,5,0.1,2.5,coal (conv pul) (dry cooling)
FL,base load generation,coal,coal_base_conv pul 1966-1970,2021,25,0.3,22,coal (conv pul) (seawater)
FL,intermediate generation,coal,coal_int_conv pul 1966-1970,2021,25,0.3,22,coal (conv pul) (seawater)
FL,base load generation,coal,coal_base_conv pul 1971-1975,2021,31,0.3,27,coal (conv pul) (seawater)
FL,intermediate generation,coal,coal_int_conv pul 1971-1975,2021,31,0.3,27,coal (conv pul) (seawater)
FL,base load generation,coal,coal_base_conv pul 1981-1985,2021,43,0.3,38,coal (conv pul) (seawater)
FL,intermediate generation,coal,coal_int_conv pul 1981-1985,2021,43,0.3,38,coal (conv pul) (seawater)
FL,base load generation,coal,coal_base_conv pul 1986-1990,2021,4,0.3,4,coal (conv pul) (seawater)
FL,intermediate generation,coal,coal_int_conv pul 1986-1990,2021,4,0.3,4,coal (conv pul) (seawater)
FL,base load generation,coal,coal_base_conv pul 1996-2000,2021,55,0.3,48,coal (conv pul) (seawater)
FL,intermediate generation,coal,coal_int_conv pul 1996-2000,2021,55,0.3,48,coal (conv pul) (seawater)
FL,base load generation,coal,coal_base_conv pul,2021,60,0.3,50,coal (conv pul) (seawater)
FL,base load generation,coal,coal_base_conv pul_retire_2023,2021,5,0.1,2.5,coal (conv pul) (seawater)
FL,intermediate generation,coal,coal_int_conv pul,2021,60,0.3,50,coal (conv pul) (seawater)
FL,intermediate generation,coal,coal_int_conv pul_retire_2023,2021,5,0.1,2.5,coal (conv pul) (seawater)
FL,peak generation,coal,coal_peak_conv pul,2021,60,0.3,50,coal (conv pul) (seawater)
FL,peak generation,coal,coal_peak_conv pul_retire_2023,2021,5,0.1,2.5,coal (conv pul) (seawater)
FL,subpeak generation,coal,coal_subpeak_conv pul,2021,60,0.3,50,coal (conv pul) (seawater)
FL,subpeak generation,coal,coal_subpeak_conv pul_retire_2023,2021,5,0.1,2.5,coal (conv pul) (seawater)
FL,base load generation,coal,coal_base_conv pul 1966-1970,2021,25,0.3,22,coal (conv pul) (once through)
FL,base load generation,coal,coal_base_conv pul 1966-1970,2021,25,0.3,22,coal (conv pul) (recirculating)
FL,base load generation,coal,coal_base_conv pul 1966-1970,2021,25,0.3,22,coal (conv pul) (cooling pond)
FL,base load generation,coal,coal_base_conv pul 1966-1970,2021,25,0.3,22,coal (conv pul) (dry cooling)
FL,intermediate generation,coal,coal_int_conv pul 1966-1970,2021,25,0.3,22,coal (conv pul) (once through)
FL,intermediate generation,coal,coal_int_conv pul 1966-1970,2021,25,0.3,22,coal (conv pul) (recirculating)
FL,intermediate generation,coal,coal_int_conv pul 1966-1970,2021,25,0.3,22,coal (conv pul) (cooling pond)
FL,intermediate generation,coal,coal_int_conv pul 1966-1970,2021,25,0.3,22,coal (conv pul) (dry cooling)
FL,base load generation,coal,coal_base_conv pul 1971-1975,2021,31,0.3,27,coal (conv pul) (once through)
FL,base load generation,coal,coal_base_conv pul 1971-1975,2021,31,0.3,27,coal (conv pul) (recirculating)
FL,base load generation,coal,coal_base_conv pul 1971-1975,2021,31,0.3,27,coal (conv pul) (cooling pond)
FL,base load generation,coal,coal_base_conv pul 1971-1975,2021,31,0.3,27,coal (conv pul) (dry cooling)
FL,intermediate generation,coal,coal_int_conv pul 1971-1975,2021,31,0.3,27,coal (conv pul) (once through)
FL,intermediate generation,coal,coal_int_conv pul 1971-1975,2021,31,0.3,27,coal (conv pul) (recirculating)
FL,intermediate generation,coal,coal_int_conv pul 1971-1975,2021,31,0.3,27,coal (conv pul) (cooling pond)
FL,intermediate generation,coal,coal_int_conv pul 1971-1975,2021,31,0.3,27,coal (conv pul) (dry cooling)
FL,base load generation,coal,coal_base_conv pul 1981-1985,2021,43,0.3,38,coal (conv pul) (once through)
FL,base load generation,coal,coal_base_conv pul 1981-1985,2021,43,0.3,38,coal (conv pul) (recirculating)
FL,base load generation,coal,coal_base_conv pul 1981-1985,2021,43,0.3,38,coal (conv pul) (cooling pond)
FL,base load generation,coal,coal_base_conv pul 1981-1985,2021,43,0.3,38,coal (conv pul) (dry cooling)
FL,intermediate generation,coal,coal_int_conv pul 1981-1985,2021,43,0.3,38,coal (conv pul) (once through)
FL,intermediate generation,coal,coal_int_conv pul 1981-1985,2021,43,0.3,38,coal (conv pul) (recirculating)
FL,intermediate generation,coal,coal_int_conv pul 1981-1985,2021,43,0.3,38,coal (conv pul) (cooling pond)
FL,intermediate generation,coal,coal_int_conv pul 1981-1985,2021,43,0.3,38,coal (conv pul) (dry cooling)
FL,base load generation,coal,coal_base_conv pul 1986-1990,2021,4,0.3,4,coal (conv pul) (once through)
FL,base load generation,coal,coal_base_conv pul 1986-1990,2021,4,0.3,4,coal (conv pul) (recirculating)
FL,base load generation,coal,coal_base_conv pul 1986-1990,2021,4,0.3,4,coal (conv pul) (cooling pond)
FL,base load generation,coal,coal_base_conv pul 1986-1990,2021,4,0.3,4,coal (conv pul) (dry cooling)
FL,intermediate generation,coal,coal_int_conv pul 1986-1990,2021,4,0.3,4,coal (conv pul) (once through)
FL,intermediate generation,coal,coal_int_conv pul 1986-1990,2021,4,0.3,4,coal (conv pul) (recirculating)
FL,intermediate generation,coal,coal_int_conv pul 1986-1990,2021,4,0.3,4,coal (conv pul) (cooling pond)
FL,intermediate generation,coal,coal_int_conv pul 1986-1990,2021,4,0.3,4,coal (conv pul) (dry cooling)
FL,base load generation,coal,coal_base_conv pul 1996-2000,2021,55,0.3,48,coal (conv pul) (once through)
FL,base load generation,coal,coal_base_conv pul 1996-2000,2021,55,0.3,48,coal (conv pul) (recirculating)
FL,base load generation,coal,coal_base_conv pul 1996-2000,2021,55,0.3,48,coal (conv pul) (cooling pond)
FL,base load generation,coal,coal_base_conv pul 1996-2000,2021,55,0.3,48,coal (conv pul) (dry cooling)
FL,intermediate generation,coal,coal_int_conv pul 1996-2000,2021,55,0.3,48,coal (conv pul) (once through)
FL,intermediate generation,coal,coal_int_conv pul 1996-2000,2021,55,0.3,48,coal (conv pul) (recirculating)
FL,intermediate generation,coal,coal_int_conv pul 1996-2000,2021,55,0.3,48,coal (conv pul) (cooling pond)
FL,intermediate generation,coal,coal_int_conv pul 1996-2000,2021,55,0.3,48,coal (conv pul) (dry cooling)
FL,base load generation,coal,coal_base_conv pul,2021,60,0.3,50,coal (conv pul) (once through)
FL,base load generation,coal,coal_base_conv pul,2021,60,0.3,50,coal (conv pul) (recirculating)
FL,base load generation,coal,coal_base_conv pul,2021,60,0.3,50,coal (conv pul) (cooling pond)
FL,base load generation,coal,coal_base_conv pul,2021,60,0.3,50,coal (conv pul) (dry cooling)
FL,base load generation,coal,coal_base_conv pul_retire_2023,2021,5,0.1,2.5,coal (conv pul) (once through)
FL,base load generation,coal,coal_base_conv pul_retire_2023,2021,5,0.1,2.5,coal (conv pul) (recirculating)
FL,base load generation,coal,coal_base_conv pul_retire_2023,2021,5,0.1,2.5,coal (conv pul) (cooling pond)
FL,base load generation,coal,coal_base_conv pul_retire_2023,2021,5,0.1,2.5,coal (conv pul) (dry cooling)
FL,intermediate generation,coal,coal_int_conv pul,2021,60,0.3,50,coal (conv pul) (once through)
FL,intermediate generation,coal,coal_int_conv pul,2021,60,0.3,50,coal (conv pul) (recirculating)
FL,intermediate generation,coal,coal_int_conv pul,2021,60,0.3,50,coal (conv pul) (cooling pond)
FL,intermediate generation,coal,coal_int_conv pul,2021,60,0.3,50,coal (conv pul) (dry cooling)
FL,intermediate generation,coal,coal_int_conv pul_retire_2023,2021,5,0.1,2.5,coal (conv pul) (once through)
FL,intermediate generation,coal,coal_int_conv pul_retire_2023,2021,5,0.1,2.5,coal (conv pul) (recirculating)
FL,intermediate generation,coal,coal_int_conv pul_retire_2023,2021,5,0.1,2.5,coal (conv pul) (cooling pond)
FL,intermediate generation,coal,coal_int_conv pul_retire_2023,2021,5,0.1,2.5,coal (conv pul) (dry cooling)
FL,peak generation,coal,coal_peak_conv pul,2021,60,0.3,50,coal (conv pul) (once through)
FL,peak generation,coal,coal_peak_conv pul,2021,60,0.3,50,coal (conv pul) (recirculating)
FL,peak generation,coal,coal_peak_conv pul,2021,60,0.3,50,coal (conv pul) (cooling pond)
FL,peak generation,coal,coal_peak_conv pul,2021,60,0.3,50,coal (conv pul) (dry cooling)
FL,peak generation,coal,coal_peak_conv pul_retire_2023,2021,5,0.1,2.5,coal (conv pul) (once through)
FL,peak generation,coal,coal_peak_conv pul_retire_2023,2021,5,0.1,2.5,coal (conv pul) (recirculating)
FL,peak generation,coal,coal_peak_conv pul_retire_2023,2021,5,0.1,2.5,coal (conv pul) (cooling pond)
FL,peak generation,coal,coal_peak_conv pul_retire_2023,2021,5,0.1,2.5,coal (conv pul) (dry cooling)
FL,subpeak generation,coal,coal_subpeak_conv pul,2021,60,0.3,50,coal (conv pul) (once through)
FL,subpeak generation,coal,coal_subpeak_conv pul,2021,60,0.3,50,coal (conv pul) (recirculating)
FL,subpeak generation,coal,coal_subpeak_conv pul,2021,60,0.3,50,coal (conv pul) (cooling pond)
FL,subpeak generation,coal,coal_subpeak_conv pul,2021,60,0.3,50,coal (conv pul) (dry cooling)
FL,subpeak generation,coal,coal_subpeak_conv pul_retire_2023,2021,5,0.1,2.5,coal (conv pul) (once through)
FL,subpeak generation,coal,coal_subpeak_conv pul_retire_2023,2021,5,0.1,2.5,coal (conv pul) (recirculating)
FL,subpeak generation,coal,coal_subpeak_conv pul_retire_2023,2021,5,0.1,2.5,coal (conv pul) (cooling pond)
FL,subpeak generation,coal,coal_subpeak_conv pul_retire_2023,2021,5,0.1,2.5,coal (conv pul) (dry cooling)
GA,base load generation,coal,coal_base_conv pul 1971-1975,2021,32,0.3,28,coal (conv pul) (seawater)
GA,intermediate generation,coal,coal_int_conv pul 1971-1975,2021,32,0.3,28,coal (conv pul) (seawater)
GA,base load generation,coal,coal_base_conv pul 1981-1985,2021,42,0.3,37,coal (conv pul) (seawater)
GA,intermediate generation,coal,coal_int_conv pul 1981-1985,2021,42,0.3,37,coal (conv pul) (seawater)
GA,base load generation,coal,coal_base_conv pul 1986-1990,2021,46,0.3,40,coal (conv pul) (seawater)
GA,intermediate generation,coal,coal_int_conv pul 1986-1990,2021,46,0.3,40,coal (conv pul) (seawater)
GA,base load generation,coal,coal_base_conv pul,2021,60,0.3,50,coal (conv pul) (seawater)
GA,base load generation,coal,coal_base_conv pul_retire_2023,2021,5,0.1,2.5,coal (conv pul) (seawater)
GA,intermediate generation,coal,coal_int_conv pul,2021,60,0.3,50,coal (conv pul) (seawater)
GA,intermediate generation,coal,coal_int_conv pul_retire_2023,2021,5,0.1,2.5,coal (conv pul) (seawater)
GA,peak generation,coal,coal_peak_conv pul,2021,60,0.3,50,coal (conv pul) (seawater)
GA,peak generation,coal,coal_peak_conv pul_retire_2023,2021,5,0.1,2.5,coal (conv pul) (seawater)
GA,subpeak generation,coal,coal_subpeak_conv pul,2021,60,0.3,50,coal (conv pul) (seawater)
GA,subpeak generation,coal,coal_subpeak_conv pul_retire_2023,2021,5,0.1,2.5,coal (conv pul) (seawater)
GA,base load generation,coal,coal_base_conv pul 1971-1975,2021,32,0.3,28,coal (conv pul) (once through)
GA,base load generation,coal,coal_base_conv pul 1971-1975,2021,32,0.3,28,coal (conv pul) (recirculating)
GA,base load generation,coal,coal_base_conv pul 1971-1975,2021,32,0.3,28,coal (conv pul) (cooling pond)
GA,base load generation,coal,coal_base_conv pul 1971-1975,2021,32,0.3,28,coal (conv pul) (dry cooling)
GA,intermediate generation,coal,coal_int_conv pul 1971-1975,2021,32,0.3,28,coal (conv pul) (once through)
GA,intermediate generation,coal,coal_int_conv pul 1971-1975,2021,32,0.3,28,coal (conv pul) (recirculating)
GA,intermediate generation,coal,coal_int_conv pul 1971-1975,2021,32,0.3,28,coal (conv pul) (cooling pond)
GA,intermediate generation,coal,coal_int_conv pul 1971-1975,2021,32,0.3,28,coal (conv pul) (dry cooling)
GA,base load generation,coal,coal_base_conv pul 1981-1985,2021,42,0.3,37,coal (conv pul) (once through)
GA,base load generation,coal,coal_base_conv pul 1981-1985,2021,42,0.3,37,coal (conv pul) (recirculating)
GA,base load generation,coal,coal_base_conv pul 1981-1985,2021,42,0.3,37,coal (conv pul) (cooling pond)
GA,base load generation,coal,coal_base_conv pul 1981-1985,2021,42,0.3,37,coal (conv pul) (dry cooling)
GA,intermediate generation,coal,coal_int_conv pul 1981-1985,2021,42,0.3,37,coal (conv pul) (once through)
GA,intermediate generation,coal,coal_int_conv pul 1981-1985,2021,42,0.3,37,coal (conv pul) (recirculating)
GA,intermediate generation,coal,coal_int_conv pul 1981-1985,2021,42,0.3,37,coal (conv pul) (cooling pond)
GA,intermediate generation,coal,coal_int_conv pul 1981-1985,2021,42,0.3,37,coal (conv pul) (dry cooling)
GA,base load generation,coal,coal_base_conv pul 1986-1990,2021,46,0.3,40,coal (conv pul) (once through)
GA,base load generation,coal,coal_base_conv pul 1986-1990,2021,46,0.3,40,coal (conv pul) (recirculating)
GA,base load generation,coal,coal_base_conv pul 1986-1990,2021,46,0.3,40,coal (conv pul) (cooling pond)
GA,base load generation,coal,coal_base_conv pul 1986-1990,2021,46,0.3,40,coal (conv pul) (dry cooling)
GA,intermediate generation,coal,coal_int_conv pul 1986-1990,2021,46,0.3,40,coal (conv pul) (once through)
GA,intermediate generation,coal,coal_int_conv pul 1986-1990,2021,46,0.3,40,coal (conv pul) (recirculating)
GA,intermediate generation,coal,coal_int_conv pul 1986-1990,2021,46,0.3,40,coal (conv pul) (cooling pond)
GA,intermediate generation,coal,coal_int_conv pul 1986-1990,2021,46,0.3,40,coal (conv pul) (dry cooling)
GA,base load generation,coal,coal_base_conv pul,2021,60,0.3,50,coal (conv pul) (once through)
GA,base load generation,coal,coal_base_conv pul,2021,60,0.3,50,coal (conv pul) (recirculating)
GA,base load generation,coal,coal_base_conv pul,2021,60,0.3,50,coal (conv pul) (cooling pond)
GA,base load generation,coal,coal_base_conv pul,2021,60,0.3,50,coal (conv pul) (dry cooling)
GA,base load generation,coal,coal_base_conv pul_retire_2023,2021,5,0.1,2.5,coal (conv pul) (once through)
GA,base load generation,coal,coal_base_conv pul_retire_2023,2021,5,0.1,2.5,coal (conv pul) (recirculating)
GA,base load generation,coal,coal_base_conv pul_retire_2023,2021,5,0.1,2.5,coal (conv pul) (cooling pond)
GA,base load generation,coal,coal_base_conv pul_retire_2023,2021,5,0.1,2.5,coal (conv pul) (dry cooling)
GA,intermediate generation,coal,coal_int_conv pul,2021,60,0.3,50,coal (conv pul) (once through)
GA,intermediate generation,coal,coal_int_conv pul,2021,60,0.3,50,coal (conv pul) (recirculating)
GA,intermediate generation,coal,coal_int_conv pul,2021,60,0.3,50,coal (conv pul) (cooling pond)
GA,intermediate generation,coal,coal_int_conv pul,2021,60,0.3,50,coal (conv pul) (dry cooling)
GA,intermediate generation,coal,coal_int_conv pul_retire_2023,2021,5,0.1,2.5,coal (conv pul) (once through)
GA,intermediate generation,coal,coal_int_conv pul_retire_2023,2021,5,0.1,2.5,coal (conv pul) (recirculating)
GA,intermediate generation,coal,coal_int_conv pul_retire_2023,2021,5,0.1,2.5,coal (conv pul) (cooling pond)
GA,intermediate generation,coal,coal_int_conv pul_retire_2023,2021,5,0.1,2.5,coal (conv pul) (dry cooling)
GA,peak generation,coal,coal_peak_conv pul,2021,60,0.3,50,coal (conv pul) (once through)
GA,peak generation,coal,coal_peak_conv pul,2021,60,0.3,50,coal (conv pul) (recirculating)
GA,peak generation,coal,coal_peak_conv pul,2021,60,0.3,50,coal (conv pul) (cooling pond)
GA,peak generation,coal,coal_peak_conv pul,2021,60,0.3,50,coal (conv pul) (dry cooling)
GA,peak generation,coal,coal_peak_conv pul_retire_2023,2021,5,0.1,2.5,coal (conv pul) (once through)
GA,peak generation,coal,coal_peak_conv pul_retire_2023,2021,5,0.1,2.5,coal (conv pul) (recirculating)
GA,peak generation,coal,coal_peak_conv pul_retire_2023,2021,5,0.1,2.5,coal (conv pul) (cooling pond)
GA,peak generation,coal,coal_peak_conv pul_retire_2023,2021,5,0.1,2.5,coal (conv pul) (dry cooling)
GA,subpeak generation,coal,coal_subpeak_conv pul,2021,60,0.3,50,coal (conv pul) (once through)
GA,subpeak generation,coal,coal_subpeak_conv pul,2021,60,0.3,50,coal (conv pul) (recirculating)
GA,subpeak generation,coal,coal_subpeak_conv pul,2021,60,0.3,50,coal (conv pul) (cooling pond)
GA,subpeak generation,coal,coal_subpeak_conv pul,2021,60,0.3,50,coal (conv pul) (dry cooling)
GA,subpeak generation,coal,coal_subpeak_conv pul_retire_2023,2021,5,0.1,2.5,coal (conv pul) (once through)
GA,subpeak generation,coal,coal_subpeak_conv pul_retire_2023,2021,5,0.1,2.5,coal (conv pul) (recirculating)
GA,subpeak generation,coal,coal_subpeak_conv pul_retire_2023,2021,5,0.1,2.5,coal (conv pul) (cooling pond)
GA,subpeak generation,coal,coal_subpeak_conv pul_retire_2023,2021,5,0.1,2.5,coal (conv pul) (dry cooling)
HI,base load generation,coal,coal_base_conv pul,2021,60,0.3,50,coal (conv pul) (seawater)
HI,base load generation,coal,coal_base_conv pul_retire_2023,2021,5,0.1,2.5,coal (conv pul) (seawater)
HI,intermediate generation,coal,coal_int_conv pul,2021,60,0.3,50,coal (conv pul) (seawater)
HI,intermediate generation,coal,coal_int_conv pul_retire_2023,2021,5,0.1,2.5,coal (conv pul) (seawater)
HI,peak generation,coal,coal_peak_conv pul,2021,60,0.3,50,coal (conv pul) (seawater)
HI,peak generation,coal,coal_peak_conv pul_retire_2023,2021,5,0.1,2.5,coal (conv pul) (seawater)
HI,subpeak generation,coal,coal_subpeak_conv pul,2021,60,0.3,50,coal (conv pul) (seawater)
HI,subpeak generation,coal,coal_subpeak_conv pul_retire_2023,2021,5,0.1,2.5,coal (conv pul) (seawater)
HI,base load generation,coal,coal_base_conv pul,2021,60,0.3,50,coal (conv pul) (once through)
HI,base load generation,coal,coal_base_conv pul,2021,60,0.3,50,coal (conv pul) (recirculating)
HI,base load generation,coal,coal_base_conv pul,2021,60,0.3,50,coal (conv pul) (cooling pond)
HI,base load generation,coal,coal_base_conv pul,2021,60,0.3,50,coal (conv pul) (dry cooling)
HI,base load generation,coal,coal_base_conv pul_retire_2023,2021,5,0.1,2.5,coal (conv pul) (once through)
HI,base load generation,coal,coal_base_conv pul_retire_2023,2021,5,0.1,2.5,coal (conv pul) (recirculating)
HI,base load generation,coal,coal_base_conv pul_retire_2023,2021,5,0.1,2.5,coal (conv pul) (cooling pond)
HI,base load generation,coal,coal_base_conv pul_retire_2023,2021,5,0.1,2.5,coal (conv pul) (dry cooling)
HI,intermediate generation,coal,coal_int_conv pul,2021,60,0.3,50,coal (conv pul) (once through)
HI,intermediate generation,coal,coal_int_conv pul,2021,60,0.3,50,coal (conv pul) (recirculating)
HI,intermediate generation,coal,coal_int_conv pul,2021,60,0.3,50,coal (conv pul) (cooling pond)
HI,intermediate generation,coal,coal_int_conv pul,2021,60,0.3,50,coal (conv pul) (dry cooling)
HI,intermediate generation,coal,coal_int_conv pul_retire_2023,2021,5,0.1,2.5,coal (conv pul) (once through)
HI,intermediate generation,coal,coal_int_conv pul_retire_2023,2021,5,0.1,2.5,coal (conv pul) (recirculating)
HI,intermediate generation,coal,coal_int_conv pul_retire_2023,2021,5,0.1,2.5,coal (conv pul) (cooling pond)
HI,intermediate generation,coal,coal_int_conv pul_retire_2023,2021,5,0.1,2.5,coal (conv pul) (dry cooling)
HI,peak generation,coal,coal_peak_conv pul,2021,60,0.3,50,coal (conv pul) (once through)
HI,peak generation,coal,coal_peak_conv pul,2021,60,0.3,50,coal (conv pul) (recirculating)
HI,peak generation,coal,coal_peak_conv pul,2021,60,0.3,50,coal (conv pul) (cooling pond)
HI,peak generation,coal,coal_peak_conv pul,2021,60,0.3,50,coal (conv pul) (dry cooling)
HI,peak generation,coal,coal_peak_conv pul_retire_2023,2021,5,0.1,2.5,coal (conv pul) (once through)
HI,peak generation,coal,coal_peak_conv pul_retire_2023,2021,5,0.1,2.5,coal (conv pul) (recirculating)
HI,peak generation,coal,coal_peak_conv pul_retire_2023,2021,5,0.1,2.5,coal (conv pul) (cooling pond)
HI,peak generation,coal,coal_peak_conv pul_retire_2023,2021,5,0.1,2.5,coal (conv pul) (dry cooling)
HI,subpeak generation,coal,coal_subpeak_conv pul,2021,60,0.3,50,coal (conv pul) (once through)
HI,subpeak generation,coal,coal_subpeak_conv pul,2021,60,0.3,50,coal (conv pul) (recirculating)
HI,subpeak generation,coal,coal_subpeak_conv pul,2021,60,0.3,50,coal (conv pul) (cooling pond)
HI,subpeak generation,coal,coal_subpeak_conv pul,2021,60,0.3,50,coal (conv pul) (dry cooling)
HI,subpeak generation,coal,coal_subpeak_conv pul_retire_2023,2021,5,0.1,2.5,coal (conv pul) (once through)
HI,subpeak generation,coal,coal_subpeak_conv pul_retire_2023,2021,5,0.1,2.5,coal (conv pul) (recirculating)
HI,subpeak generation,coal,coal_subpeak_conv pul_retire_2023,2021,5,0.1,2.5,coal (conv pul) (cooling pond)
HI,subpeak generation,coal,coal_subpeak_conv pul_retire_2023,2021,5,0.1,2.5,coal (conv pul) (dry cooling)
IA,base load generation,coal,coal_base_conv pul 1956-1960,2021,17,0.3,15,coal (conv pul) (once through)
IA,base load generation,coal,coal_base_conv pul 1956-1960,2021,17,0.3,15,coal (conv pul) (recirculating)
IA,base load generation,coal,coal_base_conv pul 1956-1960,2021,17,0.3,15,coal (conv pul) (cooling pond)
IA,base load generation,coal,coal_base_conv pul 1956-1960,2021,17,0.3,15,coal (conv pul) (dry cooling)
IA,intermediate generation,coal,coal_int_conv pul 1956-1960,2021,17,0.3,15,coal (conv pul) (once through)
IA,intermediate generation,coal,coal_int_conv pul 1956-1960,2021,17,0.3,15,coal (conv pul) (recirculating)
IA,intermediate generation,coal,coal_int_conv pul 1956-1960,2021,17,0.3,15,coal (conv pul) (cooling pond)
IA,intermediate generation,coal,coal_int_conv pul 1956-1960,2021,17,0.3,15,coal (conv pul) (dry cooling)
IA,base load generation,coal,coal_base_conv pul 1966-1970,2021,28,0.3,24,coal (conv pul) (once through)
IA,base load generation,coal,coal_base_conv pul 1966-1970,2021,28,0.3,24,coal (conv pul) (recirculating)
IA,base load generation,coal,coal_base_conv pul 1966-1970,2021,28,0.3,24,coal (conv pul) (cooling pond)
IA,base load generation,coal,coal_base_conv pul 1966-1970,2021,28,0.3,24,coal (conv pul) (dry cooling)
IA,intermediate generation,coal,coal_int_conv pul 1966-1970,2021,28,0.3,24,coal (conv pul) (once through)
IA,intermediate generation,coal,coal_int_conv pul 1966-1970,2021,28,0.3,24,coal (conv pul) (recirculating)
IA,intermediate generation,coal,coal_int_conv pul 1966-1970,2021,28,0.3,24,coal (conv pul) (cooling pond)
IA,intermediate generation,coal,coal_int_conv pul 1966-1970,2021,28,0.3,24,coal (conv pul) (dry cooling)
IA,base load generation,coal,coal_base_conv pul 1971-1975,2021,34,0.3,30,coal (conv pul) (once through)
IA,base load generation,coal,coal_base_conv pul 1971-1975,2021,34,0.3,30,coal (conv pul) (recirculating)
IA,base load generation,coal,coal_base_conv pul 1971-1975,2021,34,0.3,30,coal (conv pul) (cooling pond)
IA,base load generation,coal,coal_base_conv pul 1971-1975,2021,34,0.3,30,coal (conv pul) (dry cooling)
IA,intermediate generation,coal,coal_int_conv pul 1971-1975,2021,34,0.3,30,coal (conv pul) (once through)
IA,intermediate generation,coal,coal_int_conv pul 1971-1975,2021,34,0.3,30,coal (conv pul) (recirculating)
IA,intermediate generation,coal,coal_int_conv pul 1971-1975,2021,34,0.3,30,coal (conv pul) (cooling pond)
IA,intermediate generation,coal,coal_int_conv pul 1971-1975,2021,34,0.3,30,coal (conv pul) (dry cooling)
IA,base load generation,coal,coal_base_conv pul 1976-1980,2021,37,0.3,32,coal (conv pul) (once through)
IA,base load generation,coal,coal_base_conv pul 1976-1980,2021,37,0.3,32,coal (conv pul) (recirculating)
IA,base load generation,coal,coal_base_conv pul 1976-1980,2021,37,0.3,32,coal (conv pul) (cooling pond)
IA,base load generation,coal,coal_base_conv pul 1976-1980,2021,37,0.3,32,coal (conv pul) (dry cooling)
IA,intermediate generation,coal,coal_int_conv pul 1976-1980,2021,37,0.3,32,coal (conv pul) (once through)
IA,intermediate generation,coal,coal_int_conv pul 1976-1980,2021,37,0.3,32,coal (conv pul) (recirculating)
IA,intermediate generation,coal,coal_int_conv pul 1976-1980,2021,37,0.3,32,coal (conv pul) (cooling pond)
IA,intermediate generation,coal,coal_int_conv pul 1976-1980,2021,37,0.3,32,coal (conv pul) (dry cooling)
IA,base load generation,coal,coal_base_conv pul 1981-1985,2021,41,0.3,36,coal (conv pul) (once through)
IA,base load generation,coal,coal_base_conv pul 1981-1985,2021,41,0.3,36,coal (conv pul) (recirculating)
IA,base load generation,coal,coal_base_conv pul 1981-1985,2021,41,0.3,36,coal (conv pul) (cooling pond)
IA,base load generation,coal,coal_base_conv pul 1981-1985,2021,41,0.3,36,coal (conv pul) (dry cooling)
IA,intermediate generation,coal,coal_int_conv pul 1981-1985,2021,41,0.3,36,coal (conv pul) (once through)
IA,intermediate generation,coal,coal_int_conv pul 1981-1985,2021,41,0.3,36,coal (conv pul) (recirculating)
IA,intermediate generation,coal,coal_int_conv pul 1981-1985,2021,41,0.3,36,coal (conv pul) (cooling pond)
IA,intermediate generation,coal,coal_int_conv pul 1981-1985,2021,41,0.3,36,coal (conv pul) (dry cooling)
IA,base load generation,coal,coal_base_conv pul 1986-1990,2021,47,0.3,41,coal (conv pul) (once through)
IA,base load generation,coal,coal_base_conv pul 1986-1990,2021,47,0.3,41,coal (conv pul) (recirculating)
IA,base load generation,coal,coal_base_conv pul 1986-1990,2021,47,0.3,41,coal (conv pul) (cooling pond)
IA,base load generation,coal,coal_base_conv pul 1986-1990,2021,47,0.3,41,coal (conv pul) (dry cooling)
IA,intermediate generation,coal,coal_int_conv pul 1986-1990,2021,47,0.3,41,coal (conv pul) (once through)
IA,intermediate generation,coal,coal_int_conv pul 1986-1990,2021,47,0.3,41,coal (conv pul) (recirculating)
IA,intermediate generation,coal,coal_int_conv pul 1986-1990,2021,47,0.3,41,coal (conv pul) (cooling pond)
IA,intermediate generation,coal,coal_int_conv pul 1986-1990,2021,47,0.3,41,coal (conv pul) (dry cooling)
IA,base load generation,coal,coal_base_conv pul 1991-1995,2021,54,0.3,47,coal (conv pul) (once through)
IA,base load generation,coal,coal_base_conv pul 1991-1995,2021,54,0.3,47,coal (conv pul) (recirculating)
IA,base load generation,coal,coal_base_conv pul 1991-1995,2021,54,0.3,47,coal (conv pul) (cooling pond)
IA,base load generation,coal,coal_base_conv pul 1991-1995,2021,54,0.3,47,coal (conv pul) (dry cooling)
IA,intermediate generation,coal,coal_int_conv pul 1991-1995,2021,54,0.3,47,coal (conv pul) (once through)
IA,intermediate generation,coal,coal_int_conv pul 1991-1995,2021,54,0.3,47,coal (conv pul) (recirculating)
IA,intermediate generation,coal,coal_int_conv pul 1991-1995,2021,54,0.3,47,coal (conv pul) (cooling pond)
IA,intermediate generation,coal,coal_int_conv pul 1991-1995,2021,54,0.3,47,coal (conv pul) (dry cooling)
IA,base load generation,coal,coal_base_conv pul 1996-2000,2021,51,0.3,45,coal (conv pul) (once through)
IA,base load generation,coal,coal_base_conv pul 1996-2000,2021,51,0.3,45,coal (conv pul) (recirculating)
IA,base load generation,coal,coal_base_conv pul 1996-2000,2021,51,0.3,45,coal (conv pul) (cooling pond)
IA,base load generation,coal,coal_base_conv pul 1996-2000,2021,51,0.3,45,coal (conv pul) (dry cooling)
IA,intermediate generation,coal,coal_int_conv pul 1996-2000,2021,51,0.3,45,coal (conv pul) (once through)
IA,intermediate generation,coal,coal_int_conv pul 1996-2000,2021,51,0.3,45,coal (conv pul) (recirculating)
IA,intermediate generation,coal,coal_int_conv pul 1996-2000,2021,51,0.3,45,coal (conv pul) (cooling pond)
IA,intermediate generation,coal,coal_int_conv pul 1996-2000,2021,51,0.3,45,coal (conv pul) (dry cooling)
IA,base load generation,coal,coal_base_conv pul 2006-2010,2021,66,0.3,58,coal (conv pul) (once through)
IA,base load generation,coal,coal_base_conv pul 2006-2010,2021,66,0.3,58,coal (conv pul) (recirculating)
IA,base load generation,coal,coal_base_conv pul 2006-2010,2021,66,0.3,58,coal (conv pul) (cooling pond)
IA,base load generation,coal,coal_base_conv pul 2006-2010,2021,66,0.3,58,coal (conv pul) (dry cooling)
IA,intermediate generation,coal,coal_int_conv pul 2006-2010,2021,66,0.3,58,coal (conv pul) (once through)
IA,intermediate generation,coal,coal_int_conv pul 2006-2010,2021,66,0.3,58,coal (conv pul) (recirculating)
IA,intermediate generation,coal,coal_int_conv pul 2006-2010,2021,66,0.3,58,coal (conv pul) (cooling pond)
IA,intermediate generation,coal,coal_int_conv pul 2006-2010,2021,66,0.3,58,coal (conv pul) (dry cooling)
IA,base load generation,coal,coal_base_conv pul,2021,60,0.3,50,coal (conv pul) (once through)
IA,base load generation,coal,coal_base_conv pul,2021,60,0.3,50,coal (conv pul) (recirculating)
IA,base load generation,coal,coal_base_conv pul,2021,60,0.3,50,coal (conv pul) (cooling pond)
IA,base load generation,coal,coal_base_conv pul,2021,60,0.3,50,coal (conv pul) (dry cooling)
IA,base load generation,coal,coal_base_conv pul_retire_2023,2021,5,0.1,2.5,coal (conv pul) (once through)
IA,base load generation,coal,coal_base_conv pul_retire_2023,2021,5,0.1,2.5,coal (conv pul) (recirculating)
IA,base load generation,coal,coal_base_conv pul_retire_2023,2021,5,0.1,2.5,coal (conv pul) (cooling pond)
IA,base load generation,coal,coal_base_conv pul_retire_2023,2021,5,0.1,2.5,coal (conv pul) (dry cooling)
IA,intermediate generation,coal,coal_int_conv pul,2021,60,0.3,50,coal (conv pul) (once through)
IA,intermediate generation,coal,coal_int_conv pul,2021,60,0.3,50,coal (conv pul) (recirculating)
IA,intermediate generation,coal,coal_int_conv pul,2021,60,0.3,50,coal (conv pul) (cooling pond)
IA,intermediate generation,coal,coal_int_conv pul,2021,60,0.3,50,coal (conv pul) (dry cooling)
IA,intermediate generation,coal,coal_int_conv pul_retire_2023,2021,5,0.1,2.5,coal (conv pul) (once through)
IA,intermediate generation,coal,coal_int_conv pul_retire_2023,2021,5,0.1,2.5,coal (conv pul) (recirculating)
IA,intermediate generation,coal,coal_int_conv pul_retire_2023,2021,5,0.1,2.5,coal (conv pul) (cooling pond)
IA,intermediate generation,coal,coal_int_conv pul_retire_2023,2021,5,0.1,2.5,coal (conv pul) (dry cooling)
IA,peak generation,coal,coal_peak_conv pul,2021,60,0.3,50,coal (conv pul) (once through)
IA,peak generation,coal,coal_peak_conv pul,2021,60,0.3,50,coal (conv pul) (recirculating)
IA,peak generation,coal,coal_peak_conv pul,2021,60,0.3,50,coal (conv pul) (cooling pond)
IA,peak generation,coal,coal_peak_conv pul,2021,60,0.3,50,coal (conv pul) (dry cooling)
IA,peak generation,coal,coal_peak_conv pul_retire_2023,2021,5,0.1,2.5,coal (conv pul) (once through)
IA,peak generation,coal,coal_peak_conv pul_retire_2023,2021,5,0.1,2.5,coal (conv pul) (recirculating)
IA,peak generation,coal,coal_peak_conv pul_retire_2023,2021,5,0.1,2.5,coal (conv pul) (cooling pond)
IA,peak generation,coal,coal_peak_conv pul_retire_2023,2021,5,0.1,2.5,coal (conv pul) (dry cooling)
IA,subpeak generation,coal,coal_subpeak_conv pul,2021,60,0.3,50,coal (conv pul) (once through)
IA,subpeak generation,coal,coal_subpeak_conv pul,2021,60,0.3,50,coal (conv pul) (recirculating)
IA,subpeak generation,coal,coal_subpeak_conv pul,2021,60,0.3,50,coal (conv pul) (cooling pond)
IA,subpeak generation,coal,coal_subpeak_conv pul,2021,60,0.3,50,coal (conv pul) (dry cooling)
IA,subpeak generation,coal,coal_subpeak_conv pul_retire_2023,2021,5,0.1,2.5,coal (conv pul) (once through)
IA,subpeak generation,coal,coal_subpeak_conv pul_retire_2023,2021,5,0.1,2.5,coal (conv pul) (recirculating)
IA,subpeak generation,coal,coal_subpeak_conv pul_retire_2023,2021,5,0.1,2.5,coal (conv pul) (cooling pond)
IA,subpeak generation,coal,coal_subpeak_conv pul_retire_2023,2021,5,0.1,2.5,coal (conv pul) (dry cooling)
ID,base load generation,coal,coal_base_conv pul,2021,60,0.3,50,coal (conv pul) (once through)
ID,base load generation,coal,coal_base_conv pul,2021,60,0.3,50,coal (conv pul) (recirculating)
ID,base load generation,coal,coal_base_conv pul,2021,60,0.3,50,coal (conv pul) (cooling pond)
ID,base load generation,coal,coal_base_conv pul,2021,60,0.3,50,coal (conv pul) (dry cooling)
ID,base load generation,coal,coal_base_conv pul_retire_2023,2021,5,0.1,2.5,coal (conv pul) (once through)
ID,base load generation,coal,coal_base_conv pul_retire_2023,2021,5,0.1,2.5,coal (conv pul) (recirculating)
ID,base load generation,coal,coal_base_conv pul_retire_2023,2021,5,0.1,2.5,coal (conv pul) (cooling pond)
ID,base load generation,coal,coal_base_conv pul_retire_2023,2021,5,0.1,2.5,coal (conv pul) (dry cooling)
ID,intermediate generation,coal,coal_int_conv pul,2021,60,0.3,50,coal (conv pul) (once through)
ID,intermediate generation,coal,coal_int_conv pul,2021,60,0.3,50,coal (conv pul) (recirculating)
ID,intermediate generation,coal,coal_int_conv pul,2021,60,0.3,50,coal (conv pul) (cooling pond)
ID,intermediate generation,coal,coal_int_conv pul,2021,60,0.3,50,coal (conv pul) (dry cooling)
ID,intermediate generation,coal,coal_int_conv pul_retire_2023,2021,5,0.1,2.5,coal (conv pul) (once through)
ID,intermediate generation,coal,coal_int_conv pul_retire_2023,2021,5,0.1,2.5,coal (conv pul) (recirculating)
ID,intermediate generation,coal,coal_int_conv pul_retire_2023,2021,5,0.1,2.5,coal (conv pul) (cooling pond)
ID,intermediate generation,coal,coal_int_conv pul_retire_2023,2021,5,0.1,2.5,coal (conv pul) (dry cooling)
ID,peak generation,coal,coal_peak_conv pul,2021,60,0.3,50,coal (conv pul) (once through)
ID,peak generation,coal,coal_peak_conv pul,2021,60,0.3,50,coal (conv pul) (recirculating)
ID,peak generation,coal,coal_peak_conv pul,2021,60,0.3,50,coal (conv pul) (cooling pond)
ID,peak generation,coal,coal_peak_conv pul,2021,60,0.3,50,coal (conv pul) (dry cooling)
ID,peak generation,coal,coal_peak_conv pul_retire_2023,2021,5,0.1,2.5,coal (conv pul) (once through)
ID,peak generation,coal,coal_peak_conv pul_retire_2023,2021,5,0.1,2.5,coal (conv pul) (recirculating)
ID,peak generation,coal,coal_peak_conv pul_retire_2023,2021,5,0.1,2.5,coal (conv pul) (cooling pond)
ID,peak generation,coal,coal_peak_conv pul_retire_2023,2021,5,0.1,2.5,coal (conv pul) (dry cooling)
ID,subpeak generation,coal,coal_subpeak_conv pul,2021,60,0.3,50,coal (conv pul) (once through)
ID,subpeak generation,coal,coal_subpeak_conv pul,2021,60,0.3,50,coal (conv pul) (recirculating)
ID,subpeak generation,coal,coal_subpeak_conv pul,2021,60,0.3,50,coal (conv pul) (cooling pond)
ID,subpeak generation,coal,coal_subpeak_conv pul,2021,60,0.3,50,coal (conv pul) (dry cooling)
ID,subpeak generation,coal,coal_subpeak_conv pul_retire_2023,2021,5,0.1,2.5,coal (conv pul) (once through)
ID,subpeak generation,coal,coal_subpeak_conv pul_retire_2023,2021,5,0.1,2.5,coal (conv pul) (recirculating)
ID,subpeak generation,coal,coal_subpeak_conv pul_retire_2023,2021,5,0.1,2.5,coal (conv pul) (cooling pond)
ID,subpeak generation,coal,coal_subpeak_conv pul_retire_2023,2021,5,0.1,2.5,coal (conv pul) (dry cooling)
IL,base load generation,coal,coal_base_conv pul 1961-1965,2021,22,0.3,19,coal (conv pul) (once through)
IL,base load generation,coal,coal_base_conv pul 1961-1965,2021,22,0.3,19,coal (conv pul) (recirculating)
IL,base load generation,coal,coal_base_conv pul 1961-1965,2021,22,0.3,19,coal (conv pul) (cooling pond)
IL,base load generation,coal,coal_base_conv pul 1961-1965,2021,22,0.3,19,coal (conv pul) (dry cooling)
IL,intermediate generation,coal,coal_int_conv pul 1961-1965,2021,22,0.3,19,coal (conv pul) (once through)
IL,intermediate generation,coal,coal_int_conv pul 1961-1965,2021,22,0.3,19,coal (conv pul) (recirculating)
IL,intermediate generation,coal,coal_int_conv pul 1961-1965,2021,22,0.3,19,coal (conv pul) (cooling pond)
IL,intermediate generation,coal,coal_int_conv pul 1961-1965,2021,22,0.3,19,coal (conv pul) (dry cooling)
IL,base load generation,coal,coal_base_conv pul 1966-1970,2021,5,0.3,4,coal (conv pul) (once through)
IL,base load generation,coal,coal_base_conv pul 1966-1970,2021,5,0.3,4,coal (conv pul) (recirculating)
IL,base load generation,coal,coal_base_conv pul 1966-1970,2021,5,0.3,4,coal (conv pul) (cooling pond)
IL,base load generation,coal,coal_base_conv pul 1966-1970,2021,5,0.3,4,coal (conv pul) (dry cooling)
IL,intermediate generation,coal,coal_int_conv pul 1966-1970,2021,5,0.3,4,coal (conv pul) (once through)
IL,intermediate generation,coal,coal_int_conv pul 1966-1970,2021,5,0.3,4,coal (conv pul) (recirculating)
IL,intermediate generation,coal,coal_int_conv pul 1966-1970,2021,5,0.3,4,coal (conv pul) (cooling pond)
IL,intermediate generation,coal,coal_int_conv pul 1966-1970,2021,5,0.3,4,coal (conv pul) (dry cooling)
IL,base load generation,coal,coal_base_conv pul 1971-1975,2021,25,0.3,22,coal (conv pul) (once through)
IL,base load generation,coal,coal_base_conv pul 1971-1975,2021,25,0.3,22,coal (conv pul) (recirculating)
IL,base load generation,coal,coal_base_conv pul 1971-1975,2021,25,0.3,22,coal (conv pul) (cooling pond)
IL,base load generation,coal,coal_base_conv pul 1971-1975,2021,25,0.3,22,coal (conv pul) (dry cooling)
IL,intermediate generation,coal,coal_int_conv pul 1971-1975,2021,25,0.3,22,coal (conv pul) (once through)
IL,intermediate generation,coal,coal_int_conv pul 1971-1975,2021,25,0.3,22,coal (conv pul) (recirculating)
IL,intermediate generation,coal,coal_int_conv pul 1971-1975,2021,25,0.3,22,coal (conv pul) (cooling pond)
IL,intermediate generation,coal,coal_int_conv pul 1971-1975,2021,25,0.3,22,coal (conv pul) (dry cooling)
IL,base load generation,coal,coal_base_conv pul 1976-1980,2021,5,0.3,4,coal (conv pul) (once through)
IL,base load generation,coal,coal_base_conv pul 1976-1980,2021,5,0.3,4,coal (conv pul) (recirculating)
IL,base load generation,coal,coal_base_conv pul 1976-1980,2021,5,0.3,4,coal (conv pul) (cooling pond)
IL,base load generation,coal,coal_base_conv pul 1976-1980,2021,5,0.3,4,coal (conv pul) (dry cooling)
IL,intermediate generation,coal,coal_int_conv pul 1976-1980,2021,5,0.3,4,coal (conv pul) (once through)
IL,intermediate generation,coal,coal_int_conv pul 1976-1980,2021,5,0.3,4,coal (conv pul) (recirculating)
IL,intermediate generation,coal,coal_int_conv pul 1976-1980,2021,5,0.3,4,coal (conv pul) (cooling pond)
IL,intermediate generation,coal,coal_int_conv pul 1976-1980,2021,5,0.3,4,coal (conv pul) (dry cooling)
IL,base load generation,coal,coal_base_conv pul 1986-1990,2021,46,0.3,40,coal (conv pul) (once through)
IL,base load generation,coal,coal_base_conv pul 1986-1990,2021,46,0.3,40,coal (conv pul) (recirculating)
IL,base load generation,coal,coal_base_conv pul 1986-1990,2021,46,0.3,40,coal (conv pul) (cooling pond)
IL,base load generation,coal,coal_base_conv pul 1986-1990,2021,46,0.3,40,coal (conv pul) (dry cooling)
IL,intermediate generation,coal,coal_int_conv pul 1986-1990,2021,46,0.3,40,coal (conv pul) (once through)
IL,intermediate generation,coal,coal_int_conv pul 1986-1990,2021,46,0.3,40,coal (conv pul) (recirculating)
IL,intermediate generation,coal,coal_int_conv pul 1986-1990,2021,46,0.3,40,coal (conv pul) (cooling pond)
IL,intermediate generation,coal,coal_int_conv pul 1986-1990,2021,46,0.3,40,coal (conv pul) (dry cooling)
IL,base load generation,coal,coal_base_conv pul 1991-1995,2021,53,0.3,46,coal (conv pul) (once through)
IL,base load generation,coal,coal_base_conv pul 1991-1995,2021,53,0.3,46,coal (conv pul) (recirculating)
IL,base load generation,coal,coal_base_conv pul 1991-1995,2021,53,0.3,46,coal (conv pul) (cooling pond)
IL,base load generation,coal,coal_base_conv pul 1991-1995,2021,53,0.3,46,coal (conv pul) (dry cooling)
IL,intermediate generation,coal,coal_int_conv pul 1991-1995,2021,53,0.3,46,coal (conv pul) (once through)
IL,intermediate generation,coal,coal_int_conv pul 1991-1995,2021,53,0.3,46,coal (conv pul) (recirculating)
IL,intermediate generation,coal,coal_int_conv pul 1991-1995,2021,53,0.3,46,coal (conv pul) (cooling pond)
IL,intermediate generation,coal,coal_int_conv pul 1991-1995,2021,53,0.3,46,coal (conv pul) (dry cooling)
IL,base load generation,coal,coal_base_conv pul 1996-2000,2021,56,0.3,49,coal (conv pul) (once through)
IL,base load generation,coal,coal_base_conv pul 1996-2000,2021,56,0.3,49,coal (conv pul) (recirculating)
IL,base load generation,coal,coal_base_conv pul 1996-2000,2021,56,0.3,49,coal (conv pul) (cooling pond)
IL,base load generation,coal,coal_base_conv pul 1996-2000,2021,56,0.3,49,coal (conv pul) (dry cooling)
IL,intermediate generation,coal,coal_int_conv pul 1996-2000,2021,56,0.3,49,coal (conv pul) (once through)
IL,intermediate generation,coal,coal_int_conv pul 1996-2000,2021,56,0.3,49,coal (conv pul) (recirculating)
IL,intermediate generation,coal,coal_int_conv pul 1996-2000,2021,56,0.3,49,coal (conv pul) (cooling pond)
IL,intermediate generation,coal,coal_int_conv pul 1996-2000,2021,56,0.3,49,coal (conv pul) (dry cooling)
IL,base load generation,coal,coal_base_conv pul 2001-2005,2021,64,0.3,56,coal (conv pul) (once through)
IL,base load generation,coal,coal_base_conv pul 2001-2005,2021,64,0.3,56,coal (conv pul) (recirculating)
IL,base load generation,coal,coal_base_conv pul 2001-2005,2021,64,0.3,56,coal (conv pul) (cooling pond)
IL,base load generation,coal,coal_base_conv pul 2001-2005,2021,64,0.3,56,coal (conv pul) (dry cooling)
IL,intermediate generation,coal,coal_int_conv pul 2001-2005,2021,64,0.3,56,coal (conv pul) (once through)
IL,intermediate generation,coal,coal_int_conv pul 2001-2005,2021,64,0.3,56,coal (conv pul) (recirculating)
IL,intermediate generation,coal,coal_int_conv pul 2001-2005,2021,64,0.3,56,coal (conv pul) (cooling pond)
IL,intermediate generation,coal,coal_int_conv pul 2001-2005,2021,64,0.3,56,coal (conv pul) (dry cooling)
IL,base load generation,coal,coal_base_conv pul 2006-2010,2021,68,0.3,60,coal (conv pul) (once through)
IL,base load generation,coal,coal_base_conv pul 2006-2010,2021,68,0.3,60,coal (conv pul) (recirculating)
IL,base load generation,coal,coal_base_conv pul 2006-2010,2021,68,0.3,60,coal (conv pul) (cooling pond)
IL,base load generation,coal,coal_base_conv pul 2006-2010,2021,68,0.3,60,coal (conv pul) (dry cooling)
IL,intermediate generation,coal,coal_int_conv pul 2006-2010,2021,68,0.3,60,coal (conv pul) (once through)
IL,intermediate generation,coal,coal_int_conv pul 2006-2010,2021,68,0.3,60,coal (conv pul) (recirculating)
IL,intermediate generation,coal,coal_int_conv pul 2006-2010,2021,68,0.3,60,coal (conv pul) (cooling pond)
IL,intermediate generation,coal,coal_int_conv pul 2006-2010,2021,68,0.3,60,coal (conv pul) (dry cooling)
IL,base load generation,coal,coal_base_conv pul 2011-2015,2021,71,0.3,62,coal (conv pul) (once through)
IL,base load generation,coal,coal_base_conv pul 2011-2015,2021,71,0.3,62,coal (conv pul) (recirculating)
IL,base load generation,coal,coal_base_conv pul 2011-2015,2021,71,0.3,62,coal (conv pul) (cooling pond)
IL,base load generation,coal,coal_base_conv pul 2011-2015,2021,71,0.3,62,coal (conv pul) (dry cooling)
IL,intermediate generation,coal,coal_int_conv pul 2011-2015,2021,71,0.3,62,coal (conv pul) (once through)
IL,intermediate generation,coal,coal_int_conv pul 2011-2015,2021,71,0.3,62,coal (conv pul) (recirculating)
IL,intermediate generation,coal,coal_int_conv pul 2011-2015,2021,71,0.3,62,coal (conv pul) (cooling pond)
IL,intermediate generation,coal,coal_int_conv pul 2011-2015,2021,71,0.3,62,coal (conv pul) (dry cooling)
IL,base load generation,coal,coal_base_conv pul,2021,60,0.3,50,coal (conv pul) (once through)
IL,base load generation,coal,coal_base_conv pul,2021,60,0.3,50,coal (conv pul) (recirculating)
IL,base load generation,coal,coal_base_conv pul,2021,60,0.3,50,coal (conv pul) (cooling pond)
IL,base load generation,coal,coal_base_conv pul,2021,60,0.3,50,coal (conv pul) (dry cooling)
IL,base load generation,coal,coal_base_conv pul_retire_2023,2021,5,0.1,2.5,coal (conv pul) (once through)
IL,base load generation,coal,coal_base_conv pul_retire_2023,2021,5,0.1,2.5,coal (conv pul) (recirculating)
IL,base load generation,coal,coal_base_conv pul_retire_2023,2021,5,0.1,2.5,coal (conv pul) (cooling pond)
IL,base load generation,coal,coal_base_conv pul_retire_2023,2021,5,0.1,2.5,coal (conv pul) (dry cooling)
IL,intermediate generation,coal,coal_int_conv pul,2021,60,0.3,50,coal (conv pul) (once through)
IL,intermediate generation,coal,coal_int_conv pul,2021,60,0.3,50,coal (conv pul) (recirculating)
IL,intermediate generation,coal,coal_int_conv pul,2021,60,0.3,50,coal (conv pul) (cooling pond)
IL,intermediate generation,coal,coal_int_conv pul,2021,60,0.3,50,coal (conv pul) (dry cooling)
IL,intermediate generation,coal,coal_int_conv pul_retire_2023,2021,5,0.1,2.5,coal (conv pul) (once through)
IL,intermediate generation,coal,coal_int_conv pul_retire_2023,2021,5,0.1,2.5,coal (conv pul) (recirculating)
IL,intermediate generation,coal,coal_int_conv pul_retire_2023,2021,5,0.1,2.5,coal (conv pul) (cooling pond)
IL,intermediate generation,coal,coal_int_conv pul_retire_2023,2021,5,0.1,2.5,coal (conv pul) (dry cooling)
IL,peak generation,coal,coal_peak_conv pul,2021,60,0.3,50,coal (conv pul) (once through)
IL,peak generation,coal,coal_peak_conv pul,2021,60,0.3,50,coal (conv pul) (recirculating)
IL,peak generation,coal,coal_peak_conv pul,2021,60,0.3,50,coal (conv pul) (cooling pond)
IL,peak generation,coal,coal_peak_conv pul,2021,60,0.3,50,coal (conv pul) (dry cooling)
IL,peak generation,coal,coal_peak_conv pul_retire_2023,2021,5,0.1,2.5,coal (conv pul) (once through)
IL,peak generation,coal,coal_peak_conv pul_retire_2023,2021,5,0.1,2.5,coal (conv pul) (recirculating)
IL,peak generation,coal,coal_peak_conv pul_retire_2023,2021,5,0.1,2.5,coal (conv pul) (cooling pond)
IL,peak generation,coal,coal_peak_conv pul_retire_2023,2021,5,0.1,2.5,coal (conv pul) (dry cooling)
IL,subpeak generation,coal,coal_subpeak_conv pul,2021,60,0.3,50,coal (conv pul) (once through)
IL,subpeak generation,coal,coal_subpeak_conv pul,2021,60,0.3,50,coal (conv pul) (recirculating)
IL,subpeak generation,coal,coal_subpeak_conv pul,2021,60,0.3,50,coal (conv pul) (cooling pond)
IL,subpeak generation,coal,coal_subpeak_conv pul,2021,60,0.3,50,coal (conv pul) (dry cooling)
IL,subpeak generation,coal,coal_subpeak_conv pul_retire_2023,2021,5,0.1,2.5,coal (conv pul) (once through)
IL,subpeak generation,coal,coal_subpeak_conv pul_retire_2023,2021,5,0.1,2.5,coal (conv pul) (recirculating)
IL,subpeak generation,coal,coal_subpeak_conv pul_retire_2023,2021,5,0.1,2.5,coal (conv pul) (cooling pond)
IL,subpeak generation,coal,coal_subpeak_conv pul_retire_2023,2021,5,0.1,2.5,coal (conv pul) (dry cooling)
IN,base load generation,coal,coal_base_conv pul 1951-1955,2021,14,0.3,12,coal (conv pul) (once through)
IN,base load generation,coal,coal_base_conv pul 1951-1955,2021,14,0.3,12,coal (conv pul) (recirculating)
IN,base load generation,coal,coal_base_conv pul 1951-1955,2021,14,0.3,12,coal (conv pul) (cooling pond)
IN,base load generation,coal,coal_base_conv pul 1951-1955,2021,14,0.3,12,coal (conv pul) (dry cooling)
IN,intermediate generation,coal,coal_int_conv pul 1951-1955,2021,14,0.3,12,coal (conv pul) (once through)
IN,intermediate generation,coal,coal_int_conv pul 1951-1955,2021,14,0.3,12,coal (conv pul) (recirculating)
IN,intermediate generation,coal,coal_int_conv pul 1951-1955,2021,14,0.3,12,coal (conv pul) (cooling pond)
IN,intermediate generation,coal,coal_int_conv pul 1951-1955,2021,14,0.3,12,coal (conv pul) (dry cooling)
IN,base load generation,coal,coal_base_conv pul 1956-1960,2021,17,0.3,15,coal (conv pul) (once through)
IN,base load generation,coal,coal_base_conv pul 1956-1960,2021,17,0.3,15,coal (conv pul) (recirculating)
IN,base load generation,coal,coal_base_conv pul 1956-1960,2021,17,0.3,15,coal (conv pul) (cooling pond)
IN,base load generation,coal,coal_base_conv pul 1956-1960,2021,17,0.3,15,coal (conv pul) (dry cooling)
IN,intermediate generation,coal,coal_int_conv pul 1956-1960,2021,17,0.3,15,coal (conv pul) (once through)
IN,intermediate generation,coal,coal_int_conv pul 1956-1960,2021,17,0.3,15,coal (conv pul) (recirculating)
IN,intermediate generation,coal,coal_int_conv pul 1956-1960,2021,17,0.3,15,coal (conv pul) (cooling pond)
IN,intermediate generation,coal,coal_int_conv pul 1956-1960,2021,17,0.3,15,coal (conv pul) (dry cooling)
IN,base load generation,coal,coal_base_conv pul 1961-1965,2021,23,0.3,20,coal (conv pul) (once through)
IN,base load generation,coal,coal_base_conv pul 1961-1965,2021,23,0.3,20,coal (conv pul) (recirculating)
IN,base load generation,coal,coal_base_conv pul 1961-1965,2021,23,0.3,20,coal (conv pul) (cooling pond)
IN,base load generation,coal,coal_base_conv pul 1961-1965,2021,23,0.3,20,coal (conv pul) (dry cooling)
IN,intermediate generation,coal,coal_int_conv pul 1961-1965,2021,23,0.3,20,coal (conv pul) (once through)
IN,intermediate generation,coal,coal_int_conv pul 1961-1965,2021,23,0.3,20,coal (conv pul) (recirculating)
IN,intermediate generation,coal,coal_int_conv pul 1961-1965,2021,23,0.3,20,coal (conv pul) (cooling pond)
IN,intermediate generation,coal,coal_int_conv pul 1961-1965,2021,23,0.3,20,coal (conv pul) (dry cooling)
IN,base load generation,coal,coal_base_conv pul 1966-1970,2021,26,0.3,23,coal (conv pul) (once through)
IN,base load generation,coal,coal_base_conv pul 1966-1970,2021,26,0.3,23,coal (conv pul) (recirculating)
IN,base load generation,coal,coal_base_conv pul 1966-1970,2021,26,0.3,23,coal (conv pul) (cooling pond)
IN,base load generation,coal,coal_base_conv pul 1966-1970,2021,26,0.3,23,coal (conv pul) (dry cooling)
IN,intermediate generation,coal,coal_int_conv pul 1966-1970,2021,26,0.3,23,coal (conv pul) (once through)
IN,intermediate generation,coal,coal_int_conv pul 1966-1970,2021,26,0.3,23,coal (conv pul) (recirculating)
IN,intermediate generation,coal,coal_int_conv pul 1966-1970,2021,26,0.3,23,coal (conv pul) (cooling pond)
IN,intermediate generation,coal,coal_int_conv pul 1966-1970,2021,26,0.3,23,coal (conv pul) (dry cooling)
IN,base load generation,coal,coal_base_conv pul 1971-1975,2021,26,0.3,23,coal (conv pul) (once through)
IN,base load generation,coal,coal_base_conv pul 1971-1975,2021,26,0.3,23,coal (conv pul) (recirculating)
IN,base load generation,coal,coal_base_conv pul 1971-1975,2021,26,0.3,23,coal (conv pul) (cooling pond)
IN,base load generation,coal,coal_base_conv pul 1971-1975,2021,26,0.3,23,coal (conv pul) (dry cooling)
IN,intermediate generation,coal,coal_int_conv pul 1971-1975,2021,26,0.3,23,coal (conv pul) (once through)
IN,intermediate generation,coal,coal_int_conv pul 1971-1975,2021,26,0.3,23,coal (conv pul) (recirculating)
IN,intermediate generation,coal,coal_int_conv pul 1971-1975,2021,26,0.3,23,coal (conv pul) (cooling pond)
IN,intermediate generation,coal,coal_int_conv pul 1971-1975,2021,26,0.3,23,coal (conv pul) (dry cooling)
IN,base load generation,coal,coal_base_conv pul 1976-1980,2021,36,0.3,32,coal (conv pul) (once through)
IN,base load generation,coal,coal_base_conv pul 1976-1980,2021,36,0.3,32,coal (conv pul) (recirculating)
IN,base load generation,coal,coal_base_conv pul 1976-1980,2021,36,0.3,32,coal (conv pul) (cooling pond)
IN,base load generation,coal,coal_base_conv pul 1976-1980,2021,36,0.3,32,coal (conv pul) (dry cooling)
IN,intermediate generation,coal,coal_int_conv pul 1976-1980,2021,36,0.3,32,coal (conv pul) (once through)
IN,intermediate generation,coal,coal_int_conv pul 1976-1980,2021,36,0.3,32,coal (conv pul) (recirculating)
IN,intermediate generation,coal,coal_int_conv pul 1976-1980,2021,36,0.3,32,coal (conv pul) (cooling pond)
IN,intermediate generation,coal,coal_int_conv pul 1976-1980,2021,36,0.3,32,coal (conv pul) (dry cooling)
IN,base load generation,coal,coal_base_conv pul 1981-1985,2021,24,0.3,21,coal (conv pul) (once through)
IN,base load generation,coal,coal_base_conv pul 1981-1985,2021,24,0.3,21,coal (conv pul) (recirculating)
IN,base load generation,coal,coal_base_conv pul 1981-1985,2021,24,0.3,21,coal (conv pul) (cooling pond)
IN,base load generation,coal,coal_base_conv pul 1981-1985,2021,24,0.3,21,coal (conv pul) (dry cooling)
IN,intermediate generation,coal,coal_int_conv pul 1981-1985,2021,24,0.3,21,coal (conv pul) (once through)
IN,intermediate generation,coal,coal_int_conv pul 1981-1985,2021,24,0.3,21,coal (conv pul) (recirculating)
IN,intermediate generation,coal,coal_int_conv pul 1981-1985,2021,24,0.3,21,coal (conv pul) (cooling pond)
IN,intermediate generation,coal,coal_int_conv pul 1981-1985,2021,24,0.3,21,coal (conv pul) (dry cooling)
IN,base load generation,coal,coal_base_conv pul 1986-1990,2021,17,0.3,15,coal (conv pul) (once through)
IN,base load generation,coal,coal_base_conv pul 1986-1990,2021,17,0.3,15,coal (conv pul) (recirculating)
IN,base load generation,coal,coal_base_conv pul 1986-1990,2021,17,0.3,15,coal (conv pul) (cooling pond)
IN,base load generation,coal,coal_base_conv pul 1986-1990,2021,17,0.3,15,coal (conv pul) (dry cooling)
IN,intermediate generation,coal,coal_int_conv pul 1986-1990,2021,17,0.3,15,coal (conv pul) (once through)
IN,intermediate generation,coal,coal_int_conv pul 1986-1990,2021,17,0.3,15,coal (conv pul) (recirculating)
IN,intermediate generation,coal,coal_int_conv pul 1986-1990,2021,17,0.3,15,coal (conv pul) (cooling pond)
IN,intermediate generation,coal,coal_int_conv pul 1986-1990,2021,17,0.3,15,coal (conv pul) (dry cooling)
IN,base load generation,coal,coal_base_conv pul 2011-2015,2021,72,0.3,63,coal (conv pul) (once through)
IN,base load generation,coal,coal_base_conv pul 2011-2015,2021,72,0.3,63,coal (conv pul) (recirculating)
IN,base load generation,coal,coal_base_conv pul 2011-2015,2021,72,0.3,63,coal (conv pul) (cooling pond)
IN,base load generation,coal,coal_base_conv pul 2011-2015,2021,72,0.3,63,coal (conv pul) (dry cooling)
IN,intermediate generation,coal,coal_int_conv pul 2011-2015,2021,72,0.3,63,coal (conv pul) (once through)
IN,intermediate generation,coal,coal_int_conv pul 2011-2015,2021,72,0.3,63,coal (conv pul) (recirculating)
IN,intermediate generation,coal,coal_int_conv pul 2011-2015,2021,72,0.3,63,coal (conv pul) (cooling pond)
IN,intermediate generation,coal,coal_int_conv pul 2011-2015,2021,72,0.3,63,coal (conv pul) (dry cooling)
IN,base load generation,coal,coal_base_conv pul,2021,60,0.3,50,coal (conv pul) (once through)
IN,base load generation,coal,coal_base_conv pul,2021,60,0.3,50,coal (conv pul) (recirculating)
IN,base load generation,coal,coal_base_conv pul,2021,60,0.3,50,coal (conv pul) (cooling pond)
IN,base load generation,coal,coal_base_conv pul,2021,60,0.3,50,coal (conv pul) (dry cooling)
IN,base load generation,coal,coal_base_conv pul_retire_2023,2021,5,0.1,2.5,coal (conv pul) (once through)
IN,base load generation,coal,coal_base_conv pul_retire_2023,2021,5,0.1,2.5,coal (conv pul) (recirculating)
IN,base load generation,coal,coal_base_conv pul_retire_2023,2021,5,0.1,2.5,coal (conv pul) (cooling pond)
IN,base load generation,coal,coal_base_conv pul_retire_2023,2021,5,0.1,2.5,coal (conv pul) (dry cooling)
IN,intermediate generation,coal,coal_int_conv pul,2021,60,0.3,50,coal (conv pul) (once through)
IN,intermediate generation,coal,coal_int_conv pul,2021,60,0.3,50,coal (conv pul) (recirculating)
IN,intermediate generation,coal,coal_int_conv pul,2021,60,0.3,50,coal (conv pul) (cooling pond)
IN,intermediate generation,coal,coal_int_conv pul,2021,60,0.3,50,coal (conv pul) (dry cooling)
IN,intermediate generation,coal,coal_int_conv pul_retire_2023,2021,5,0.1,2.5,coal (conv pul) (once through)
IN,intermediate generation,coal,coal_int_conv pul_retire_2023,2021,5,0.1,2.5,coal (conv pul) (recirculating)
IN,intermediate generation,coal,coal_int_conv pul_retire_2023,2021,5,0.1,2.5,coal (conv pul) (cooling pond)
IN,intermediate generation,coal,coal_int_conv pul_retire_2023,2021,5,0.1,2.5,coal (conv pul) (dry cooling)
IN,peak generation,coal,coal_peak_conv pul,2021,60,0.3,50,coal (conv pul) (once through)
IN,peak generation,coal,coal_peak_conv pul,2021,60,0.3,50,coal (conv pul) (recirculating)
IN,peak generation,coal,coal_peak_conv pul,2021,60,0.3,50,coal (conv pul) (cooling pond)
IN,peak generation,coal,coal_peak_conv pul,2021,60,0.3,50,coal (conv pul) (dry cooling)
IN,peak generation,coal,coal_peak_conv pul_retire_2023,2021,5,0.1,2.5,coal (conv pul) (once through)
IN,peak generation,coal,coal_peak_conv pul_retire_2023,2021,5,0.1,2.5,coal (conv pul) (recirculating)
IN,peak generation,coal,coal_peak_conv pul_retire_2023,2021,5,0.1,2.5,coal (conv pul) (cooling pond)
IN,peak generation,coal,coal_peak_conv pul_retire_2023,2021,5,0.1,2.5,coal (conv pul) (dry cooling)
IN,subpeak generation,coal,coal_subpeak_conv pul,2021,60,0.3,50,coal (conv pul) (once through)
IN,subpeak generation,coal,coal_subpeak_conv pul,2021,60,0.3,50,coal (conv pul) (recirculating)
IN,subpeak generation,coal,coal_subpeak_conv pul,2021,60,0.3,50,coal (conv pul) (cooling pond)
IN,subpeak generation,coal,coal_subpeak_conv pul,2021,60,0.3,50,coal (conv pul) (dry cooling)
IN,subpeak generation,coal,coal_subpeak_conv pul_retire_2023,2021,5,0.1,2.5,coal (conv pul) (once through)
IN,subpeak generation,coal,coal_subpeak_conv pul_retire_2023,2021,5,0.1,2.5,coal (conv pul) (recirculating)
IN,subpeak generation,coal,coal_subpeak_conv pul_retire_2023,2021,5,0.1,2.5,coal (conv pul) (cooling pond)
IN,subpeak generation,coal,coal_subpeak_conv pul_retire_2023,2021,5,0.1,2.5,coal (conv pul) (dry cooling)
KS,base load generation,coal,coal_base_conv pul 1956-1960,2021,19,0.3,17,coal (conv pul) (once through)
KS,base load generation,coal,coal_base_conv pul 1956-1960,2021,19,0.3,17,coal (conv pul) (recirculating)
KS,base load generation,coal,coal_base_conv pul 1956-1960,2021,19,0.3,17,coal (conv pul) (cooling pond)
KS,base load generation,coal,coal_base_conv pul 1956-1960,2021,19,0.3,17,coal (conv pul) (dry cooling)
KS,intermediate generation,coal,coal_int_conv pul 1956-1960,2021,19,0.3,17,coal (conv pul) (once through)
KS,intermediate generation,coal,coal_int_conv pul 1956-1960,2021,19,0.3,17,coal (conv pul) (recirculating)
KS,intermediate generation,coal,coal_int_conv pul 1956-1960,2021,19,0.3,17,coal (conv pul) (cooling pond)
KS,intermediate generation,coal,coal_int_conv pul 1956-1960,2021,19,0.3,17,coal (conv pul) (dry cooling)
KS,base load generation,coal,coal_base_conv pul 1971-1975,2021,31,0.3,27,coal (conv pul) (once through)
KS,base load generation,coal,coal_base_conv pul 1971-1975,2021,31,0.3,27,coal (conv pul) (recirculating)
KS,base load generation,coal,coal_base_conv pul 1971-1975,2021,31,0.3,27,coal (conv pul) (cooling pond)
KS,base load generation,coal,coal_base_conv pul 1971-1975,2021,31,0.3,27,coal (conv pul) (dry cooling)
KS,intermediate generation,coal,coal_int_conv pul 1971-1975,2021,31,0.3,27,coal (conv pul) (once through)
KS,intermediate generation,coal,coal_int_conv pul 1971-1975,2021,31,0.3,27,coal (conv pul) (recirculating)
KS,intermediate generation,coal,coal_int_conv pul 1971-1975,2021,31,0.3,27,coal (conv pul) (cooling pond)
KS,intermediate generation,coal,coal_int_conv pul 1971-1975,2021,31,0.3,27,coal (conv pul) (dry cooling)
KS,base load generation,coal,coal_base_conv pul 1976-1980,2021,37,0.3,32,coal (conv pul) (once through)
KS,base load generation,coal,coal_base_conv pul 1976-1980,2021,37,0.3,32,coal (conv pul) (recirculating)
KS,base load generation,coal,coal_base_conv pul 1976-1980,2021,37,0.3,32,coal (conv pul) (cooling pond)
KS,base load generation,coal,coal_base_conv pul 1976-1980,2021,37,0.3,32,coal (conv pul) (dry cooling)
KS,intermediate generation,coal,coal_int_conv pul 1976-1980,2021,37,0.3,32,coal (conv pul) (once through)
KS,intermediate generation,coal,coal_int_conv pul 1976-1980,2021,37,0.3,32,coal (conv pul) (recirculating)
KS,intermediate generation,coal,coal_int_conv pul 1976-1980,2021,37,0.3,32,coal (conv pul) (cooling pond)
KS,intermediate generation,coal,coal_int_conv pul 1976-1980,2021,37,0.3,32,coal (conv pul) (dry cooling)
KS,base load generation,coal,coal_base_conv pul 1981-1985,2021,42,0.3,37,coal (conv pul) (once through)
KS,base load generation,coal,coal_base_conv pul 1981-1985,2021,42,0.3,37,coal (conv pul) (recirculating)
KS,base load generation,coal,coal_base_conv pul 1981-1985,2021,42,0.3,37,coal (conv pul) (cooling pond)
KS,base load generation,coal,coal_base_conv pul 1981-1985,2021,42,0.3,37,coal (conv pul) (dry cooling)
KS,intermediate generation,coal,coal_int_conv pul 1981-1985,2021,42,0.3,37,coal (conv pul) (once through)
KS,intermediate generation,coal,coal_int_conv pul 1981-1985,2021,42,0.3,37,coal (conv pul) (recirculating)
KS,intermediate generation,coal,coal_int_conv pul 1981-1985,2021,42,0.3,37,coal (conv pul) (cooling pond)
KS,intermediate generation,coal,coal_int_conv pul 1981-1985,2021,42,0.3,37,coal (conv pul) (dry cooling)
KS,base load generation,coal,coal_base_conv pul,2021,60,0.3,50,coal (conv pul) (once through)
KS,base load generation,coal,coal_base_conv pul,2021,60,0.3,50,coal (conv pul) (recirculating)
KS,base load generation,coal,coal_base_conv pul,2021,60,0.3,50,coal (conv pul) (cooling pond)
KS,base load generation,coal,coal_base_conv pul,2021,60,0.3,50,coal (conv pul) (dry cooling)
KS,base load generation,coal,coal_base_conv pul_retire_2023,2021,5,0.1,2.5,coal (conv pul) (once through)
KS,base load generation,coal,coal_base_conv pul_retire_2023,2021,5,0.1,2.5,coal (conv pul) (recirculating)
KS,base load generation,coal,coal_base_conv pul_retire_2023,2021,5,0.1,2.5,coal (conv pul) (cooling pond)
KS,base load generation,coal,coal_base_conv pul_retire_2023,2021,5,0.1,2.5,coal (conv pul) (dry cooling)
KS,intermediate generation,coal,coal_int_conv pul,2021,60,0.3,50,coal (conv pul) (once through)
KS,intermediate generation,coal,coal_int_conv pul,2021,60,0.3,50,coal (conv pul) (recirculating)
KS,intermediate generation,coal,coal_int_conv pul,2021,60,0.3,50,coal (conv pul) (cooling pond)
KS,intermediate generation,coal,coal_int_conv pul,2021,60,0.3,50,coal (conv pul) (dry cooling)
KS,intermediate generation,coal,coal_int_conv pul_retire_2023,2021,5,0.1,2.5,coal (conv pul) (once through)
KS,intermediate generation,coal,coal_int_conv pul_retire_2023,2021,5,0.1,2.5,coal (conv pul) (recirculating)
KS,intermediate generation,coal,coal_int_conv pul_retire_2023,2021,5,0.1,2.5,coal (conv pul) (cooling pond)
KS,intermediate generation,coal,coal_int_conv pul_retire_2023,2021,5,0.1,2.5,coal (conv pul) (dry cooling)
KS,peak generation,coal,coal_peak_conv pul,2021,60,0.3,50,coal (conv pul) (once through)
KS,peak generation,coal,coal_peak_conv pul,2021,60,0.3,50,coal (conv pul) (recirculating)
KS,peak generation,coal,coal_peak_conv pul,2021,60,0.3,50,coal (conv pul) (cooling pond)
KS,peak generation,coal,coal_peak_conv pul,2021,60,0.3,50,coal (conv pul) (dry cooling)
KS,peak generation,coal,coal_peak_conv pul_retire_2023,2021,5,0.1,2.5,coal (conv pul) (once through)
KS,peak generation,coal,coal_peak_conv pul_retire_2023,2021,5,0.1,2.5,coal (conv pul) (recirculating)
KS,peak generation,coal,coal_peak_conv pul_retire_2023,2021,5,0.1,2.5,coal (conv pul) (cooling pond)
KS,peak generation,coal,coal_peak_conv pul_retire_2023,2021,5,0.1,2.5,coal (conv pul) (dry cooling)
KS,subpeak generation,coal,coal_subpeak_conv pul,2021,60,0.3,50,coal (conv pul) (once through)
KS,subpeak generation,coal,coal_subpeak_conv pul,2021,60,0.3,50,coal (conv pul) (recirculating)
KS,subpeak generation,coal,coal_subpeak_conv pul,2021,60,0.3,50,coal (conv pul) (cooling pond)
KS,subpeak generation,coal,coal_subpeak_conv pul,2021,60,0.3,50,coal (conv pul) (dry cooling)
KS,subpeak generation,coal,coal_subpeak_conv pul_retire_2023,2021,5,0.1,2.5,coal (conv pul) (once through)
KS,subpeak generation,coal,coal_subpeak_conv pul_retire_2023,2021,5,0.1,2.5,coal (conv pul) (recirculating)
KS,subpeak generation,coal,coal_subpeak_conv pul_retire_2023,2021,5,0.1,2.5,coal (conv pul) (cooling pond)
KS,subpeak generation,coal,coal_subpeak_conv pul_retire_2023,2021,5,0.1,2.5,coal (conv pul) (dry cooling)
KY,base load generation,coal,coal_base_conv pul 1951-1955,2021,12,0.3,10,coal (conv pul) (once through)
KY,base load generation,coal,coal_base_conv pul 1951-1955,2021,12,0.3,10,coal (conv pul) (recirculating)
KY,base load generation,coal,coal_base_conv pul 1951-1955,2021,12,0.3,10,coal (conv pul) (cooling pond)
KY,base load generation,coal,coal_base_conv pul 1951-1955,2021,12,0.3,10,coal (conv pul) (dry cooling)
KY,intermediate generation,coal,coal_int_conv pul 1951-1955,2021,12,0.3,10,coal (conv pul) (once through)
KY,intermediate generation,coal,coal_int_conv pul 1951-1955,2021,12,0.3,10,coal (conv pul) (recirculating)
KY,intermediate generation,coal,coal_int_conv pul 1951-1955,2021,12,0.3,10,coal (conv pul) (cooling pond)
KY,intermediate generation,coal,coal_int_conv pul 1951-1955,2021,12,0.3,10,coal (conv pul) (dry cooling)
KY,base load generation,coal,coal_base_conv pul 1961-1965,2021,24,0.3,21,coal (conv pul) (once through)
KY,base load generation,coal,coal_base_conv pul 1961-1965,2021,24,0.3,21,coal (conv pul) (recirculating)
KY,base load generation,coal,coal_base_conv pul 1961-1965,2021,24,0.3,21,coal (conv pul) (cooling pond)
KY,base load generation,coal,coal_base_conv pul 1961-1965,2021,24,0.3,21,coal (conv pul) (dry cooling)
KY,intermediate generation,coal,coal_int_conv pul 1961-1965,2021,24,0.3,21,coal (conv pul) (once through)
KY,intermediate generation,coal,coal_int_conv pul 1961-1965,2021,24,0.3,21,coal (conv pul) (recirculating)
KY,intermediate generation,coal,coal_int_conv pul 1961-1965,2021,24,0.3,21,coal (conv pul) (cooling pond)
KY,intermediate generation,coal,coal_int_conv pul 1961-1965,2021,24,0.3,21,coal (conv pul) (dry cooling)
KY,base load generation,coal,coal_base_conv pul 1966-1970,2021,28,0.3,24,coal (conv pul) (once through)
KY,base load generation,coal,coal_base_conv pul 1966-1970,2021,28,0.3,24,coal (conv pul) (recirculating)
KY,base load generation,coal,coal_base_conv pul 1966-1970,2021,28,0.3,24,coal (conv pul) (cooling pond)
KY,base load generation,coal,coal_base_conv pul 1966-1970,2021,28,0.3,24,coal (conv pul) (dry cooling)
KY,intermediate generation,coal,coal_int_conv pul 1966-1970,2021,28,0.3,24,coal (conv pul) (once through)
KY,intermediate generation,coal,coal_int_conv pul 1966-1970,2021,28,0.3,24,coal (conv pul) (recirculating)
KY,intermediate generation,coal,coal_int_conv pul 1966-1970,2021,28,0.3,24,coal (conv pul) (cooling pond)
KY,intermediate generation,coal,coal_int_conv pul 1966-1970,2021,28,0.3,24,coal (conv pul) (dry cooling)
KY,base load generation,coal,coal_base_conv pul 1971-1975,2021,20,0.3,18,coal (conv pul) (once through)
KY,base load generation,coal,coal_base_conv pul 1971-1975,2021,20,0.3,18,coal (conv pul) (recirculating)
KY,base load generation,coal,coal_base_conv pul 1971-1975,2021,20,0.3,18,coal (conv pul) (cooling pond)
KY,base load generation,coal,coal_base_conv pul 1971-1975,2021,20,0.3,18,coal (conv pul) (dry cooling)
KY,intermediate generation,coal,coal_int_conv pul 1971-1975,2021,20,0.3,18,coal (conv pul) (once through)
KY,intermediate generation,coal,coal_int_conv pul 1971-1975,2021,20,0.3,18,coal (conv pul) (recirculating)
KY,intermediate generation,coal,coal_int_conv pul 1971-1975,2021,20,0.3,18,coal (conv pul) (cooling pond)
KY,intermediate generation,coal,coal_int_conv pul 1971-1975,2021,20,0.3,18,coal (conv pul) (dry cooling)
KY,base load generation,coal,coal_base_conv pul 1976-1980,2021,37,0.3,32,coal (conv pul) (once through)
KY,base load generation,coal,coal_base_conv pul 1976-1980,2021,37,0.3,32,coal (conv pul) (recirculating)
KY,base load generation,coal,coal_base_conv pul 1976-1980,2021,37,0.3,32,coal (conv pul) (cooling pond)
KY,base load generation,coal,coal_base_conv pul 1976-1980,2021,37,0.3,32,coal (conv pul) (dry cooling)
KY,intermediate generation,coal,coal_int_conv pul 1976-1980,2021,37,0.3,32,coal (conv pul) (once through)
KY,intermediate generation,coal,coal_int_conv pul 1976-1980,2021,37,0.3,32,coal (conv pul) (recirculating)
KY,intermediate generation,coal,coal_int_conv pul 1976-1980,2021,37,0.3,32,coal (conv pul) (cooling pond)
KY,intermediate generation,coal,coal_int_conv pul 1976-1980,2021,37,0.3,32,coal (conv pul) (dry cooling)
KY,base load generation,coal,coal_base_conv pul 1981-1985,2021,41,0.3,36,coal (conv pul) (once through)
KY,base load generation,coal,coal_base_conv pul 1981-1985,2021,41,0.3,36,coal (conv pul) (recirculating)
KY,base load generation,coal,coal_base_conv pul 1981-1985,2021,41,0.3,36,coal (conv pul) (cooling pond)
KY,base load generation,coal,coal_base_conv pul 1981-1985,2021,41,0.3,36,coal (conv pul) (dry cooling)
KY,intermediate generation,coal,coal_int_conv pul 1981-1985,2021,41,0.3,36,coal (conv pul) (once through)
KY,intermediate generation,coal,coal_int_conv pul 1981-1985,2021,41,0.3,36,coal (conv pul) (recirculating)
KY,intermediate generation,coal,coal_int_conv pul 1981-1985,2021,41,0.3,36,coal (conv pul) (cooling pond)
KY,intermediate generation,coal,coal_int_conv pul 1981-1985,2021,41,0.3,36,coal (conv pul) (dry cooling)
KY,base load generation,coal,coal_base_conv pul 1986-1990,2021,49,0.3,43,coal (conv pul) (once through)
KY,base load generation,coal,coal_base_conv pul 1986-1990,2021,49,0.3,43,coal (conv pul) (recirculating)
KY,base load generation,coal,coal_base_conv pul 1986-1990,2021,49,0.3,43,coal (conv pul) (cooling pond)
KY,base load generation,coal,coal_base_conv pul 1986-1990,2021,49,0.3,43,coal (conv pul) (dry cooling)
KY,intermediate generation,coal,coal_int_conv pul 1986-1990,2021,49,0.3,43,coal (conv pul) (once through)
KY,intermediate generation,coal,coal_int_conv pul 1986-1990,2021,49,0.3,43,coal (conv pul) (recirculating)
KY,intermediate generation,coal,coal_int_conv pul 1986-1990,2021,49,0.3,43,coal (conv pul) (cooling pond)
KY,intermediate generation,coal,coal_int_conv pul 1986-1990,2021,49,0.3,43,coal (conv pul) (dry cooling)
KY,base load generation,coal,coal_base_conv pul 2001-2005,2021,64,0.3,56,coal (conv pul) (once through)
KY,base load generation,coal,coal_base_conv pul 2001-2005,2021,64,0.3,56,coal (conv pul) (recirculating)
KY,base load generation,coal,coal_base_conv pul 2001-2005,2021,64,0.3,56,coal (conv pul) (cooling pond)
KY,base load generation,coal,coal_base_conv pul 2001-2005,2021,64,0.3,56,coal (conv pul) (dry cooling)
KY,intermediate generation,coal,coal_int_conv pul 2001-2005,2021,64,0.3,56,coal (conv pul) (once through)
KY,intermediate generation,coal,coal_int_conv pul 2001-2005,2021,64,0.3,56,coal (conv pul) (recirculating)
KY,intermediate generation,coal,coal_int_conv pul 2001-2005,2021,64,0.3,56,coal (conv pul) (cooling pond)
KY,intermediate generation,coal,coal_int_conv pul 2001-2005,2021,64,0.3,56,coal (conv pul) (dry cooling)
KY,base load generation,coal,coal_base_conv pul 2006-2010,2021,68,0.3,60,coal (conv pul) (once through)
KY,base load generation,coal,coal_base_conv pul 2006-2010,2021,68,0.3,60,coal (conv pul) (recirculating)
KY,base load generation,coal,coal_base_conv pul 2006-2010,2021,68,0.3,60,coal (conv pul) (cooling pond)
KY,base load generation,coal,coal_base_conv pul 2006-2010,2021,68,0.3,60,coal (conv pul) (dry cooling)
KY,intermediate generation,coal,coal_int_conv pul 2006-2010,2021,68,0.3,60,coal (conv pul) (once through)
KY,intermediate generation,coal,coal_int_conv pul 2006-2010,2021,68,0.3,60,coal (conv pul) (recirculating)
KY,intermediate generation,coal,coal_int_conv pul 2006-2010,2021,68,0.3,60,coal (conv pul) (cooling pond)
KY,intermediate generation,coal,coal_int_conv pul 2006-2010,2021,68,0.3,60,coal (conv pul) (dry cooling)
KY,base load generation,coal,coal_base_conv pul 2011-2015,2021,70,0.3,61,coal (conv pul) (once through)
KY,base load generation,coal,coal_base_conv pul 2011-2015,2021,70,0.3,61,coal (conv pul) (recirculating)
KY,base load generation,coal,coal_base_conv pul 2011-2015,2021,70,0.3,61,coal (conv pul) (cooling pond)
KY,base load generation,coal,coal_base_conv pul 2011-2015,2021,70,0.3,61,coal (conv pul) (dry cooling)
KY,intermediate generation,coal,coal_int_conv pul 2011-2015,2021,70,0.3,61,coal (conv pul) (once through)
KY,intermediate generation,coal,coal_int_conv pul 2011-2015,2021,70,0.3,61,coal (conv pul) (recirculating)
KY,intermediate generation,coal,coal_int_conv pul 2011-2015,2021,70,0.3,61,coal (conv pul) (cooling pond)
KY,intermediate generation,coal,coal_int_conv pul 2011-2015,2021,70,0.3,61,coal (conv pul) (dry cooling)
KY,base load generation,coal,coal_base_conv pul,2021,60,0.3,50,coal (conv pul) (once through)
KY,base load generation,coal,coal_base_conv pul,2021,60,0.3,50,coal (conv pul) (recirculating)
KY,base load generation,coal,coal_base_conv pul,2021,60,0.3,50,coal (conv pul) (cooling pond)
KY,base load generation,coal,coal_base_conv pul,2021,60,0.3,50,coal (conv pul) (dry cooling)
KY,base load generation,coal,coal_base_conv pul_retire_2023,2021,5,0.1,2.5,coal (conv pul) (once through)
KY,base load generation,coal,coal_base_conv pul_retire_2023,2021,5,0.1,2.5,coal (conv pul) (recirculating)
KY,base load generation,coal,coal_base_conv pul_retire_2023,2021,5,0.1,2.5,coal (conv pul) (cooling pond)
KY,base load generation,coal,coal_base_conv pul_retire_2023,2021,5,0.1,2.5,coal (conv pul) (dry cooling)
KY,intermediate generation,coal,coal_int_conv pul,2021,60,0.3,50,coal (conv pul) (once through)
KY,intermediate generation,coal,coal_int_conv pul,2021,60,0.3,50,coal (conv pul) (recirculating)
KY,intermediate generation,coal,coal_int_conv pul,2021,60,0.3,50,coal (conv pul) (cooling pond)
KY,intermediate generation,coal,coal_int_conv pul,2021,60,0.3,50,coal (conv pul) (dry cooling)
KY,intermediate generation,coal,coal_int_conv pul_retire_2023,2021,5,0.1,2.5,coal (conv pul) (once through)
KY,intermediate generation,coal,coal_int_conv pul_retire_2023,2021,5,0.1,2.5,coal (conv pul) (recirculating)
KY,intermediate generation,coal,coal_int_conv pul_retire_2023,2021,5,0.1,2.5,coal (conv pul) (cooling pond)
KY,intermediate generation,coal,coal_int_conv pul_retire_2023,2021,5,0.1,2.5,coal (conv pul) (dry cooling)
KY,peak generation,coal,coal_peak_conv pul,2021,60,0.3,50,coal (conv pul) (once through)
KY,peak generation,coal,coal_peak_conv pul,2021,60,0.3,50,coal (conv pul) (recirculating)
KY,peak generation,coal,coal_peak_conv pul,2021,60,0.3,50,coal (conv pul) (cooling pond)
KY,peak generation,coal,coal_peak_conv pul,2021,60,0.3,50,coal (conv pul) (dry cooling)
KY,peak generation,coal,coal_peak_conv pul_retire_2023,2021,5,0.1,2.5,coal (conv pul) (once through)
KY,peak generation,coal,coal_peak_conv pul_retire_2023,2021,5,0.1,2.5,coal (conv pul) (recirculating)
KY,peak generation,coal,coal_peak_conv pul_retire_2023,2021,5,0.1,2.5,coal (conv pul) (cooling pond)
KY,peak generation,coal,coal_peak_conv pul_retire_2023,2021,5,0.1,2.5,coal (conv pul) (dry cooling)
KY,subpeak generation,coal,coal_subpeak_conv pul,2021,60,0.3,50,coal (conv pul) (once through)
KY,subpeak generation,coal,coal_subpeak_conv pul,2021,60,0.3,50,coal (conv pul) (recirculating)
KY,subpeak generation,coal,coal_subpeak_conv pul,2021,60,0.3,50,coal (conv pul) (cooling pond)
KY,subpeak generation,coal,coal_subpeak_conv pul,2021,60,0.3,50,coal (conv pul) (dry cooling)
KY,subpeak generation,coal,coal_subpeak_conv pul_retire_2023,2021,5,0.1,2.5,coal (conv pul) (once through)
KY,subpeak generation,coal,coal_subpeak_conv pul_retire_2023,2021,5,0.1,2.5,coal (conv pul) (recirculating)
KY,subpeak generation,coal,coal_subpeak_conv pul_retire_2023,2021,5,0.1,2.5,coal (conv pul) (cooling pond)
KY,subpeak generation,coal,coal_subpeak_conv pul_retire_2023,2021,5,0.1,2.5,coal (conv pul) (dry cooling)
LA,base load generation,coal,coal_base_conv pul 1981-1985,2021,41,0.3,36,coal (conv pul) (seawater)
LA,intermediate generation,coal,coal_int_conv pul 1981-1985,2021,41,0.3,36,coal (conv pul) (seawater)
LA,base load generation,coal,coal_base_conv pul,2021,60,0.3,50,coal (conv pul) (seawater)
LA,base load generation,coal,coal_base_conv pul_retire_2023,2021,5,0.1,2.5,coal (conv pul) (seawater)
LA,intermediate generation,coal,coal_int_conv pul,2021,60,0.3,50,coal (conv pul) (seawater)
LA,intermediate generation,coal,coal_int_conv pul_retire_2023,2021,5,0.1,2.5,coal (conv pul) (seawater)
LA,peak generation,coal,coal_peak_conv pul,2021,60,0.3,50,coal (conv pul) (seawater)
LA,peak generation,coal,coal_peak_conv pul_retire_2023,2021,5,0.1,2.5,coal (conv pul) (seawater)
LA,subpeak generation,coal,coal_subpeak_conv pul,2021,60,0.3,50,coal (conv pul) (seawater)
LA,subpeak generation,coal,coal_subpeak_conv pul_retire_2023,2021,5,0.1,2.5,coal (conv pul) (seawater)
LA,base load generation,coal,coal_base_conv pul 1981-1985,2021,41,0.3,36,coal (conv pul) (once through)
LA,base load generation,coal,coal_base_conv pul 1981-1985,2021,41,0.3,36,coal (conv pul) (recirculating)
LA,base load generation,coal,coal_base_conv pul 1981-1985,2021,41,0.3,36,coal (conv pul) (cooling pond)
LA,base load generation,coal,coal_base_conv pul 1981-1985,2021,41,0.3,36,coal (conv pul) (dry cooling)
LA,intermediate generation,coal,coal_int_conv pul 1981-1985,2021,41,0.3,36,coal (conv pul) (once through)
LA,intermediate generation,coal,coal_int_conv pul 1981-1985,2021,41,0.3,36,coal (conv pul) (recirculating)
LA,intermediate generation,coal,coal_int_conv pul 1981-1985,2021,41,0.3,36,coal (conv pul) (cooling pond)
LA,intermediate generation,coal,coal_int_conv pul 1981-1985,2021,41,0.3,36,coal (conv pul) (dry cooling)
LA,base load generation,coal,coal_base_conv pul,2021,60,0.3,50,coal (conv pul) (once through)
LA,base load generation,coal,coal_base_conv pul,2021,60,0.3,50,coal (conv pul) (recirculating)
LA,base load generation,coal,coal_base_conv pul,2021,60,0.3,50,coal (conv pul) (cooling pond)
LA,base load generation,coal,coal_base_conv pul,2021,60,0.3,50,coal (conv pul) (dry cooling)
LA,base load generation,coal,coal_base_conv pul_retire_2023,2021,5,0.1,2.5,coal (conv pul) (once through)
LA,base load generation,coal,coal_base_conv pul_retire_2023,2021,5,0.1,2.5,coal (conv pul) (recirculating)
LA,base load generation,coal,coal_base_conv pul_retire_2023,2021,5,0.1,2.5,coal (conv pul) (cooling pond)
LA,base load generation,coal,coal_base_conv pul_retire_2023,2021,5,0.1,2.5,coal (conv pul) (dry cooling)
LA,intermediate generation,coal,coal_int_conv pul,2021,60,0.3,50,coal (conv pul) (once through)
LA,intermediate generation,coal,coal_int_conv pul,2021,60,0.3,50,coal (conv pul) (recirculating)
LA,intermediate generation,coal,coal_int_conv pul,2021,60,0.3,50,coal (conv pul) (cooling pond)
LA,intermediate generation,coal,coal_int_conv pul,2021,60,0.3,50,coal (conv pul) (dry cooling)
LA,intermediate generation,coal,coal_int_conv pul_retire_2023,2021,5,0.1,2.5,coal (conv pul) (once through)
LA,intermediate generation,coal,coal_int_conv pul_retire_2023,2021,5,0.1,2.5,coal (conv pul) (recirculating)
LA,intermediate generation,coal,coal_int_conv pul_retire_2023,2021,5,0.1,2.5,coal (conv pul) (cooling pond)
LA,intermediate generation,coal,coal_int_conv pul_retire_2023,2021,5,0.1,2.5,coal (conv pul) (dry cooling)
LA,peak generation,coal,coal_peak_conv pul,2021,60,0.3,50,coal (conv pul) (once through)
LA,peak generation,coal,coal_peak_conv pul,2021,60,0.3,50,coal (conv pul) (recirculating)
LA,peak generation,coal,coal_peak_conv pul,2021,60,0.3,50,coal (conv pul) (cooling pond)
LA,peak generation,coal,coal_peak_conv pul,2021,60,0.3,50,coal (conv pul) (dry cooling)
LA,peak generation,coal,coal_peak_conv pul_retire_2023,2021,5,0.1,2.5,coal (conv pul) (once through)
LA,peak generation,coal,coal_peak_conv pul_retire_2023,2021,5,0.1,2.5,coal (conv pul) (recirculating)
LA,peak generation,coal,coal_peak_conv pul_retire_2023,2021,5,0.1,2.5,coal (conv pul) (cooling pond)
LA,peak generation,coal,coal_peak_conv pul_retire_2023,2021,5,0.1,2.5,coal (conv pul) (dry cooling)
LA,subpeak generation,coal,coal_subpeak_conv pul,2021,60,0.3,50,coal (conv pul) (once through)
LA,subpeak generation,coal,coal_subpeak_conv pul,2021,60,0.3,50,coal (conv pul) (recirculating)
LA,subpeak generation,coal,coal_subpeak_conv pul,2021,60,0.3,50,coal (conv pul) (cooling pond)
LA,subpeak generation,coal,coal_subpeak_conv pul,2021,60,0.3,50,coal (conv pul) (dry cooling)
LA,subpeak generation,coal,coal_subpeak_conv pul_retire_2023,2021,5,0.1,2.5,coal (conv pul) (once through)
LA,subpeak generation,coal,coal_subpeak_conv pul_retire_2023,2021,5,0.1,2.5,coal (conv pul) (recirculating)
LA,subpeak generation,coal,coal_subpeak_conv pul_retire_2023,2021,5,0.1,2.5,coal (conv pul) (cooling pond)
LA,subpeak generation,coal,coal_subpeak_conv pul_retire_2023,2021,5,0.1,2.5,coal (conv pul) (dry cooling)
MA,base load generation,coal,coal_base_conv pul,2021,60,0.3,50,coal (conv pul) (seawater)
MA,base load generation,coal,coal_base_conv pul_retire_2023,2021,5,0.1,2.5,coal (conv pul) (seawater)
MA,intermediate generation,coal,coal_int_conv pul,2021,60,0.3,50,coal (conv pul) (seawater)
MA,intermediate generation,coal,coal_int_conv pul_retire_2023,2021,5,0.1,2.5,coal (conv pul) (seawater)
MA,peak generation,coal,coal_peak_conv pul,2021,60,0.3,50,coal (conv pul) (seawater)
MA,peak generation,coal,coal_peak_conv pul_retire_2023,2021,5,0.1,2.5,coal (conv pul) (seawater)
MA,subpeak generation,coal,coal_subpeak_conv pul,2021,60,0.3,50,coal (conv pul) (seawater)
MA,subpeak generation,coal,coal_subpeak_conv pul_retire_2023,2021,5,0.1,2.5,coal (conv pul) (seawater)
MA,base load generation,coal,coal_base_conv pul,2021,60,0.3,50,coal (conv pul) (once through)
MA,base load generation,coal,coal_base_conv pul,2021,60,0.3,50,coal (conv pul) (recirculating)
MA,base load generation,coal,coal_base_conv pul,2021,60,0.3,50,coal (conv pul) (cooling pond)
MA,base load generation,coal,coal_base_conv pul,2021,60,0.3,50,coal (conv pul) (dry cooling)
MA,base load generation,coal,coal_base_conv pul_retire_2023,2021,5,0.1,2.5,coal (conv pul) (once through)
MA,base load generation,coal,coal_base_conv pul_retire_2023,2021,5,0.1,2.5,coal (conv pul) (recirculating)
MA,base load generation,coal,coal_base_conv pul_retire_2023,2021,5,0.1,2.5,coal (conv pul) (cooling pond)
MA,base load generation,coal,coal_base_conv pul_retire_2023,2021,5,0.1,2.5,coal (conv pul) (dry cooling)
MA,intermediate generation,coal,coal_int_conv pul,2021,60,0.3,50,coal (conv pul) (once through)
MA,intermediate generation,coal,coal_int_conv pul,2021,60,0.3,50,coal (conv pul) (recirculating)
MA,intermediate generation,coal,coal_int_conv pul,2021,60,0.3,50,coal (conv pul) (cooling pond)
MA,intermediate generation,coal,coal_int_conv pul,2021,60,0.3,50,coal (conv pul) (dry cooling)
MA,intermediate generation,coal,coal_int_conv pul_retire_2023,2021,5,0.1,2.5,coal (conv pul) (once through)
MA,intermediate generation,coal,coal_int_conv pul_retire_2023,2021,5,0.1,2.5,coal (conv pul) (recirculating)
MA,intermediate generation,coal,coal_int_conv pul_retire_2023,2021,5,0.1,2.5,coal (conv pul) (cooling pond)
MA,intermediate generation,coal,coal_int_conv pul_retire_2023,2021,5,0.1,2.5,coal (conv pul) (dry cooling)
MA,peak generation,coal,coal_peak_conv pul,2021,60,0.3,50,coal (conv pul) (once through)
MA,peak generation,coal,coal_peak_conv pul,2021,60,0.3,50,coal (conv pul) (recirculating)
MA,peak generation,coal,coal_peak_conv pul,2021,60,0.3,50,coal (conv pul) (cooling pond)
MA,peak generation,coal,coal_peak_conv pul,2021,60,0.3,50,coal (conv pul) (dry cooling)
MA,peak generation,coal,coal_peak_conv pul_retire_2023,2021,5,0.1,2.5,coal (conv pul) (once through)
MA,peak generation,coal,coal_peak_conv pul_retire_2023,2021,5,0.1,2.5,coal (conv pul) (recirculating)
MA,peak generation,coal,coal_peak_conv pul_retire_2023,2021,5,0.1,2.5,coal (conv pul) (cooling pond)
MA,peak generation,coal,coal_peak_conv pul_retire_2023,2021,5,0.1,2.5,coal (conv pul) (dry cooling)
MA,subpeak generation,coal,coal_subpeak_conv pul,2021,60,0.3,50,coal (conv pul) (once through)
MA,subpeak generation,coal,coal_subpeak_conv pul,2021,60,0.3,50,coal (conv pul) (recirculating)
MA,subpeak generation,coal,coal_subpeak_conv pul,2021,60,0.3,50,coal (conv pul) (cooling pond)
MA,subpeak generation,coal,coal_subpeak_conv pul,2021,60,0.3,50,coal (conv pul) (dry cooling)
MA,subpeak generation,coal,coal_subpeak_conv pul_retire_2023,2021,5,0.1,2.5,coal (conv pul) (once through)
MA,subpeak generation,coal,coal_subpeak_conv pul_retire_2023,2021,5,0.1,2.5,coal (conv pul) (recirculating)
MA,subpeak generation,coal,coal_subpeak_conv pul_retire_2023,2021,5,0.1,2.5,coal (conv pul) (cooling pond)
MA,subpeak generation,coal,coal_subpeak_conv pul_retire_2023,2021,5,0.1,2.5,coal (conv pul) (dry cooling)
MD,base load generation,coal,coal_base_conv pul 1981-1985,2021,4,0.3,4,coal (conv pul) (seawater)
MD,intermediate generation,coal,coal_int_conv pul 1981-1985,2021,4,0.3,4,coal (conv pul) (seawater)
MD,base load generation,coal,coal_base_conv pul 1991-1995,2021,4,0.3,4,coal (conv pul) (seawater)
MD,intermediate generation,coal,coal_int_conv pul 1991-1995,2021,4,0.3,4,coal (conv pul) (seawater)
MD,base load generation,coal,coal_base_conv pul 1996-2000,2021,3,0.3,3,coal (conv pul) (seawater)
MD,intermediate generation,coal,coal_int_conv pul 1996-2000,2021,3,0.3,3,coal (conv pul) (seawater)
MD,base load generation,coal,coal_base_conv pul,2021,60,0.3,50,coal (conv pul) (seawater)
MD,base load generation,coal,coal_base_conv pul_retire_2023,2021,5,0.1,2.5,coal (conv pul) (seawater)
MD,intermediate generation,coal,coal_int_conv pul,2021,60,0.3,50,coal (conv pul) (seawater)
MD,intermediate generation,coal,coal_int_conv pul_retire_2023,2021,5,0.1,2.5,coal (conv pul) (seawater)
MD,peak generation,coal,coal_peak_conv pul,2021,60,0.3,50,coal (conv pul) (seawater)
MD,peak generation,coal,coal_peak_conv pul_retire_2023,2021,5,0.1,2.5,coal (conv pul) (seawater)
MD,subpeak generation,coal,coal_subpeak_conv pul,2021,60,0.3,50,coal (conv pul) (seawater)
MD,subpeak generation,coal,coal_subpeak_conv pul_retire_2023,2021,5,0.1,2.5,coal (conv pul) (seawater)
MD,base load generation,coal,coal_base_conv pul 1981-1985,2021,4,0.3,4,coal (conv pul) (once through)
MD,base load generation,coal,coal_base_conv pul 1981-1985,2021,4,0.3,4,coal (conv pul) (recirculating)
MD,base load generation,coal,coal_base_conv pul 1981-1985,2021,4,0.3,4,coal (conv pul) (cooling pond)
MD,base load generation,coal,coal_base_conv pul 1981-1985,2021,4,0.3,4,coal (conv pul) (dry cooling)
MD,intermediate generation,coal,coal_int_conv pul 1981-1985,2021,4,0.3,4,coal (conv pul) (once through)
MD,intermediate generation,coal,coal_int_conv pul 1981-1985,2021,4,0.3,4,coal (conv pul) (recirculating)
MD,intermediate generation,coal,coal_int_conv pul 1981-1985,2021,4,0.3,4,coal (conv pul) (cooling pond)
MD,intermediate generation,coal,coal_int_conv pul 1981-1985,2021,4,0.3,4,coal (conv pul) (dry cooling)
MD,base load generation,coal,coal_base_conv pul 1991-1995,2021,4,0.3,4,coal (conv pul) (once through)
MD,base load generation,coal,coal_base_conv pul 1991-1995,2021,4,0.3,4,coal (conv pul) (recirculating)
MD,base load generation,coal,coal_base_conv pul 1991-1995,2021,4,0.3,4,coal (conv pul) (cooling pond)
MD,base load generation,coal,coal_base_conv pul 1991-1995,2021,4,0.3,4,coal (conv pul) (dry cooling)
MD,intermediate generation,coal,coal_int_conv pul 1991-1995,2021,4,0.3,4,coal (conv pul) (once through)
MD,intermediate generation,coal,coal_int_conv pul 1991-1995,2021,4,0.3,4,coal (conv pul) (recirculating)
MD,intermediate generation,coal,coal_int_conv pul 1991-1995,2021,4,0.3,4,coal (conv pul) (cooling pond)
MD,intermediate generation,coal,coal_int_conv pul 1991-1995,2021,4,0.3,4,coal (conv pul) (dry cooling)
MD,base load generation,coal,coal_base_conv pul 1996-2000,2021,3,0.3,3,coal (conv pul) (once through)
MD,base load generation,coal,coal_base_conv pul 1996-2000,2021,3,0.3,3,coal (conv pul) (recirculating)
MD,base load generation,coal,coal_base_conv pul 1996-2000,2021,3,0.3,3,coal (conv pul) (cooling pond)
MD,base load generation,coal,coal_base_conv pul 1996-2000,2021,3,0.3,3,coal (conv pul) (dry cooling)
MD,intermediate generation,coal,coal_int_conv pul 1996-2000,2021,3,0.3,3,coal (conv pul) (once through)
MD,intermediate generation,coal,coal_int_conv pul 1996-2000,2021,3,0.3,3,coal (conv pul) (recirculating)
MD,intermediate generation,coal,coal_int_conv pul 1996-2000,2021,3,0.3,3,coal (conv pul) (cooling pond)
MD,intermediate generation,coal,coal_int_conv pul 1996-2000,2021,3,0.3,3,coal (conv pul) (dry cooling)
MD,base load generation,coal,coal_base_conv pul,2021,60,0.3,50,coal (conv pul) (once through)
MD,base load generation,coal,coal_base_conv pul,2021,60,0.3,50,coal (conv pul) (recirculating)
MD,base load generation,coal,coal_base_conv pul,2021,60,0.3,50,coal (conv pul) (cooling pond)
MD,base load generation,coal,coal_base_conv pul,2021,60,0.3,50,coal (conv pul) (dry cooling)
MD,base load generation,coal,coal_base_conv pul_retire_2023,2021,5,0.1,2.5,coal (conv pul) (once through)
MD,base load generation,coal,coal_base_conv pul_retire_2023,2021,5,0.1,2.5,coal (conv pul) (recirculating)
MD,base load generation,coal,coal_base_conv pul_retire_2023,2021,5,0.1,2.5,coal (conv pul) (cooling pond)
MD,base load generation,coal,coal_base_conv pul_retire_2023,2021,5,0.1,2.5,coal (conv pul) (dry cooling)
MD,intermediate generation,coal,coal_int_conv pul,2021,60,0.3,50,coal (conv pul) (once through)
MD,intermediate generation,coal,coal_int_conv pul,2021,60,0.3,50,coal (conv pul) (recirculating)
MD,intermediate generation,coal,coal_int_conv pul,2021,60,0.3,50,coal (conv pul) (cooling pond)
MD,intermediate generation,coal,coal_int_conv pul,2021,60,0.3,50,coal (conv pul) (dry cooling)
MD,intermediate generation,coal,coal_int_conv pul_retire_2023,2021,5,0.1,2.5,coal (conv pul) (once through)
MD,intermediate generation,coal,coal_int_conv pul_retire_2023,2021,5,0.1,2.5,coal (conv pul) (recirculating)
MD,intermediate generation,coal,coal_int_conv pul_retire_2023,2021,5,0.1,2.5,coal (conv pul) (cooling pond)
MD,intermediate generation,coal,coal_int_conv pul_retire_2023,2021,5,0.1,2.5,coal (conv pul) (dry cooling)
MD,peak generation,coal,coal_peak_conv pul,2021,60,0.3,50,coal (conv pul) (once through)
MD,peak generation,coal,coal_peak_conv pul,2021,60,0.3,50,coal (conv pul) (recirculating)
MD,peak generation,coal,coal_peak_conv pul,2021,60,0.3,50,coal (conv pul) (cooling pond)
MD,peak generation,coal,coal_peak_conv pul,2021,60,0.3,50,coal (conv pul) (dry cooling)
MD,peak generation,coal,coal_peak_conv pul_retire_2023,2021,5,0.1,2.5,coal (conv pul) (once through)
MD,peak generation,coal,coal_peak_conv pul_retire_2023,2021,5,0.1,2.5,coal (conv pul) (recirculating)
MD,peak generation,coal,coal_peak_conv pul_retire_2023,2021,5,0.1,2.5,coal (conv pul) (cooling pond)
MD,peak generation,coal,coal_peak_conv pul_retire_2023,2021,5,0.1,2.5,coal (conv pul) (dry cooling)
MD,subpeak generation,coal,coal_subpeak_conv pul,2021,60,0.3,50,coal (conv pul) (once through)
MD,subpeak generation,coal,coal_subpeak_conv pul,2021,60,0.3,50,coal (conv pul) (recirculating)
MD,subpeak generation,coal,coal_subpeak_conv pul,2021,60,0.3,50,coal (conv pul) (cooling pond)
MD,subpeak generation,coal,coal_subpeak_conv pul,2021,60,0.3,50,coal (conv pul) (dry cooling)
MD,subpeak generation,coal,coal_subpeak_conv pul_retire_2023,2021,5,0.1,2.5,coal (conv pul) (once through)
MD,subpeak generation,coal,coal_subpeak_conv pul_retire_2023,2021,5,0.1,2.5,coal (conv pul) (recirculating)
MD,subpeak generation,coal,coal_subpeak_conv pul_retire_2023,2021,5,0.1,2.5,coal (conv pul) (cooling pond)
MD,subpeak generation,coal,coal_subpeak_conv pul_retire_2023,2021,5,0.1,2.5,coal (conv pul) (dry cooling)
ME,base load generation,coal,coal_base_conv pul,2021,60,0.3,50,coal (conv pul) (seawater)
ME,base load generation,coal,coal_base_conv pul_retire_2023,2021,5,0.1,2.5,coal (conv pul) (seawater)
ME,intermediate generation,coal,coal_int_conv pul,2021,60,0.3,50,coal (conv pul) (seawater)
ME,intermediate generation,coal,coal_int_conv pul_retire_2023,2021,5,0.1,2.5,coal (conv pul) (seawater)
ME,peak generation,coal,coal_peak_conv pul,2021,60,0.3,50,coal (conv pul) (seawater)
ME,peak generation,coal,coal_peak_conv pul_retire_2023,2021,5,0.1,2.5,coal (conv pul) (seawater)
ME,subpeak generation,coal,coal_subpeak_conv pul,2021,60,0.3,50,coal (conv pul) (seawater)
ME,subpeak generation,coal,coal_subpeak_conv pul_retire_2023,2021,5,0.1,2.5,coal (conv pul) (seawater)
ME,base load generation,coal,coal_base_conv pul,2021,60,0.3,50,coal (conv pul) (once through)
ME,base load generation,coal,coal_base_conv pul,2021,60,0.3,50,coal (conv pul) (recirculating)
ME,base load generation,coal,coal_base_conv pul,2021,60,0.3,50,coal (conv pul) (cooling pond)
ME,base load generation,coal,coal_base_conv pul,2021,60,0.3,50,coal (conv pul) (dry cooling)
ME,base load generation,coal,coal_base_conv pul_retire_2023,2021,5,0.1,2.5,coal (conv pul) (once through)
ME,base load generation,coal,coal_base_conv pul_retire_2023,2021,5,0.1,2.5,coal (conv pul) (recirculating)
ME,base load generation,coal,coal_base_conv pul_retire_2023,2021,5,0.1,2.5,coal (conv pul) (cooling pond)
ME,base load generation,coal,coal_base_conv pul_retire_2023,2021,5,0.1,2.5,coal (conv pul) (dry cooling)
ME,intermediate generation,coal,coal_int_conv pul,2021,60,0.3,50,coal (conv pul) (once through)
ME,intermediate generation,coal,coal_int_conv pul,2021,60,0.3,50,coal (conv pul) (recirculating)
ME,intermediate generation,coal,coal_int_conv pul,2021,60,0.3,50,coal (conv pul) (cooling pond)
ME,intermediate generation,coal,coal_int_conv pul,2021,60,0.3,50,coal (conv pul) (dry cooling)
ME,intermediate generation,coal,coal_int_conv pul_retire_2023,2021,5,0.1,2.5,coal (conv pul) (once through)
ME,intermediate generation,coal,coal_int_conv pul_retire_2023,2021,5,0.1,2.5,coal (conv pul) (recirculating)
ME,intermediate generation,coal,coal_int_conv pul_retire_2023,2021,5,0.1,2.5,coal (conv pul) (cooling pond)
ME,intermediate generation,coal,coal_int_conv pul_retire_2023,2021,5,0.1,2.5,coal (conv pul) (dry cooling)
ME,peak generation,coal,coal_peak_conv pul,2021,60,0.3,50,coal (conv pul) (once through)
ME,peak generation,coal,coal_peak_conv pul,2021,60,0.3,50,coal (conv pul) (recirculating)
ME,peak generation,coal,coal_peak_conv pul,2021,60,0.3,50,coal (conv pul) (cooling pond)
ME,peak generation,coal,coal_peak_conv pul,2021,60,0.3,50,coal (conv pul) (dry cooling)
ME,peak generation,coal,coal_peak_conv pul_retire_2023,2021,5,0.1,2.5,coal (conv pul) (once through)
ME,peak generation,coal,coal_peak_conv pul_retire_2023,2021,5,0.1,2.5,coal (conv pul) (recirculating)
ME,peak generation,coal,coal_peak_conv pul_retire_2023,2021,5,0.1,2.5,coal (conv pul) (cooling pond)
ME,peak generation,coal,coal_peak_conv pul_retire_2023,2021,5,0.1,2.5,coal (conv pul) (dry cooling)
ME,subpeak generation,coal,coal_subpeak_conv pul,2021,60,0.3,50,coal (conv pul) (once through)
ME,subpeak generation,coal,coal_subpeak_conv pul,2021,60,0.3,50,coal (conv pul) (recirculating)
ME,subpeak generation,coal,coal_subpeak_conv pul,2021,60,0.3,50,coal (conv pul) (cooling pond)
ME,subpeak generation,coal,coal_subpeak_conv pul,2021,60,0.3,50,coal (conv pul) (dry cooling)
ME,subpeak generation,coal,coal_subpeak_conv pul_retire_2023,2021,5,0.1,2.5,coal (conv pul) (once through)
ME,subpeak generation,coal,coal_subpeak_conv pul_retire_2023,2021,5,0.1,2.5,coal (conv pul) (recirculating)
ME,subpeak generation,coal,coal_subpeak_conv pul_retire_2023,2021,5,0.1,2.5,coal (conv pul) (cooling pond)
ME,subpeak generation,coal,coal_subpeak_conv pul_retire_2023,2021,5,0.1,2.5,coal (conv pul) (dry cooling)
MI,base load generation,coal,coal_base_conv pul before 1950,2021,1,0.3,1,coal (conv pul) (once through)
MI,base load generation,coal,coal_base_conv pul before 1950,2021,1,0.3,1,coal (conv pul) (recirculating)
MI,base load generation,coal,coal_base_conv pul before 1950,2021,1,0.3,1,coal (conv pul) (cooling pond)
MI,base load generation,coal,coal_base_conv pul before 1950,2021,1,0.3,1,coal (conv pul) (dry cooling)
MI,intermediate generation,coal,coal_int_conv pul before 1950,2021,1,0.3,1,coal (conv pul) (once through)
MI,intermediate generation,coal,coal_int_conv pul before 1950,2021,1,0.3,1,coal (conv pul) (recirculating)
MI,intermediate generation,coal,coal_int_conv pul before 1950,2021,1,0.3,1,coal (conv pul) (cooling pond)
MI,intermediate generation,coal,coal_int_conv pul before 1950,2021,1,0.3,1,coal (conv pul) (dry cooling)
MI,base load generation,coal,coal_base_conv pul 1961-1965,2021,4,0.3,4,coal (conv pul) (once through)
MI,base load generation,coal,coal_base_conv pul 1961-1965,2021,4,0.3,4,coal (conv pul) (recirculating)
MI,base load generation,coal,coal_base_conv pul 1961-1965,2021,4,0.3,4,coal (conv pul) (cooling pond)
MI,base load generation,coal,coal_base_conv pul 1961-1965,2021,4,0.3,4,coal (conv pul) (dry cooling)
MI,intermediate generation,coal,coal_int_conv pul 1961-1965,2021,4,0.3,4,coal (conv pul) (once through)
MI,intermediate generation,coal,coal_int_conv pul 1961-1965,2021,4,0.3,4,coal (conv pul) (recirculating)
MI,intermediate generation,coal,coal_int_conv pul 1961-1965,2021,4,0.3,4,coal (conv pul) (cooling pond)
MI,intermediate generation,coal,coal_int_conv pul 1961-1965,2021,4,0.3,4,coal (conv pul) (dry cooling)
MI,base load generation,coal,coal_base_conv pul 1966-1970,2021,4,0.3,4,coal (conv pul) (once through)
MI,base load generation,coal,coal_base_conv pul 1966-1970,2021,4,0.3,4,coal (conv pul) (recirculating)
MI,base load generation,coal,coal_base_conv pul 1966-1970,2021,4,0.3,4,coal (conv pul) (cooling pond)
MI,base load generation,coal,coal_base_conv pul 1966-1970,2021,4,0.3,4,coal (conv pul) (dry cooling)
MI,intermediate generation,coal,coal_int_conv pul 1966-1970,2021,4,0.3,4,coal (conv pul) (once through)
MI,intermediate generation,coal,coal_int_conv pul 1966-1970,2021,4,0.3,4,coal (conv pul) (recirculating)
MI,intermediate generation,coal,coal_int_conv pul 1966-1970,2021,4,0.3,4,coal (conv pul) (cooling pond)
MI,intermediate generation,coal,coal_int_conv pul 1966-1970,2021,4,0.3,4,coal (conv pul) (dry cooling)
MI,base load generation,coal,coal_base_conv pul 1971-1975,2021,9,0.3,8,coal (conv pul) (once through)
MI,base load generation,coal,coal_base_conv pul 1971-1975,2021,9,0.3,8,coal (conv pul) (recirculating)
MI,base load generation,coal,coal_base_conv pul 1971-1975,2021,9,0.3,8,coal (conv pul) (cooling pond)
MI,base load generation,coal,coal_base_conv pul 1971-1975,2021,9,0.3,8,coal (conv pul) (dry cooling)
MI,intermediate generation,coal,coal_int_conv pul 1971-1975,2021,9,0.3,8,coal (conv pul) (once through)
MI,intermediate generation,coal,coal_int_conv pul 1971-1975,2021,9,0.3,8,coal (conv pul) (recirculating)
MI,intermediate generation,coal,coal_int_conv pul 1971-1975,2021,9,0.3,8,coal (conv pul) (cooling pond)
MI,intermediate generation,coal,coal_int_conv pul 1971-1975,2021,9,0.3,8,coal (conv pul) (dry cooling)
MI,base load generation,coal,coal_base_conv pul 1976-1980,2021,4,0.3,4,coal (conv pul) (once through)
MI,base load generation,coal,coal_base_conv pul 1976-1980,2021,4,0.3,4,coal (conv pul) (recirculating)
MI,base load generation,coal,coal_base_conv pul 1976-1980,2021,4,0.3,4,coal (conv pul) (cooling pond)
MI,base load generation,coal,coal_base_conv pul 1976-1980,2021,4,0.3,4,coal (conv pul) (dry cooling)
MI,intermediate generation,coal,coal_int_conv pul 1976-1980,2021,4,0.3,4,coal (conv pul) (once through)
MI,intermediate generation,coal,coal_int_conv pul 1976-1980,2021,4,0.3,4,coal (conv pul) (recirculating)
MI,intermediate generation,coal,coal_int_conv pul 1976-1980,2021,4,0.3,4,coal (conv pul) (cooling pond)
MI,intermediate generation,coal,coal_int_conv pul 1976-1980,2021,4,0.3,4,coal (conv pul) (dry cooling)
MI,base load generation,coal,coal_base_conv pul 1981-1985,2021,7,0.3,6,coal (conv pul) (once through)
MI,base load generation,coal,coal_base_conv pul 1981-1985,2021,7,0.3,6,coal (conv pul) (recirculating)
MI,base load generation,coal,coal_base_conv pul 1981-1985,2021,7,0.3,6,coal (conv pul) (cooling pond)
MI,base load generation,coal,coal_base_conv pul 1981-1985,2021,7,0.3,6,coal (conv pul) (dry cooling)
MI,intermediate generation,coal,coal_int_conv pul 1981-1985,2021,7,0.3,6,coal (conv pul) (once through)
MI,intermediate generation,coal,coal_int_conv pul 1981-1985,2021,7,0.3,6,coal (conv pul) (recirculating)
MI,intermediate generation,coal,coal_int_conv pul 1981-1985,2021,7,0.3,6,coal (conv pul) (cooling pond)
MI,intermediate generation,coal,coal_int_conv pul 1981-1985,2021,7,0.3,6,coal (conv pul) (dry cooling)
MI,base load generation,coal,coal_base_conv pul 1986-1990,2021,49,0.3,43,coal (conv pul) (once through)
MI,base load generation,coal,coal_base_conv pul 1986-1990,2021,49,0.3,43,coal (conv pul) (recirculating)
MI,base load generation,coal,coal_base_conv pul 1986-1990,2021,49,0.3,43,coal (conv pul) (cooling pond)
MI,base load generation,coal,coal_base_conv pul 1986-1990,2021,49,0.3,43,coal (conv pul) (dry cooling)
MI,intermediate generation,coal,coal_int_conv pul 1986-1990,2021,49,0.3,43,coal (conv pul) (once through)
MI,intermediate generation,coal,coal_int_conv pul 1986-1990,2021,49,0.3,43,coal (conv pul) (recirculating)
MI,intermediate generation,coal,coal_int_conv pul 1986-1990,2021,49,0.3,43,coal (conv pul) (cooling pond)
MI,intermediate generation,coal,coal_int_conv pul 1986-1990,2021,49,0.3,43,coal (conv pul) (dry cooling)
MI,base load generation,coal,coal_base_conv pul,2021,60,0.3,50,coal (conv pul) (once through)
MI,base load generation,coal,coal_base_conv pul,2021,60,0.3,50,coal (conv pul) (recirculating)
MI,base load generation,coal,coal_base_conv pul,2021,60,0.3,50,coal (conv pul) (cooling pond)
MI,base load generation,coal,coal_base_conv pul,2021,60,0.3,50,coal (conv pul) (dry cooling)
MI,base load generation,coal,coal_base_conv pul_retire_2023,2021,5,0.1,2.5,coal (conv pul) (once through)
MI,base load generation,coal,coal_base_conv pul_retire_2023,2021,5,0.1,2.5,coal (conv pul) (recirculating)
MI,base load generation,coal,coal_base_conv pul_retire_2023,2021,5,0.1,2.5,coal (conv pul) (cooling pond)
MI,base load generation,coal,coal_base_conv pul_retire_2023,2021,5,0.1,2.5,coal (conv pul) (dry cooling)
MI,intermediate generation,coal,coal_int_conv pul,2021,60,0.3,50,coal (conv pul) (once through)
MI,intermediate generation,coal,coal_int_conv pul,2021,60,0.3,50,coal (conv pul) (recirculating)
MI,intermediate generation,coal,coal_int_conv pul,2021,60,0.3,50,coal (conv pul) (cooling pond)
MI,intermediate generation,coal,coal_int_conv pul,2021,60,0.3,50,coal (conv pul) (dry cooling)
MI,intermediate generation,coal,coal_int_conv pul_retire_2023,2021,5,0.1,2.5,coal (conv pul) (once through)
MI,intermediate generation,coal,coal_int_conv pul_retire_2023,2021,5,0.1,2.5,coal (conv pul) (recirculating)
MI,intermediate generation,coal,coal_int_conv pul_retire_2023,2021,5,0.1,2.5,coal (conv pul) (cooling pond)
MI,intermediate generation,coal,coal_int_conv pul_retire_2023,2021,5,0.1,2.5,coal (conv pul) (dry cooling)
MI,peak generation,coal,coal_peak_conv pul,2021,60,0.3,50,coal (conv pul) (once through)
MI,peak generation,coal,coal_peak_conv pul,2021,60,0.3,50,coal (conv pul) (recirculating)
MI,peak generation,coal,coal_peak_conv pul,2021,60,0.3,50,coal (conv pul) (cooling pond)
MI,peak generation,coal,coal_peak_conv pul,2021,60,0.3,50,coal (conv pul) (dry cooling)
MI,peak generation,coal,coal_peak_conv pul_retire_2023,2021,5,0.1,2.5,coal (conv pul) (once through)
MI,peak generation,coal,coal_peak_conv pul_retire_2023,2021,5,0.1,2.5,coal (conv pul) (recirculating)
MI,peak generation,coal,coal_peak_conv pul_retire_2023,2021,5,0.1,2.5,coal (conv pul) (cooling pond)
MI,peak generation,coal,coal_peak_conv pul_retire_2023,2021,5,0.1,2.5,coal (conv pul) (dry cooling)
MI,subpeak generation,coal,coal_subpeak_conv pul,2021,60,0.3,50,coal (conv pul) (once through)
MI,subpeak generation,coal,coal_subpeak_conv pul,2021,60,0.3,50,coal (conv pul) (recirculating)
MI,subpeak generation,coal,coal_subpeak_conv pul,2021,60,0.3,50,coal (conv pul) (cooling pond)
MI,subpeak generation,coal,coal_subpeak_conv pul,2021,60,0.3,50,coal (conv pul) (dry cooling)
MI,subpeak generation,coal,coal_subpeak_conv pul_retire_2023,2021,5,0.1,2.5,coal (conv pul) (once through)
MI,subpeak generation,coal,coal_subpeak_conv pul_retire_2023,2021,5,0.1,2.5,coal (conv pul) (recirculating)
MI,subpeak generation,coal,coal_subpeak_conv pul_retire_2023,2021,5,0.1,2.5,coal (conv pul) (cooling pond)
MI,subpeak generation,coal,coal_subpeak_conv pul_retire_2023,2021,5,0.1,2.5,coal (conv pul) (dry cooling)
MN,base load generation,coal,coal_base_conv pul before 1950,2021,7,0.3,6,coal (conv pul) (once through)
MN,base load generation,coal,coal_base_conv pul before 1950,2021,7,0.3,6,coal (conv pul) (recirculating)
MN,base load generation,coal,coal_base_conv pul before 1950,2021,7,0.3,6,coal (conv pul) (cooling pond)
MN,base load generation,coal,coal_base_conv pul before 1950,2021,7,0.3,6,coal (conv pul) (dry cooling)
MN,intermediate generation,coal,coal_int_conv pul before 1950,2021,7,0.3,6,coal (conv pul) (once through)
MN,intermediate generation,coal,coal_int_conv pul before 1950,2021,7,0.3,6,coal (conv pul) (recirculating)
MN,intermediate generation,coal,coal_int_conv pul before 1950,2021,7,0.3,6,coal (conv pul) (cooling pond)
MN,intermediate generation,coal,coal_int_conv pul before 1950,2021,7,0.3,6,coal (conv pul) (dry cooling)
MN,base load generation,coal,coal_base_conv pul 1951-1955,2021,14,0.3,12,coal (conv pul) (once through)
MN,base load generation,coal,coal_base_conv pul 1951-1955,2021,14,0.3,12,coal (conv pul) (recirculating)
MN,base load generation,coal,coal_base_conv pul 1951-1955,2021,14,0.3,12,coal (conv pul) (cooling pond)
MN,base load generation,coal,coal_base_conv pul 1951-1955,2021,14,0.3,12,coal (conv pul) (dry cooling)
MN,intermediate generation,coal,coal_int_conv pul 1951-1955,2021,14,0.3,12,coal (conv pul) (once through)
MN,intermediate generation,coal,coal_int_conv pul 1951-1955,2021,14,0.3,12,coal (conv pul) (recirculating)
MN,intermediate generation,coal,coal_int_conv pul 1951-1955,2021,14,0.3,12,coal (conv pul) (cooling pond)
MN,intermediate generation,coal,coal_int_conv pul 1951-1955,2021,14,0.3,12,coal (conv pul) (dry cooling)
MN,base load generation,coal,coal_base_conv pul 1956-1960,2021,7,0.3,6,coal (conv pul) (once through)
MN,base load generation,coal,coal_base_conv pul 1956-1960,2021,7,0.3,6,coal (conv pul) (recirculating)
MN,base load generation,coal,coal_base_conv pul 1956-1960,2021,7,0.3,6,coal (conv pul) (cooling pond)
MN,base load generation,coal,coal_base_conv pul 1956-1960,2021,7,0.3,6,coal (conv pul) (dry cooling)
MN,intermediate generation,coal,coal_int_conv pul 1956-1960,2021,7,0.3,6,coal (conv pul) (once through)
MN,intermediate generation,coal,coal_int_conv pul 1956-1960,2021,7,0.3,6,coal (conv pul) (recirculating)
MN,intermediate generation,coal,coal_int_conv pul 1956-1960,2021,7,0.3,6,coal (conv pul) (cooling pond)
MN,intermediate generation,coal,coal_int_conv pul 1956-1960,2021,7,0.3,6,coal (conv pul) (dry cooling)
MN,base load generation,coal,coal_base_conv pul 1961-1965,2021,21,0.3,18,coal (conv pul) (once through)
MN,base load generation,coal,coal_base_conv pul 1961-1965,2021,21,0.3,18,coal (conv pul) (recirculating)
MN,base load generation,coal,coal_base_conv pul 1961-1965,2021,21,0.3,18,coal (conv pul) (cooling pond)
MN,base load generation,coal,coal_base_conv pul 1961-1965,2021,21,0.3,18,coal (conv pul) (dry cooling)
MN,intermediate generation,coal,coal_int_conv pul 1961-1965,2021,21,0.3,18,coal (conv pul) (once through)
MN,intermediate generation,coal,coal_int_conv pul 1961-1965,2021,21,0.3,18,coal (conv pul) (recirculating)
MN,intermediate generation,coal,coal_int_conv pul 1961-1965,2021,21,0.3,18,coal (conv pul) (cooling pond)
MN,intermediate generation,coal,coal_int_conv pul 1961-1965,2021,21,0.3,18,coal (conv pul) (dry cooling)
MN,base load generation,coal,coal_base_conv pul 1971-1975,2021,32,0.3,28,coal (conv pul) (once through)
MN,base load generation,coal,coal_base_conv pul 1971-1975,2021,32,0.3,28,coal (conv pul) (recirculating)
MN,base load generation,coal,coal_base_conv pul 1971-1975,2021,32,0.3,28,coal (conv pul) (cooling pond)
MN,base load generation,coal,coal_base_conv pul 1971-1975,2021,32,0.3,28,coal (conv pul) (dry cooling)
MN,intermediate generation,coal,coal_int_conv pul 1971-1975,2021,32,0.3,28,coal (conv pul) (once through)
MN,intermediate generation,coal,coal_int_conv pul 1971-1975,2021,32,0.3,28,coal (conv pul) (recirculating)
MN,intermediate generation,coal,coal_int_conv pul 1971-1975,2021,32,0.3,28,coal (conv pul) (cooling pond)
MN,intermediate generation,coal,coal_int_conv pul 1971-1975,2021,32,0.3,28,coal (conv pul) (dry cooling)
MN,base load generation,coal,coal_base_conv pul 1976-1980,2021,19,0.3,17,coal (conv pul) (once through)
MN,base load generation,coal,coal_base_conv pul 1976-1980,2021,19,0.3,17,coal (conv pul) (recirculating)
MN,base load generation,coal,coal_base_conv pul 1976-1980,2021,19,0.3,17,coal (conv pul) (cooling pond)
MN,base load generation,coal,coal_base_conv pul 1976-1980,2021,19,0.3,17,coal (conv pul) (dry cooling)
MN,intermediate generation,coal,coal_int_conv pul 1976-1980,2021,19,0.3,17,coal (conv pul) (once through)
MN,intermediate generation,coal,coal_int_conv pul 1976-1980,2021,19,0.3,17,coal (conv pul) (recirculating)
MN,intermediate generation,coal,coal_int_conv pul 1976-1980,2021,19,0.3,17,coal (conv pul) (cooling pond)
MN,intermediate generation,coal,coal_int_conv pul 1976-1980,2021,19,0.3,17,coal (conv pul) (dry cooling)
MN,base load generation,coal,coal_base_conv pul 1986-1990,2021,13,0.3,11,coal (conv pul) (once through)
MN,base load generation,coal,coal_base_conv pul 1986-1990,2021,13,0.3,11,coal (conv pul) (recirculating)
MN,base load generation,coal,coal_base_conv pul 1986-1990,2021,13,0.3,11,coal (conv pul) (cooling pond)
MN,base load generation,coal,coal_base_conv pul 1986-1990,2021,13,0.3,11,coal (conv pul) (dry cooling)
MN,intermediate generation,coal,coal_int_conv pul 1986-1990,2021,13,0.3,11,coal (conv pul) (once through)
MN,intermediate generation,coal,coal_int_conv pul 1986-1990,2021,13,0.3,11,coal (conv pul) (recirculating)
MN,intermediate generation,coal,coal_int_conv pul 1986-1990,2021,13,0.3,11,coal (conv pul) (cooling pond)
MN,intermediate generation,coal,coal_int_conv pul 1986-1990,2021,13,0.3,11,coal (conv pul) (dry cooling)
MN,base load generation,coal,coal_base_conv pul,2021,60,0.3,50,coal (conv pul) (once through)
MN,base load generation,coal,coal_base_conv pul,2021,60,0.3,50,coal (conv pul) (recirculating)
MN,base load generation,coal,coal_base_conv pul,2021,60,0.3,50,coal (conv pul) (cooling pond)
MN,base load generation,coal,coal_base_conv pul,2021,60,0.3,50,coal (conv pul) (dry cooling)
MN,base load generation,coal,coal_base_conv pul_retire_2023,2021,5,0.1,2.5,coal (conv pul) (once through)
MN,base load generation,coal,coal_base_conv pul_retire_2023,2021,5,0.1,2.5,coal (conv pul) (recirculating)
MN,base load generation,coal,coal_base_conv pul_retire_2023,2021,5,0.1,2.5,coal (conv pul) (cooling pond)
MN,base load generation,coal,coal_base_conv pul_retire_2023,2021,5,0.1,2.5,coal (conv pul) (dry cooling)
MN,intermediate generation,coal,coal_int_conv pul,2021,60,0.3,50,coal (conv pul) (once through)
MN,intermediate generation,coal,coal_int_conv pul,2021,60,0.3,50,coal (conv pul) (recirculating)
MN,intermediate generation,coal,coal_int_conv pul,2021,60,0.3,50,coal (conv pul) (cooling pond)
MN,intermediate generation,coal,coal_int_conv pul,2021,60,0.3,50,coal (conv pul) (dry cooling)
MN,intermediate generation,coal,coal_int_conv pul_retire_2023,2021,5,0.1,2.5,coal (conv pul) (once through)
MN,intermediate generation,coal,coal_int_conv pul_retire_2023,2021,5,0.1,2.5,coal (conv pul) (recirculating)
MN,intermediate generation,coal,coal_int_conv pul_retire_2023,2021,5,0.1,2.5,coal (conv pul) (cooling pond)
MN,intermediate generation,coal,coal_int_conv pul_retire_2023,2021,5,0.1,2.5,coal (conv pul) (dry cooling)
MN,peak generation,coal,coal_peak_conv pul,2021,60,0.3,50,coal (conv pul) (once through)
MN,peak generation,coal,coal_peak_conv pul,2021,60,0.3,50,coal (conv pul) (recirculating)
MN,peak generation,coal,coal_peak_conv pul,2021,60,0.3,50,coal (conv pul) (cooling pond)
MN,peak generation,coal,coal_peak_conv pul,2021,60,0.3,50,coal (conv pul) (dry cooling)
MN,peak generation,coal,coal_peak_conv pul_retire_2023,2021,5,0.1,2.5,coal (conv pul) (once through)
MN,peak generation,coal,coal_peak_conv pul_retire_2023,2021,5,0.1,2.5,coal (conv pul) (recirculating)
MN,peak generation,coal,coal_peak_conv pul_retire_2023,2021,5,0.1,2.5,coal (conv pul) (cooling pond)
MN,peak generation,coal,coal_peak_conv pul_retire_2023,2021,5,0.1,2.5,coal (conv pul) (dry cooling)
MN,subpeak generation,coal,coal_subpeak_conv pul,2021,60,0.3,50,coal (conv pul) (once through)
MN,subpeak generation,coal,coal_subpeak_conv pul,2021,60,0.3,50,coal (conv pul) (recirculating)
MN,subpeak generation,coal,coal_subpeak_conv pul,2021,60,0.3,50,coal (conv pul) (cooling pond)
MN,subpeak generation,coal,coal_subpeak_conv pul,2021,60,0.3,50,coal (conv pul) (dry cooling)
MN,subpeak generation,coal,coal_subpeak_conv pul_retire_2023,2021,5,0.1,2.5,coal (conv pul) (once through)
MN,subpeak generation,coal,coal_subpeak_conv pul_retire_2023,2021,5,0.1,2.5,coal (conv pul) (recirculating)
MN,subpeak generation,coal,coal_subpeak_conv pul_retire_2023,2021,5,0.1,2.5,coal (conv pul) (cooling pond)
MN,subpeak generation,coal,coal_subpeak_conv pul_retire_2023,2021,5,0.1,2.5,coal (conv pul) (dry cooling)
MO,base load generation,coal,coal_base_conv pul 1966-1970,2021,19,0.3,17,coal (conv pul) (once through)
MO,base load generation,coal,coal_base_conv pul 1966-1970,2021,19,0.3,17,coal (conv pul) (recirculating)
MO,base load generation,coal,coal_base_conv pul 1966-1970,2021,19,0.3,17,coal (conv pul) (cooling pond)
MO,base load generation,coal,coal_base_conv pul 1966-1970,2021,19,0.3,17,coal (conv pul) (dry cooling)
MO,intermediate generation,coal,coal_int_conv pul 1966-1970,2021,19,0.3,17,coal (conv pul) (once through)
MO,intermediate generation,coal,coal_int_conv pul 1966-1970,2021,19,0.3,17,coal (conv pul) (recirculating)
MO,intermediate generation,coal,coal_int_conv pul 1966-1970,2021,19,0.3,17,coal (conv pul) (cooling pond)
MO,intermediate generation,coal,coal_int_conv pul 1966-1970,2021,19,0.3,17,coal (conv pul) (dry cooling)
MO,base load generation,coal,coal_base_conv pul 1971-1975,2021,31,0.3,27,coal (conv pul) (once through)
MO,base load generation,coal,coal_base_conv pul 1971-1975,2021,31,0.3,27,coal (conv pul) (recirculating)
MO,base load generation,coal,coal_base_conv pul 1971-1975,2021,31,0.3,27,coal (conv pul) (cooling pond)
MO,base load generation,coal,coal_base_conv pul 1971-1975,2021,31,0.3,27,coal (conv pul) (dry cooling)
MO,intermediate generation,coal,coal_int_conv pul 1971-1975,2021,31,0.3,27,coal (conv pul) (once through)
MO,intermediate generation,coal,coal_int_conv pul 1971-1975,2021,31,0.3,27,coal (conv pul) (recirculating)
MO,intermediate generation,coal,coal_int_conv pul 1971-1975,2021,31,0.3,27,coal (conv pul) (cooling pond)
MO,intermediate generation,coal,coal_int_conv pul 1971-1975,2021,31,0.3,27,coal (conv pul) (dry cooling)
MO,base load generation,coal,coal_base_conv pul 1976-1980,2021,23,0.3,20,coal (conv pul) (once through)
MO,base load generation,coal,coal_base_conv pul 1976-1980,2021,23,0.3,20,coal (conv pul) (recirculating)
MO,base load generation,coal,coal_base_conv pul 1976-1980,2021,23,0.3,20,coal (conv pul) (cooling pond)
MO,base load generation,coal,coal_base_conv pul 1976-1980,2021,23,0.3,20,coal (conv pul) (dry cooling)
MO,intermediate generation,coal,coal_int_conv pul 1976-1980,2021,23,0.3,20,coal (conv pul) (once through)
MO,intermediate generation,coal,coal_int_conv pul 1976-1980,2021,23,0.3,20,coal (conv pul) (recirculating)
MO,intermediate generation,coal,coal_int_conv pul 1976-1980,2021,23,0.3,20,coal (conv pul) (cooling pond)
MO,intermediate generation,coal,coal_int_conv pul 1976-1980,2021,23,0.3,20,coal (conv pul) (dry cooling)
MO,base load generation,coal,coal_base_conv pul 1981-1985,2021,41,0.3,36,coal (conv pul) (once through)
MO,base load generation,coal,coal_base_conv pul 1981-1985,2021,41,0.3,36,coal (conv pul) (recirculating)
MO,base load generation,coal,coal_base_conv pul 1981-1985,2021,41,0.3,36,coal (conv pul) (cooling pond)
MO,base load generation,coal,coal_base_conv pul 1981-1985,2021,41,0.3,36,coal (conv pul) (dry cooling)
MO,intermediate generation,coal,coal_int_conv pul 1981-1985,2021,41,0.3,36,coal (conv pul) (once through)
MO,intermediate generation,coal,coal_int_conv pul 1981-1985,2021,41,0.3,36,coal (conv pul) (recirculating)
MO,intermediate generation,coal,coal_int_conv pul 1981-1985,2021,41,0.3,36,coal (conv pul) (cooling pond)
MO,intermediate generation,coal,coal_int_conv pul 1981-1985,2021,41,0.3,36,coal (conv pul) (dry cooling)
MO,base load generation,coal,coal_base_conv pul 2006-2010,2021,69,0.3,60,coal (conv pul) (once through)
MO,base load generation,coal,coal_base_conv pul 2006-2010,2021,69,0.3,60,coal (conv pul) (recirculating)
MO,base load generation,coal,coal_base_conv pul 2006-2010,2021,69,0.3,60,coal (conv pul) (cooling pond)
MO,base load generation,coal,coal_base_conv pul 2006-2010,2021,69,0.3,60,coal (conv pul) (dry cooling)
MO,intermediate generation,coal,coal_int_conv pul 2006-2010,2021,69,0.3,60,coal (conv pul) (once through)
MO,intermediate generation,coal,coal_int_conv pul 2006-2010,2021,69,0.3,60,coal (conv pul) (recirculating)
MO,intermediate generation,coal,coal_int_conv pul 2006-2010,2021,69,0.3,60,coal (conv pul) (cooling pond)
MO,intermediate generation,coal,coal_int_conv pul 2006-2010,2021,69,0.3,60,coal (conv pul) (dry cooling)
MO,base load generation,coal,coal_base_conv pul 2011-2015,2021,70,0.3,61,coal (conv pul) (once through)
MO,base load generation,coal,coal_base_conv pul 2011-2015,2021,70,0.3,61,coal (conv pul) (recirculating)
MO,base load generation,coal,coal_base_conv pul 2011-2015,2021,70,0.3,61,coal (conv pul) (cooling pond)
MO,base load generation,coal,coal_base_conv pul 2011-2015,2021,70,0.3,61,coal (conv pul) (dry cooling)
MO,intermediate generation,coal,coal_int_conv pul 2011-2015,2021,70,0.3,61,coal (conv pul) (once through)
MO,intermediate generation,coal,coal_int_conv pul 2011-2015,2021,70,0.3,61,coal (conv pul) (recirculating)
MO,intermediate generation,coal,coal_int_conv pul 2011-2015,2021,70,0.3,61,coal (conv pul) (cooling pond)
MO,intermediate generation,coal,coal_int_conv pul 2011-2015,2021,70,0.3,61,coal (conv pul) (dry cooling)
MO,base load generation,coal,coal_base_conv pul,2021,60,0.3,50,coal (conv pul) (once through)
MO,base load generation,coal,coal_base_conv pul,2021,60,0.3,50,coal (conv pul) (recirculating)
MO,base load generation,coal,coal_base_conv pul,2021,60,0.3,50,coal (conv pul) (cooling pond)
MO,base load generation,coal,coal_base_conv pul,2021,60,0.3,50,coal (conv pul) (dry cooling)
MO,base load generation,coal,coal_base_conv pul_retire_2023,2021,5,0.1,2.5,coal (conv pul) (once through)
MO,base load generation,coal,coal_base_conv pul_retire_2023,2021,5,0.1,2.5,coal (conv pul) (recirculating)
MO,base load generation,coal,coal_base_conv pul_retire_2023,2021,5,0.1,2.5,coal (conv pul) (cooling pond)
MO,base load generation,coal,coal_base_conv pul_retire_2023,2021,5,0.1,2.5,coal (conv pul) (dry cooling)
MO,intermediate generation,coal,coal_int_conv pul,2021,60,0.3,50,coal (conv pul) (once through)
MO,intermediate generation,coal,coal_int_conv pul,2021,60,0.3,50,coal (conv pul) (recirculating)
MO,intermediate generation,coal,coal_int_conv pul,2021,60,0.3,50,coal (conv pul) (cooling pond)
MO,intermediate generation,coal,coal_int_conv pul,2021,60,0.3,50,coal (conv pul) (dry cooling)
MO,intermediate generation,coal,coal_int_conv pul_retire_2023,2021,5,0.1,2.5,coal (conv pul) (once through)
MO,intermediate generation,coal,coal_int_conv pul_retire_2023,2021,5,0.1,2.5,coal (conv pul) (recirculating)
MO,intermediate generation,coal,coal_int_conv pul_retire_2023,2021,5,0.1,2.5,coal (conv pul) (cooling pond)
MO,intermediate generation,coal,coal_int_conv pul_retire_2023,2021,5,0.1,2.5,coal (conv pul) (dry cooling)
MO,peak generation,coal,coal_peak_conv pul,2021,60,0.3,50,coal (conv pul) (once through)
MO,peak generation,coal,coal_peak_conv pul,2021,60,0.3,50,coal (conv pul) (recirculating)
MO,peak generation,coal,coal_peak_conv pul,2021,60,0.3,50,coal (conv pul) (cooling pond)
MO,peak generation,coal,coal_peak_conv pul,2021,60,0.3,50,coal (conv pul) (dry cooling)
MO,peak generation,coal,coal_peak_conv pul_retire_2023,2021,5,0.1,2.5,coal (conv pul) (once through)
MO,peak generation,coal,coal_peak_conv pul_retire_2023,2021,5,0.1,2.5,coal (conv pul) (recirculating)
MO,peak generation,coal,coal_peak_conv pul_retire_2023,2021,5,0.1,2.5,coal (conv pul) (cooling pond)
MO,peak generation,coal,coal_peak_conv pul_retire_2023,2021,5,0.1,2.5,coal (conv pul) (dry cooling)
MO,subpeak generation,coal,coal_subpeak_conv pul,2021,60,0.3,50,coal (conv pul) (once through)
MO,subpeak generation,coal,coal_subpeak_conv pul,2021,60,0.3,50,coal (conv pul) (recirculating)
MO,subpeak generation,coal,coal_subpeak_conv pul,2021,60,0.3,50,coal (conv pul) (cooling pond)
MO,subpeak generation,coal,coal_subpeak_conv pul,2021,60,0.3,50,coal (conv pul) (dry cooling)
MO,subpeak generation,coal,coal_subpeak_conv pul_retire_2023,2021,5,0.1,2.5,coal (conv pul) (once through)
MO,subpeak generation,coal,coal_subpeak_conv pul_retire_2023,2021,5,0.1,2.5,coal (conv pul) (recirculating)
MO,subpeak generation,coal,coal_subpeak_conv pul_retire_2023,2021,5,0.1,2.5,coal (conv pul) (cooling pond)
MO,subpeak generation,coal,coal_subpeak_conv pul_retire_2023,2021,5,0.1,2.5,coal (conv pul) (dry cooling)
MS,base load generation,coal,coal_base_conv pul 1976-1980,2021,6,0.3,5,coal (conv pul) (seawater)
MS,intermediate generation,coal,coal_int_conv pul 1976-1980,2021,6,0.3,5,coal (conv pul) (seawater)
MS,base load generation,coal,coal_base_conv pul 1981-1985,2021,6,0.3,5,coal (conv pul) (seawater)
MS,intermediate generation,coal,coal_int_conv pul 1981-1985,2021,6,0.3,5,coal (conv pul) (seawater)
MS,base load generation,coal,coal_base_conv pul 2001-2005,2021,60,0.3,52,coal (conv pul) (seawater)
MS,intermediate generation,coal,coal_int_conv pul 2001-2005,2021,60,0.3,52,coal (conv pul) (seawater)
MS,base load generation,coal,coal_base_conv pul,2021,60,0.3,50,coal (conv pul) (seawater)
MS,base load generation,coal,coal_base_conv pul_retire_2023,2021,5,0.1,2.5,coal (conv pul) (seawater)
MS,intermediate generation,coal,coal_int_conv pul,2021,60,0.3,50,coal (conv pul) (seawater)
MS,intermediate generation,coal,coal_int_conv pul_retire_2023,2021,5,0.1,2.5,coal (conv pul) (seawater)
MS,peak generation,coal,coal_peak_conv pul,2021,60,0.3,50,coal (conv pul) (seawater)
MS,peak generation,coal,coal_peak_conv pul_retire_2023,2021,5,0.1,2.5,coal (conv pul) (seawater)
MS,subpeak generation,coal,coal_subpeak_conv pul,2021,60,0.3,50,coal (conv pul) (seawater)
MS,subpeak generation,coal,coal_subpeak_conv pul_retire_2023,2021,5,0.1,2.5,coal (conv pul) (seawater)
MS,base load generation,coal,coal_base_conv pul 1976-1980,2021,6,0.3,5,coal (conv pul) (once through)
MS,base load generation,coal,coal_base_conv pul 1976-1980,2021,6,0.3,5,coal (conv pul) (recirculating)
MS,base load generation,coal,coal_base_conv pul 1976-1980,2021,6,0.3,5,coal (conv pul) (cooling pond)
MS,base load generation,coal,coal_base_conv pul 1976-1980,2021,6,0.3,5,coal (conv pul) (dry cooling)
MS,intermediate generation,coal,coal_int_conv pul 1976-1980,2021,6,0.3,5,coal (conv pul) (once through)
MS,intermediate generation,coal,coal_int_conv pul 1976-1980,2021,6,0.3,5,coal (conv pul) (recirculating)
MS,intermediate generation,coal,coal_int_conv pul 1976-1980,2021,6,0.3,5,coal (conv pul) (cooling pond)
MS,intermediate generation,coal,coal_int_conv pul 1976-1980,2021,6,0.3,5,coal (conv pul) (dry cooling)
MS,base load generation,coal,coal_base_conv pul 1981-1985,2021,6,0.3,5,coal (conv pul) (once through)
MS,base load generation,coal,coal_base_conv pul 1981-1985,2021,6,0.3,5,coal (conv pul) (recirculating)
MS,base load generation,coal,coal_base_conv pul 1981-1985,2021,6,0.3,5,coal (conv pul) (cooling pond)
MS,base load generation,coal,coal_base_conv pul 1981-1985,2021,6,0.3,5,coal (conv pul) (dry cooling)
MS,intermediate generation,coal,coal_int_conv pul 1981-1985,2021,6,0.3,5,coal (conv pul) (once through)
MS,intermediate generation,coal,coal_int_conv pul 1981-1985,2021,6,0.3,5,coal (conv pul) (recirculating)
MS,intermediate generation,coal,coal_int_conv pul 1981-1985,2021,6,0.3,5,coal (conv pul) (cooling pond)
MS,intermediate generation,coal,coal_int_conv pul 1981-1985,2021,6,0.3,5,coal (conv pul) (dry cooling)
MS,base load generation,coal,coal_base_conv pul 2001-2005,2021,60,0.3,52,coal (conv pul) (once through)
MS,base load generation,coal,coal_base_conv pul 2001-2005,2021,60,0.3,52,coal (conv pul) (recirculating)
MS,base load generation,coal,coal_base_conv pul 2001-2005,2021,60,0.3,52,coal (conv pul) (cooling pond)
MS,base load generation,coal,coal_base_conv pul 2001-2005,2021,60,0.3,52,coal (conv pul) (dry cooling)
MS,intermediate generation,coal,coal_int_conv pul 2001-2005,2021,60,0.3,52,coal (conv pul) (once through)
MS,intermediate generation,coal,coal_int_conv pul 2001-2005,2021,60,0.3,52,coal (conv pul) (recirculating)
MS,intermediate generation,coal,coal_int_conv pul 2001-2005,2021,60,0.3,52,coal (conv pul) (cooling pond)
MS,intermediate generation,coal,coal_int_conv pul 2001-2005,2021,60,0.3,52,coal (conv pul) (dry cooling)
MS,base load generation,coal,coal_base_conv pul,2021,60,0.3,50,coal (conv pul) (once through)
MS,base load generation,coal,coal_base_conv pul,2021,60,0.3,50,coal (conv pul) (recirculating)
MS,base load generation,coal,coal_base_conv pul,2021,60,0.3,50,coal (conv pul) (cooling pond)
MS,base load generation,coal,coal_base_conv pul,2021,60,0.3,50,coal (conv pul) (dry cooling)
MS,base load generation,coal,coal_base_conv pul_retire_2023,2021,5,0.1,2.5,coal (conv pul) (once through)
MS,base load generation,coal,coal_base_conv pul_retire_2023,2021,5,0.1,2.5,coal (conv pul) (recirculating)
MS,base load generation,coal,coal_base_conv pul_retire_2023,2021,5,0.1,2.5,coal (conv pul) (cooling pond)
MS,base load generation,coal,coal_base_conv pul_retire_2023,2021,5,0.1,2.5,coal (conv pul) (dry cooling)
MS,intermediate generation,coal,coal_int_conv pul,2021,60,0.3,50,coal (conv pul) (once through)
MS,intermediate generation,coal,coal_int_conv pul,2021,60,0.3,50,coal (conv pul) (recirculating)
MS,intermediate generation,coal,coal_int_conv pul,2021,60,0.3,50,coal (conv pul) (cooling pond)
MS,intermediate generation,coal,coal_int_conv pul,2021,60,0.3,50,coal (conv pul) (dry cooling)
MS,intermediate generation,coal,coal_int_conv pul_retire_2023,2021,5,0.1,2.5,coal (conv pul) (once through)
MS,intermediate generation,coal,coal_int_conv pul_retire_2023,2021,5,0.1,2.5,coal (conv pul) (recirculating)
MS,intermediate generation,coal,coal_int_conv pul_retire_2023,2021,5,0.1,2.5,coal (conv pul) (cooling pond)
MS,intermediate generation,coal,coal_int_conv pul_retire_2023,2021,5,0.1,2.5,coal (conv pul) (dry cooling)
MS,peak generation,coal,coal_peak_conv pul,2021,60,0.3,50,coal (conv pul) (once through)
MS,peak generation,coal,coal_peak_conv pul,2021,60,0.3,50,coal (conv pul) (recirculating)
MS,peak generation,coal,coal_peak_conv pul,2021,60,0.3,50,coal (conv pul) (cooling pond)
MS,peak generation,coal,coal_peak_conv pul,2021,60,0.3,50,coal (conv pul) (dry cooling)
MS,peak generation,coal,coal_peak_conv pul_retire_2023,2021,5,0.1,2.5,coal (conv pul) (once through)
MS,peak generation,coal,coal_peak_conv pul_retire_2023,2021,5,0.1,2.5,coal (conv pul) (recirculating)
MS,peak generation,coal,coal_peak_conv pul_retire_2023,2021,5,0.1,2.5,coal (conv pul) (cooling pond)
MS,peak generation,coal,coal_peak_conv pul_retire_2023,2021,5,0.1,2.5,coal (conv pul) (dry cooling)
MS,subpeak generation,coal,coal_subpeak_conv pul,2021,60,0.3,50,coal (conv pul) (once through)
MS,subpeak generation,coal,coal_subpeak_conv pul,2021,60,0.3,50,coal (conv pul) (recirculating)
MS,subpeak generation,coal,coal_subpeak_conv pul,2021,60,0.3,50,coal (conv pul) (cooling pond)
MS,subpeak generation,coal,coal_subpeak_conv pul,2021,60,0.3,50,coal (conv pul) (dry cooling)
MS,subpeak generation,coal,coal_subpeak_conv pul_retire_2023,2021,5,0.1,2.5,coal (conv pul) (once through)
MS,subpeak generation,coal,coal_subpeak_conv pul_retire_2023,2021,5,0.1,2.5,coal (conv pul) (recirculating)
MS,subpeak generation,coal,coal_subpeak_conv pul_retire_2023,2021,5,0.1,2.5,coal (conv pul) (cooling pond)
MS,subpeak generation,coal,coal_subpeak_conv pul_retire_2023,2021,5,0.1,2.5,coal (conv pul) (dry cooling)
MT,base load generation,coal,coal_base_conv pul 1981-1985,2021,43,0.3,38,coal (conv pul) (once through)
MT,base load generation,coal,coal_base_conv pul 1981-1985,2021,43,0.3,38,coal (conv pul) (recirculating)
MT,base load generation,coal,coal_base_conv pul 1981-1985,2021,43,0.3,38,coal (conv pul) (cooling pond)
MT,base load generation,coal,coal_base_conv pul 1981-1985,2021,43,0.3,38,coal (conv pul) (dry cooling)
MT,intermediate generation,coal,coal_int_conv pul 1981-1985,2021,43,0.3,38,coal (conv pul) (once through)
MT,intermediate generation,coal,coal_int_conv pul 1981-1985,2021,43,0.3,38,coal (conv pul) (recirculating)
MT,intermediate generation,coal,coal_int_conv pul 1981-1985,2021,43,0.3,38,coal (conv pul) (cooling pond)
MT,intermediate generation,coal,coal_int_conv pul 1981-1985,2021,43,0.3,38,coal (conv pul) (dry cooling)
MT,base load generation,coal,coal_base_conv pul 1986-1990,2021,45,0.3,39,coal (conv pul) (once through)
MT,base load generation,coal,coal_base_conv pul 1986-1990,2021,45,0.3,39,coal (conv pul) (recirculating)
MT,base load generation,coal,coal_base_conv pul 1986-1990,2021,45,0.3,39,coal (conv pul) (cooling pond)
MT,base load generation,coal,coal_base_conv pul 1986-1990,2021,45,0.3,39,coal (conv pul) (dry cooling)
MT,intermediate generation,coal,coal_int_conv pul 1986-1990,2021,45,0.3,39,coal (conv pul) (once through)
MT,intermediate generation,coal,coal_int_conv pul 1986-1990,2021,45,0.3,39,coal (conv pul) (recirculating)
MT,intermediate generation,coal,coal_int_conv pul 1986-1990,2021,45,0.3,39,coal (conv pul) (cooling pond)
MT,intermediate generation,coal,coal_int_conv pul 1986-1990,2021,45,0.3,39,coal (conv pul) (dry cooling)
MT,base load generation,coal,coal_base_conv pul 2006-2010,2021,65,0.3,57,coal (conv pul) (once through)
MT,base load generation,coal,coal_base_conv pul 2006-2010,2021,65,0.3,57,coal (conv pul) (recirculating)
MT,base load generation,coal,coal_base_conv pul 2006-2010,2021,65,0.3,57,coal (conv pul) (cooling pond)
MT,base load generation,coal,coal_base_conv pul 2006-2010,2021,65,0.3,57,coal (conv pul) (dry cooling)
MT,intermediate generation,coal,coal_int_conv pul 2006-2010,2021,65,0.3,57,coal (conv pul) (once through)
MT,intermediate generation,coal,coal_int_conv pul 2006-2010,2021,65,0.3,57,coal (conv pul) (recirculating)
MT,intermediate generation,coal,coal_int_conv pul 2006-2010,2021,65,0.3,57,coal (conv pul) (cooling pond)
MT,intermediate generation,coal,coal_int_conv pul 2006-2010,2021,65,0.3,57,coal (conv pul) (dry cooling)
MT,base load generation,coal,coal_base_conv pul 2011-2015,2021,70,0.3,61,coal (conv pul) (once through)
MT,base load generation,coal,coal_base_conv pul 2011-2015,2021,70,0.3,61,coal (conv pul) (recirculating)
MT,base load generation,coal,coal_base_conv pul 2011-2015,2021,70,0.3,61,coal (conv pul) (cooling pond)
MT,base load generation,coal,coal_base_conv pul 2011-2015,2021,70,0.3,61,coal (conv pul) (dry cooling)
MT,intermediate generation,coal,coal_int_conv pul 2011-2015,2021,70,0.3,61,coal (conv pul) (once through)
MT,intermediate generation,coal,coal_int_conv pul 2011-2015,2021,70,0.3,61,coal (conv pul) (recirculating)
MT,intermediate generation,coal,coal_int_conv pul 2011-2015,2021,70,0.3,61,coal (conv pul) (cooling pond)
MT,intermediate generation,coal,coal_int_conv pul 2011-2015,2021,70,0.3,61,coal (conv pul) (dry cooling)
MT,base load generation,coal,coal_base_conv pul,2021,60,0.3,50,coal (conv pul) (once through)
MT,base load generation,coal,coal_base_conv pul,2021,60,0.3,50,coal (conv pul) (recirculating)
MT,base load generation,coal,coal_base_conv pul,2021,60,0.3,50,coal (conv pul) (cooling pond)
MT,base load generation,coal,coal_base_conv pul,2021,60,0.3,50,coal (conv pul) (dry cooling)
MT,base load generation,coal,coal_base_conv pul_retire_2023,2021,5,0.1,2.5,coal (conv pul) (once through)
MT,base load generation,coal,coal_base_conv pul_retire_2023,2021,5,0.1,2.5,coal (conv pul) (recirculating)
MT,base load generation,coal,coal_base_conv pul_retire_2023,2021,5,0.1,2.5,coal (conv pul) (cooling pond)
MT,base load generation,coal,coal_base_conv pul_retire_2023,2021,5,0.1,2.5,coal (conv pul) (dry cooling)
MT,intermediate generation,coal,coal_int_conv pul,2021,60,0.3,50,coal (conv pul) (once through)
MT,intermediate generation,coal,coal_int_conv pul,2021,60,0.3,50,coal (conv pul) (recirculating)
MT,intermediate generation,coal,coal_int_conv pul,2021,60,0.3,50,coal (conv pul) (cooling pond)
MT,intermediate generation,coal,coal_int_conv pul,2021,60,0.3,50,coal (conv pul) (dry cooling)
MT,intermediate generation,coal,coal_int_conv pul_retire_2023,2021,5,0.1,2.5,coal (conv pul) (once through)
MT,intermediate generation,coal,coal_int_conv pul_retire_2023,2021,5,0.1,2.5,coal (conv pul) (recirculating)
MT,intermediate generation,coal,coal_int_conv pul_retire_2023,2021,5,0.1,2.5,coal (conv pul) (cooling pond)
MT,intermediate generation,coal,coal_int_conv pul_retire_2023,2021,5,0.1,2.5,coal (conv pul) (dry cooling)
MT,peak generation,coal,coal_peak_conv pul,2021,60,0.3,50,coal (conv pul) (once through)
MT,peak generation,coal,coal_peak_conv pul,2021,60,0.3,50,coal (conv pul) (recirculating)
MT,peak generation,coal,coal_peak_conv pul,2021,60,0.3,50,coal (conv pul) (cooling pond)
MT,peak generation,coal,coal_peak_conv pul,2021,60,0.3,50,coal (conv pul) (dry cooling)
MT,peak generation,coal,coal_peak_conv pul_retire_2023,2021,5,0.1,2.5,coal (conv pul) (once through)
MT,peak generation,coal,coal_peak_conv pul_retire_2023,2021,5,0.1,2.5,coal (conv pul) (recirculating)
MT,peak generation,coal,coal_peak_conv pul_retire_2023,2021,5,0.1,2.5,coal (conv pul) (cooling pond)
MT,peak generation,coal,coal_peak_conv pul_retire_2023,2021,5,0.1,2.5,coal (conv pul) (dry cooling)
MT,subpeak generation,coal,coal_subpeak_conv pul,2021,60,0.3,50,coal (conv pul) (once through)
MT,subpeak generation,coal,coal_subpeak_conv pul,2021,60,0.3,50,coal (conv pul) (recirculating)
MT,subpeak generation,coal,coal_subpeak_conv pul,2021,60,0.3,50,coal (conv pul) (cooling pond)
MT,subpeak generation,coal,coal_subpeak_conv pul,2021,60,0.3,50,coal (conv pul) (dry cooling)
MT,subpeak generation,coal,coal_subpeak_conv pul_retire_2023,2021,5,0.1,2.5,coal (conv pul) (once through)
MT,subpeak generation,coal,coal_subpeak_conv pul_retire_2023,2021,5,0.1,2.5,coal (conv pul) (recirculating)
MT,subpeak generation,coal,coal_subpeak_conv pul_retire_2023,2021,5,0.1,2.5,coal (conv pul) (cooling pond)
MT,subpeak generation,coal,coal_subpeak_conv pul_retire_2023,2021,5,0.1,2.5,coal (conv pul) (dry cooling)
NC,base load generation,coal,coal_base_conv pul 1956-1960,2021,3,0.3,3,coal (conv pul) (seawater)
NC,intermediate generation,coal,coal_int_conv pul 1956-1960,2021,3,0.3,3,coal (conv pul) (seawater)
NC,base load generation,coal,coal_base_conv pul 1961-1965,2021,3,0.3,3,coal (conv pul) (seawater)
NC,intermediate generation,coal,coal_int_conv pul 1961-1965,2021,3,0.3,3,coal (conv pul) (seawater)
NC,base load generation,coal,coal_base_conv pul 1966-1970,2021,25,0.3,22,coal (conv pul) (seawater)
NC,intermediate generation,coal,coal_int_conv pul 1966-1970,2021,25,0.3,22,coal (conv pul) (seawater)
NC,base load generation,coal,coal_base_conv pul 1971-1975,2021,32,0.3,28,coal (conv pul) (seawater)
NC,intermediate generation,coal,coal_int_conv pul 1971-1975,2021,32,0.3,28,coal (conv pul) (seawater)
NC,base load generation,coal,coal_base_conv pul 1976-1980,2021,39,0.3,34,coal (conv pul) (seawater)
NC,intermediate generation,coal,coal_int_conv pul 1976-1980,2021,39,0.3,34,coal (conv pul) (seawater)
NC,base load generation,coal,coal_base_conv pul 1981-1985,2021,42,0.3,37,coal (conv pul) (seawater)
NC,intermediate generation,coal,coal_int_conv pul 1981-1985,2021,42,0.3,37,coal (conv pul) (seawater)
NC,base load generation,coal,coal_base_conv pul,2021,60,0.3,50,coal (conv pul) (seawater)
NC,base load generation,coal,coal_base_conv pul_retire_2023,2021,5,0.1,2.5,coal (conv pul) (seawater)
NC,intermediate generation,coal,coal_int_conv pul,2021,60,0.3,50,coal (conv pul) (seawater)
NC,intermediate generation,coal,coal_int_conv pul_retire_2023,2021,5,0.1,2.5,coal (conv pul) (seawater)
NC,peak generation,coal,coal_peak_conv pul,2021,60,0.3,50,coal (conv pul) (seawater)
NC,peak generation,coal,coal_peak_conv pul_retire_2023,2021,5,0.1,2.5,coal (conv pul) (seawater)
NC,subpeak generation,coal,coal_subpeak_conv pul,2021,60,0.3,50,coal (conv pul) (seawater)
NC,subpeak generation,coal,coal_subpeak_conv pul_retire_2023,2021,5,0.1,2.5,coal (conv pul) (seawater)
NC,base load generation,coal,coal_base_conv pul 1956-1960,2021,3,0.3,3,coal (conv pul) (once through)
NC,base load generation,coal,coal_base_conv pul 1956-1960,2021,3,0.3,3,coal (conv pul) (recirculating)
NC,base load generation,coal,coal_base_conv pul 1956-1960,2021,3,0.3,3,coal (conv pul) (cooling pond)
NC,base load generation,coal,coal_base_conv pul 1956-1960,2021,3,0.3,3,coal (conv pul) (dry cooling)
NC,intermediate generation,coal,coal_int_conv pul 1956-1960,2021,3,0.3,3,coal (conv pul) (once through)
NC,intermediate generation,coal,coal_int_conv pul 1956-1960,2021,3,0.3,3,coal (conv pul) (recirculating)
NC,intermediate generation,coal,coal_int_conv pul 1956-1960,2021,3,0.3,3,coal (conv pul) (cooling pond)
NC,intermediate generation,coal,coal_int_conv pul 1956-1960,2021,3,0.3,3,coal (conv pul) (dry cooling)
NC,base load generation,coal,coal_base_conv pul 1961-1965,2021,3,0.3,3,coal (conv pul) (once through)
NC,base load generation,coal,coal_base_conv pul 1961-1965,2021,3,0.3,3,coal (conv pul) (recirculating)
NC,base load generation,coal,coal_base_conv pul 1961-1965,2021,3,0.3,3,coal (conv pul) (cooling pond)
NC,base load generation,coal,coal_base_conv pul 1961-1965,2021,3,0.3,3,coal (conv pul) (dry cooling)
NC,intermediate generation,coal,coal_int_conv pul 1961-1965,2021,3,0.3,3,coal (conv pul) (once through)
NC,intermediate generation,coal,coal_int_conv pul 1961-1965,2021,3,0.3,3,coal (conv pul) (recirculating)
NC,intermediate generation,coal,coal_int_conv pul 1961-1965,2021,3,0.3,3,coal (conv pul) (cooling pond)
NC,intermediate generation,coal,coal_int_conv pul 1961-1965,2021,3,0.3,3,coal (conv pul) (dry cooling)
NC,base load generation,coal,coal_base_conv pul 1966-1970,2021,25,0.3,22,coal (conv pul) (once through)
NC,base load generation,coal,coal_base_conv pul 1966-1970,2021,25,0.3,22,coal (conv pul) (recirculating)
NC,base load generation,coal,coal_base_conv pul 1966-1970,2021,25,0.3,22,coal (conv pul) (cooling pond)
NC,base load generation,coal,coal_base_conv pul 1966-1970,2021,25,0.3,22,coal (conv pul) (dry cooling)
NC,intermediate generation,coal,coal_int_conv pul 1966-1970,2021,25,0.3,22,coal (conv pul) (once through)
NC,intermediate generation,coal,coal_int_conv pul 1966-1970,2021,25,0.3,22,coal (conv pul) (recirculating)
NC,intermediate generation,coal,coal_int_conv pul 1966-1970,2021,25,0.3,22,coal (conv pul) (cooling pond)
NC,intermediate generation,coal,coal_int_conv pul 1966-1970,2021,25,0.3,22,coal (conv pul) (dry cooling)
NC,base load generation,coal,coal_base_conv pul 1971-1975,2021,32,0.3,28,coal (conv pul) (once through)
NC,base load generation,coal,coal_base_conv pul 1971-1975,2021,32,0.3,28,coal (conv pul) (recirculating)
NC,base load generation,coal,coal_base_conv pul 1971-1975,2021,32,0.3,28,coal (conv pul) (cooling pond)
NC,base load generation,coal,coal_base_conv pul 1971-1975,2021,32,0.3,28,coal (conv pul) (dry cooling)
NC,intermediate generation,coal,coal_int_conv pul 1971-1975,2021,32,0.3,28,coal (conv pul) (once through)
NC,intermediate generation,coal,coal_int_conv pul 1971-1975,2021,32,0.3,28,coal (conv pul) (recirculating)
NC,intermediate generation,coal,coal_int_conv pul 1971-1975,2021,32,0.3,28,coal (conv pul) (cooling pond)
NC,intermediate generation,coal,coal_int_conv pul 1971-1975,2021,32,0.3,28,coal (conv pul) (dry cooling)
NC,base load generation,coal,coal_base_conv pul 1976-1980,2021,39,0.3,34,coal (conv pul) (once through)
NC,base load generation,coal,coal_base_conv pul 1976-1980,2021,39,0.3,34,coal (conv pul) (recirculating)
NC,base load generation,coal,coal_base_conv pul 1976-1980,2021,39,0.3,34,coal (conv pul) (cooling pond)
NC,base load generation,coal,coal_base_conv pul 1976-1980,2021,39,0.3,34,coal (conv pul) (dry cooling)
NC,intermediate generation,coal,coal_int_conv pul 1976-1980,2021,39,0.3,34,coal (conv pul) (once through)
NC,intermediate generation,coal,coal_int_conv pul 1976-1980,2021,39,0.3,34,coal (conv pul) (recirculating)
NC,intermediate generation,coal,coal_int_conv pul 1976-1980,2021,39,0.3,34,coal (conv pul) (cooling pond)
NC,intermediate generation,coal,coal_int_conv pul 1976-1980,2021,39,0.3,34,coal (conv pul) (dry cooling)
NC,base load generation,coal,coal_base_conv pul 1981-1985,2021,42,0.3,37,coal (conv pul) (once through)
NC,base load generation,coal,coal_base_conv pul 1981-1985,2021,42,0.3,37,coal (conv pul) (recirculating)
NC,base load generation,coal,coal_base_conv pul 1981-1985,2021,42,0.3,37,coal (conv pul) (cooling pond)
NC,base load generation,coal,coal_base_conv pul 1981-1985,2021,42,0.3,37,coal (conv pul) (dry cooling)
NC,intermediate generation,coal,coal_int_conv pul 1981-1985,2021,42,0.3,37,coal (conv pul) (once through)
NC,intermediate generation,coal,coal_int_conv pul 1981-1985,2021,42,0.3,37,coal (conv pul) (recirculating)
NC,intermediate generation,coal,coal_int_conv pul 1981-1985,2021,42,0.3,37,coal (conv pul) (cooling pond)
NC,intermediate generation,coal,coal_int_conv pul 1981-1985,2021,42,0.3,37,coal (conv pul) (dry cooling)
NC,base load generation,coal,coal_base_conv pul,2021,60,0.3,50,coal (conv pul) (once through)
NC,base load generation,coal,coal_base_conv pul,2021,60,0.3,50,coal (conv pul) (recirculating)
NC,base load generation,coal,coal_base_conv pul,2021,60,0.3,50,coal (conv pul) (cooling pond)
NC,base load generation,coal,coal_base_conv pul,2021,60,0.3,50,coal (conv pul) (dry cooling)
NC,base load generation,coal,coal_base_conv pul_retire_2023,2021,5,0.1,2.5,coal (conv pul) (once through)
NC,base load generation,coal,coal_base_conv pul_retire_2023,2021,5,0.1,2.5,coal (conv pul) (recirculating)
NC,base load generation,coal,coal_base_conv pul_retire_2023,2021,5,0.1,2.5,coal (conv pul) (cooling pond)
NC,base load generation,coal,coal_base_conv pul_retire_2023,2021,5,0.1,2.5,coal (conv pul) (dry cooling)
NC,intermediate generation,coal,coal_int_conv pul,2021,60,0.3,50,coal (conv pul) (once through)
NC,intermediate generation,coal,coal_int_conv pul,2021,60,0.3,50,coal (conv pul) (recirculating)
NC,intermediate generation,coal,coal_int_conv pul,2021,60,0.3,50,coal (conv pul) (cooling pond)
NC,intermediate generation,coal,coal_int_conv pul,2021,60,0.3,50,coal (conv pul) (dry cooling)
NC,intermediate generation,coal,coal_int_conv pul_retire_2023,2021,5,0.1,2.5,coal (conv pul) (once through)
NC,intermediate generation,coal,coal_int_conv pul_retire_2023,2021,5,0.1,2.5,coal (conv pul) (recirculating)
NC,intermediate generation,coal,coal_int_conv pul_retire_2023,2021,5,0.1,2.5,coal (conv pul) (cooling pond)
NC,intermediate generation,coal,coal_int_conv pul_retire_2023,2021,5,0.1,2.5,coal (conv pul) (dry cooling)
NC,peak generation,coal,coal_peak_conv pul,2021,60,0.3,50,coal (conv pul) (once through)
NC,peak generation,coal,coal_peak_conv pul,2021,60,0.3,50,coal (conv pul) (recirculating)
NC,peak generation,coal,coal_peak_conv pul,2021,60,0.3,50,coal (conv pul) (cooling pond)
NC,peak generation,coal,coal_peak_conv pul,2021,60,0.3,50,coal (conv pul) (dry cooling)
NC,peak generation,coal,coal_peak_conv pul_retire_2023,2021,5,0.1,2.5,coal (conv pul) (once through)
NC,peak generation,coal,coal_peak_conv pul_retire_2023,2021,5,0.1,2.5,coal (conv pul) (recirculating)
NC,peak generation,coal,coal_peak_conv pul_retire_2023,2021,5,0.1,2.5,coal (conv pul) (cooling pond)
NC,peak generation,coal,coal_peak_conv pul_retire_2023,2021,5,0.1,2.5,coal (conv pul) (dry cooling)
NC,subpeak generation,coal,coal_subpeak_conv pul,2021,60,0.3,50,coal (conv pul) (once through)
NC,subpeak generation,coal,coal_subpeak_conv pul,2021,60,0.3,50,coal (conv pul) (recirculating)
NC,subpeak generation,coal,coal_subpeak_conv pul,2021,60,0.3,50,coal (conv pul) (cooling pond)
NC,subpeak generation,coal,coal_subpeak_conv pul,2021,60,0.3,50,coal (conv pul) (dry cooling)
NC,subpeak generation,coal,coal_subpeak_conv pul_retire_2023,2021,5,0.1,2.5,coal (conv pul) (once through)
NC,subpeak generation,coal,coal_subpeak_conv pul_retire_2023,2021,5,0.1,2.5,coal (conv pul) (recirculating)
NC,subpeak generation,coal,coal_subpeak_conv pul_retire_2023,2021,5,0.1,2.5,coal (conv pul) (cooling pond)
NC,subpeak generation,coal,coal_subpeak_conv pul_retire_2023,2021,5,0.1,2.5,coal (conv pul) (dry cooling)
ND,base load generation,coal,coal_base_conv pul 1961-1965,2021,24,0.3,21,coal (conv pul) (once through)
ND,base load generation,coal,coal_base_conv pul 1961-1965,2021,24,0.3,21,coal (conv pul) (recirculating)
ND,base load generation,coal,coal_base_conv pul 1961-1965,2021,24,0.3,21,coal (conv pul) (cooling pond)
ND,base load generation,coal,coal_base_conv pul 1961-1965,2021,24,0.3,21,coal (conv pul) (dry cooling)
ND,intermediate generation,coal,coal_int_conv pul 1961-1965,2021,24,0.3,21,coal (conv pul) (once through)
ND,intermediate generation,coal,coal_int_conv pul 1961-1965,2021,24,0.3,21,coal (conv pul) (recirculating)
ND,intermediate generation,coal,coal_int_conv pul 1961-1965,2021,24,0.3,21,coal (conv pul) (cooling pond)
ND,intermediate generation,coal,coal_int_conv pul 1961-1965,2021,24,0.3,21,coal (conv pul) (dry cooling)
ND,base load generation,coal,coal_base_conv pul 1966-1970,2021,27,0.3,24,coal (conv pul) (once through)
ND,base load generation,coal,coal_base_conv pul 1966-1970,2021,27,0.3,24,coal (conv pul) (recirculating)
ND,base load generation,coal,coal_base_conv pul 1966-1970,2021,27,0.3,24,coal (conv pul) (cooling pond)
ND,base load generation,coal,coal_base_conv pul 1966-1970,2021,27,0.3,24,coal (conv pul) (dry cooling)
ND,intermediate generation,coal,coal_int_conv pul 1966-1970,2021,27,0.3,24,coal (conv pul) (once through)
ND,intermediate generation,coal,coal_int_conv pul 1966-1970,2021,27,0.3,24,coal (conv pul) (recirculating)
ND,intermediate generation,coal,coal_int_conv pul 1966-1970,2021,27,0.3,24,coal (conv pul) (cooling pond)
ND,intermediate generation,coal,coal_int_conv pul 1966-1970,2021,27,0.3,24,coal (conv pul) (dry cooling)
ND,base load generation,coal,coal_base_conv pul 1971-1975,2021,34,0.3,30,coal (conv pul) (once through)
ND,base load generation,coal,coal_base_conv pul 1971-1975,2021,34,0.3,30,coal (conv pul) (recirculating)
ND,base load generation,coal,coal_base_conv pul 1971-1975,2021,34,0.3,30,coal (conv pul) (cooling pond)
ND,base load generation,coal,coal_base_conv pul 1971-1975,2021,34,0.3,30,coal (conv pul) (dry cooling)
ND,intermediate generation,coal,coal_int_conv pul 1971-1975,2021,34,0.3,30,coal (conv pul) (once through)
ND,intermediate generation,coal,coal_int_conv pul 1971-1975,2021,34,0.3,30,coal (conv pul) (recirculating)
ND,intermediate generation,coal,coal_int_conv pul 1971-1975,2021,34,0.3,30,coal (conv pul) (cooling pond)
ND,intermediate generation,coal,coal_int_conv pul 1971-1975,2021,34,0.3,30,coal (conv pul) (dry cooling)
ND,base load generation,coal,coal_base_conv pul 1976-1980,2021,38,0.3,33,coal (conv pul) (once through)
ND,base load generation,coal,coal_base_conv pul 1976-1980,2021,38,0.3,33,coal (conv pul) (recirculating)
ND,base load generation,coal,coal_base_conv pul 1976-1980,2021,38,0.3,33,coal (conv pul) (cooling pond)
ND,base load generation,coal,coal_base_conv pul 1976-1980,2021,38,0.3,33,coal (conv pul) (dry cooling)
ND,intermediate generation,coal,coal_int_conv pul 1976-1980,2021,38,0.3,33,coal (conv pul) (once through)
ND,intermediate generation,coal,coal_int_conv pul 1976-1980,2021,38,0.3,33,coal (conv pul) (recirculating)
ND,intermediate generation,coal,coal_int_conv pul 1976-1980,2021,38,0.3,33,coal (conv pul) (cooling pond)
ND,intermediate generation,coal,coal_int_conv pul 1976-1980,2021,38,0.3,33,coal (conv pul) (dry cooling)
ND,base load generation,coal,coal_base_conv pul 1981-1985,2021,42,0.3,37,coal (conv pul) (once through)
ND,base load generation,coal,coal_base_conv pul 1981-1985,2021,42,0.3,37,coal (conv pul) (recirculating)
ND,base load generation,coal,coal_base_conv pul 1981-1985,2021,42,0.3,37,coal (conv pul) (cooling pond)
ND,base load generation,coal,coal_base_conv pul 1981-1985,2021,42,0.3,37,coal (conv pul) (dry cooling)
ND,intermediate generation,coal,coal_int_conv pul 1981-1985,2021,42,0.3,37,coal (conv pul) (once through)
ND,intermediate generation,coal,coal_int_conv pul 1981-1985,2021,42,0.3,37,coal (conv pul) (recirculating)
ND,intermediate generation,coal,coal_int_conv pul 1981-1985,2021,42,0.3,37,coal (conv pul) (cooling pond)
ND,intermediate generation,coal,coal_int_conv pul 1981-1985,2021,42,0.3,37,coal (conv pul) (dry cooling)
ND,base load generation,coal,coal_base_conv pul 1986-1990,2021,45,0.3,39,coal (conv pul) (once through)
ND,base load generation,coal,coal_base_conv pul 1986-1990,2021,45,0.3,39,coal (conv pul) (recirculating)
ND,base load generation,coal,coal_base_conv pul 1986-1990,2021,45,0.3,39,coal (conv pul) (cooling pond)
ND,base load generation,coal,coal_base_conv pul 1986-1990,2021,45,0.3,39,coal (conv pul) (dry cooling)
ND,intermediate generation,coal,coal_int_conv pul 1986-1990,2021,45,0.3,39,coal (conv pul) (once through)
ND,intermediate generation,coal,coal_int_conv pul 1986-1990,2021,45,0.3,39,coal (conv pul) (recirculating)
ND,intermediate generation,coal,coal_int_conv pul 1986-1990,2021,45,0.3,39,coal (conv pul) (cooling pond)
ND,intermediate generation,coal,coal_int_conv pul 1986-1990,2021,45,0.3,39,coal (conv pul) (dry cooling)
ND,base load generation,coal,coal_base_conv pul,2021,60,0.3,50,coal (conv pul) (once through)
ND,base load generation,coal,coal_base_conv pul,2021,60,0.3,50,coal (conv pul) (recirculating)
ND,base load generation,coal,coal_base_conv pul,2021,60,0.3,50,coal (conv pul) (cooling pond)
ND,base load generation,coal,coal_base_conv pul,2021,60,0.3,50,coal (conv pul) (dry cooling)
ND,base load generation,coal,coal_base_conv pul_retire_2023,2021,5,0.1,2.5,coal (conv pul) (once through)
ND,base load generation,coal,coal_base_conv pul_retire_2023,2021,5,0.1,2.5,coal (conv pul) (recirculating)
ND,base load generation,coal,coal_base_conv pul_retire_2023,2021,5,0.1,2.5,coal (conv pul) (cooling pond)
ND,base load generation,coal,coal_base_conv pul_retire_2023,2021,5,0.1,2.5,coal (conv pul) (dry cooling)
ND,intermediate generation,coal,coal_int_conv pul,2021,60,0.3,50,coal (conv pul) (once through)
ND,intermediate generation,coal,coal_int_conv pul,2021,60,0.3,50,coal (conv pul) (recirculating)
ND,intermediate generation,coal,coal_int_conv pul,2021,60,0.3,50,coal (conv pul) (cooling pond)
ND,intermediate generation,coal,coal_int_conv pul,2021,60,0.3,50,coal (conv pul) (dry cooling)
ND,intermediate generation,coal,coal_int_conv pul_retire_2023,2021,5,0.1,2.5,coal (conv pul) (once through)
ND,intermediate generation,coal,coal_int_conv pul_retire_2023,2021,5,0.1,2.5,coal (conv pul) (recirculating)
ND,intermediate generation,coal,coal_int_conv pul_retire_2023,2021,5,0.1,2.5,coal (conv pul) (cooling pond)
ND,intermediate generation,coal,coal_int_conv pul_retire_2023,2021,5,0.1,2.5,coal (conv pul) (dry cooling)
ND,peak generation,coal,coal_peak_conv pul,2021,60,0.3,50,coal (conv pul) (once through)
ND,peak generation,coal,coal_peak_conv pul,2021,60,0.3,50,coal (conv pul) (recirculating)
ND,peak generation,coal,coal_peak_conv pul,2021,60,0.3,50,coal (conv pul) (cooling pond)
ND,peak generation,coal,coal_peak_conv pul,2021,60,0.3,50,coal (conv pul) (dry cooling)
ND,peak generation,coal,coal_peak_conv pul_retire_2023,2021,5,0.1,2.5,coal (conv pul) (once through)
ND,peak generation,coal,coal_peak_conv pul_retire_2023,2021,5,0.1,2.5,coal (conv pul) (recirculating)
ND,peak generation,coal,coal_peak_conv pul_retire_2023,2021,5,0.1,2.5,coal (conv pul) (cooling pond)
ND,peak generation,coal,coal_peak_conv pul_retire_2023,2021,5,0.1,2.5,coal (conv pul) (dry cooling)
ND,subpeak generation,coal,coal_subpeak_conv pul,2021,60,0.3,50,coal (conv pul) (once through)
ND,subpeak generation,coal,coal_subpeak_conv pul,2021,60,0.3,50,coal (conv pul) (recirculating)
ND,subpeak generation,coal,coal_subpeak_conv pul,2021,60,0.3,50,coal (conv pul) (cooling pond)
ND,subpeak generation,coal,coal_subpeak_conv pul,2021,60,0.3,50,coal (conv pul) (dry cooling)
ND,subpeak generation,coal,coal_subpeak_conv pul_retire_2023,2021,5,0.1,2.5,coal (conv pul) (once through)
ND,subpeak generation,coal,coal_subpeak_conv pul_retire_2023,2021,5,0.1,2.5,coal (conv pul) (recirculating)
ND,subpeak generation,coal,coal_subpeak_conv pul_retire_2023,2021,5,0.1,2.5,coal (conv pul) (cooling pond)
ND,subpeak generation,coal,coal_subpeak_conv pul_retire_2023,2021,5,0.1,2.5,coal (conv pul) (dry cooling)
NE,base load generation,coal,coal_base_conv pul 1956-1960,2021,16,0.3,14,coal (conv pul) (once through)
NE,base load generation,coal,coal_base_conv pul 1956-1960,2021,16,0.3,14,coal (conv pul) (recirculating)
NE,base load generation,coal,coal_base_conv pul 1956-1960,2021,16,0.3,14,coal (conv pul) (cooling pond)
NE,base load generation,coal,coal_base_conv pul 1956-1960,2021,16,0.3,14,coal (conv pul) (dry cooling)
NE,intermediate generation,coal,coal_int_conv pul 1956-1960,2021,16,0.3,14,coal (conv pul) (once through)
NE,intermediate generation,coal,coal_int_conv pul 1956-1960,2021,16,0.3,14,coal (conv pul) (recirculating)
NE,intermediate generation,coal,coal_int_conv pul 1956-1960,2021,16,0.3,14,coal (conv pul) (cooling pond)
NE,intermediate generation,coal,coal_int_conv pul 1956-1960,2021,16,0.3,14,coal (conv pul) (dry cooling)
NE,base load generation,coal,coal_base_conv pul 1961-1965,2021,22,0.3,19,coal (conv pul) (once through)
NE,base load generation,coal,coal_base_conv pul 1961-1965,2021,22,0.3,19,coal (conv pul) (recirculating)
NE,base load generation,coal,coal_base_conv pul 1961-1965,2021,22,0.3,19,coal (conv pul) (cooling pond)
NE,base load generation,coal,coal_base_conv pul 1961-1965,2021,22,0.3,19,coal (conv pul) (dry cooling)
NE,intermediate generation,coal,coal_int_conv pul 1961-1965,2021,22,0.3,19,coal (conv pul) (once through)
NE,intermediate generation,coal,coal_int_conv pul 1961-1965,2021,22,0.3,19,coal (conv pul) (recirculating)
NE,intermediate generation,coal,coal_int_conv pul 1961-1965,2021,22,0.3,19,coal (conv pul) (cooling pond)
NE,intermediate generation,coal,coal_int_conv pul 1961-1965,2021,22,0.3,19,coal (conv pul) (dry cooling)
NE,base load generation,coal,coal_base_conv pul 1966-1970,2021,27,0.3,24,coal (conv pul) (once through)
NE,base load generation,coal,coal_base_conv pul 1966-1970,2021,27,0.3,24,coal (conv pul) (recirculating)
NE,base load generation,coal,coal_base_conv pul 1966-1970,2021,27,0.3,24,coal (conv pul) (cooling pond)
NE,base load generation,coal,coal_base_conv pul 1966-1970,2021,27,0.3,24,coal (conv pul) (dry cooling)
NE,intermediate generation,coal,coal_int_conv pul 1966-1970,2021,27,0.3,24,coal (conv pul) (once through)
NE,intermediate generation,coal,coal_int_conv pul 1966-1970,2021,27,0.3,24,coal (conv pul) (recirculating)
NE,intermediate generation,coal,coal_int_conv pul 1966-1970,2021,27,0.3,24,coal (conv pul) (cooling pond)
NE,intermediate generation,coal,coal_int_conv pul 1966-1970,2021,27,0.3,24,coal (conv pul) (dry cooling)
NE,base load generation,coal,coal_base_conv pul 1976-1980,2021,38,0.3,33,coal (conv pul) (once through)
NE,base load generation,coal,coal_base_conv pul 1976-1980,2021,38,0.3,33,coal (conv pul) (recirculating)
NE,base load generation,coal,coal_base_conv pul 1976-1980,2021,38,0.3,33,coal (conv pul) (cooling pond)
NE,base load generation,coal,coal_base_conv pul 1976-1980,2021,38,0.3,33,coal (conv pul) (dry cooling)
NE,intermediate generation,coal,coal_int_conv pul 1976-1980,2021,38,0.3,33,coal (conv pul) (once through)
NE,intermediate generation,coal,coal_int_conv pul 1976-1980,2021,38,0.3,33,coal (conv pul) (recirculating)
NE,intermediate generation,coal,coal_int_conv pul 1976-1980,2021,38,0.3,33,coal (conv pul) (cooling pond)
NE,intermediate generation,coal,coal_int_conv pul 1976-1980,2021,38,0.3,33,coal (conv pul) (dry cooling)
NE,base load generation,coal,coal_base_conv pul 1981-1985,2021,41,0.3,36,coal (conv pul) (once through)
NE,base load generation,coal,coal_base_conv pul 1981-1985,2021,41,0.3,36,coal (conv pul) (recirculating)
NE,base load generation,coal,coal_base_conv pul 1981-1985,2021,41,0.3,36,coal (conv pul) (cooling pond)
NE,base load generation,coal,coal_base_conv pul 1981-1985,2021,41,0.3,36,coal (conv pul) (dry cooling)
NE,intermediate generation,coal,coal_int_conv pul 1981-1985,2021,41,0.3,36,coal (conv pul) (once through)
NE,intermediate generation,coal,coal_int_conv pul 1981-1985,2021,41,0.3,36,coal (conv pul) (recirculating)
NE,intermediate generation,coal,coal_int_conv pul 1981-1985,2021,41,0.3,36,coal (conv pul) (cooling pond)
NE,intermediate generation,coal,coal_int_conv pul 1981-1985,2021,41,0.3,36,coal (conv pul) (dry cooling)
NE,base load generation,coal,coal_base_conv pul 1986-1990,2021,47,0.3,41,coal (conv pul) (once through)
NE,base load generation,coal,coal_base_conv pul 1986-1990,2021,47,0.3,41,coal (conv pul) (recirculating)
NE,base load generation,coal,coal_base_conv pul 1986-1990,2021,47,0.3,41,coal (conv pul) (cooling pond)
NE,base load generation,coal,coal_base_conv pul 1986-1990,2021,47,0.3,41,coal (conv pul) (dry cooling)
NE,intermediate generation,coal,coal_int_conv pul 1986-1990,2021,47,0.3,41,coal (conv pul) (once through)
NE,intermediate generation,coal,coal_int_conv pul 1986-1990,2021,47,0.3,41,coal (conv pul) (recirculating)
NE,intermediate generation,coal,coal_int_conv pul 1986-1990,2021,47,0.3,41,coal (conv pul) (cooling pond)
NE,intermediate generation,coal,coal_int_conv pul 1986-1990,2021,47,0.3,41,coal (conv pul) (dry cooling)
NE,base load generation,coal,coal_base_conv pul 2006-2010,2021,68,0.3,60,coal (conv pul) (once through)
NE,base load generation,coal,coal_base_conv pul 2006-2010,2021,68,0.3,60,coal (conv pul) (recirculating)
NE,base load generation,coal,coal_base_conv pul 2006-2010,2021,68,0.3,60,coal (conv pul) (cooling pond)
NE,base load generation,coal,coal_base_conv pul 2006-2010,2021,68,0.3,60,coal (conv pul) (dry cooling)
NE,intermediate generation,coal,coal_int_conv pul 2006-2010,2021,68,0.3,60,coal (conv pul) (once through)
NE,intermediate generation,coal,coal_int_conv pul 2006-2010,2021,68,0.3,60,coal (conv pul) (recirculating)
NE,intermediate generation,coal,coal_int_conv pul 2006-2010,2021,68,0.3,60,coal (conv pul) (cooling pond)
NE,intermediate generation,coal,coal_int_conv pul 2006-2010,2021,68,0.3,60,coal (conv pul) (dry cooling)
NE,base load generation,coal,coal_base_conv pul 2011-2015,2021,70,0.3,61,coal (conv pul) (once through)
NE,base load generation,coal,coal_base_conv pul 2011-2015,2021,70,0.3,61,coal (conv pul) (recirculating)
NE,base load generation,coal,coal_base_conv pul 2011-2015,2021,70,0.3,61,coal (conv pul) (cooling pond)
NE,base load generation,coal,coal_base_conv pul 2011-2015,2021,70,0.3,61,coal (conv pul) (dry cooling)
NE,intermediate generation,coal,coal_int_conv pul 2011-2015,2021,70,0.3,61,coal (conv pul) (once through)
NE,intermediate generation,coal,coal_int_conv pul 2011-2015,2021,70,0.3,61,coal (conv pul) (recirculating)
NE,intermediate generation,coal,coal_int_conv pul 2011-2015,2021,70,0.3,61,coal (conv pul) (cooling pond)
NE,intermediate generation,coal,coal_int_conv pul 2011-2015,2021,70,0.3,61,coal (conv pul) (dry cooling)
NE,base load generation,coal,coal_base_conv pul,2021,60,0.3,50,coal (conv pul) (once through)
NE,base load generation,coal,coal_base_conv pul,2021,60,0.3,50,coal (conv pul) (recirculating)
NE,base load generation,coal,coal_base_conv pul,2021,60,0.3,50,coal (conv pul) (cooling pond)
NE,base load generation,coal,coal_base_conv pul,2021,60,0.3,50,coal (conv pul) (dry cooling)
NE,base load generation,coal,coal_base_conv pul_retire_2023,2021,5,0.1,2.5,coal (conv pul) (once through)
NE,base load generation,coal,coal_base_conv pul_retire_2023,2021,5,0.1,2.5,coal (conv pul) (recirculating)
NE,base load generation,coal,coal_base_conv pul_retire_2023,2021,5,0.1,2.5,coal (conv pul) (cooling pond)
NE,base load generation,coal,coal_base_conv pul_retire_2023,2021,5,0.1,2.5,coal (conv pul) (dry cooling)
NE,intermediate generation,coal,coal_int_conv pul,2021,60,0.3,50,coal (conv pul) (once through)
NE,intermediate generation,coal,coal_int_conv pul,2021,60,0.3,50,coal (conv pul) (recirculating)
NE,intermediate generation,coal,coal_int_conv pul,2021,60,0.3,50,coal (conv pul) (cooling pond)
NE,intermediate generation,coal,coal_int_conv pul,2021,60,0.3,50,coal (conv pul) (dry cooling)
NE,intermediate generation,coal,coal_int_conv pul_retire_2023,2021,5,0.1,2.5,coal (conv pul) (once through)
NE,intermediate generation,coal,coal_int_conv pul_retire_2023,2021,5,0.1,2.5,coal (conv pul) (recirculating)
NE,intermediate generation,coal,coal_int_conv pul_retire_2023,2021,5,0.1,2.5,coal (conv pul) (cooling pond)
NE,intermediate generation,coal,coal_int_conv pul_retire_2023,2021,5,0.1,2.5,coal (conv pul) (dry cooling)
NE,peak generation,coal,coal_peak_conv pul,2021,60,0.3,50,coal (conv pul) (once through)
NE,peak generation,coal,coal_peak_conv pul,2021,60,0.3,50,coal (conv pul) (recirculating)
NE,peak generation,coal,coal_peak_conv pul,2021,60,0.3,50,coal (conv pul) (cooling pond)
NE,peak generation,coal,coal_peak_conv pul,2021,60,0.3,50,coal (conv pul) (dry cooling)
NE,peak generation,coal,coal_peak_conv pul_retire_2023,2021,5,0.1,2.5,coal (conv pul) (once through)
NE,peak generation,coal,coal_peak_conv pul_retire_2023,2021,5,0.1,2.5,coal (conv pul) (recirculating)
NE,peak generation,coal,coal_peak_conv pul_retire_2023,2021,5,0.1,2.5,coal (conv pul) (cooling pond)
NE,peak generation,coal,coal_peak_conv pul_retire_2023,2021,5,0.1,2.5,coal (conv pul) (dry cooling)
NE,subpeak generation,coal,coal_subpeak_conv pul,2021,60,0.3,50,coal (conv pul) (once through)
NE,subpeak generation,coal,coal_subpeak_conv pul,2021,60,0.3,50,coal (conv pul) (recirculating)
NE,subpeak generation,coal,coal_subpeak_conv pul,2021,60,0.3,50,coal (conv pul) (cooling pond)
NE,subpeak generation,coal,coal_subpeak_conv pul,2021,60,0.3,50,coal (conv pul) (dry cooling)
NE,subpeak generation,coal,coal_subpeak_conv pul_retire_2023,2021,5,0.1,2.5,coal (conv pul) (once through)
NE,subpeak generation,coal,coal_subpeak_conv pul_retire_2023,2021,5,0.1,2.5,coal (conv pul) (recirculating)
NE,subpeak generation,coal,coal_subpeak_conv pul_retire_2023,2021,5,0.1,2.5,coal (conv pul) (cooling pond)
NE,subpeak generation,coal,coal_subpeak_conv pul_retire_2023,2021,5,0.1,2.5,coal (conv pul) (dry cooling)
NH,base load generation,coal,coal_base_conv pul 1951-1955,2021,11,0.3,10,coal (conv pul) (seawater)
NH,intermediate generation,coal,coal_int_conv pul 1951-1955,2021,11,0.3,10,coal (conv pul) (seawater)
NH,base load generation,coal,coal_base_conv pul 1956-1960,2021,18,0.3,16,coal (conv pul) (seawater)
NH,intermediate generation,coal,coal_int_conv pul 1956-1960,2021,18,0.3,16,coal (conv pul) (seawater)
NH,base load generation,coal,coal_base_conv pul 1966-1970,2021,27,0.3,24,coal (conv pul) (seawater)
NH,intermediate generation,coal,coal_int_conv pul 1966-1970,2021,27,0.3,24,coal (conv pul) (seawater)
NH,base load generation,coal,coal_base_conv pul,2021,60,0.3,50,coal (conv pul) (seawater)
NH,base load generation,coal,coal_base_conv pul_retire_2023,2021,5,0.1,2.5,coal (conv pul) (seawater)
NH,intermediate generation,coal,coal_int_conv pul,2021,60,0.3,50,coal (conv pul) (seawater)
NH,intermediate generation,coal,coal_int_conv pul_retire_2023,2021,5,0.1,2.5,coal (conv pul) (seawater)
NH,peak generation,coal,coal_peak_conv pul,2021,60,0.3,50,coal (conv pul) (seawater)
NH,peak generation,coal,coal_peak_conv pul_retire_2023,2021,5,0.1,2.5,coal (conv pul) (seawater)
NH,subpeak generation,coal,coal_subpeak_conv pul,2021,60,0.3,50,coal (conv pul) (seawater)
NH,subpeak generation,coal,coal_subpeak_conv pul_retire_2023,2021,5,0.1,2.5,coal (conv pul) (seawater)
NH,base load generation,coal,coal_base_conv pul 1951-1955,2021,11,0.3,10,coal (conv pul) (once through)
NH,base load generation,coal,coal_base_conv pul 1951-1955,2021,11,0.3,10,coal (conv pul) (recirculating)
NH,base load generation,coal,coal_base_conv pul 1951-1955,2021,11,0.3,10,coal (conv pul) (cooling pond)
NH,base load generation,coal,coal_base_conv pul 1951-1955,2021,11,0.3,10,coal (conv pul) (dry cooling)
NH,intermediate generation,coal,coal_int_conv pul 1951-1955,2021,11,0.3,10,coal (conv pul) (once through)
NH,intermediate generation,coal,coal_int_conv pul 1951-1955,2021,11,0.3,10,coal (conv pul) (recirculating)
NH,intermediate generation,coal,coal_int_conv pul 1951-1955,2021,11,0.3,10,coal (conv pul) (cooling pond)
NH,intermediate generation,coal,coal_int_conv pul 1951-1955,2021,11,0.3,10,coal (conv pul) (dry cooling)
NH,base load generation,coal,coal_base_conv pul 1956-1960,2021,18,0.3,16,coal (conv pul) (once through)
NH,base load generation,coal,coal_base_conv pul 1956-1960,2021,18,0.3,16,coal (conv pul) (recirculating)
NH,base load generation,coal,coal_base_conv pul 1956-1960,2021,18,0.3,16,coal (conv pul) (cooling pond)
NH,base load generation,coal,coal_base_conv pul 1956-1960,2021,18,0.3,16,coal (conv pul) (dry cooling)
NH,intermediate generation,coal,coal_int_conv pul 1956-1960,2021,18,0.3,16,coal (conv pul) (once through)
NH,intermediate generation,coal,coal_int_conv pul 1956-1960,2021,18,0.3,16,coal (conv pul) (recirculating)
NH,intermediate generation,coal,coal_int_conv pul 1956-1960,2021,18,0.3,16,coal (conv pul) (cooling pond)
NH,intermediate generation,coal,coal_int_conv pul 1956-1960,2021,18,0.3,16,coal (conv pul) (dry cooling)
NH,base load generation,coal,coal_base_conv pul 1966-1970,2021,27,0.3,24,coal (conv pul) (once through)
NH,base load generation,coal,coal_base_conv pul 1966-1970,2021,27,0.3,24,coal (conv pul) (recirculating)
NH,base load generation,coal,coal_base_conv pul 1966-1970,2021,27,0.3,24,coal (conv pul) (cooling pond)
NH,base load generation,coal,coal_base_conv pul 1966-1970,2021,27,0.3,24,coal (conv pul) (dry cooling)
NH,intermediate generation,coal,coal_int_conv pul 1966-1970,2021,27,0.3,24,coal (conv pul) (once through)
NH,intermediate generation,coal,coal_int_conv pul 1966-1970,2021,27,0.3,24,coal (conv pul) (recirculating)
NH,intermediate generation,coal,coal_int_conv pul 1966-1970,2021,27,0.3,24,coal (conv pul) (cooling pond)
NH,intermediate generation,coal,coal_int_conv pul 1966-1970,2021,27,0.3,24,coal (conv pul) (dry cooling)
NH,base load generation,coal,coal_base_conv pul,2021,60,0.3,50,coal (conv pul) (once through)
NH,base load generation,coal,coal_base_conv pul,2021,60,0.3,50,coal (conv pul) (recirculating)
NH,base load generation,coal,coal_base_conv pul,2021,60,0.3,50,coal (conv pul) (cooling pond)
NH,base load generation,coal,coal_base_conv pul,2021,60,0.3,50,coal (conv pul) (dry cooling)
NH,base load generation,coal,coal_base_conv pul_retire_2023,2021,5,0.1,2.5,coal (conv pul) (once through)
NH,base load generation,coal,coal_base_conv pul_retire_2023,2021,5,0.1,2.5,coal (conv pul) (recirculating)
NH,base load generation,coal,coal_base_conv pul_retire_2023,2021,5,0.1,2.5,coal (conv pul) (cooling pond)
NH,base load generation,coal,coal_base_conv pul_retire_2023,2021,5,0.1,2.5,coal (conv pul) (dry cooling)
NH,intermediate generation,coal,coal_int_conv pul,2021,60,0.3,50,coal (conv pul) (once through)
NH,intermediate generation,coal,coal_int_conv pul,2021,60,0.3,50,coal (conv pul) (recirculating)
NH,intermediate generation,coal,coal_int_conv pul,2021,60,0.3,50,coal (conv pul) (cooling pond)
NH,intermediate generation,coal,coal_int_conv pul,2021,60,0.3,50,coal (conv pul) (dry cooling)
NH,intermediate generation,coal,coal_int_conv pul_retire_2023,2021,5,0.1,2.5,coal (conv pul) (once through)
NH,intermediate generation,coal,coal_int_conv pul_retire_2023,2021,5,0.1,2.5,coal (conv pul) (recirculating)
NH,intermediate generation,coal,coal_int_conv pul_retire_2023,2021,5,0.1,2.5,coal (conv pul) (cooling pond)
NH,intermediate generation,coal,coal_int_conv pul_retire_2023,2021,5,0.1,2.5,coal (conv pul) (dry cooling)
NH,peak generation,coal,coal_peak_conv pul,2021,60,0.3,50,coal (conv pul) (once through)
NH,peak generation,coal,coal_peak_conv pul,2021,60,0.3,50,coal (conv pul) (recirculating)
NH,peak generation,coal,coal_peak_conv pul,2021,60,0.3,50,coal (conv pul) (cooling pond)
NH,peak generation,coal,coal_peak_conv pul,2021,60,0.3,50,coal (conv pul) (dry cooling)
NH,peak generation,coal,coal_peak_conv pul_retire_2023,2021,5,0.1,2.5,coal (conv pul) (once through)
NH,peak generation,coal,coal_peak_conv pul_retire_2023,2021,5,0.1,2.5,coal (conv pul) (recirculating)
NH,peak generation,coal,coal_peak_conv pul_retire_2023,2021,5,0.1,2.5,coal (conv pul) (cooling pond)
NH,peak generation,coal,coal_peak_conv pul_retire_2023,2021,5,0.1,2.5,coal (conv pul) (dry cooling)
NH,subpeak generation,coal,coal_subpeak_conv pul,2021,60,0.3,50,coal (conv pul) (once through)
NH,subpeak generation,coal,coal_subpeak_conv pul,2021,60,0.3,50,coal (conv pul) (recirculating)
NH,subpeak generation,coal,coal_subpeak_conv pul,2021,60,0.3,50,coal (conv pul) (cooling pond)
NH,subpeak generation,coal,coal_subpeak_conv pul,2021,60,0.3,50,coal (conv pul) (dry cooling)
NH,subpeak generation,coal,coal_subpeak_conv pul_retire_2023,2021,5,0.1,2.5,coal (conv pul) (once through)
NH,subpeak generation,coal,coal_subpeak_conv pul_retire_2023,2021,5,0.1,2.5,coal (conv pul) (recirculating)
NH,subpeak generation,coal,coal_subpeak_conv pul_retire_2023,2021,5,0.1,2.5,coal (conv pul) (cooling pond)
NH,subpeak generation,coal,coal_subpeak_conv pul_retire_2023,2021,5,0.1,2.5,coal (conv pul) (dry cooling)
NJ,base load generation,coal,coal_base_conv pul,2021,60,0.3,50,coal (conv pul) (seawater)
NJ,base load generation,coal,coal_base_conv pul_retire_2023,2021,5,0.1,2.5,coal (conv pul) (seawater)
NJ,intermediate generation,coal,coal_int_conv pul,2021,60,0.3,50,coal (conv pul) (seawater)
NJ,intermediate generation,coal,coal_int_conv pul_retire_2023,2021,5,0.1,2.5,coal (conv pul) (seawater)
NJ,peak generation,coal,coal_peak_conv pul,2021,60,0.3,50,coal (conv pul) (seawater)
NJ,peak generation,coal,coal_peak_conv pul_retire_2023,2021,5,0.1,2.5,coal (conv pul) (seawater)
NJ,subpeak generation,coal,coal_subpeak_conv pul,2021,60,0.3,50,coal (conv pul) (seawater)
NJ,subpeak generation,coal,coal_subpeak_conv pul_retire_2023,2021,5,0.1,2.5,coal (conv pul) (seawater)
NJ,base load generation,coal,coal_base_conv pul,2021,60,0.3,50,coal (conv pul) (once through)
NJ,base load generation,coal,coal_base_conv pul,2021,60,0.3,50,coal (conv pul) (recirculating)
NJ,base load generation,coal,coal_base_conv pul,2021,60,0.3,50,coal (conv pul) (cooling pond)
NJ,base load generation,coal,coal_base_conv pul,2021,60,0.3,50,coal (conv pul) (dry cooling)
NJ,base load generation,coal,coal_base_conv pul_retire_2023,2021,5,0.1,2.5,coal (conv pul) (once through)
NJ,base load generation,coal,coal_base_conv pul_retire_2023,2021,5,0.1,2.5,coal (conv pul) (recirculating)
NJ,base load generation,coal,coal_base_conv pul_retire_2023,2021,5,0.1,2.5,coal (conv pul) (cooling pond)
NJ,base load generation,coal,coal_base_conv pul_retire_2023,2021,5,0.1,2.5,coal (conv pul) (dry cooling)
NJ,intermediate generation,coal,coal_int_conv pul,2021,60,0.3,50,coal (conv pul) (once through)
NJ,intermediate generation,coal,coal_int_conv pul,2021,60,0.3,50,coal (conv pul) (recirculating)
NJ,intermediate generation,coal,coal_int_conv pul,2021,60,0.3,50,coal (conv pul) (cooling pond)
NJ,intermediate generation,coal,coal_int_conv pul,2021,60,0.3,50,coal (conv pul) (dry cooling)
NJ,intermediate generation,coal,coal_int_conv pul_retire_2023,2021,5,0.1,2.5,coal (conv pul) (once through)
NJ,intermediate generation,coal,coal_int_conv pul_retire_2023,2021,5,0.1,2.5,coal (conv pul) (recirculating)
NJ,intermediate generation,coal,coal_int_conv pul_retire_2023,2021,5,0.1,2.5,coal (conv pul) (cooling pond)
NJ,intermediate generation,coal,coal_int_conv pul_retire_2023,2021,5,0.1,2.5,coal (conv pul) (dry cooling)
NJ,peak generation,coal,coal_peak_conv pul,2021,60,0.3,50,coal (conv pul) (once through)
NJ,peak generation,coal,coal_peak_conv pul,2021,60,0.3,50,coal (conv pul) (recirculating)
NJ,peak generation,coal,coal_peak_conv pul,2021,60,0.3,50,coal (conv pul) (cooling pond)
NJ,peak generation,coal,coal_peak_conv pul,2021,60,0.3,50,coal (conv pul) (dry cooling)
NJ,peak generation,coal,coal_peak_conv pul_retire_2023,2021,5,0.1,2.5,coal (conv pul) (once through)
NJ,peak generation,coal,coal_peak_conv pul_retire_2023,2021,5,0.1,2.5,coal (conv pul) (recirculating)
NJ,peak generation,coal,coal_peak_conv pul_retire_2023,2021,5,0.1,2.5,coal (conv pul) (cooling pond)
NJ,peak generation,coal,coal_peak_conv pul_retire_2023,2021,5,0.1,2.5,coal (conv pul) (dry cooling)
NJ,subpeak generation,coal,coal_subpeak_conv pul,2021,60,0.3,50,coal (conv pul) (once through)
NJ,subpeak generation,coal,coal_subpeak_conv pul,2021,60,0.3,50,coal (conv pul) (recirculating)
NJ,subpeak generation,coal,coal_subpeak_conv pul,2021,60,0.3,50,coal (conv pul) (cooling pond)
NJ,subpeak generation,coal,coal_subpeak_conv pul,2021,60,0.3,50,coal (conv pul) (dry cooling)
NJ,subpeak generation,coal,coal_subpeak_conv pul_retire_2023,2021,5,0.1,2.5,coal (conv pul) (once through)
NJ,subpeak generation,coal,coal_subpeak_conv pul_retire_2023,2021,5,0.1,2.5,coal (conv pul) (recirculating)
NJ,subpeak generation,coal,coal_subpeak_conv pul_retire_2023,2021,5,0.1,2.5,coal (conv pul) (cooling pond)
NJ,subpeak generation,coal,coal_subpeak_conv pul_retire_2023,2021,5,0.1,2.5,coal (conv pul) (dry cooling)
NM,base load generation,coal,coal_base_conv pul 1966-1970,2021,10,0.3,9,coal (conv pul) (once through)
NM,base load generation,coal,coal_base_conv pul 1966-1970,2021,10,0.3,9,coal (conv pul) (recirculating)
NM,base load generation,coal,coal_base_conv pul 1966-1970,2021,10,0.3,9,coal (conv pul) (cooling pond)
NM,base load generation,coal,coal_base_conv pul 1966-1970,2021,10,0.3,9,coal (conv pul) (dry cooling)
NM,intermediate generation,coal,coal_int_conv pul 1966-1970,2021,10,0.3,9,coal (conv pul) (once through)
NM,intermediate generation,coal,coal_int_conv pul 1966-1970,2021,10,0.3,9,coal (conv pul) (recirculating)
NM,intermediate generation,coal,coal_int_conv pul 1966-1970,2021,10,0.3,9,coal (conv pul) (cooling pond)
NM,intermediate generation,coal,coal_int_conv pul 1966-1970,2021,10,0.3,9,coal (conv pul) (dry cooling)
NM,base load generation,coal,coal_base_conv pul,2021,60,0.3,50,coal (conv pul) (once through)
NM,base load generation,coal,coal_base_conv pul,2021,60,0.3,50,coal (conv pul) (recirculating)
NM,base load generation,coal,coal_base_conv pul,2021,60,0.3,50,coal (conv pul) (cooling pond)
NM,base load generation,coal,coal_base_conv pul,2021,60,0.3,50,coal (conv pul) (dry cooling)
NM,base load generation,coal,coal_base_conv pul_retire_2023,2021,5,0.1,2.5,coal (conv pul) (once through)
NM,base load generation,coal,coal_base_conv pul_retire_2023,2021,5,0.1,2.5,coal (conv pul) (recirculating)
NM,base load generation,coal,coal_base_conv pul_retire_2023,2021,5,0.1,2.5,coal (conv pul) (cooling pond)
NM,base load generation,coal,coal_base_conv pul_retire_2023,2021,5,0.1,2.5,coal (conv pul) (dry cooling)
NM,intermediate generation,coal,coal_int_conv pul,2021,60,0.3,50,coal (conv pul) (once through)
NM,intermediate generation,coal,coal_int_conv pul,2021,60,0.3,50,coal (conv pul) (recirculating)
NM,intermediate generation,coal,coal_int_conv pul,2021,60,0.3,50,coal (conv pul) (cooling pond)
NM,intermediate generation,coal,coal_int_conv pul,2021,60,0.3,50,coal (conv pul) (dry cooling)
NM,intermediate generation,coal,coal_int_conv pul_retire_2023,2021,5,0.1,2.5,coal (conv pul) (once through)
NM,intermediate generation,coal,coal_int_conv pul_retire_2023,2021,5,0.1,2.5,coal (conv pul) (recirculating)
NM,intermediate generation,coal,coal_int_conv pul_retire_2023,2021,5,0.1,2.5,coal (conv pul) (cooling pond)
NM,intermediate generation,coal,coal_int_conv pul_retire_2023,2021,5,0.1,2.5,coal (conv pul) (dry cooling)
NM,peak generation,coal,coal_peak_conv pul,2021,60,0.3,50,coal (conv pul) (once through)
NM,peak generation,coal,coal_peak_conv pul,2021,60,0.3,50,coal (conv pul) (recirculating)
NM,peak generation,coal,coal_peak_conv pul,2021,60,0.3,50,coal (conv pul) (cooling pond)
NM,peak generation,coal,coal_peak_conv pul,2021,60,0.3,50,coal (conv pul) (dry cooling)
NM,peak generation,coal,coal_peak_conv pul_retire_2023,2021,5,0.1,2.5,coal (conv pul) (once through)
NM,peak generation,coal,coal_peak_conv pul_retire_2023,2021,5,0.1,2.5,coal (conv pul) (recirculating)
NM,peak generation,coal,coal_peak_conv pul_retire_2023,2021,5,0.1,2.5,coal (conv pul) (cooling pond)
NM,peak generation,coal,coal_peak_conv pul_retire_2023,2021,5,0.1,2.5,coal (conv pul) (dry cooling)
NM,subpeak generation,coal,coal_subpeak_conv pul,2021,60,0.3,50,coal (conv pul) (once through)
NM,subpeak generation,coal,coal_subpeak_conv pul,2021,60,0.3,50,coal (conv pul) (recirculating)
NM,subpeak generation,coal,coal_subpeak_conv pul,2021,60,0.3,50,coal (conv pul) (cooling pond)
NM,subpeak generation,coal,coal_subpeak_conv pul,2021,60,0.3,50,coal (conv pul) (dry cooling)
NM,subpeak generation,coal,coal_subpeak_conv pul_retire_2023,2021,5,0.1,2.5,coal (conv pul) (once through)
NM,subpeak generation,coal,coal_subpeak_conv pul_retire_2023,2021,5,0.1,2.5,coal (conv pul) (recirculating)
NM,subpeak generation,coal,coal_subpeak_conv pul_retire_2023,2021,5,0.1,2.5,coal (conv pul) (cooling pond)
NM,subpeak generation,coal,coal_subpeak_conv pul_retire_2023,2021,5,0.1,2.5,coal (conv pul) (dry cooling)
NV,base load generation,coal,coal_base_conv pul 1981-1985,2021,42,0.3,37,coal (conv pul) (once through)
NV,base load generation,coal,coal_base_conv pul 1981-1985,2021,42,0.3,37,coal (conv pul) (recirculating)
NV,base load generation,coal,coal_base_conv pul 1981-1985,2021,42,0.3,37,coal (conv pul) (cooling pond)
NV,base load generation,coal,coal_base_conv pul 1981-1985,2021,42,0.3,37,coal (conv pul) (dry cooling)
NV,intermediate generation,coal,coal_int_conv pul 1981-1985,2021,42,0.3,37,coal (conv pul) (once through)
NV,intermediate generation,coal,coal_int_conv pul 1981-1985,2021,42,0.3,37,coal (conv pul) (recirculating)
NV,intermediate generation,coal,coal_int_conv pul 1981-1985,2021,42,0.3,37,coal (conv pul) (cooling pond)
NV,intermediate generation,coal,coal_int_conv pul 1981-1985,2021,42,0.3,37,coal (conv pul) (dry cooling)
NV,base load generation,coal,coal_base_conv pul 2006-2010,2021,67,0.3,59,coal (conv pul) (once through)
NV,base load generation,coal,coal_base_conv pul 2006-2010,2021,67,0.3,59,coal (conv pul) (recirculating)
NV,base load generation,coal,coal_base_conv pul 2006-2010,2021,67,0.3,59,coal (conv pul) (cooling pond)
NV,base load generation,coal,coal_base_conv pul 2006-2010,2021,67,0.3,59,coal (conv pul) (dry cooling)
NV,intermediate generation,coal,coal_int_conv pul 2006-2010,2021,67,0.3,59,coal (conv pul) (once through)
NV,intermediate generation,coal,coal_int_conv pul 2006-2010,2021,67,0.3,59,coal (conv pul) (recirculating)
NV,intermediate generation,coal,coal_int_conv pul 2006-2010,2021,67,0.3,59,coal (conv pul) (cooling pond)
NV,intermediate generation,coal,coal_int_conv pul 2006-2010,2021,67,0.3,59,coal (conv pul) (dry cooling)
NV,base load generation,coal,coal_base_conv pul,2021,60,0.3,50,coal (conv pul) (once through)
NV,base load generation,coal,coal_base_conv pul,2021,60,0.3,50,coal (conv pul) (recirculating)
NV,base load generation,coal,coal_base_conv pul,2021,60,0.3,50,coal (conv pul) (cooling pond)
NV,base load generation,coal,coal_base_conv pul,2021,60,0.3,50,coal (conv pul) (dry cooling)
NV,base load generation,coal,coal_base_conv pul_retire_2023,2021,5,0.1,2.5,coal (conv pul) (once through)
NV,base load generation,coal,coal_base_conv pul_retire_2023,2021,5,0.1,2.5,coal (conv pul) (recirculating)
NV,base load generation,coal,coal_base_conv pul_retire_2023,2021,5,0.1,2.5,coal (conv pul) (cooling pond)
NV,base load generation,coal,coal_base_conv pul_retire_2023,2021,5,0.1,2.5,coal (conv pul) (dry cooling)
NV,intermediate generation,coal,coal_int_conv pul,2021,60,0.3,50,coal (conv pul) (once through)
NV,intermediate generation,coal,coal_int_conv pul,2021,60,0.3,50,coal (conv pul) (recirculating)
NV,intermediate generation,coal,coal_int_conv pul,2021,60,0.3,50,coal (conv pul) (cooling pond)
NV,intermediate generation,coal,coal_int_conv pul,2021,60,0.3,50,coal (conv pul) (dry cooling)
NV,intermediate generation,coal,coal_int_conv pul_retire_2023,2021,5,0.1,2.5,coal (conv pul) (once through)
NV,intermediate generation,coal,coal_int_conv pul_retire_2023,2021,5,0.1,2.5,coal (conv pul) (recirculating)
NV,intermediate generation,coal,coal_int_conv pul_retire_2023,2021,5,0.1,2.5,coal (conv pul) (cooling pond)
NV,intermediate generation,coal,coal_int_conv pul_retire_2023,2021,5,0.1,2.5,coal (conv pul) (dry cooling)
NV,peak generation,coal,coal_peak_conv pul,2021,60,0.3,50,coal (conv pul) (once through)
NV,peak generation,coal,coal_peak_conv pul,2021,60,0.3,50,coal (conv pul) (recirculating)
NV,peak generation,coal,coal_peak_conv pul,2021,60,0.3,50,coal (conv pul) (cooling pond)
NV,peak generation,coal,coal_peak_conv pul,2021,60,0.3,50,coal (conv pul) (dry cooling)
NV,peak generation,coal,coal_peak_conv pul_retire_2023,2021,5,0.1,2.5,coal (conv pul) (once through)
NV,peak generation,coal,coal_peak_conv pul_retire_2023,2021,5,0.1,2.5,coal (conv pul) (recirculating)
NV,peak generation,coal,coal_peak_conv pul_retire_2023,2021,5,0.1,2.5,coal (conv pul) (cooling pond)
NV,peak generation,coal,coal_peak_conv pul_retire_2023,2021,5,0.1,2.5,coal (conv pul) (dry cooling)
NV,subpeak generation,coal,coal_subpeak_conv pul,2021,60,0.3,50,coal (conv pul) (once through)
NV,subpeak generation,coal,coal_subpeak_conv pul,2021,60,0.3,50,coal (conv pul) (recirculating)
NV,subpeak generation,coal,coal_subpeak_conv pul,2021,60,0.3,50,coal (conv pul) (cooling pond)
NV,subpeak generation,coal,coal_subpeak_conv pul,2021,60,0.3,50,coal (conv pul) (dry cooling)
NV,subpeak generation,coal,coal_subpeak_conv pul_retire_2023,2021,5,0.1,2.5,coal (conv pul) (once through)
NV,subpeak generation,coal,coal_subpeak_conv pul_retire_2023,2021,5,0.1,2.5,coal (conv pul) (recirculating)
NV,subpeak generation,coal,coal_subpeak_conv pul_retire_2023,2021,5,0.1,2.5,coal (conv pul) (cooling pond)
NV,subpeak generation,coal,coal_subpeak_conv pul_retire_2023,2021,5,0.1,2.5,coal (conv pul) (dry cooling)
NY,base load generation,coal,coal_base_conv pul,2021,60,0.3,50,coal (conv pul) (seawater)
NY,base load generation,coal,coal_base_conv pul_retire_2023,2021,5,0.1,2.5,coal (conv pul) (seawater)
NY,intermediate generation,coal,coal_int_conv pul,2021,60,0.3,50,coal (conv pul) (seawater)
NY,intermediate generation,coal,coal_int_conv pul_retire_2023,2021,5,0.1,2.5,coal (conv pul) (seawater)
NY,peak generation,coal,coal_peak_conv pul,2021,60,0.3,50,coal (conv pul) (seawater)
NY,peak generation,coal,coal_peak_conv pul_retire_2023,2021,5,0.1,2.5,coal (conv pul) (seawater)
NY,subpeak generation,coal,coal_subpeak_conv pul,2021,60,0.3,50,coal (conv pul) (seawater)
NY,subpeak generation,coal,coal_subpeak_conv pul_retire_2023,2021,5,0.1,2.5,coal (conv pul) (seawater)
NY,base load generation,coal,coal_base_conv pul,2021,60,0.3,50,coal (conv pul) (once through)
NY,base load generation,coal,coal_base_conv pul,2021,60,0.3,50,coal (conv pul) (recirculating)
NY,base load generation,coal,coal_base_conv pul,2021,60,0.3,50,coal (conv pul) (cooling pond)
NY,base load generation,coal,coal_base_conv pul,2021,60,0.3,50,coal (conv pul) (dry cooling)
NY,base load generation,coal,coal_base_conv pul_retire_2023,2021,5,0.1,2.5,coal (conv pul) (once through)
NY,base load generation,coal,coal_base_conv pul_retire_2023,2021,5,0.1,2.5,coal (conv pul) (recirculating)
NY,base load generation,coal,coal_base_conv pul_retire_2023,2021,5,0.1,2.5,coal (conv pul) (cooling pond)
NY,base load generation,coal,coal_base_conv pul_retire_2023,2021,5,0.1,2.5,coal (conv pul) (dry cooling)
NY,intermediate generation,coal,coal_int_conv pul,2021,60,0.3,50,coal (conv pul) (once through)
NY,intermediate generation,coal,coal_int_conv pul,2021,60,0.3,50,coal (conv pul) (recirculating)
NY,intermediate generation,coal,coal_int_conv pul,2021,60,0.3,50,coal (conv pul) (cooling pond)
NY,intermediate generation,coal,coal_int_conv pul,2021,60,0.3,50,coal (conv pul) (dry cooling)
NY,intermediate generation,coal,coal_int_conv pul_retire_2023,2021,5,0.1,2.5,coal (conv pul) (once through)
NY,intermediate generation,coal,coal_int_conv pul_retire_2023,2021,5,0.1,2.5,coal (conv pul) (recirculating)
NY,intermediate generation,coal,coal_int_conv pul_retire_2023,2021,5,0.1,2.5,coal (conv pul) (cooling pond)
NY,intermediate generation,coal,coal_int_conv pul_retire_2023,2021,5,0.1,2.5,coal (conv pul) (dry cooling)
NY,peak generation,coal,coal_peak_conv pul,2021,60,0.3,50,coal (conv pul) (once through)
NY,peak generation,coal,coal_peak_conv pul,2021,60,0.3,50,coal (conv pul) (recirculating)
NY,peak generation,coal,coal_peak_conv pul,2021,60,0.3,50,coal (conv pul) (cooling pond)
NY,peak generation,coal,coal_peak_conv pul,2021,60,0.3,50,coal (conv pul) (dry cooling)
NY,peak generation,coal,coal_peak_conv pul_retire_2023,2021,5,0.1,2.5,coal (conv pul) (once through)
NY,peak generation,coal,coal_peak_conv pul_retire_2023,2021,5,0.1,2.5,coal (conv pul) (recirculating)
NY,peak generation,coal,coal_peak_conv pul_retire_2023,2021,5,0.1,2.5,coal (conv pul) (cooling pond)
NY,peak generation,coal,coal_peak_conv pul_retire_2023,2021,5,0.1,2.5,coal (conv pul) (dry cooling)
NY,subpeak generation,coal,coal_subpeak_conv pul,2021,60,0.3,50,coal (conv pul) (once through)
NY,subpeak generation,coal,coal_subpeak_conv pul,2021,60,0.3,50,coal (conv pul) (recirculating)
NY,subpeak generation,coal,coal_subpeak_conv pul,2021,60,0.3,50,coal (conv pul) (cooling pond)
NY,subpeak generation,coal,coal_subpeak_conv pul,2021,60,0.3,50,coal (conv pul) (dry cooling)
NY,subpeak generation,coal,coal_subpeak_conv pul_retire_2023,2021,5,0.1,2.5,coal (conv pul) (once through)
NY,subpeak generation,coal,coal_subpeak_conv pul_retire_2023,2021,5,0.1,2.5,coal (conv pul) (recirculating)
NY,subpeak generation,coal,coal_subpeak_conv pul_retire_2023,2021,5,0.1,2.5,coal (conv pul) (cooling pond)
NY,subpeak generation,coal,coal_subpeak_conv pul_retire_2023,2021,5,0.1,2.5,coal (conv pul) (dry cooling)
OH,base load generation,coal,coal_base_conv pul before 1950,2021,8,0.3,7,coal (conv pul) (once through)
OH,base load generation,coal,coal_base_conv pul before 1950,2021,8,0.3,7,coal (conv pul) (recirculating)
OH,base load generation,coal,coal_base_conv pul before 1950,2021,8,0.3,7,coal (conv pul) (cooling pond)
OH,base load generation,coal,coal_base_conv pul before 1950,2021,8,0.3,7,coal (conv pul) (dry cooling)
OH,intermediate generation,coal,coal_int_conv pul before 1950,2021,8,0.3,7,coal (conv pul) (once through)
OH,intermediate generation,coal,coal_int_conv pul before 1950,2021,8,0.3,7,coal (conv pul) (recirculating)
OH,intermediate generation,coal,coal_int_conv pul before 1950,2021,8,0.3,7,coal (conv pul) (cooling pond)
OH,intermediate generation,coal,coal_int_conv pul before 1950,2021,8,0.3,7,coal (conv pul) (dry cooling)
OH,base load generation,coal,coal_base_conv pul 1951-1955,2021,14,0.3,12,coal (conv pul) (once through)
OH,base load generation,coal,coal_base_conv pul 1951-1955,2021,14,0.3,12,coal (conv pul) (recirculating)
OH,base load generation,coal,coal_base_conv pul 1951-1955,2021,14,0.3,12,coal (conv pul) (cooling pond)
OH,base load generation,coal,coal_base_conv pul 1951-1955,2021,14,0.3,12,coal (conv pul) (dry cooling)
OH,intermediate generation,coal,coal_int_conv pul 1951-1955,2021,14,0.3,12,coal (conv pul) (once through)
OH,intermediate generation,coal,coal_int_conv pul 1951-1955,2021,14,0.3,12,coal (conv pul) (recirculating)
OH,intermediate generation,coal,coal_int_conv pul 1951-1955,2021,14,0.3,12,coal (conv pul) (cooling pond)
OH,intermediate generation,coal,coal_int_conv pul 1951-1955,2021,14,0.3,12,coal (conv pul) (dry cooling)
OH,base load generation,coal,coal_base_conv pul 1961-1965,2021,22,0.3,19,coal (conv pul) (once through)
OH,base load generation,coal,coal_base_conv pul 1961-1965,2021,22,0.3,19,coal (conv pul) (recirculating)
OH,base load generation,coal,coal_base_conv pul 1961-1965,2021,22,0.3,19,coal (conv pul) (cooling pond)
OH,base load generation,coal,coal_base_conv pul 1961-1965,2021,22,0.3,19,coal (conv pul) (dry cooling)
OH,intermediate generation,coal,coal_int_conv pul 1961-1965,2021,22,0.3,19,coal (conv pul) (once through)
OH,intermediate generation,coal,coal_int_conv pul 1961-1965,2021,22,0.3,19,coal (conv pul) (recirculating)
OH,intermediate generation,coal,coal_int_conv pul 1961-1965,2021,22,0.3,19,coal (conv pul) (cooling pond)
OH,intermediate generation,coal,coal_int_conv pul 1961-1965,2021,22,0.3,19,coal (conv pul) (dry cooling)
OH,base load generation,coal,coal_base_conv pul 1966-1970,2021,26,0.3,23,coal (conv pul) (once through)
OH,base load generation,coal,coal_base_conv pul 1966-1970,2021,26,0.3,23,coal (conv pul) (recirculating)
OH,base load generation,coal,coal_base_conv pul 1966-1970,2021,26,0.3,23,coal (conv pul) (cooling pond)
OH,base load generation,coal,coal_base_conv pul 1966-1970,2021,26,0.3,23,coal (conv pul) (dry cooling)
OH,intermediate generation,coal,coal_int_conv pul 1966-1970,2021,26,0.3,23,coal (conv pul) (once through)
OH,intermediate generation,coal,coal_int_conv pul 1966-1970,2021,26,0.3,23,coal (conv pul) (recirculating)
OH,intermediate generation,coal,coal_int_conv pul 1966-1970,2021,26,0.3,23,coal (conv pul) (cooling pond)
OH,intermediate generation,coal,coal_int_conv pul 1966-1970,2021,26,0.3,23,coal (conv pul) (dry cooling)
OH,base load generation,coal,coal_base_conv pul 1971-1975,2021,29,0.3,25,coal (conv pul) (once through)
OH,base load generation,coal,coal_base_conv pul 1971-1975,2021,29,0.3,25,coal (conv pul) (recirculating)
OH,base load generation,coal,coal_base_conv pul 1971-1975,2021,29,0.3,25,coal (conv pul) (cooling pond)
OH,base load generation,coal,coal_base_conv pul 1971-1975,2021,29,0.3,25,coal (conv pul) (dry cooling)
OH,intermediate generation,coal,coal_int_conv pul 1971-1975,2021,29,0.3,25,coal (conv pul) (once through)
OH,intermediate generation,coal,coal_int_conv pul 1971-1975,2021,29,0.3,25,coal (conv pul) (recirculating)
OH,intermediate generation,coal,coal_int_conv pul 1971-1975,2021,29,0.3,25,coal (conv pul) (cooling pond)
OH,intermediate generation,coal,coal_int_conv pul 1971-1975,2021,29,0.3,25,coal (conv pul) (dry cooling)
OH,base load generation,coal,coal_base_conv pul 1976-1980,2021,7,0.3,6,coal (conv pul) (once through)
OH,base load generation,coal,coal_base_conv pul 1976-1980,2021,7,0.3,6,coal (conv pul) (recirculating)
OH,base load generation,coal,coal_base_conv pul 1976-1980,2021,7,0.3,6,coal (conv pul) (cooling pond)
OH,base load generation,coal,coal_base_conv pul 1976-1980,2021,7,0.3,6,coal (conv pul) (dry cooling)
OH,intermediate generation,coal,coal_int_conv pul 1976-1980,2021,7,0.3,6,coal (conv pul) (once through)
OH,intermediate generation,coal,coal_int_conv pul 1976-1980,2021,7,0.3,6,coal (conv pul) (recirculating)
OH,intermediate generation,coal,coal_int_conv pul 1976-1980,2021,7,0.3,6,coal (conv pul) (cooling pond)
OH,intermediate generation,coal,coal_int_conv pul 1976-1980,2021,7,0.3,6,coal (conv pul) (dry cooling)
OH,base load generation,coal,coal_base_conv pul 1986-1990,2021,49,0.3,43,coal (conv pul) (once through)
OH,base load generation,coal,coal_base_conv pul 1986-1990,2021,49,0.3,43,coal (conv pul) (recirculating)
OH,base load generation,coal,coal_base_conv pul 1986-1990,2021,49,0.3,43,coal (conv pul) (cooling pond)
OH,base load generation,coal,coal_base_conv pul 1986-1990,2021,49,0.3,43,coal (conv pul) (dry cooling)
OH,intermediate generation,coal,coal_int_conv pul 1986-1990,2021,49,0.3,43,coal (conv pul) (once through)
OH,intermediate generation,coal,coal_int_conv pul 1986-1990,2021,49,0.3,43,coal (conv pul) (recirculating)
OH,intermediate generation,coal,coal_int_conv pul 1986-1990,2021,49,0.3,43,coal (conv pul) (cooling pond)
OH,intermediate generation,coal,coal_int_conv pul 1986-1990,2021,49,0.3,43,coal (conv pul) (dry cooling)
OH,base load generation,coal,coal_base_conv pul,2021,60,0.3,50,coal (conv pul) (once through)
OH,base load generation,coal,coal_base_conv pul,2021,60,0.3,50,coal (conv pul) (recirculating)
OH,base load generation,coal,coal_base_conv pul,2021,60,0.3,50,coal (conv pul) (cooling pond)
OH,base load generation,coal,coal_base_conv pul,2021,60,0.3,50,coal (conv pul) (dry cooling)
OH,base load generation,coal,coal_base_conv pul_retire_2023,2021,5,0.1,2.5,coal (conv pul) (once through)
OH,base load generation,coal,coal_base_conv pul_retire_2023,2021,5,0.1,2.5,coal (conv pul) (recirculating)
OH,base load generation,coal,coal_base_conv pul_retire_2023,2021,5,0.1,2.5,coal (conv pul) (cooling pond)
OH,base load generation,coal,coal_base_conv pul_retire_2023,2021,5,0.1,2.5,coal (conv pul) (dry cooling)
OH,intermediate generation,coal,coal_int_conv pul,2021,60,0.3,50,coal (conv pul) (once through)
OH,intermediate generation,coal,coal_int_conv pul,2021,60,0.3,50,coal (conv pul) (recirculating)
OH,intermediate generation,coal,coal_int_conv pul,2021,60,0.3,50,coal (conv pul) (cooling pond)
OH,intermediate generation,coal,coal_int_conv pul,2021,60,0.3,50,coal (conv pul) (dry cooling)
OH,intermediate generation,coal,coal_int_conv pul_retire_2023,2021,5,0.1,2.5,coal (conv pul) (once through)
OH,intermediate generation,coal,coal_int_conv pul_retire_2023,2021,5,0.1,2.5,coal (conv pul) (recirculating)
OH,intermediate generation,coal,coal_int_conv pul_retire_2023,2021,5,0.1,2.5,coal (conv pul) (cooling pond)
OH,intermediate generation,coal,coal_int_conv pul_retire_2023,2021,5,0.1,2.5,coal (conv pul) (dry cooling)
OH,peak generation,coal,coal_peak_conv pul,2021,60,0.3,50,coal (conv pul) (once through)
OH,peak generation,coal,coal_peak_conv pul,2021,60,0.3,50,coal (conv pul) (recirculating)
OH,peak generation,coal,coal_peak_conv pul,2021,60,0.3,50,coal (conv pul) (cooling pond)
OH,peak generation,coal,coal_peak_conv pul,2021,60,0.3,50,coal (conv pul) (dry cooling)
OH,peak generation,coal,coal_peak_conv pul_retire_2023,2021,5,0.1,2.5,coal (conv pul) (once through)
OH,peak generation,coal,coal_peak_conv pul_retire_2023,2021,5,0.1,2.5,coal (conv pul) (recirculating)
OH,peak generation,coal,coal_peak_conv pul_retire_2023,2021,5,0.1,2.5,coal (conv pul) (cooling pond)
OH,peak generation,coal,coal_peak_conv pul_retire_2023,2021,5,0.1,2.5,coal (conv pul) (dry cooling)
OH,subpeak generation,coal,coal_subpeak_conv pul,2021,60,0.3,50,coal (conv pul) (once through)
OH,subpeak generation,coal,coal_subpeak_conv pul,2021,60,0.3,50,coal (conv pul) (recirculating)
OH,subpeak generation,coal,coal_subpeak_conv pul,2021,60,0.3,50,coal (conv pul) (cooling pond)
OH,subpeak generation,coal,coal_subpeak_conv pul,2021,60,0.3,50,coal (conv pul) (dry cooling)
OH,subpeak generation,coal,coal_subpeak_conv pul_retire_2023,2021,5,0.1,2.5,coal (conv pul) (once through)
OH,subpeak generation,coal,coal_subpeak_conv pul_retire_2023,2021,5,0.1,2.5,coal (conv pul) (recirculating)
OH,subpeak generation,coal,coal_subpeak_conv pul_retire_2023,2021,5,0.1,2.5,coal (conv pul) (cooling pond)
OH,subpeak generation,coal,coal_subpeak_conv pul_retire_2023,2021,5,0.1,2.5,coal (conv pul) (dry cooling)
OK,base load generation,coal,coal_base_conv pul 1976-1980,2021,38,0.3,33,coal (conv pul) (once through)
OK,base load generation,coal,coal_base_conv pul 1976-1980,2021,38,0.3,33,coal (conv pul) (recirculating)
OK,base load generation,coal,coal_base_conv pul 1976-1980,2021,38,0.3,33,coal (conv pul) (cooling pond)
OK,base load generation,coal,coal_base_conv pul 1976-1980,2021,38,0.3,33,coal (conv pul) (dry cooling)
OK,intermediate generation,coal,coal_int_conv pul 1976-1980,2021,38,0.3,33,coal (conv pul) (once through)
OK,intermediate generation,coal,coal_int_conv pul 1976-1980,2021,38,0.3,33,coal (conv pul) (recirculating)
OK,intermediate generation,coal,coal_int_conv pul 1976-1980,2021,38,0.3,33,coal (conv pul) (cooling pond)
OK,intermediate generation,coal,coal_int_conv pul 1976-1980,2021,38,0.3,33,coal (conv pul) (dry cooling)
OK,base load generation,coal,coal_base_conv pul 1981-1985,2021,28,0.3,24,coal (conv pul) (once through)
OK,base load generation,coal,coal_base_conv pul 1981-1985,2021,28,0.3,24,coal (conv pul) (recirculating)
OK,base load generation,coal,coal_base_conv pul 1981-1985,2021,28,0.3,24,coal (conv pul) (cooling pond)
OK,base load generation,coal,coal_base_conv pul 1981-1985,2021,28,0.3,24,coal (conv pul) (dry cooling)
OK,intermediate generation,coal,coal_int_conv pul 1981-1985,2021,28,0.3,24,coal (conv pul) (once through)
OK,intermediate generation,coal,coal_int_conv pul 1981-1985,2021,28,0.3,24,coal (conv pul) (recirculating)
OK,intermediate generation,coal,coal_int_conv pul 1981-1985,2021,28,0.3,24,coal (conv pul) (cooling pond)
OK,intermediate generation,coal,coal_int_conv pul 1981-1985,2021,28,0.3,24,coal (conv pul) (dry cooling)
OK,base load generation,coal,coal_base_conv pul 1986-1990,2021,49,0.3,43,coal (conv pul) (once through)
OK,base load generation,coal,coal_base_conv pul 1986-1990,2021,49,0.3,43,coal (conv pul) (recirculating)
OK,base load generation,coal,coal_base_conv pul 1986-1990,2021,49,0.3,43,coal (conv pul) (cooling pond)
OK,base load generation,coal,coal_base_conv pul 1986-1990,2021,49,0.3,43,coal (conv pul) (dry cooling)
OK,intermediate generation,coal,coal_int_conv pul 1986-1990,2021,49,0.3,43,coal (conv pul) (once through)
OK,intermediate generation,coal,coal_int_conv pul 1986-1990,2021,49,0.3,43,coal (conv pul) (recirculating)
OK,intermediate generation,coal,coal_int_conv pul 1986-1990,2021,49,0.3,43,coal (conv pul) (cooling pond)
OK,intermediate generation,coal,coal_int_conv pul 1986-1990,2021,49,0.3,43,coal (conv pul) (dry cooling)
OK,base load generation,coal,coal_base_conv pul,2021,60,0.3,50,coal (conv pul) (once through)
OK,base load generation,coal,coal_base_conv pul,2021,60,0.3,50,coal (conv pul) (recirculating)
OK,base load generation,coal,coal_base_conv pul,2021,60,0.3,50,coal (conv pul) (cooling pond)
OK,base load generation,coal,coal_base_conv pul,2021,60,0.3,50,coal (conv pul) (dry cooling)
OK,base load generation,coal,coal_base_conv pul_retire_2023,2021,5,0.1,2.5,coal (conv pul) (once through)
OK,base load generation,coal,coal_base_conv pul_retire_2023,2021,5,0.1,2.5,coal (conv pul) (recirculating)
OK,base load generation,coal,coal_base_conv pul_retire_2023,2021,5,0.1,2.5,coal (conv pul) (cooling pond)
OK,base load generation,coal,coal_base_conv pul_retire_2023,2021,5,0.1,2.5,coal (conv pul) (dry cooling)
OK,intermediate generation,coal,coal_int_conv pul,2021,60,0.3,50,coal (conv pul) (once through)
OK,intermediate generation,coal,coal_int_conv pul,2021,60,0.3,50,coal (conv pul) (recirculating)
OK,intermediate generation,coal,coal_int_conv pul,2021,60,0.3,50,coal (conv pul) (cooling pond)
OK,intermediate generation,coal,coal_int_conv pul,2021,60,0.3,50,coal (conv pul) (dry cooling)
OK,intermediate generation,coal,coal_int_conv pul_retire_2023,2021,5,0.1,2.5,coal (conv pul) (once through)
OK,intermediate generation,coal,coal_int_conv pul_retire_2023,2021,5,0.1,2.5,coal (conv pul) (recirculating)
OK,intermediate generation,coal,coal_int_conv pul_retire_2023,2021,5,0.1,2.5,coal (conv pul) (cooling pond)
OK,intermediate generation,coal,coal_int_conv pul_retire_2023,2021,5,0.1,2.5,coal (conv pul) (dry cooling)
OK,peak generation,coal,coal_peak_conv pul,2021,60,0.3,50,coal (conv pul) (once through)
OK,peak generation,coal,coal_peak_conv pul,2021,60,0.3,50,coal (conv pul) (recirculating)
OK,peak generation,coal,coal_peak_conv pul,2021,60,0.3,50,coal (conv pul) (cooling pond)
OK,peak generation,coal,coal_peak_conv pul,2021,60,0.3,50,coal (conv pul) (dry cooling)
OK,peak generation,coal,coal_peak_conv pul_retire_2023,2021,5,0.1,2.5,coal (conv pul) (once through)
OK,peak generation,coal,coal_peak_conv pul_retire_2023,2021,5,0.1,2.5,coal (conv pul) (recirculating)
OK,peak generation,coal,coal_peak_conv pul_retire_2023,2021,5,0.1,2.5,coal (conv pul) (cooling pond)
OK,peak generation,coal,coal_peak_conv pul_retire_2023,2021,5,0.1,2.5,coal (conv pul) (dry cooling)
OK,subpeak generation,coal,coal_subpeak_conv pul,2021,60,0.3,50,coal (conv pul) (once through)
OK,subpeak generation,coal,coal_subpeak_conv pul,2021,60,0.3,50,coal (conv pul) (recirculating)
OK,subpeak generation,coal,coal_subpeak_conv pul,2021,60,0.3,50,coal (conv pul) (cooling pond)
OK,subpeak generation,coal,coal_subpeak_conv pul,2021,60,0.3,50,coal (conv pul) (dry cooling)
OK,subpeak generation,coal,coal_subpeak_conv pul_retire_2023,2021,5,0.1,2.5,coal (conv pul) (once through)
OK,subpeak generation,coal,coal_subpeak_conv pul_retire_2023,2021,5,0.1,2.5,coal (conv pul) (recirculating)
OK,subpeak generation,coal,coal_subpeak_conv pul_retire_2023,2021,5,0.1,2.5,coal (conv pul) (cooling pond)
OK,subpeak generation,coal,coal_subpeak_conv pul_retire_2023,2021,5,0.1,2.5,coal (conv pul) (dry cooling)
OR,base load generation,coal,coal_base_conv pul,2021,60,0.3,50,coal (conv pul) (seawater)
OR,base load generation,coal,coal_base_conv pul_retire_2023,2021,5,0.1,2.5,coal (conv pul) (seawater)
OR,intermediate generation,coal,coal_int_conv pul,2021,60,0.3,50,coal (conv pul) (seawater)
OR,intermediate generation,coal,coal_int_conv pul_retire_2023,2021,5,0.1,2.5,coal (conv pul) (seawater)
OR,peak generation,coal,coal_peak_conv pul,2021,60,0.3,50,coal (conv pul) (seawater)
OR,peak generation,coal,coal_peak_conv pul_retire_2023,2021,5,0.1,2.5,coal (conv pul) (seawater)
OR,subpeak generation,coal,coal_subpeak_conv pul,2021,60,0.3,50,coal (conv pul) (seawater)
OR,subpeak generation,coal,coal_subpeak_conv pul_retire_2023,2021,5,0.1,2.5,coal (conv pul) (seawater)
OR,base load generation,coal,coal_base_conv pul,2021,60,0.3,50,coal (conv pul) (once through)
OR,base load generation,coal,coal_base_conv pul,2021,60,0.3,50,coal (conv pul) (recirculating)
OR,base load generation,coal,coal_base_conv pul,2021,60,0.3,50,coal (conv pul) (cooling pond)
OR,base load generation,coal,coal_base_conv pul,2021,60,0.3,50,coal (conv pul) (dry cooling)
OR,base load generation,coal,coal_base_conv pul_retire_2023,2021,5,0.1,2.5,coal (conv pul) (once through)
OR,base load generation,coal,coal_base_conv pul_retire_2023,2021,5,0.1,2.5,coal (conv pul) (recirculating)
OR,base load generation,coal,coal_base_conv pul_retire_2023,2021,5,0.1,2.5,coal (conv pul) (cooling pond)
OR,base load generation,coal,coal_base_conv pul_retire_2023,2021,5,0.1,2.5,coal (conv pul) (dry cooling)
OR,intermediate generation,coal,coal_int_conv pul,2021,60,0.3,50,coal (conv pul) (once through)
OR,intermediate generation,coal,coal_int_conv pul,2021,60,0.3,50,coal (conv pul) (recirculating)
OR,intermediate generation,coal,coal_int_conv pul,2021,60,0.3,50,coal (conv pul) (cooling pond)
OR,intermediate generation,coal,coal_int_conv pul,2021,60,0.3,50,coal (conv pul) (dry cooling)
OR,intermediate generation,coal,coal_int_conv pul_retire_2023,2021,5,0.1,2.5,coal (conv pul) (once through)
OR,intermediate generation,coal,coal_int_conv pul_retire_2023,2021,5,0.1,2.5,coal (conv pul) (recirculating)
OR,intermediate generation,coal,coal_int_conv pul_retire_2023,2021,5,0.1,2.5,coal (conv pul) (cooling pond)
OR,intermediate generation,coal,coal_int_conv pul_retire_2023,2021,5,0.1,2.5,coal (conv pul) (dry cooling)
OR,peak generation,coal,coal_peak_conv pul,2021,60,0.3,50,coal (conv pul) (once through)
OR,peak generation,coal,coal_peak_conv pul,2021,60,0.3,50,coal (conv pul) (recirculating)
OR,peak generation,coal,coal_peak_conv pul,2021,60,0.3,50,coal (conv pul) (cooling pond)
OR,peak generation,coal,coal_peak_conv pul,2021,60,0.3,50,coal (conv pul) (dry cooling)
OR,peak generation,coal,coal_peak_conv pul_retire_2023,2021,5,0.1,2.5,coal (conv pul) (once through)
OR,peak generation,coal,coal_peak_conv pul_retire_2023,2021,5,0.1,2.5,coal (conv pul) (recirculating)
OR,peak generation,coal,coal_peak_conv pul_retire_2023,2021,5,0.1,2.5,coal (conv pul) (cooling pond)
OR,peak generation,coal,coal_peak_conv pul_retire_2023,2021,5,0.1,2.5,coal (conv pul) (dry cooling)
OR,subpeak generation,coal,coal_subpeak_conv pul,2021,60,0.3,50,coal (conv pul) (once through)
OR,subpeak generation,coal,coal_subpeak_conv pul,2021,60,0.3,50,coal (conv pul) (recirculating)
OR,subpeak generation,coal,coal_subpeak_conv pul,2021,60,0.3,50,coal (conv pul) (cooling pond)
OR,subpeak generation,coal,coal_subpeak_conv pul,2021,60,0.3,50,coal (conv pul) (dry cooling)
OR,subpeak generation,coal,coal_subpeak_conv pul_retire_2023,2021,5,0.1,2.5,coal (conv pul) (once through)
OR,subpeak generation,coal,coal_subpeak_conv pul_retire_2023,2021,5,0.1,2.5,coal (conv pul) (recirculating)
OR,subpeak generation,coal,coal_subpeak_conv pul_retire_2023,2021,5,0.1,2.5,coal (conv pul) (cooling pond)
OR,subpeak generation,coal,coal_subpeak_conv pul_retire_2023,2021,5,0.1,2.5,coal (conv pul) (dry cooling)
PA,base load generation,coal,coal_base_conv pul 1966-1970,2021,23,0.3,20,coal (conv pul) (once through)
PA,base load generation,coal,coal_base_conv pul 1966-1970,2021,23,0.3,20,coal (conv pul) (recirculating)
PA,base load generation,coal,coal_base_conv pul 1966-1970,2021,23,0.3,20,coal (conv pul) (cooling pond)
PA,base load generation,coal,coal_base_conv pul 1966-1970,2021,23,0.3,20,coal (conv pul) (dry cooling)
PA,intermediate generation,coal,coal_int_conv pul 1966-1970,2021,23,0.3,20,coal (conv pul) (once through)
PA,intermediate generation,coal,coal_int_conv pul 1966-1970,2021,23,0.3,20,coal (conv pul) (recirculating)
PA,intermediate generation,coal,coal_int_conv pul 1966-1970,2021,23,0.3,20,coal (conv pul) (cooling pond)
PA,intermediate generation,coal,coal_int_conv pul 1966-1970,2021,23,0.3,20,coal (conv pul) (dry cooling)
PA,base load generation,coal,coal_base_conv pul 1971-1975,2021,30,0.3,26,coal (conv pul) (once through)
PA,base load generation,coal,coal_base_conv pul 1971-1975,2021,30,0.3,26,coal (conv pul) (recirculating)
PA,base load generation,coal,coal_base_conv pul 1971-1975,2021,30,0.3,26,coal (conv pul) (cooling pond)
PA,base load generation,coal,coal_base_conv pul 1971-1975,2021,30,0.3,26,coal (conv pul) (dry cooling)
PA,intermediate generation,coal,coal_int_conv pul 1971-1975,2021,30,0.3,26,coal (conv pul) (once through)
PA,intermediate generation,coal,coal_int_conv pul 1971-1975,2021,30,0.3,26,coal (conv pul) (recirculating)
PA,intermediate generation,coal,coal_int_conv pul 1971-1975,2021,30,0.3,26,coal (conv pul) (cooling pond)
PA,intermediate generation,coal,coal_int_conv pul 1971-1975,2021,30,0.3,26,coal (conv pul) (dry cooling)
PA,base load generation,coal,coal_base_conv pul 1986-1990,2021,48,0.3,42,coal (conv pul) (once through)
PA,base load generation,coal,coal_base_conv pul 1986-1990,2021,48,0.3,42,coal (conv pul) (recirculating)
PA,base load generation,coal,coal_base_conv pul 1986-1990,2021,48,0.3,42,coal (conv pul) (cooling pond)
PA,base load generation,coal,coal_base_conv pul 1986-1990,2021,48,0.3,42,coal (conv pul) (dry cooling)
PA,intermediate generation,coal,coal_int_conv pul 1986-1990,2021,48,0.3,42,coal (conv pul) (once through)
PA,intermediate generation,coal,coal_int_conv pul 1986-1990,2021,48,0.3,42,coal (conv pul) (recirculating)
PA,intermediate generation,coal,coal_int_conv pul 1986-1990,2021,48,0.3,42,coal (conv pul) (cooling pond)
PA,intermediate generation,coal,coal_int_conv pul 1986-1990,2021,48,0.3,42,coal (conv pul) (dry cooling)
PA,base load generation,coal,coal_base_conv pul 1991-1995,2021,53,0.3,46,coal (conv pul) (once through)
PA,base load generation,coal,coal_base_conv pul 1991-1995,2021,53,0.3,46,coal (conv pul) (recirculating)
PA,base load generation,coal,coal_base_conv pul 1991-1995,2021,53,0.3,46,coal (conv pul) (cooling pond)
PA,base load generation,coal,coal_base_conv pul 1991-1995,2021,53,0.3,46,coal (conv pul) (dry cooling)
PA,intermediate generation,coal,coal_int_conv pul 1991-1995,2021,53,0.3,46,coal (conv pul) (once through)
PA,intermediate generation,coal,coal_int_conv pul 1991-1995,2021,53,0.3,46,coal (conv pul) (recirculating)
PA,intermediate generation,coal,coal_int_conv pul 1991-1995,2021,53,0.3,46,coal (conv pul) (cooling pond)
PA,intermediate generation,coal,coal_int_conv pul 1991-1995,2021,53,0.3,46,coal (conv pul) (dry cooling)
PA,base load generation,coal,coal_base_conv pul 2001-2005,2021,63,0.3,55,coal (conv pul) (once through)
PA,base load generation,coal,coal_base_conv pul 2001-2005,2021,63,0.3,55,coal (conv pul) (recirculating)
PA,base load generation,coal,coal_base_conv pul 2001-2005,2021,63,0.3,55,coal (conv pul) (cooling pond)
PA,base load generation,coal,coal_base_conv pul 2001-2005,2021,63,0.3,55,coal (conv pul) (dry cooling)
PA,intermediate generation,coal,coal_int_conv pul 2001-2005,2021,63,0.3,55,coal (conv pul) (once through)
PA,intermediate generation,coal,coal_int_conv pul 2001-2005,2021,63,0.3,55,coal (conv pul) (recirculating)
PA,intermediate generation,coal,coal_int_conv pul 2001-2005,2021,63,0.3,55,coal (conv pul) (cooling pond)
PA,intermediate generation,coal,coal_int_conv pul 2001-2005,2021,63,0.3,55,coal (conv pul) (dry cooling)
PA,base load generation,coal,coal_base_conv pul,2021,60,0.3,50,coal (conv pul) (once through)
PA,base load generation,coal,coal_base_conv pul,2021,60,0.3,50,coal (conv pul) (recirculating)
PA,base load generation,coal,coal_base_conv pul,2021,60,0.3,50,coal (conv pul) (cooling pond)
PA,base load generation,coal,coal_base_conv pul,2021,60,0.3,50,coal (conv pul) (dry cooling)
PA,base load generation,coal,coal_base_conv pul_retire_2023,2021,5,0.1,2.5,coal (conv pul) (once through)
PA,base load generation,coal,coal_base_conv pul_retire_2023,2021,5,0.1,2.5,coal (conv pul) (recirculating)
PA,base load generation,coal,coal_base_conv pul_retire_2023,2021,5,0.1,2.5,coal (conv pul) (cooling pond)
PA,base load generation,coal,coal_base_conv pul_retire_2023,2021,5,0.1,2.5,coal (conv pul) (dry cooling)
PA,intermediate generation,coal,coal_int_conv pul,2021,60,0.3,50,coal (conv pul) (once through)
PA,intermediate generation,coal,coal_int_conv pul,2021,60,0.3,50,coal (conv pul) (recirculating)
PA,intermediate generation,coal,coal_int_conv pul,2021,60,0.3,50,coal (conv pul) (cooling pond)
PA,intermediate generation,coal,coal_int_conv pul,2021,60,0.3,50,coal (conv pul) (dry cooling)
PA,intermediate generation,coal,coal_int_conv pul_retire_2023,2021,5,0.1,2.5,coal (conv pul) (once through)
PA,intermediate generation,coal,coal_int_conv pul_retire_2023,2021,5,0.1,2.5,coal (conv pul) (recirculating)
PA,intermediate generation,coal,coal_int_conv pul_retire_2023,2021,5,0.1,2.5,coal (conv pul) (cooling pond)
PA,intermediate generation,coal,coal_int_conv pul_retire_2023,2021,5,0.1,2.5,coal (conv pul) (dry cooling)
PA,peak generation,coal,coal_peak_conv pul,2021,60,0.3,50,coal (conv pul) (once through)
PA,peak generation,coal,coal_peak_conv pul,2021,60,0.3,50,coal (conv pul) (recirculating)
PA,peak generation,coal,coal_peak_conv pul,2021,60,0.3,50,coal (conv pul) (cooling pond)
PA,peak generation,coal,coal_peak_conv pul,2021,60,0.3,50,coal (conv pul) (dry cooling)
PA,peak generation,coal,coal_peak_conv pul_retire_2023,2021,5,0.1,2.5,coal (conv pul) (once through)
PA,peak generation,coal,coal_peak_conv pul_retire_2023,2021,5,0.1,2.5,coal (conv pul) (recirculating)
PA,peak generation,coal,coal_peak_conv pul_retire_2023,2021,5,0.1,2.5,coal (conv pul) (cooling pond)
PA,peak generation,coal,coal_peak_conv pul_retire_2023,2021,5,0.1,2.5,coal (conv pul) (dry cooling)
PA,subpeak generation,coal,coal_subpeak_conv pul,2021,60,0.3,50,coal (conv pul) (once through)
PA,subpeak generation,coal,coal_subpeak_conv pul,2021,60,0.3,50,coal (conv pul) (recirculating)
PA,subpeak generation,coal,coal_subpeak_conv pul,2021,60,0.3,50,coal (conv pul) (cooling pond)
PA,subpeak generation,coal,coal_subpeak_conv pul,2021,60,0.3,50,coal (conv pul) (dry cooling)
PA,subpeak generation,coal,coal_subpeak_conv pul_retire_2023,2021,5,0.1,2.5,coal (conv pul) (once through)
PA,subpeak generation,coal,coal_subpeak_conv pul_retire_2023,2021,5,0.1,2.5,coal (conv pul) (recirculating)
PA,subpeak generation,coal,coal_subpeak_conv pul_retire_2023,2021,5,0.1,2.5,coal (conv pul) (cooling pond)
PA,subpeak generation,coal,coal_subpeak_conv pul_retire_2023,2021,5,0.1,2.5,coal (conv pul) (dry cooling)
RI,base load generation,coal,coal_base_conv pul,2021,60,0.3,50,coal (conv pul) (seawater)
RI,base load generation,coal,coal_base_conv pul_retire_2023,2021,5,0.1,2.5,coal (conv pul) (seawater)
RI,intermediate generation,coal,coal_int_conv pul,2021,60,0.3,50,coal (conv pul) (seawater)
RI,intermediate generation,coal,coal_int_conv pul_retire_2023,2021,5,0.1,2.5,coal (conv pul) (seawater)
RI,peak generation,coal,coal_peak_conv pul,2021,60,0.3,50,coal (conv pul) (seawater)
RI,peak generation,coal,coal_peak_conv pul_retire_2023,2021,5,0.1,2.5,coal (conv pul) (seawater)
RI,subpeak generation,coal,coal_subpeak_conv pul,2021,60,0.3,50,coal (conv pul) (seawater)
RI,subpeak generation,coal,coal_subpeak_conv pul_retire_2023,2021,5,0.1,2.5,coal (conv pul) (seawater)
RI,base load generation,coal,coal_base_conv pul,2021,60,0.3,50,coal (conv pul) (once through)
RI,base load generation,coal,coal_base_conv pul,2021,60,0.3,50,coal (conv pul) (recirculating)
RI,base load generation,coal,coal_base_conv pul,2021,60,0.3,50,coal (conv pul) (cooling pond)
RI,base load generation,coal,coal_base_conv pul,2021,60,0.3,50,coal (conv pul) (dry cooling)
RI,base load generation,coal,coal_base_conv pul_retire_2023,2021,5,0.1,2.5,coal (conv pul) (once through)
RI,base load generation,coal,coal_base_conv pul_retire_2023,2021,5,0.1,2.5,coal (conv pul) (recirculating)
RI,base load generation,coal,coal_base_conv pul_retire_2023,2021,5,0.1,2.5,coal (conv pul) (cooling pond)
RI,base load generation,coal,coal_base_conv pul_retire_2023,2021,5,0.1,2.5,coal (conv pul) (dry cooling)
RI,intermediate generation,coal,coal_int_conv pul,2021,60,0.3,50,coal (conv pul) (once through)
RI,intermediate generation,coal,coal_int_conv pul,2021,60,0.3,50,coal (conv pul) (recirculating)
RI,intermediate generation,coal,coal_int_conv pul,2021,60,0.3,50,coal (conv pul) (cooling pond)
RI,intermediate generation,coal,coal_int_conv pul,2021,60,0.3,50,coal (conv pul) (dry cooling)
RI,intermediate generation,coal,coal_int_conv pul_retire_2023,2021,5,0.1,2.5,coal (conv pul) (once through)
RI,intermediate generation,coal,coal_int_conv pul_retire_2023,2021,5,0.1,2.5,coal (conv pul) (recirculating)
RI,intermediate generation,coal,coal_int_conv pul_retire_2023,2021,5,0.1,2.5,coal (conv pul) (cooling pond)
RI,intermediate generation,coal,coal_int_conv pul_retire_2023,2021,5,0.1,2.5,coal (conv pul) (dry cooling)
RI,peak generation,coal,coal_peak_conv pul,2021,60,0.3,50,coal (conv pul) (once through)
RI,peak generation,coal,coal_peak_conv pul,2021,60,0.3,50,coal (conv pul) (recirculating)
RI,peak generation,coal,coal_peak_conv pul,2021,60,0.3,50,coal (conv pul) (cooling pond)
RI,peak generation,coal,coal_peak_conv pul,2021,60,0.3,50,coal (conv pul) (dry cooling)
RI,peak generation,coal,coal_peak_conv pul_retire_2023,2021,5,0.1,2.5,coal (conv pul) (once through)
RI,peak generation,coal,coal_peak_conv pul_retire_2023,2021,5,0.1,2.5,coal (conv pul) (recirculating)
RI,peak generation,coal,coal_peak_conv pul_retire_2023,2021,5,0.1,2.5,coal (conv pul) (cooling pond)
RI,peak generation,coal,coal_peak_conv pul_retire_2023,2021,5,0.1,2.5,coal (conv pul) (dry cooling)
RI,subpeak generation,coal,coal_subpeak_conv pul,2021,60,0.3,50,coal (conv pul) (once through)
RI,subpeak generation,coal,coal_subpeak_conv pul,2021,60,0.3,50,coal (conv pul) (recirculating)
RI,subpeak generation,coal,coal_subpeak_conv pul,2021,60,0.3,50,coal (conv pul) (cooling pond)
RI,subpeak generation,coal,coal_subpeak_conv pul,2021,60,0.3,50,coal (conv pul) (dry cooling)
RI,subpeak generation,coal,coal_subpeak_conv pul_retire_2023,2021,5,0.1,2.5,coal (conv pul) (once through)
RI,subpeak generation,coal,coal_subpeak_conv pul_retire_2023,2021,5,0.1,2.5,coal (conv pul) (recirculating)
RI,subpeak generation,coal,coal_subpeak_conv pul_retire_2023,2021,5,0.1,2.5,coal (conv pul) (cooling pond)
RI,subpeak generation,coal,coal_subpeak_conv pul_retire_2023,2021,5,0.1,2.5,coal (conv pul) (dry cooling)
SC,base load generation,coal,coal_base_conv pul 1966-1970,2021,29,0.3,25,coal (conv pul) (seawater)
SC,intermediate generation,coal,coal_int_conv pul 1966-1970,2021,29,0.3,25,coal (conv pul) (seawater)
SC,base load generation,coal,coal_base_conv pul 1971-1975,2021,26,0.3,23,coal (conv pul) (seawater)
SC,intermediate generation,coal,coal_int_conv pul 1971-1975,2021,26,0.3,23,coal (conv pul) (seawater)
SC,base load generation,coal,coal_base_conv pul 1976-1980,2021,9,0.3,8,coal (conv pul) (seawater)
SC,intermediate generation,coal,coal_int_conv pul 1976-1980,2021,9,0.3,8,coal (conv pul) (seawater)
SC,base load generation,coal,coal_base_conv pul 1981-1985,2021,31,0.3,27,coal (conv pul) (seawater)
SC,intermediate generation,coal,coal_int_conv pul 1981-1985,2021,31,0.3,27,coal (conv pul) (seawater)
SC,base load generation,coal,coal_base_conv pul 1991-1995,2021,54,0.3,47,coal (conv pul) (seawater)
SC,intermediate generation,coal,coal_int_conv pul 1991-1995,2021,54,0.3,47,coal (conv pul) (seawater)
SC,base load generation,coal,coal_base_conv pul 2006-2010,2021,67,0.3,59,coal (conv pul) (seawater)
SC,intermediate generation,coal,coal_int_conv pul 2006-2010,2021,67,0.3,59,coal (conv pul) (seawater)
SC,base load generation,coal,coal_base_conv pul,2021,60,0.3,50,coal (conv pul) (seawater)
SC,base load generation,coal,coal_base_conv pul_retire_2023,2021,5,0.1,2.5,coal (conv pul) (seawater)
SC,intermediate generation,coal,coal_int_conv pul,2021,60,0.3,50,coal (conv pul) (seawater)
SC,intermediate generation,coal,coal_int_conv pul_retire_2023,2021,5,0.1,2.5,coal (conv pul) (seawater)
SC,peak generation,coal,coal_peak_conv pul,2021,60,0.3,50,coal (conv pul) (seawater)
SC,peak generation,coal,coal_peak_conv pul_retire_2023,2021,5,0.1,2.5,coal (conv pul) (seawater)
SC,subpeak generation,coal,coal_subpeak_conv pul,2021,60,0.3,50,coal (conv pul) (seawater)
SC,subpeak generation,coal,coal_subpeak_conv pul_retire_2023,2021,5,0.1,2.5,coal (conv pul) (seawater)
SC,base load generation,coal,coal_base_conv pul 1966-1970,2021,29,0.3,25,coal (conv pul) (once through)
SC,base load generation,coal,coal_base_conv pul 1966-1970,2021,29,0.3,25,coal (conv pul) (recirculating)
SC,base load generation,coal,coal_base_conv pul 1966-1970,2021,29,0.3,25,coal (conv pul) (cooling pond)
SC,base load generation,coal,coal_base_conv pul 1966-1970,2021,29,0.3,25,coal (conv pul) (dry cooling)
SC,intermediate generation,coal,coal_int_conv pul 1966-1970,2021,29,0.3,25,coal (conv pul) (once through)
SC,intermediate generation,coal,coal_int_conv pul 1966-1970,2021,29,0.3,25,coal (conv pul) (recirculating)
SC,intermediate generation,coal,coal_int_conv pul 1966-1970,2021,29,0.3,25,coal (conv pul) (cooling pond)
SC,intermediate generation,coal,coal_int_conv pul 1966-1970,2021,29,0.3,25,coal (conv pul) (dry cooling)
SC,base load generation,coal,coal_base_conv pul 1971-1975,2021,26,0.3,23,coal (conv pul) (once through)
SC,base load generation,coal,coal_base_conv pul 1971-1975,2021,26,0.3,23,coal (conv pul) (recirculating)
SC,base load generation,coal,coal_base_conv pul 1971-1975,2021,26,0.3,23,coal (conv pul) (cooling pond)
SC,base load generation,coal,coal_base_conv pul 1971-1975,2021,26,0.3,23,coal (conv pul) (dry cooling)
SC,intermediate generation,coal,coal_int_conv pul 1971-1975,2021,26,0.3,23,coal (conv pul) (once through)
SC,intermediate generation,coal,coal_int_conv pul 1971-1975,2021,26,0.3,23,coal (conv pul) (recirculating)
SC,intermediate generation,coal,coal_int_conv pul 1971-1975,2021,26,0.3,23,coal (conv pul) (cooling pond)
SC,intermediate generation,coal,coal_int_conv pul 1971-1975,2021,26,0.3,23,coal (conv pul) (dry cooling)
SC,base load generation,coal,coal_base_conv pul 1976-1980,2021,9,0.3,8,coal (conv pul) (once through)
SC,base load generation,coal,coal_base_conv pul 1976-1980,2021,9,0.3,8,coal (conv pul) (recirculating)
SC,base load generation,coal,coal_base_conv pul 1976-1980,2021,9,0.3,8,coal (conv pul) (cooling pond)
SC,base load generation,coal,coal_base_conv pul 1976-1980,2021,9,0.3,8,coal (conv pul) (dry cooling)
SC,intermediate generation,coal,coal_int_conv pul 1976-1980,2021,9,0.3,8,coal (conv pul) (once through)
SC,intermediate generation,coal,coal_int_conv pul 1976-1980,2021,9,0.3,8,coal (conv pul) (recirculating)
SC,intermediate generation,coal,coal_int_conv pul 1976-1980,2021,9,0.3,8,coal (conv pul) (cooling pond)
SC,intermediate generation,coal,coal_int_conv pul 1976-1980,2021,9,0.3,8,coal (conv pul) (dry cooling)
SC,base load generation,coal,coal_base_conv pul 1981-1985,2021,31,0.3,27,coal (conv pul) (once through)
SC,base load generation,coal,coal_base_conv pul 1981-1985,2021,31,0.3,27,coal (conv pul) (recirculating)
SC,base load generation,coal,coal_base_conv pul 1981-1985,2021,31,0.3,27,coal (conv pul) (cooling pond)
SC,base load generation,coal,coal_base_conv pul 1981-1985,2021,31,0.3,27,coal (conv pul) (dry cooling)
SC,intermediate generation,coal,coal_int_conv pul 1981-1985,2021,31,0.3,27,coal (conv pul) (once through)
SC,intermediate generation,coal,coal_int_conv pul 1981-1985,2021,31,0.3,27,coal (conv pul) (recirculating)
SC,intermediate generation,coal,coal_int_conv pul 1981-1985,2021,31,0.3,27,coal (conv pul) (cooling pond)
SC,intermediate generation,coal,coal_int_conv pul 1981-1985,2021,31,0.3,27,coal (conv pul) (dry cooling)
SC,base load generation,coal,coal_base_conv pul 1991-1995,2021,54,0.3,47,coal (conv pul) (once through)
SC,base load generation,coal,coal_base_conv pul 1991-1995,2021,54,0.3,47,coal (conv pul) (recirculating)
SC,base load generation,coal,coal_base_conv pul 1991-1995,2021,54,0.3,47,coal (conv pul) (cooling pond)
SC,base load generation,coal,coal_base_conv pul 1991-1995,2021,54,0.3,47,coal (conv pul) (dry cooling)
SC,intermediate generation,coal,coal_int_conv pul 1991-1995,2021,54,0.3,47,coal (conv pul) (once through)
SC,intermediate generation,coal,coal_int_conv pul 1991-1995,2021,54,0.3,47,coal (conv pul) (recirculating)
SC,intermediate generation,coal,coal_int_conv pul 1991-1995,2021,54,0.3,47,coal (conv pul) (cooling pond)
SC,intermediate generation,coal,coal_int_conv pul 1991-1995,2021,54,0.3,47,coal (conv pul) (dry cooling)
SC,base load generation,coal,coal_base_conv pul 2006-2010,2021,67,0.3,59,coal (conv pul) (once through)
SC,base load generation,coal,coal_base_conv pul 2006-2010,2021,67,0.3,59,coal (conv pul) (recirculating)
SC,base load generation,coal,coal_base_conv pul 2006-2010,2021,67,0.3,59,coal (conv pul) (cooling pond)
SC,base load generation,coal,coal_base_conv pul 2006-2010,2021,67,0.3,59,coal (conv pul) (dry cooling)
SC,intermediate generation,coal,coal_int_conv pul 2006-2010,2021,67,0.3,59,coal (conv pul) (once through)
SC,intermediate generation,coal,coal_int_conv pul 2006-2010,2021,67,0.3,59,coal (conv pul) (recirculating)
SC,intermediate generation,coal,coal_int_conv pul 2006-2010,2021,67,0.3,59,coal (conv pul) (cooling pond)
SC,intermediate generation,coal,coal_int_conv pul 2006-2010,2021,67,0.3,59,coal (conv pul) (dry cooling)
SC,base load generation,coal,coal_base_conv pul,2021,60,0.3,50,coal (conv pul) (once through)
SC,base load generation,coal,coal_base_conv pul,2021,60,0.3,50,coal (conv pul) (recirculating)
SC,base load generation,coal,coal_base_conv pul,2021,60,0.3,50,coal (conv pul) (cooling pond)
SC,base load generation,coal,coal_base_conv pul,2021,60,0.3,50,coal (conv pul) (dry cooling)
SC,base load generation,coal,coal_base_conv pul_retire_2023,2021,5,0.1,2.5,coal (conv pul) (once through)
SC,base load generation,coal,coal_base_conv pul_retire_2023,2021,5,0.1,2.5,coal (conv pul) (recirculating)
SC,base load generation,coal,coal_base_conv pul_retire_2023,2021,5,0.1,2.5,coal (conv pul) (cooling pond)
SC,base load generation,coal,coal_base_conv pul_retire_2023,2021,5,0.1,2.5,coal (conv pul) (dry cooling)
SC,intermediate generation,coal,coal_int_conv pul,2021,60,0.3,50,coal (conv pul) (once through)
SC,intermediate generation,coal,coal_int_conv pul,2021,60,0.3,50,coal (conv pul) (recirculating)
SC,intermediate generation,coal,coal_int_conv pul,2021,60,0.3,50,coal (conv pul) (cooling pond)
SC,intermediate generation,coal,coal_int_conv pul,2021,60,0.3,50,coal (conv pul) (dry cooling)
SC,intermediate generation,coal,coal_int_conv pul_retire_2023,2021,5,0.1,2.5,coal (conv pul) (once through)
SC,intermediate generation,coal,coal_int_conv pul_retire_2023,2021,5,0.1,2.5,coal (conv pul) (recirculating)
SC,intermediate generation,coal,coal_int_conv pul_retire_2023,2021,5,0.1,2.5,coal (conv pul) (cooling pond)
SC,intermediate generation,coal,coal_int_conv pul_retire_2023,2021,5,0.1,2.5,coal (conv pul) (dry cooling)
SC,peak generation,coal,coal_peak_conv pul,2021,60,0.3,50,coal (conv pul) (once through)
SC,peak generation,coal,coal_peak_conv pul,2021,60,0.3,50,coal (conv pul) (recirculating)
SC,peak generation,coal,coal_peak_conv pul,2021,60,0.3,50,coal (conv pul) (cooling pond)
SC,peak generation,coal,coal_peak_conv pul,2021,60,0.3,50,coal (conv pul) (dry cooling)
SC,peak generation,coal,coal_peak_conv pul_retire_2023,2021,5,0.1,2.5,coal (conv pul) (once through)
SC,peak generation,coal,coal_peak_conv pul_retire_2023,2021,5,0.1,2.5,coal (conv pul) (recirculating)
SC,peak generation,coal,coal_peak_conv pul_retire_2023,2021,5,0.1,2.5,coal (conv pul) (cooling pond)
SC,peak generation,coal,coal_peak_conv pul_retire_2023,2021,5,0.1,2.5,coal (conv pul) (dry cooling)
SC,subpeak generation,coal,coal_subpeak_conv pul,2021,60,0.3,50,coal (conv pul) (once through)
SC,subpeak generation,coal,coal_subpeak_conv pul,2021,60,0.3,50,coal (conv pul) (recirculating)
SC,subpeak generation,coal,coal_subpeak_conv pul,2021,60,0.3,50,coal (conv pul) (cooling pond)
SC,subpeak generation,coal,coal_subpeak_conv pul,2021,60,0.3,50,coal (conv pul) (dry cooling)
SC,subpeak generation,coal,coal_subpeak_conv pul_retire_2023,2021,5,0.1,2.5,coal (conv pul) (once through)
SC,subpeak generation,coal,coal_subpeak_conv pul_retire_2023,2021,5,0.1,2.5,coal (conv pul) (recirculating)
SC,subpeak generation,coal,coal_subpeak_conv pul_retire_2023,2021,5,0.1,2.5,coal (conv pul) (cooling pond)
SC,subpeak generation,coal,coal_subpeak_conv pul_retire_2023,2021,5,0.1,2.5,coal (conv pul) (dry cooling)
SD,base load generation,coal,coal_base_conv pul 1971-1975,2021,34,0.3,30,coal (conv pul) (once through)
SD,base load generation,coal,coal_base_conv pul 1971-1975,2021,34,0.3,30,coal (conv pul) (recirculating)
SD,base load generation,coal,coal_base_conv pul 1971-1975,2021,34,0.3,30,coal (conv pul) (cooling pond)
SD,base load generation,coal,coal_base_conv pul 1971-1975,2021,34,0.3,30,coal (conv pul) (dry cooling)
SD,intermediate generation,coal,coal_int_conv pul 1971-1975,2021,34,0.3,30,coal (conv pul) (once through)
SD,intermediate generation,coal,coal_int_conv pul 1971-1975,2021,34,0.3,30,coal (conv pul) (recirculating)
SD,intermediate generation,coal,coal_int_conv pul 1971-1975,2021,34,0.3,30,coal (conv pul) (cooling pond)
SD,intermediate generation,coal,coal_int_conv pul 1971-1975,2021,34,0.3,30,coal (conv pul) (dry cooling)
SD,base load generation,coal,coal_base_conv pul,2021,60,0.3,50,coal (conv pul) (once through)
SD,base load generation,coal,coal_base_conv pul,2021,60,0.3,50,coal (conv pul) (recirculating)
SD,base load generation,coal,coal_base_conv pul,2021,60,0.3,50,coal (conv pul) (cooling pond)
SD,base load generation,coal,coal_base_conv pul,2021,60,0.3,50,coal (conv pul) (dry cooling)
SD,base load generation,coal,coal_base_conv pul_retire_2023,2021,5,0.1,2.5,coal (conv pul) (once through)
SD,base load generation,coal,coal_base_conv pul_retire_2023,2021,5,0.1,2.5,coal (conv pul) (recirculating)
SD,base load generation,coal,coal_base_conv pul_retire_2023,2021,5,0.1,2.5,coal (conv pul) (cooling pond)
SD,base load generation,coal,coal_base_conv pul_retire_2023,2021,5,0.1,2.5,coal (conv pul) (dry cooling)
SD,intermediate generation,coal,coal_int_conv pul,2021,60,0.3,50,coal (conv pul) (once through)
SD,intermediate generation,coal,coal_int_conv pul,2021,60,0.3,50,coal (conv pul) (recirculating)
SD,intermediate generation,coal,coal_int_conv pul,2021,60,0.3,50,coal (conv pul) (cooling pond)
SD,intermediate generation,coal,coal_int_conv pul,2021,60,0.3,50,coal (conv pul) (dry cooling)
SD,intermediate generation,coal,coal_int_conv pul_retire_2023,2021,5,0.1,2.5,coal (conv pul) (once through)
SD,intermediate generation,coal,coal_int_conv pul_retire_2023,2021,5,0.1,2.5,coal (conv pul) (recirculating)
SD,intermediate generation,coal,coal_int_conv pul_retire_2023,2021,5,0.1,2.5,coal (conv pul) (cooling pond)
SD,intermediate generation,coal,coal_int_conv pul_retire_2023,2021,5,0.1,2.5,coal (conv pul) (dry cooling)
SD,peak generation,coal,coal_peak_conv pul,2021,60,0.3,50,coal (conv pul) (once through)
SD,peak generation,coal,coal_peak_conv pul,2021,60,0.3,50,coal (conv pul) (recirculating)
SD,peak generation,coal,coal_peak_conv pul,2021,60,0.3,50,coal (conv pul) (cooling pond)
SD,peak generation,coal,coal_peak_conv pul,2021,60,0.3,50,coal (conv pul) (dry cooling)
SD,peak generation,coal,coal_peak_conv pul_retire_2023,2021,5,0.1,2.5,coal (conv pul) (once through)
SD,peak generation,coal,coal_peak_conv pul_retire_2023,2021,5,0.1,2.5,coal (conv pul) (recirculating)
SD,peak generation,coal,coal_peak_conv pul_retire_2023,2021,5,0.1,2.5,coal (conv pul) (cooling pond)
SD,peak generation,coal,coal_peak_conv pul_retire_2023,2021,5,0.1,2.5,coal (conv pul) (dry cooling)
SD,subpeak generation,coal,coal_subpeak_conv pul,2021,60,0.3,50,coal (conv pul) (once through)
SD,subpeak generation,coal,coal_subpeak_conv pul,2021,60,0.3,50,coal (conv pul) (recirculating)
SD,subpeak generation,coal,coal_subpeak_conv pul,2021,60,0.3,50,coal (conv pul) (cooling pond)
SD,subpeak generation,coal,coal_subpeak_conv pul,2021,60,0.3,50,coal (conv pul) (dry cooling)
SD,subpeak generation,coal,coal_subpeak_conv pul_retire_2023,2021,5,0.1,2.5,coal (conv pul) (once through)
SD,subpeak generation,coal,coal_subpeak_conv pul_retire_2023,2021,5,0.1,2.5,coal (conv pul) (recirculating)
SD,subpeak generation,coal,coal_subpeak_conv pul_retire_2023,2021,5,0.1,2.5,coal (conv pul) (cooling pond)
SD,subpeak generation,coal,coal_subpeak_conv pul_retire_2023,2021,5,0.1,2.5,coal (conv pul) (dry cooling)
TN,base load generation,coal,coal_base_conv pul before 1950,2021,1,0.3,1,coal (conv pul) (once through)
TN,base load generation,coal,coal_base_conv pul before 1950,2021,1,0.3,1,coal (conv pul) (recirculating)
TN,base load generation,coal,coal_base_conv pul before 1950,2021,1,0.3,1,coal (conv pul) (cooling pond)
TN,base load generation,coal,coal_base_conv pul before 1950,2021,1,0.3,1,coal (conv pul) (dry cooling)
TN,intermediate generation,coal,coal_int_conv pul before 1950,2021,1,0.3,1,coal (conv pul) (once through)
TN,intermediate generation,coal,coal_int_conv pul before 1950,2021,1,0.3,1,coal (conv pul) (recirculating)
TN,intermediate generation,coal,coal_int_conv pul before 1950,2021,1,0.3,1,coal (conv pul) (cooling pond)
TN,intermediate generation,coal,coal_int_conv pul before 1950,2021,1,0.3,1,coal (conv pul) (dry cooling)
TN,base load generation,coal,coal_base_conv pul 1951-1955,2021,6,0.3,5,coal (conv pul) (once through)
TN,base load generation,coal,coal_base_conv pul 1951-1955,2021,6,0.3,5,coal (conv pul) (recirculating)
TN,base load generation,coal,coal_base_conv pul 1951-1955,2021,6,0.3,5,coal (conv pul) (cooling pond)
TN,base load generation,coal,coal_base_conv pul 1951-1955,2021,6,0.3,5,coal (conv pul) (dry cooling)
TN,intermediate generation,coal,coal_int_conv pul 1951-1955,2021,6,0.3,5,coal (conv pul) (once through)
TN,intermediate generation,coal,coal_int_conv pul 1951-1955,2021,6,0.3,5,coal (conv pul) (recirculating)
TN,intermediate generation,coal,coal_int_conv pul 1951-1955,2021,6,0.3,5,coal (conv pul) (cooling pond)
TN,intermediate generation,coal,coal_int_conv pul 1951-1955,2021,6,0.3,5,coal (conv pul) (dry cooling)
TN,base load generation,coal,coal_base_conv pul 1956-1960,2021,10,0.3,9,coal (conv pul) (once through)
TN,base load generation,coal,coal_base_conv pul 1956-1960,2021,10,0.3,9,coal (conv pul) (recirculating)
TN,base load generation,coal,coal_base_conv pul 1956-1960,2021,10,0.3,9,coal (conv pul) (cooling pond)
TN,base load generation,coal,coal_base_conv pul 1956-1960,2021,10,0.3,9,coal (conv pul) (dry cooling)
TN,intermediate generation,coal,coal_int_conv pul 1956-1960,2021,10,0.3,9,coal (conv pul) (once through)
TN,intermediate generation,coal,coal_int_conv pul 1956-1960,2021,10,0.3,9,coal (conv pul) (recirculating)
TN,intermediate generation,coal,coal_int_conv pul 1956-1960,2021,10,0.3,9,coal (conv pul) (cooling pond)
TN,intermediate generation,coal,coal_int_conv pul 1956-1960,2021,10,0.3,9,coal (conv pul) (dry cooling)
TN,base load generation,coal,coal_base_conv pul 1961-1965,2021,21,0.3,18,coal (conv pul) (once through)
TN,base load generation,coal,coal_base_conv pul 1961-1965,2021,21,0.3,18,coal (conv pul) (recirculating)
TN,base load generation,coal,coal_base_conv pul 1961-1965,2021,21,0.3,18,coal (conv pul) (cooling pond)
TN,base load generation,coal,coal_base_conv pul 1961-1965,2021,21,0.3,18,coal (conv pul) (dry cooling)
TN,intermediate generation,coal,coal_int_conv pul 1961-1965,2021,21,0.3,18,coal (conv pul) (once through)
TN,intermediate generation,coal,coal_int_conv pul 1961-1965,2021,21,0.3,18,coal (conv pul) (recirculating)
TN,intermediate generation,coal,coal_int_conv pul 1961-1965,2021,21,0.3,18,coal (conv pul) (cooling pond)
TN,intermediate generation,coal,coal_int_conv pul 1961-1965,2021,21,0.3,18,coal (conv pul) (dry cooling)
TN,base load generation,coal,coal_base_conv pul 1971-1975,2021,6,0.3,5,coal (conv pul) (once through)
TN,base load generation,coal,coal_base_conv pul 1971-1975,2021,6,0.3,5,coal (conv pul) (recirculating)
TN,base load generation,coal,coal_base_conv pul 1971-1975,2021,6,0.3,5,coal (conv pul) (cooling pond)
TN,base load generation,coal,coal_base_conv pul 1971-1975,2021,6,0.3,5,coal (conv pul) (dry cooling)
TN,intermediate generation,coal,coal_int_conv pul 1971-1975,2021,6,0.3,5,coal (conv pul) (once through)
TN,intermediate generation,coal,coal_int_conv pul 1971-1975,2021,6,0.3,5,coal (conv pul) (recirculating)
TN,intermediate generation,coal,coal_int_conv pul 1971-1975,2021,6,0.3,5,coal (conv pul) (cooling pond)
TN,intermediate generation,coal,coal_int_conv pul 1971-1975,2021,6,0.3,5,coal (conv pul) (dry cooling)
TN,base load generation,coal,coal_base_conv pul 1981-1985,2021,41,0.3,36,coal (conv pul) (once through)
TN,base load generation,coal,coal_base_conv pul 1981-1985,2021,41,0.3,36,coal (conv pul) (recirculating)
TN,base load generation,coal,coal_base_conv pul 1981-1985,2021,41,0.3,36,coal (conv pul) (cooling pond)
TN,base load generation,coal,coal_base_conv pul 1981-1985,2021,41,0.3,36,coal (conv pul) (dry cooling)
TN,intermediate generation,coal,coal_int_conv pul 1981-1985,2021,41,0.3,36,coal (conv pul) (once through)
TN,intermediate generation,coal,coal_int_conv pul 1981-1985,2021,41,0.3,36,coal (conv pul) (recirculating)
TN,intermediate generation,coal,coal_int_conv pul 1981-1985,2021,41,0.3,36,coal (conv pul) (cooling pond)
TN,intermediate generation,coal,coal_int_conv pul 1981-1985,2021,41,0.3,36,coal (conv pul) (dry cooling)
TN,base load generation,coal,coal_base_conv pul 1991-1995,2021,53,0.3,46,coal (conv pul) (once through)
TN,base load generation,coal,coal_base_conv pul 1991-1995,2021,53,0.3,46,coal (conv pul) (recirculating)
TN,base load generation,coal,coal_base_conv pul 1991-1995,2021,53,0.3,46,coal (conv pul) (cooling pond)
TN,base load generation,coal,coal_base_conv pul 1991-1995,2021,53,0.3,46,coal (conv pul) (dry cooling)
TN,intermediate generation,coal,coal_int_conv pul 1991-1995,2021,53,0.3,46,coal (conv pul) (once through)
TN,intermediate generation,coal,coal_int_conv pul 1991-1995,2021,53,0.3,46,coal (conv pul) (recirculating)
TN,intermediate generation,coal,coal_int_conv pul 1991-1995,2021,53,0.3,46,coal (conv pul) (cooling pond)
TN,intermediate generation,coal,coal_int_conv pul 1991-1995,2021,53,0.3,46,coal (conv pul) (dry cooling)
TN,base load generation,coal,coal_base_conv pul,2021,60,0.3,50,coal (conv pul) (once through)
TN,base load generation,coal,coal_base_conv pul,2021,60,0.3,50,coal (conv pul) (recirculating)
TN,base load generation,coal,coal_base_conv pul,2021,60,0.3,50,coal (conv pul) (cooling pond)
TN,base load generation,coal,coal_base_conv pul,2021,60,0.3,50,coal (conv pul) (dry cooling)
TN,base load generation,coal,coal_base_conv pul_retire_2023,2021,5,0.1,2.5,coal (conv pul) (once through)
TN,base load generation,coal,coal_base_conv pul_retire_2023,2021,5,0.1,2.5,coal (conv pul) (recirculating)
TN,base load generation,coal,coal_base_conv pul_retire_2023,2021,5,0.1,2.5,coal (conv pul) (cooling pond)
TN,base load generation,coal,coal_base_conv pul_retire_2023,2021,5,0.1,2.5,coal (conv pul) (dry cooling)
TN,intermediate generation,coal,coal_int_conv pul,2021,60,0.3,50,coal (conv pul) (once through)
TN,intermediate generation,coal,coal_int_conv pul,2021,60,0.3,50,coal (conv pul) (recirculating)
TN,intermediate generation,coal,coal_int_conv pul,2021,60,0.3,50,coal (conv pul) (cooling pond)
TN,intermediate generation,coal,coal_int_conv pul,2021,60,0.3,50,coal (conv pul) (dry cooling)
TN,intermediate generation,coal,coal_int_conv pul_retire_2023,2021,5,0.1,2.5,coal (conv pul) (once through)
TN,intermediate generation,coal,coal_int_conv pul_retire_2023,2021,5,0.1,2.5,coal (conv pul) (recirculating)
TN,intermediate generation,coal,coal_int_conv pul_retire_2023,2021,5,0.1,2.5,coal (conv pul) (cooling pond)
TN,intermediate generation,coal,coal_int_conv pul_retire_2023,2021,5,0.1,2.5,coal (conv pul) (dry cooling)
TN,peak generation,coal,coal_peak_conv pul,2021,60,0.3,50,coal (conv pul) (once through)
TN,peak generation,coal,coal_peak_conv pul,2021,60,0.3,50,coal (conv pul) (recirculating)
TN,peak generation,coal,coal_peak_conv pul,2021,60,0.3,50,coal (conv pul) (cooling pond)
TN,peak generation,coal,coal_peak_conv pul,2021,60,0.3,50,coal (conv pul) (dry cooling)
TN,peak generation,coal,coal_peak_conv pul_retire_2023,2021,5,0.1,2.5,coal (conv pul) (once through)
TN,peak generation,coal,coal_peak_conv pul_retire_2023,2021,5,0.1,2.5,coal (conv pul) (recirculating)
TN,peak generation,coal,coal_peak_conv pul_retire_2023,2021,5,0.1,2.5,coal (conv pul) (cooling pond)
TN,peak generation,coal,coal_peak_conv pul_retire_2023,2021,5,0.1,2.5,coal (conv pul) (dry cooling)
TN,subpeak generation,coal,coal_subpeak_conv pul,2021,60,0.3,50,coal (conv pul) (once through)
TN,subpeak generation,coal,coal_subpeak_conv pul,2021,60,0.3,50,coal (conv pul) (recirculating)
TN,subpeak generation,coal,coal_subpeak_conv pul,2021,60,0.3,50,coal (conv pul) (cooling pond)
TN,subpeak generation,coal,coal_subpeak_conv pul,2021,60,0.3,50,coal (conv pul) (dry cooling)
TN,subpeak generation,coal,coal_subpeak_conv pul_retire_2023,2021,5,0.1,2.5,coal (conv pul) (once through)
TN,subpeak generation,coal,coal_subpeak_conv pul_retire_2023,2021,5,0.1,2.5,coal (conv pul) (recirculating)
TN,subpeak generation,coal,coal_subpeak_conv pul_retire_2023,2021,5,0.1,2.5,coal (conv pul) (cooling pond)
TN,subpeak generation,coal,coal_subpeak_conv pul_retire_2023,2021,5,0.1,2.5,coal (conv pul) (dry cooling)
TX,base load generation,coal,coal_base_conv pul 1976-1980,2021,30,0.3,26,coal (conv pul) (seawater)
TX,intermediate generation,coal,coal_int_conv pul 1976-1980,2021,30,0.3,26,coal (conv pul) (seawater)
TX,base load generation,coal,coal_base_conv pul 1981-1985,2021,26,0.3,23,coal (conv pul) (seawater)
TX,intermediate generation,coal,coal_int_conv pul 1981-1985,2021,26,0.3,23,coal (conv pul) (seawater)
TX,base load generation,coal,coal_base_conv pul 1986-1990,2021,46,0.3,40,coal (conv pul) (seawater)
TX,intermediate generation,coal,coal_int_conv pul 1986-1990,2021,46,0.3,40,coal (conv pul) (seawater)
TX,base load generation,coal,coal_base_conv pul 1991-1995,2021,17,0.3,15,coal (conv pul) (seawater)
TX,intermediate generation,coal,coal_int_conv pul 1991-1995,2021,17,0.3,15,coal (conv pul) (seawater)
TX,base load generation,coal,coal_base_conv pul 2006-2010,2021,69,0.3,60,coal (conv pul) (seawater)
TX,intermediate generation,coal,coal_int_conv pul 2006-2010,2021,69,0.3,60,coal (conv pul) (seawater)
TX,base load generation,coal,coal_base_conv pul 2011-2015,2021,71,0.3,62,coal (conv pul) (seawater)
TX,intermediate generation,coal,coal_int_conv pul 2011-2015,2021,71,0.3,62,coal (conv pul) (seawater)
TX,base load generation,coal,coal_base_conv pul,2021,60,0.3,50,coal (conv pul) (seawater)
TX,base load generation,coal,coal_base_conv pul_retire_2023,2021,5,0.1,2.5,coal (conv pul) (seawater)
TX,intermediate generation,coal,coal_int_conv pul,2021,60,0.3,50,coal (conv pul) (seawater)
TX,intermediate generation,coal,coal_int_conv pul_retire_2023,2021,5,0.1,2.5,coal (conv pul) (seawater)
TX,peak generation,coal,coal_peak_conv pul,2021,60,0.3,50,coal (conv pul) (seawater)
TX,peak generation,coal,coal_peak_conv pul_retire_2023,2021,5,0.1,2.5,coal (conv pul) (seawater)
TX,subpeak generation,coal,coal_subpeak_conv pul,2021,60,0.3,50,coal (conv pul) (seawater)
TX,subpeak generation,coal,coal_subpeak_conv pul_retire_2023,2021,5,0.1,2.5,coal (conv pul) (seawater)
TX,base load generation,coal,coal_base_conv pul 1976-1980,2021,30,0.3,26,coal (conv pul) (once through)
TX,base load generation,coal,coal_base_conv pul 1976-1980,2021,30,0.3,26,coal (conv pul) (recirculating)
TX,base load generation,coal,coal_base_conv pul 1976-1980,2021,30,0.3,26,coal (conv pul) (cooling pond)
TX,base load generation,coal,coal_base_conv pul 1976-1980,2021,30,0.3,26,coal (conv pul) (dry cooling)
TX,intermediate generation,coal,coal_int_conv pul 1976-1980,2021,30,0.3,26,coal (conv pul) (once through)
TX,intermediate generation,coal,coal_int_conv pul 1976-1980,2021,30,0.3,26,coal (conv pul) (recirculating)
TX,intermediate generation,coal,coal_int_conv pul 1976-1980,2021,30,0.3,26,coal (conv pul) (cooling pond)
TX,intermediate generation,coal,coal_int_conv pul 1976-1980,2021,30,0.3,26,coal (conv pul) (dry cooling)
TX,base load generation,coal,coal_base_conv pul 1981-1985,2021,26,0.3,23,coal (conv pul) (once through)
TX,base load generation,coal,coal_base_conv pul 1981-1985,2021,26,0.3,23,coal (conv pul) (recirculating)
TX,base load generation,coal,coal_base_conv pul 1981-1985,2021,26,0.3,23,coal (conv pul) (cooling pond)
TX,base load generation,coal,coal_base_conv pul 1981-1985,2021,26,0.3,23,coal (conv pul) (dry cooling)
TX,intermediate generation,coal,coal_int_conv pul 1981-1985,2021,26,0.3,23,coal (conv pul) (once through)
TX,intermediate generation,coal,coal_int_conv pul 1981-1985,2021,26,0.3,23,coal (conv pul) (recirculating)
TX,intermediate generation,coal,coal_int_conv pul 1981-1985,2021,26,0.3,23,coal (conv pul) (cooling pond)
TX,intermediate generation,coal,coal_int_conv pul 1981-1985,2021,26,0.3,23,coal (conv pul) (dry cooling)
TX,base load generation,coal,coal_base_conv pul 1986-1990,2021,46,0.3,40,coal (conv pul) (once through)
TX,base load generation,coal,coal_base_conv pul 1986-1990,2021,46,0.3,40,coal (conv pul) (recirculating)
TX,base load generation,coal,coal_base_conv pul 1986-1990,2021,46,0.3,40,coal (conv pul) (cooling pond)
TX,base load generation,coal,coal_base_conv pul 1986-1990,2021,46,0.3,40,coal (conv pul) (dry cooling)
TX,intermediate generation,coal,coal_int_conv pul 1986-1990,2021,46,0.3,40,coal (conv pul) (once through)
TX,intermediate generation,coal,coal_int_conv pul 1986-1990,2021,46,0.3,40,coal (conv pul) (recirculating)
TX,intermediate generation,coal,coal_int_conv pul 1986-1990,2021,46,0.3,40,coal (conv pul) (cooling pond)
TX,intermediate generation,coal,coal_int_conv pul 1986-1990,2021,46,0.3,40,coal (conv pul) (dry cooling)
TX,base load generation,coal,coal_base_conv pul 1991-1995,2021,17,0.3,15,coal (conv pul) (once through)
TX,base load generation,coal,coal_base_conv pul 1991-1995,2021,17,0.3,15,coal (conv pul) (recirculating)
TX,base load generation,coal,coal_base_conv pul 1991-1995,2021,17,0.3,15,coal (conv pul) (cooling pond)
TX,base load generation,coal,coal_base_conv pul 1991-1995,2021,17,0.3,15,coal (conv pul) (dry cooling)
TX,intermediate generation,coal,coal_int_conv pul 1991-1995,2021,17,0.3,15,coal (conv pul) (once through)
TX,intermediate generation,coal,coal_int_conv pul 1991-1995,2021,17,0.3,15,coal (conv pul) (recirculating)
TX,intermediate generation,coal,coal_int_conv pul 1991-1995,2021,17,0.3,15,coal (conv pul) (cooling pond)
TX,intermediate generation,coal,coal_int_conv pul 1991-1995,2021,17,0.3,15,coal (conv pul) (dry cooling)
TX,base load generation,coal,coal_base_conv pul 2006-2010,2021,69,0.3,60,coal (conv pul) (once through)
TX,base load generation,coal,coal_base_conv pul 2006-2010,2021,69,0.3,60,coal (conv pul) (recirculating)
TX,base load generation,coal,coal_base_conv pul 2006-2010,2021,69,0.3,60,coal (conv pul) (cooling pond)
TX,base load generation,coal,coal_base_conv pul 2006-2010,2021,69,0.3,60,coal (conv pul) (dry cooling)
TX,intermediate generation,coal,coal_int_conv pul 2006-2010,2021,69,0.3,60,coal (conv pul) (once through)
TX,intermediate generation,coal,coal_int_conv pul 2006-2010,2021,69,0.3,60,coal (conv pul) (recirculating)
TX,intermediate generation,coal,coal_int_conv pul 2006-2010,2021,69,0.3,60,coal (conv pul) (cooling pond)
TX,intermediate generation,coal,coal_int_conv pul 2006-2010,2021,69,0.3,60,coal (conv pul) (dry cooling)
TX,base load generation,coal,coal_base_conv pul 2011-2015,2021,71,0.3,62,coal (conv pul) (once through)
TX,base load generation,coal,coal_base_conv pul 2011-2015,2021,71,0.3,62,coal (conv pul) (recirculating)
TX,base load generation,coal,coal_base_conv pul 2011-2015,2021,71,0.3,62,coal (conv pul) (cooling pond)
TX,base load generation,coal,coal_base_conv pul 2011-2015,2021,71,0.3,62,coal (conv pul) (dry cooling)
TX,intermediate generation,coal,coal_int_conv pul 2011-2015,2021,71,0.3,62,coal (conv pul) (once through)
TX,intermediate generation,coal,coal_int_conv pul 2011-2015,2021,71,0.3,62,coal (conv pul) (recirculating)
TX,intermediate generation,coal,coal_int_conv pul 2011-2015,2021,71,0.3,62,coal (conv pul) (cooling pond)
TX,intermediate generation,coal,coal_int_conv pul 2011-2015,2021,71,0.3,62,coal (conv pul) (dry cooling)
TX,base load generation,coal,coal_base_conv pul,2021,60,0.3,50,coal (conv pul) (once through)
TX,base load generation,coal,coal_base_conv pul,2021,60,0.3,50,coal (conv pul) (recirculating)
TX,base load generation,coal,coal_base_conv pul,2021,60,0.3,50,coal (conv pul) (cooling pond)
TX,base load generation,coal,coal_base_conv pul,2021,60,0.3,50,coal (conv pul) (dry cooling)
TX,base load generation,coal,coal_base_conv pul_retire_2023,2021,5,0.1,2.5,coal (conv pul) (once through)
TX,base load generation,coal,coal_base_conv pul_retire_2023,2021,5,0.1,2.5,coal (conv pul) (recirculating)
TX,base load generation,coal,coal_base_conv pul_retire_2023,2021,5,0.1,2.5,coal (conv pul) (cooling pond)
TX,base load generation,coal,coal_base_conv pul_retire_2023,2021,5,0.1,2.5,coal (conv pul) (dry cooling)
TX,intermediate generation,coal,coal_int_conv pul,2021,60,0.3,50,coal (conv pul) (once through)
TX,intermediate generation,coal,coal_int_conv pul,2021,60,0.3,50,coal (conv pul) (recirculating)
TX,intermediate generation,coal,coal_int_conv pul,2021,60,0.3,50,coal (conv pul) (cooling pond)
TX,intermediate generation,coal,coal_int_conv pul,2021,60,0.3,50,coal (conv pul) (dry cooling)
TX,intermediate generation,coal,coal_int_conv pul_retire_2023,2021,5,0.1,2.5,coal (conv pul) (once through)
TX,intermediate generation,coal,coal_int_conv pul_retire_2023,2021,5,0.1,2.5,coal (conv pul) (recirculating)
TX,intermediate generation,coal,coal_int_conv pul_retire_2023,2021,5,0.1,2.5,coal (conv pul) (cooling pond)
TX,intermediate generation,coal,coal_int_conv pul_retire_2023,2021,5,0.1,2.5,coal (conv pul) (dry cooling)
TX,peak generation,coal,coal_peak_conv pul,2021,60,0.3,50,coal (conv pul) (once through)
TX,peak generation,coal,coal_peak_conv pul,2021,60,0.3,50,coal (conv pul) (recirculating)
TX,peak generation,coal,coal_peak_conv pul,2021,60,0.3,50,coal (conv pul) (cooling pond)
TX,peak generation,coal,coal_peak_conv pul,2021,60,0.3,50,coal (conv pul) (dry cooling)
TX,peak generation,coal,coal_peak_conv pul_retire_2023,2021,5,0.1,2.5,coal (conv pul) (once through)
TX,peak generation,coal,coal_peak_conv pul_retire_2023,2021,5,0.1,2.5,coal (conv pul) (recirculating)
TX,peak generation,coal,coal_peak_conv pul_retire_2023,2021,5,0.1,2.5,coal (conv pul) (cooling pond)
TX,peak generation,coal,coal_peak_conv pul_retire_2023,2021,5,0.1,2.5,coal (conv pul) (dry cooling)
TX,subpeak generation,coal,coal_subpeak_conv pul,2021,60,0.3,50,coal (conv pul) (once through)
TX,subpeak generation,coal,coal_subpeak_conv pul,2021,60,0.3,50,coal (conv pul) (recirculating)
TX,subpeak generation,coal,coal_subpeak_conv pul,2021,60,0.3,50,coal (conv pul) (cooling pond)
TX,subpeak generation,coal,coal_subpeak_conv pul,2021,60,0.3,50,coal (conv pul) (dry cooling)
TX,subpeak generation,coal,coal_subpeak_conv pul_retire_2023,2021,5,0.1,2.5,coal (conv pul) (once through)
TX,subpeak generation,coal,coal_subpeak_conv pul_retire_2023,2021,5,0.1,2.5,coal (conv pul) (recirculating)
TX,subpeak generation,coal,coal_subpeak_conv pul_retire_2023,2021,5,0.1,2.5,coal (conv pul) (cooling pond)
TX,subpeak generation,coal,coal_subpeak_conv pul_retire_2023,2021,5,0.1,2.5,coal (conv pul) (dry cooling)
UT,base load generation,coal,coal_base_conv pul 1971-1975,2021,15,0.3,13,coal (conv pul) (once through)
UT,base load generation,coal,coal_base_conv pul 1971-1975,2021,15,0.3,13,coal (conv pul) (recirculating)
UT,base load generation,coal,coal_base_conv pul 1971-1975,2021,15,0.3,13,coal (conv pul) (cooling pond)
UT,base load generation,coal,coal_base_conv pul 1971-1975,2021,15,0.3,13,coal (conv pul) (dry cooling)
UT,intermediate generation,coal,coal_int_conv pul 1971-1975,2021,15,0.3,13,coal (conv pul) (once through)
UT,intermediate generation,coal,coal_int_conv pul 1971-1975,2021,15,0.3,13,coal (conv pul) (recirculating)
UT,intermediate generation,coal,coal_int_conv pul 1971-1975,2021,15,0.3,13,coal (conv pul) (cooling pond)
UT,intermediate generation,coal,coal_int_conv pul 1971-1975,2021,15,0.3,13,coal (conv pul) (dry cooling)
UT,base load generation,coal,coal_base_conv pul 1976-1980,2021,30,0.3,26,coal (conv pul) (once through)
UT,base load generation,coal,coal_base_conv pul 1976-1980,2021,30,0.3,26,coal (conv pul) (recirculating)
UT,base load generation,coal,coal_base_conv pul 1976-1980,2021,30,0.3,26,coal (conv pul) (cooling pond)
UT,base load generation,coal,coal_base_conv pul 1976-1980,2021,30,0.3,26,coal (conv pul) (dry cooling)
UT,intermediate generation,coal,coal_int_conv pul 1976-1980,2021,30,0.3,26,coal (conv pul) (once through)
UT,intermediate generation,coal,coal_int_conv pul 1976-1980,2021,30,0.3,26,coal (conv pul) (recirculating)
UT,intermediate generation,coal,coal_int_conv pul 1976-1980,2021,30,0.3,26,coal (conv pul) (cooling pond)
UT,intermediate generation,coal,coal_int_conv pul 1976-1980,2021,30,0.3,26,coal (conv pul) (dry cooling)
UT,base load generation,coal,coal_base_conv pul 1981-1985,2021,42,0.3,37,coal (conv pul) (once through)
UT,base load generation,coal,coal_base_conv pul 1981-1985,2021,42,0.3,37,coal (conv pul) (recirculating)
UT,base load generation,coal,coal_base_conv pul 1981-1985,2021,42,0.3,37,coal (conv pul) (cooling pond)
UT,base load generation,coal,coal_base_conv pul 1981-1985,2021,42,0.3,37,coal (conv pul) (dry cooling)
UT,intermediate generation,coal,coal_int_conv pul 1981-1985,2021,42,0.3,37,coal (conv pul) (once through)
UT,intermediate generation,coal,coal_int_conv pul 1981-1985,2021,42,0.3,37,coal (conv pul) (recirculating)
UT,intermediate generation,coal,coal_int_conv pul 1981-1985,2021,42,0.3,37,coal (conv pul) (cooling pond)
UT,intermediate generation,coal,coal_int_conv pul 1981-1985,2021,42,0.3,37,coal (conv pul) (dry cooling)
UT,base load generation,coal,coal_base_conv pul 1986-1990,2021,14,0.3,12,coal (conv pul) (once through)
UT,base load generation,coal,coal_base_conv pul 1986-1990,2021,14,0.3,12,coal (conv pul) (recirculating)
UT,base load generation,coal,coal_base_conv pul 1986-1990,2021,14,0.3,12,coal (conv pul) (cooling pond)
UT,base load generation,coal,coal_base_conv pul 1986-1990,2021,14,0.3,12,coal (conv pul) (dry cooling)
UT,intermediate generation,coal,coal_int_conv pul 1986-1990,2021,14,0.3,12,coal (conv pul) (once through)
UT,intermediate generation,coal,coal_int_conv pul 1986-1990,2021,14,0.3,12,coal (conv pul) (recirculating)
UT,intermediate generation,coal,coal_int_conv pul 1986-1990,2021,14,0.3,12,coal (conv pul) (cooling pond)
UT,intermediate generation,coal,coal_int_conv pul 1986-1990,2021,14,0.3,12,coal (conv pul) (dry cooling)
UT,base load generation,coal,coal_base_conv pul 1991-1995,2021,52,0.3,46,coal (conv pul) (once through)
UT,base load generation,coal,coal_base_conv pul 1991-1995,2021,52,0.3,46,coal (conv pul) (recirculating)
UT,base load generation,coal,coal_base_conv pul 1991-1995,2021,52,0.3,46,coal (conv pul) (cooling pond)
UT,base load generation,coal,coal_base_conv pul 1991-1995,2021,52,0.3,46,coal (conv pul) (dry cooling)
UT,intermediate generation,coal,coal_int_conv pul 1991-1995,2021,52,0.3,46,coal (conv pul) (once through)
UT,intermediate generation,coal,coal_int_conv pul 1991-1995,2021,52,0.3,46,coal (conv pul) (recirculating)
UT,intermediate generation,coal,coal_int_conv pul 1991-1995,2021,52,0.3,46,coal (conv pul) (cooling pond)
UT,intermediate generation,coal,coal_int_conv pul 1991-1995,2021,52,0.3,46,coal (conv pul) (dry cooling)
UT,base load generation,coal,coal_base_conv pul,2021,60,0.3,50,coal (conv pul) (once through)
UT,base load generation,coal,coal_base_conv pul,2021,60,0.3,50,coal (conv pul) (recirculating)
UT,base load generation,coal,coal_base_conv pul,2021,60,0.3,50,coal (conv pul) (cooling pond)
UT,base load generation,coal,coal_base_conv pul,2021,60,0.3,50,coal (conv pul) (dry cooling)
UT,base load generation,coal,coal_base_conv pul_retire_2023,2021,5,0.1,2.5,coal (conv pul) (once through)
UT,base load generation,coal,coal_base_conv pul_retire_2023,2021,5,0.1,2.5,coal (conv pul) (recirculating)
UT,base load generation,coal,coal_base_conv pul_retire_2023,2021,5,0.1,2.5,coal (conv pul) (cooling pond)
UT,base load generation,coal,coal_base_conv pul_retire_2023,2021,5,0.1,2.5,coal (conv pul) (dry cooling)
UT,intermediate generation,coal,coal_int_conv pul,2021,60,0.3,50,coal (conv pul) (once through)
UT,intermediate generation,coal,coal_int_conv pul,2021,60,0.3,50,coal (conv pul) (recirculating)
UT,intermediate generation,coal,coal_int_conv pul,2021,60,0.3,50,coal (conv pul) (cooling pond)
UT,intermediate generation,coal,coal_int_conv pul,2021,60,0.3,50,coal (conv pul) (dry cooling)
UT,intermediate generation,coal,coal_int_conv pul_retire_2023,2021,5,0.1,2.5,coal (conv pul) (once through)
UT,intermediate generation,coal,coal_int_conv pul_retire_2023,2021,5,0.1,2.5,coal (conv pul) (recirculating)
UT,intermediate generation,coal,coal_int_conv pul_retire_2023,2021,5,0.1,2.5,coal (conv pul) (cooling pond)
UT,intermediate generation,coal,coal_int_conv pul_retire_2023,2021,5,0.1,2.5,coal (conv pul) (dry cooling)
UT,peak generation,coal,coal_peak_conv pul,2021,60,0.3,50,coal (conv pul) (once through)
UT,peak generation,coal,coal_peak_conv pul,2021,60,0.3,50,coal (conv pul) (recirculating)
UT,peak generation,coal,coal_peak_conv pul,2021,60,0.3,50,coal (conv pul) (cooling pond)
UT,peak generation,coal,coal_peak_conv pul,2021,60,0.3,50,coal (conv pul) (dry cooling)
UT,peak generation,coal,coal_peak_conv pul_retire_2023,2021,5,0.1,2.5,coal (conv pul) (once through)
UT,peak generation,coal,coal_peak_conv pul_retire_2023,2021,5,0.1,2.5,coal (conv pul) (recirculating)
UT,peak generation,coal,coal_peak_conv pul_retire_2023,2021,5,0.1,2.5,coal (conv pul) (cooling pond)
UT,peak generation,coal,coal_peak_conv pul_retire_2023,2021,5,0.1,2.5,coal (conv pul) (dry cooling)
UT,subpeak generation,coal,coal_subpeak_conv pul,2021,60,0.3,50,coal (conv pul) (once through)
UT,subpeak generation,coal,coal_subpeak_conv pul,2021,60,0.3,50,coal (conv pul) (recirculating)
UT,subpeak generation,coal,coal_subpeak_conv pul,2021,60,0.3,50,coal (conv pul) (cooling pond)
UT,subpeak generation,coal,coal_subpeak_conv pul,2021,60,0.3,50,coal (conv pul) (dry cooling)
UT,subpeak generation,coal,coal_subpeak_conv pul_retire_2023,2021,5,0.1,2.5,coal (conv pul) (once through)
UT,subpeak generation,coal,coal_subpeak_conv pul_retire_2023,2021,5,0.1,2.5,coal (conv pul) (recirculating)
UT,subpeak generation,coal,coal_subpeak_conv pul_retire_2023,2021,5,0.1,2.5,coal (conv pul) (cooling pond)
UT,subpeak generation,coal,coal_subpeak_conv pul_retire_2023,2021,5,0.1,2.5,coal (conv pul) (dry cooling)
VA,base load generation,coal,coal_base_conv pul 1951-1955,2021,10,0.3,9,coal (conv pul) (seawater)
VA,intermediate generation,coal,coal_int_conv pul 1951-1955,2021,10,0.3,9,coal (conv pul) (seawater)
VA,base load generation,coal,coal_base_conv pul 1986-1990,2021,48,0.3,42,coal (conv pul) (seawater)
VA,intermediate generation,coal,coal_int_conv pul 1986-1990,2021,48,0.3,42,coal (conv pul) (seawater)
VA,base load generation,coal,coal_base_conv pul 1991-1995,2021,54,0.3,47,coal (conv pul) (seawater)
VA,intermediate generation,coal,coal_int_conv pul 1991-1995,2021,54,0.3,47,coal (conv pul) (seawater)
VA,base load generation,coal,coal_base_conv pul 1996-2000,2021,55,0.3,48,coal (conv pul) (seawater)
VA,intermediate generation,coal,coal_int_conv pul 1996-2000,2021,55,0.3,48,coal (conv pul) (seawater)
VA,base load generation,coal,coal_base_conv pul 2011-2015,2021,71,0.3,62,coal (conv pul) (seawater)
VA,intermediate generation,coal,coal_int_conv pul 2011-2015,2021,71,0.3,62,coal (conv pul) (seawater)
VA,base load generation,coal,coal_base_conv pul,2021,60,0.3,50,coal (conv pul) (seawater)
VA,base load generation,coal,coal_base_conv pul_retire_2023,2021,5,0.1,2.5,coal (conv pul) (seawater)
VA,intermediate generation,coal,coal_int_conv pul,2021,60,0.3,50,coal (conv pul) (seawater)
VA,intermediate generation,coal,coal_int_conv pul_retire_2023,2021,5,0.1,2.5,coal (conv pul) (seawater)
VA,peak generation,coal,coal_peak_conv pul,2021,60,0.3,50,coal (conv pul) (seawater)
VA,peak generation,coal,coal_peak_conv pul_retire_2023,2021,5,0.1,2.5,coal (conv pul) (seawater)
VA,subpeak generation,coal,coal_subpeak_conv pul,2021,60,0.3,50,coal (conv pul) (seawater)
VA,subpeak generation,coal,coal_subpeak_conv pul_retire_2023,2021,5,0.1,2.5,coal (conv pul) (seawater)
VA,base load generation,coal,coal_base_conv pul 1951-1955,2021,10,0.3,9,coal (conv pul) (once through)
VA,base load generation,coal,coal_base_conv pul 1951-1955,2021,10,0.3,9,coal (conv pul) (recirculating)
VA,base load generation,coal,coal_base_conv pul 1951-1955,2021,10,0.3,9,coal (conv pul) (cooling pond)
VA,base load generation,coal,coal_base_conv pul 1951-1955,2021,10,0.3,9,coal (conv pul) (dry cooling)
VA,intermediate generation,coal,coal_int_conv pul 1951-1955,2021,10,0.3,9,coal (conv pul) (once through)
VA,intermediate generation,coal,coal_int_conv pul 1951-1955,2021,10,0.3,9,coal (conv pul) (recirculating)
VA,intermediate generation,coal,coal_int_conv pul 1951-1955,2021,10,0.3,9,coal (conv pul) (cooling pond)
VA,intermediate generation,coal,coal_int_conv pul 1951-1955,2021,10,0.3,9,coal (conv pul) (dry cooling)
VA,base load generation,coal,coal_base_conv pul 1986-1990,2021,48,0.3,42,coal (conv pul) (once through)
VA,base load generation,coal,coal_base_conv pul 1986-1990,2021,48,0.3,42,coal (conv pul) (recirculating)
VA,base load generation,coal,coal_base_conv pul 1986-1990,2021,48,0.3,42,coal (conv pul) (cooling pond)
VA,base load generation,coal,coal_base_conv pul 1986-1990,2021,48,0.3,42,coal (conv pul) (dry cooling)
VA,intermediate generation,coal,coal_int_conv pul 1986-1990,2021,48,0.3,42,coal (conv pul) (once through)
VA,intermediate generation,coal,coal_int_conv pul 1986-1990,2021,48,0.3,42,coal (conv pul) (recirculating)
VA,intermediate generation,coal,coal_int_conv pul 1986-1990,2021,48,0.3,42,coal (conv pul) (cooling pond)
VA,intermediate generation,coal,coal_int_conv pul 1986-1990,2021,48,0.3,42,coal (conv pul) (dry cooling)
VA,base load generation,coal,coal_base_conv pul 1991-1995,2021,54,0.3,47,coal (conv pul) (once through)
VA,base load generation,coal,coal_base_conv pul 1991-1995,2021,54,0.3,47,coal (conv pul) (recirculating)
VA,base load generation,coal,coal_base_conv pul 1991-1995,2021,54,0.3,47,coal (conv pul) (cooling pond)
VA,base load generation,coal,coal_base_conv pul 1991-1995,2021,54,0.3,47,coal (conv pul) (dry cooling)
VA,intermediate generation,coal,coal_int_conv pul 1991-1995,2021,54,0.3,47,coal (conv pul) (once through)
VA,intermediate generation,coal,coal_int_conv pul 1991-1995,2021,54,0.3,47,coal (conv pul) (recirculating)
VA,intermediate generation,coal,coal_int_conv pul 1991-1995,2021,54,0.3,47,coal (conv pul) (cooling pond)
VA,intermediate generation,coal,coal_int_conv pul 1991-1995,2021,54,0.3,47,coal (conv pul) (dry cooling)
VA,base load generation,coal,coal_base_conv pul 1996-2000,2021,55,0.3,48,coal (conv pul) (once through)
VA,base load generation,coal,coal_base_conv pul 1996-2000,2021,55,0.3,48,coal (conv pul) (recirculating)
VA,base load generation,coal,coal_base_conv pul 1996-2000,2021,55,0.3,48,coal (conv pul) (cooling pond)
VA,base load generation,coal,coal_base_conv pul 1996-2000,2021,55,0.3,48,coal (conv pul) (dry cooling)
VA,intermediate generation,coal,coal_int_conv pul 1996-2000,2021,55,0.3,48,coal (conv pul) (once through)
VA,intermediate generation,coal,coal_int_conv pul 1996-2000,2021,55,0.3,48,coal (conv pul) (recirculating)
VA,intermediate generation,coal,coal_int_conv pul 1996-2000,2021,55,0.3,48,coal (conv pul) (cooling pond)
VA,intermediate generation,coal,coal_int_conv pul 1996-2000,2021,55,0.3,48,coal (conv pul) (dry cooling)
VA,base load generation,coal,coal_base_conv pul 2011-2015,2021,71,0.3,62,coal (conv pul) (once through)
VA,base load generation,coal,coal_base_conv pul 2011-2015,2021,71,0.3,62,coal (conv pul) (recirculating)
VA,base load generation,coal,coal_base_conv pul 2011-2015,2021,71,0.3,62,coal (conv pul) (cooling pond)
VA,base load generation,coal,coal_base_conv pul 2011-2015,2021,71,0.3,62,coal (conv pul) (dry cooling)
VA,intermediate generation,coal,coal_int_conv pul 2011-2015,2021,71,0.3,62,coal (conv pul) (once through)
VA,intermediate generation,coal,coal_int_conv pul 2011-2015,2021,71,0.3,62,coal (conv pul) (recirculating)
VA,intermediate generation,coal,coal_int_conv pul 2011-2015,2021,71,0.3,62,coal (conv pul) (cooling pond)
VA,intermediate generation,coal,coal_int_conv pul 2011-2015,2021,71,0.3,62,coal (conv pul) (dry cooling)
VA,base load generation,coal,coal_base_conv pul,2021,60,0.3,50,coal (conv pul) (once through)
VA,base load generation,coal,coal_base_conv pul,2021,60,0.3,50,coal (conv pul) (recirculating)
VA,base load generation,coal,coal_base_conv pul,2021,60,0.3,50,coal (conv pul) (cooling pond)
VA,base load generation,coal,coal_base_conv pul,2021,60,0.3,50,coal (conv pul) (dry cooling)
VA,base load generation,coal,coal_base_conv pul_retire_2023,2021,5,0.1,2.5,coal (conv pul) (once through)
VA,base load generation,coal,coal_base_conv pul_retire_2023,2021,5,0.1,2.5,coal (conv pul) (recirculating)
VA,base load generation,coal,coal_base_conv pul_retire_2023,2021,5,0.1,2.5,coal (conv pul) (cooling pond)
VA,base load generation,coal,coal_base_conv pul_retire_2023,2021,5,0.1,2.5,coal (conv pul) (dry cooling)
VA,intermediate generation,coal,coal_int_conv pul,2021,60,0.3,50,coal (conv pul) (once through)
VA,intermediate generation,coal,coal_int_conv pul,2021,60,0.3,50,coal (conv pul) (recirculating)
VA,intermediate generation,coal,coal_int_conv pul,2021,60,0.3,50,coal (conv pul) (cooling pond)
VA,intermediate generation,coal,coal_int_conv pul,2021,60,0.3,50,coal (conv pul) (dry cooling)
VA,intermediate generation,coal,coal_int_conv pul_retire_2023,2021,5,0.1,2.5,coal (conv pul) (once through)
VA,intermediate generation,coal,coal_int_conv pul_retire_2023,2021,5,0.1,2.5,coal (conv pul) (recirculating)
VA,intermediate generation,coal,coal_int_conv pul_retire_2023,2021,5,0.1,2.5,coal (conv pul) (cooling pond)
VA,intermediate generation,coal,coal_int_conv pul_retire_2023,2021,5,0.1,2.5,coal (conv pul) (dry cooling)
VA,peak generation,coal,coal_peak_conv pul,2021,60,0.3,50,coal (conv pul) (once through)
VA,peak generation,coal,coal_peak_conv pul,2021,60,0.3,50,coal (conv pul) (recirculating)
VA,peak generation,coal,coal_peak_conv pul,2021,60,0.3,50,coal (conv pul) (cooling pond)
VA,peak generation,coal,coal_peak_conv pul,2021,60,0.3,50,coal (conv pul) (dry cooling)
VA,peak generation,coal,coal_peak_conv pul_retire_2023,2021,5,0.1,2.5,coal (conv pul) (once through)
VA,peak generation,coal,coal_peak_conv pul_retire_2023,2021,5,0.1,2.5,coal (conv pul) (recirculating)
VA,peak generation,coal,coal_peak_conv pul_retire_2023,2021,5,0.1,2.5,coal (conv pul) (cooling pond)
VA,peak generation,coal,coal_peak_conv pul_retire_2023,2021,5,0.1,2.5,coal (conv pul) (dry cooling)
VA,subpeak generation,coal,coal_subpeak_conv pul,2021,60,0.3,50,coal (conv pul) (once through)
VA,subpeak generation,coal,coal_subpeak_conv pul,2021,60,0.3,50,coal (conv pul) (recirculating)
VA,subpeak generation,coal,coal_subpeak_conv pul,2021,60,0.3,50,coal (conv pul) (cooling pond)
VA,subpeak generation,coal,coal_subpeak_conv pul,2021,60,0.3,50,coal (conv pul) (dry cooling)
VA,subpeak generation,coal,coal_subpeak_conv pul_retire_2023,2021,5,0.1,2.5,coal (conv pul) (once through)
VA,subpeak generation,coal,coal_subpeak_conv pul_retire_2023,2021,5,0.1,2.5,coal (conv pul) (recirculating)
VA,subpeak generation,coal,coal_subpeak_conv pul_retire_2023,2021,5,0.1,2.5,coal (conv pul) (cooling pond)
VA,subpeak generation,coal,coal_subpeak_conv pul_retire_2023,2021,5,0.1,2.5,coal (conv pul) (dry cooling)
VT,base load generation,coal,coal_base_conv pul,2021,60,0.3,50,coal (conv pul) (once through)
VT,base load generation,coal,coal_base_conv pul,2021,60,0.3,50,coal (conv pul) (recirculating)
VT,base load generation,coal,coal_base_conv pul,2021,60,0.3,50,coal (conv pul) (cooling pond)
VT,base load generation,coal,coal_base_conv pul,2021,60,0.3,50,coal (conv pul) (dry cooling)
VT,base load generation,coal,coal_base_conv pul_retire_2023,2021,5,0.1,2.5,coal (conv pul) (once through)
VT,base load generation,coal,coal_base_conv pul_retire_2023,2021,5,0.1,2.5,coal (conv pul) (recirculating)
VT,base load generation,coal,coal_base_conv pul_retire_2023,2021,5,0.1,2.5,coal (conv pul) (cooling pond)
VT,base load generation,coal,coal_base_conv pul_retire_2023,2021,5,0.1,2.5,coal (conv pul) (dry cooling)
VT,intermediate generation,coal,coal_int_conv pul,2021,60,0.3,50,coal (conv pul) (once through)
VT,intermediate generation,coal,coal_int_conv pul,2021,60,0.3,50,coal (conv pul) (recirculating)
VT,intermediate generation,coal,coal_int_conv pul,2021,60,0.3,50,coal (conv pul) (cooling pond)
VT,intermediate generation,coal,coal_int_conv pul,2021,60,0.3,50,coal (conv pul) (dry cooling)
VT,intermediate generation,coal,coal_int_conv pul_retire_2023,2021,5,0.1,2.5,coal (conv pul) (once through)
VT,intermediate generation,coal,coal_int_conv pul_retire_2023,2021,5,0.1,2.5,coal (conv pul) (recirculating)
VT,intermediate generation,coal,coal_int_conv pul_retire_2023,2021,5,0.1,2.5,coal (conv pul) (cooling pond)
VT,intermediate generation,coal,coal_int_conv pul_retire_2023,2021,5,0.1,2.5,coal (conv pul) (dry cooling)
VT,peak generation,coal,coal_peak_conv pul,2021,60,0.3,50,coal (conv pul) (once through)
VT,peak generation,coal,coal_peak_conv pul,2021,60,0.3,50,coal (conv pul) (recirculating)
VT,peak generation,coal,coal_peak_conv pul,2021,60,0.3,50,coal (conv pul) (cooling pond)
VT,peak generation,coal,coal_peak_conv pul,2021,60,0.3,50,coal (conv pul) (dry cooling)
VT,peak generation,coal,coal_peak_conv pul_retire_2023,2021,5,0.1,2.5,coal (conv pul) (once through)
VT,peak generation,coal,coal_peak_conv pul_retire_2023,2021,5,0.1,2.5,coal (conv pul) (recirculating)
VT,peak generation,coal,coal_peak_conv pul_retire_2023,2021,5,0.1,2.5,coal (conv pul) (cooling pond)
VT,peak generation,coal,coal_peak_conv pul_retire_2023,2021,5,0.1,2.5,coal (conv pul) (dry cooling)
VT,subpeak generation,coal,coal_subpeak_conv pul,2021,60,0.3,50,coal (conv pul) (once through)
VT,subpeak generation,coal,coal_subpeak_conv pul,2021,60,0.3,50,coal (conv pul) (recirculating)
VT,subpeak generation,coal,coal_subpeak_conv pul,2021,60,0.3,50,coal (conv pul) (cooling pond)
VT,subpeak generation,coal,coal_subpeak_conv pul,2021,60,0.3,50,coal (conv pul) (dry cooling)
VT,subpeak generation,coal,coal_subpeak_conv pul_retire_2023,2021,5,0.1,2.5,coal (conv pul) (once through)
VT,subpeak generation,coal,coal_subpeak_conv pul_retire_2023,2021,5,0.1,2.5,coal (conv pul) (recirculating)
VT,subpeak generation,coal,coal_subpeak_conv pul_retire_2023,2021,5,0.1,2.5,coal (conv pul) (cooling pond)
VT,subpeak generation,coal,coal_subpeak_conv pul_retire_2023,2021,5,0.1,2.5,coal (conv pul) (dry cooling)
WA,base load generation,coal,coal_base_conv pul 1971-1975,2021,4,0.3,4,coal (conv pul) (seawater)
WA,intermediate generation,coal,coal_int_conv pul 1971-1975,2021,4,0.3,4,coal (conv pul) (seawater)
WA,base load generation,coal,coal_base_conv pul,2021,60,0.3,50,coal (conv pul) (seawater)
WA,base load generation,coal,coal_base_conv pul_retire_2023,2021,5,0.1,2.5,coal (conv pul) (seawater)
WA,intermediate generation,coal,coal_int_conv pul,2021,60,0.3,50,coal (conv pul) (seawater)
WA,intermediate generation,coal,coal_int_conv pul_retire_2023,2021,5,0.1,2.5,coal (conv pul) (seawater)
WA,peak generation,coal,coal_peak_conv pul,2021,60,0.3,50,coal (conv pul) (seawater)
WA,peak generation,coal,coal_peak_conv pul_retire_2023,2021,5,0.1,2.5,coal (conv pul) (seawater)
WA,subpeak generation,coal,coal_subpeak_conv pul,2021,60,0.3,50,coal (conv pul) (seawater)
WA,subpeak generation,coal,coal_subpeak_conv pul_retire_2023,2021,5,0.1,2.5,coal (conv pul) (seawater)
WA,base load generation,coal,coal_base_conv pul 1971-1975,2021,4,0.3,4,coal (conv pul) (once through)
WA,base load generation,coal,coal_base_conv pul 1971-1975,2021,4,0.3,4,coal (conv pul) (recirculating)
WA,base load generation,coal,coal_base_conv pul 1971-1975,2021,4,0.3,4,coal (conv pul) (cooling pond)
WA,base load generation,coal,coal_base_conv pul 1971-1975,2021,4,0.3,4,coal (conv pul) (dry cooling)
WA,intermediate generation,coal,coal_int_conv pul 1971-1975,2021,4,0.3,4,coal (conv pul) (once through)
WA,intermediate generation,coal,coal_int_conv pul 1971-1975,2021,4,0.3,4,coal (conv pul) (recirculating)
WA,intermediate generation,coal,coal_int_conv pul 1971-1975,2021,4,0.3,4,coal (conv pul) (cooling pond)
WA,intermediate generation,coal,coal_int_conv pul 1971-1975,2021,4,0.3,4,coal (conv pul) (dry cooling)
WA,base load generation,coal,coal_base_conv pul,2021,60,0.3,50,coal (conv pul) (once through)
WA,base load generation,coal,coal_base_conv pul,2021,60,0.3,50,coal (conv pul) (recirculating)
WA,base load generation,coal,coal_base_conv pul,2021,60,0.3,50,coal (conv pul) (cooling pond)
WA,base load generation,coal,coal_base_conv pul,2021,60,0.3,50,coal (conv pul) (dry cooling)
WA,base load generation,coal,coal_base_conv pul_retire_2023,2021,5,0.1,2.5,coal (conv pul) (once through)
WA,base load generation,coal,coal_base_conv pul_retire_2023,2021,5,0.1,2.5,coal (conv pul) (recirculating)
WA,base load generation,coal,coal_base_conv pul_retire_2023,2021,5,0.1,2.5,coal (conv pul) (cooling pond)
WA,base load generation,coal,coal_base_conv pul_retire_2023,2021,5,0.1,2.5,coal (conv pul) (dry cooling)
WA,intermediate generation,coal,coal_int_conv pul,2021,60,0.3,50,coal (conv pul) (once through)
WA,intermediate generation,coal,coal_int_conv pul,2021,60,0.3,50,coal (conv pul) (recirculating)
WA,intermediate generation,coal,coal_int_conv pul,2021,60,0.3,50,coal (conv pul) (cooling pond)
WA,intermediate generation,coal,coal_int_conv pul,2021,60,0.3,50,coal (conv pul) (dry cooling)
WA,intermediate generation,coal,coal_int_conv pul_retire_2023,2021,5,0.1,2.5,coal (conv pul) (once through)
WA,intermediate generation,coal,coal_int_conv pul_retire_2023,2021,5,0.1,2.5,coal (conv pul) (recirculating)
WA,intermediate generation,coal,coal_int_conv pul_retire_2023,2021,5,0.1,2.5,coal (conv pul) (cooling pond)
WA,intermediate generation,coal,coal_int_conv pul_retire_2023,2021,5,0.1,2.5,coal (conv pul) (dry cooling)
WA,peak generation,coal,coal_peak_conv pul,2021,60,0.3,50,coal (conv pul) (once through)
WA,peak generation,coal,coal_peak_conv pul,2021,60,0.3,50,coal (conv pul) (recirculating)
WA,peak generation,coal,coal_peak_conv pul,2021,60,0.3,50,coal (conv pul) (cooling pond)
WA,peak generation,coal,coal_peak_conv pul,2021,60,0.3,50,coal (conv pul) (dry cooling)
WA,peak generation,coal,coal_peak_conv pul_retire_2023,2021,5,0.1,2.5,coal (conv pul) (once through)
WA,peak generation,coal,coal_peak_conv pul_retire_2023,2021,5,0.1,2.5,coal (conv pul) (recirculating)
WA,peak generation,coal,coal_peak_conv pul_retire_2023,2021,5,0.1,2.5,coal (conv pul) (cooling pond)
WA,peak generation,coal,coal_peak_conv pul_retire_2023,2021,5,0.1,2.5,coal (conv pul) (dry cooling)
WA,subpeak generation,coal,coal_subpeak_conv pul,2021,60,0.3,50,coal (conv pul) (once through)
WA,subpeak generation,coal,coal_subpeak_conv pul,2021,60,0.3,50,coal (conv pul) (recirculating)
WA,subpeak generation,coal,coal_subpeak_conv pul,2021,60,0.3,50,coal (conv pul) (cooling pond)
WA,subpeak generation,coal,coal_subpeak_conv pul,2021,60,0.3,50,coal (conv pul) (dry cooling)
WA,subpeak generation,coal,coal_subpeak_conv pul_retire_2023,2021,5,0.1,2.5,coal (conv pul) (once through)
WA,subpeak generation,coal,coal_subpeak_conv pul_retire_2023,2021,5,0.1,2.5,coal (conv pul) (recirculating)
WA,subpeak generation,coal,coal_subpeak_conv pul_retire_2023,2021,5,0.1,2.5,coal (conv pul) (cooling pond)
WA,subpeak generation,coal,coal_subpeak_conv pul_retire_2023,2021,5,0.1,2.5,coal (conv pul) (dry cooling)
WI,base load generation,coal,coal_base_conv pul 1956-1960,2021,3,0.3,3,coal (conv pul) (once through)
WI,base load generation,coal,coal_base_conv pul 1956-1960,2021,3,0.3,3,coal (conv pul) (recirculating)
WI,base load generation,coal,coal_base_conv pul 1956-1960,2021,3,0.3,3,coal (conv pul) (cooling pond)
WI,base load generation,coal,coal_base_conv pul 1956-1960,2021,3,0.3,3,coal (conv pul) (dry cooling)
WI,intermediate generation,coal,coal_int_conv pul 1956-1960,2021,3,0.3,3,coal (conv pul) (once through)
WI,intermediate generation,coal,coal_int_conv pul 1956-1960,2021,3,0.3,3,coal (conv pul) (recirculating)
WI,intermediate generation,coal,coal_int_conv pul 1956-1960,2021,3,0.3,3,coal (conv pul) (cooling pond)
WI,intermediate generation,coal,coal_int_conv pul 1956-1960,2021,3,0.3,3,coal (conv pul) (dry cooling)
WI,base load generation,coal,coal_base_conv pul 1961-1965,2021,4,0.3,4,coal (conv pul) (once through)
WI,base load generation,coal,coal_base_conv pul 1961-1965,2021,4,0.3,4,coal (conv pul) (recirculating)
WI,base load generation,coal,coal_base_conv pul 1961-1965,2021,4,0.3,4,coal (conv pul) (cooling pond)
WI,base load generation,coal,coal_base_conv pul 1961-1965,2021,4,0.3,4,coal (conv pul) (dry cooling)
WI,intermediate generation,coal,coal_int_conv pul 1961-1965,2021,4,0.3,4,coal (conv pul) (once through)
WI,intermediate generation,coal,coal_int_conv pul 1961-1965,2021,4,0.3,4,coal (conv pul) (recirculating)
WI,intermediate generation,coal,coal_int_conv pul 1961-1965,2021,4,0.3,4,coal (conv pul) (cooling pond)
WI,intermediate generation,coal,coal_int_conv pul 1961-1965,2021,4,0.3,4,coal (conv pul) (dry cooling)
WI,base load generation,coal,coal_base_conv pul 1966-1970,2021,4,0.3,4,coal (conv pul) (once through)
WI,base load generation,coal,coal_base_conv pul 1966-1970,2021,4,0.3,4,coal (conv pul) (recirculating)
WI,base load generation,coal,coal_base_conv pul 1966-1970,2021,4,0.3,4,coal (conv pul) (cooling pond)
WI,base load generation,coal,coal_base_conv pul 1966-1970,2021,4,0.3,4,coal (conv pul) (dry cooling)
WI,intermediate generation,coal,coal_int_conv pul 1966-1970,2021,4,0.3,4,coal (conv pul) (once through)
WI,intermediate generation,coal,coal_int_conv pul 1966-1970,2021,4,0.3,4,coal (conv pul) (recirculating)
WI,intermediate generation,coal,coal_int_conv pul 1966-1970,2021,4,0.3,4,coal (conv pul) (cooling pond)
WI,intermediate generation,coal,coal_int_conv pul 1966-1970,2021,4,0.3,4,coal (conv pul) (dry cooling)
WI,base load generation,coal,coal_base_conv pul 1971-1975,2021,5,0.3,4,coal (conv pul) (once through)
WI,base load generation,coal,coal_base_conv pul 1971-1975,2021,5,0.3,4,coal (conv pul) (recirculating)
WI,base load generation,coal,coal_base_conv pul 1971-1975,2021,5,0.3,4,coal (conv pul) (cooling pond)
WI,base load generation,coal,coal_base_conv pul 1971-1975,2021,5,0.3,4,coal (conv pul) (dry cooling)
WI,intermediate generation,coal,coal_int_conv pul 1971-1975,2021,5,0.3,4,coal (conv pul) (once through)
WI,intermediate generation,coal,coal_int_conv pul 1971-1975,2021,5,0.3,4,coal (conv pul) (recirculating)
WI,intermediate generation,coal,coal_int_conv pul 1971-1975,2021,5,0.3,4,coal (conv pul) (cooling pond)
WI,intermediate generation,coal,coal_int_conv pul 1971-1975,2021,5,0.3,4,coal (conv pul) (dry cooling)
WI,base load generation,coal,coal_base_conv pul 1976-1980,2021,19,0.3,17,coal (conv pul) (once through)
WI,base load generation,coal,coal_base_conv pul 1976-1980,2021,19,0.3,17,coal (conv pul) (recirculating)
WI,base load generation,coal,coal_base_conv pul 1976-1980,2021,19,0.3,17,coal (conv pul) (cooling pond)
WI,base load generation,coal,coal_base_conv pul 1976-1980,2021,19,0.3,17,coal (conv pul) (dry cooling)
WI,intermediate generation,coal,coal_int_conv pul 1976-1980,2021,19,0.3,17,coal (conv pul) (once through)
WI,intermediate generation,coal,coal_int_conv pul 1976-1980,2021,19,0.3,17,coal (conv pul) (recirculating)
WI,intermediate generation,coal,coal_int_conv pul 1976-1980,2021,19,0.3,17,coal (conv pul) (cooling pond)
WI,intermediate generation,coal,coal_int_conv pul 1976-1980,2021,19,0.3,17,coal (conv pul) (dry cooling)
WI,base load generation,coal,coal_base_conv pul 1981-1985,2021,22,0.3,19,coal (conv pul) (once through)
WI,base load generation,coal,coal_base_conv pul 1981-1985,2021,22,0.3,19,coal (conv pul) (recirculating)
WI,base load generation,coal,coal_base_conv pul 1981-1985,2021,22,0.3,19,coal (conv pul) (cooling pond)
WI,base load generation,coal,coal_base_conv pul 1981-1985,2021,22,0.3,19,coal (conv pul) (dry cooling)
WI,intermediate generation,coal,coal_int_conv pul 1981-1985,2021,22,0.3,19,coal (conv pul) (once through)
WI,intermediate generation,coal,coal_int_conv pul 1981-1985,2021,22,0.3,19,coal (conv pul) (recirculating)
WI,intermediate generation,coal,coal_int_conv pul 1981-1985,2021,22,0.3,19,coal (conv pul) (cooling pond)
WI,intermediate generation,coal,coal_int_conv pul 1981-1985,2021,22,0.3,19,coal (conv pul) (dry cooling)
WI,base load generation,coal,coal_base_conv pul 1986-1990,2021,46,0.3,40,coal (conv pul) (once through)
WI,base load generation,coal,coal_base_conv pul 1986-1990,2021,46,0.3,40,coal (conv pul) (recirculating)
WI,base load generation,coal,coal_base_conv pul 1986-1990,2021,46,0.3,40,coal (conv pul) (cooling pond)
WI,base load generation,coal,coal_base_conv pul 1986-1990,2021,46,0.3,40,coal (conv pul) (dry cooling)
WI,intermediate generation,coal,coal_int_conv pul 1986-1990,2021,46,0.3,40,coal (conv pul) (once through)
WI,intermediate generation,coal,coal_int_conv pul 1986-1990,2021,46,0.3,40,coal (conv pul) (recirculating)
WI,intermediate generation,coal,coal_int_conv pul 1986-1990,2021,46,0.3,40,coal (conv pul) (cooling pond)
WI,intermediate generation,coal,coal_int_conv pul 1986-1990,2021,46,0.3,40,coal (conv pul) (dry cooling)
WI,base load generation,coal,coal_base_conv pul 2006-2010,2021,68,0.3,60,coal (conv pul) (once through)
WI,base load generation,coal,coal_base_conv pul 2006-2010,2021,68,0.3,60,coal (conv pul) (recirculating)
WI,base load generation,coal,coal_base_conv pul 2006-2010,2021,68,0.3,60,coal (conv pul) (cooling pond)
WI,base load generation,coal,coal_base_conv pul 2006-2010,2021,68,0.3,60,coal (conv pul) (dry cooling)
WI,intermediate generation,coal,coal_int_conv pul 2006-2010,2021,68,0.3,60,coal (conv pul) (once through)
WI,intermediate generation,coal,coal_int_conv pul 2006-2010,2021,68,0.3,60,coal (conv pul) (recirculating)
WI,intermediate generation,coal,coal_int_conv pul 2006-2010,2021,68,0.3,60,coal (conv pul) (cooling pond)
WI,intermediate generation,coal,coal_int_conv pul 2006-2010,2021,68,0.3,60,coal (conv pul) (dry cooling)
WI,base load generation,coal,coal_base_conv pul 2011-2015,2021,70,0.3,61,coal (conv pul) (once through)
WI,base load generation,coal,coal_base_conv pul 2011-2015,2021,70,0.3,61,coal (conv pul) (recirculating)
WI,base load generation,coal,coal_base_conv pul 2011-2015,2021,70,0.3,61,coal (conv pul) (cooling pond)
WI,base load generation,coal,coal_base_conv pul 2011-2015,2021,70,0.3,61,coal (conv pul) (dry cooling)
WI,intermediate generation,coal,coal_int_conv pul 2011-2015,2021,70,0.3,61,coal (conv pul) (once through)
WI,intermediate generation,coal,coal_int_conv pul 2011-2015,2021,70,0.3,61,coal (conv pul) (recirculating)
WI,intermediate generation,coal,coal_int_conv pul 2011-2015,2021,70,0.3,61,coal (conv pul) (cooling pond)
WI,intermediate generation,coal,coal_int_conv pul 2011-2015,2021,70,0.3,61,coal (conv pul) (dry cooling)
WI,base load generation,coal,coal_base_conv pul,2021,60,0.3,50,coal (conv pul) (once through)
WI,base load generation,coal,coal_base_conv pul,2021,60,0.3,50,coal (conv pul) (recirculating)
WI,base load generation,coal,coal_base_conv pul,2021,60,0.3,50,coal (conv pul) (cooling pond)
WI,base load generation,coal,coal_base_conv pul,2021,60,0.3,50,coal (conv pul) (dry cooling)
WI,base load generation,coal,coal_base_conv pul_retire_2023,2021,5,0.1,2.5,coal (conv pul) (once through)
WI,base load generation,coal,coal_base_conv pul_retire_2023,2021,5,0.1,2.5,coal (conv pul) (recirculating)
WI,base load generation,coal,coal_base_conv pul_retire_2023,2021,5,0.1,2.5,coal (conv pul) (cooling pond)
WI,base load generation,coal,coal_base_conv pul_retire_2023,2021,5,0.1,2.5,coal (conv pul) (dry cooling)
WI,intermediate generation,coal,coal_int_conv pul,2021,60,0.3,50,coal (conv pul) (once through)
WI,intermediate generation,coal,coal_int_conv pul,2021,60,0.3,50,coal (conv pul) (recirculating)
WI,intermediate generation,coal,coal_int_conv pul,2021,60,0.3,50,coal (conv pul) (cooling pond)
WI,intermediate generation,coal,coal_int_conv pul,2021,60,0.3,50,coal (conv pul) (dry cooling)
WI,intermediate generation,coal,coal_int_conv pul_retire_2023,2021,5,0.1,2.5,coal (conv pul) (once through)
WI,intermediate generation,coal,coal_int_conv pul_retire_2023,2021,5,0.1,2.5,coal (conv pul) (recirculating)
WI,intermediate generation,coal,coal_int_conv pul_retire_2023,2021,5,0.1,2.5,coal (conv pul) (cooling pond)
WI,intermediate generation,coal,coal_int_conv pul_retire_2023,2021,5,0.1,2.5,coal (conv pul) (dry cooling)
WI,peak generation,coal,coal_peak_conv pul,2021,60,0.3,50,coal (conv pul) (once through)
WI,peak generation,coal,coal_peak_conv pul,2021,60,0.3,50,coal (conv pul) (recirculating)
WI,peak generation,coal,coal_peak_conv pul,2021,60,0.3,50,coal (conv pul) (cooling pond)
WI,peak generation,coal,coal_peak_conv pul,2021,60,0.3,50,coal (conv pul) (dry cooling)
WI,peak generation,coal,coal_peak_conv pul_retire_2023,2021,5,0.1,2.5,coal (conv pul) (once through)
WI,peak generation,coal,coal_peak_conv pul_retire_2023,2021,5,0.1,2.5,coal (conv pul) (recirculating)
WI,peak generation,coal,coal_peak_conv pul_retire_2023,2021,5,0.1,2.5,coal (conv pul) (cooling pond)
WI,peak generation,coal,coal_peak_conv pul_retire_2023,2021,5,0.1,2.5,coal (conv pul) (dry cooling)
WI,subpeak generation,coal,coal_subpeak_conv pul,2021,60,0.3,50,coal (conv pul) (once through)
WI,subpeak generation,coal,coal_subpeak_conv pul,2021,60,0.3,50,coal (conv pul) (recirculating)
WI,subpeak generation,coal,coal_subpeak_conv pul,2021,60,0.3,50,coal (conv pul) (cooling pond)
WI,subpeak generation,coal,coal_subpeak_conv pul,2021,60,0.3,50,coal (conv pul) (dry cooling)
WI,subpeak generation,coal,coal_subpeak_conv pul_retire_2023,2021,5,0.1,2.5,coal (conv pul) (once through)
WI,subpeak generation,coal,coal_subpeak_conv pul_retire_2023,2021,5,0.1,2.5,coal (conv pul) (recirculating)
WI,subpeak generation,coal,coal_subpeak_conv pul_retire_2023,2021,5,0.1,2.5,coal (conv pul) (cooling pond)
WI,subpeak generation,coal,coal_subpeak_conv pul_retire_2023,2021,5,0.1,2.5,coal (conv pul) (dry cooling)
WV,base load generation,coal,coal_base_conv pul 1961-1965,2021,24,0.3,21,coal (conv pul) (once through)
WV,base load generation,coal,coal_base_conv pul 1961-1965,2021,24,0.3,21,coal (conv pul) (recirculating)
WV,base load generation,coal,coal_base_conv pul 1961-1965,2021,24,0.3,21,coal (conv pul) (cooling pond)
WV,base load generation,coal,coal_base_conv pul 1961-1965,2021,24,0.3,21,coal (conv pul) (dry cooling)
WV,intermediate generation,coal,coal_int_conv pul 1961-1965,2021,24,0.3,21,coal (conv pul) (once through)
WV,intermediate generation,coal,coal_int_conv pul 1961-1965,2021,24,0.3,21,coal (conv pul) (recirculating)
WV,intermediate generation,coal,coal_int_conv pul 1961-1965,2021,24,0.3,21,coal (conv pul) (cooling pond)
WV,intermediate generation,coal,coal_int_conv pul 1961-1965,2021,24,0.3,21,coal (conv pul) (dry cooling)
WV,base load generation,coal,coal_base_conv pul 1966-1970,2021,26,0.3,23,coal (conv pul) (once through)
WV,base load generation,coal,coal_base_conv pul 1966-1970,2021,26,0.3,23,coal (conv pul) (recirculating)
WV,base load generation,coal,coal_base_conv pul 1966-1970,2021,26,0.3,23,coal (conv pul) (cooling pond)
WV,base load generation,coal,coal_base_conv pul 1966-1970,2021,26,0.3,23,coal (conv pul) (dry cooling)
WV,intermediate generation,coal,coal_int_conv pul 1966-1970,2021,26,0.3,23,coal (conv pul) (once through)
WV,intermediate generation,coal,coal_int_conv pul 1966-1970,2021,26,0.3,23,coal (conv pul) (recirculating)
WV,intermediate generation,coal,coal_int_conv pul 1966-1970,2021,26,0.3,23,coal (conv pul) (cooling pond)
WV,intermediate generation,coal,coal_int_conv pul 1966-1970,2021,26,0.3,23,coal (conv pul) (dry cooling)
WV,base load generation,coal,coal_base_conv pul 1971-1975,2021,31,0.3,27,coal (conv pul) (once through)
WV,base load generation,coal,coal_base_conv pul 1971-1975,2021,31,0.3,27,coal (conv pul) (recirculating)
WV,base load generation,coal,coal_base_conv pul 1971-1975,2021,31,0.3,27,coal (conv pul) (cooling pond)
WV,base load generation,coal,coal_base_conv pul 1971-1975,2021,31,0.3,27,coal (conv pul) (dry cooling)
WV,intermediate generation,coal,coal_int_conv pul 1971-1975,2021,31,0.3,27,coal (conv pul) (once through)
WV,intermediate generation,coal,coal_int_conv pul 1971-1975,2021,31,0.3,27,coal (conv pul) (recirculating)
WV,intermediate generation,coal,coal_int_conv pul 1971-1975,2021,31,0.3,27,coal (conv pul) (cooling pond)
WV,intermediate generation,coal,coal_int_conv pul 1971-1975,2021,31,0.3,27,coal (conv pul) (dry cooling)
WV,base load generation,coal,coal_base_conv pul 1976-1980,2021,39,0.3,34,coal (conv pul) (once through)
WV,base load generation,coal,coal_base_conv pul 1976-1980,2021,39,0.3,34,coal (conv pul) (recirculating)
WV,base load generation,coal,coal_base_conv pul 1976-1980,2021,39,0.3,34,coal (conv pul) (cooling pond)
WV,base load generation,coal,coal_base_conv pul 1976-1980,2021,39,0.3,34,coal (conv pul) (dry cooling)
WV,intermediate generation,coal,coal_int_conv pul 1976-1980,2021,39,0.3,34,coal (conv pul) (once through)
WV,intermediate generation,coal,coal_int_conv pul 1976-1980,2021,39,0.3,34,coal (conv pul) (recirculating)
WV,intermediate generation,coal,coal_int_conv pul 1976-1980,2021,39,0.3,34,coal (conv pul) (cooling pond)
WV,intermediate generation,coal,coal_int_conv pul 1976-1980,2021,39,0.3,34,coal (conv pul) (dry cooling)
WV,base load generation,coal,coal_base_conv pul 1991-1995,2021,51,0.3,45,coal (conv pul) (once through)
WV,base load generation,coal,coal_base_conv pul 1991-1995,2021,51,0.3,45,coal (conv pul) (recirculating)
WV,base load generation,coal,coal_base_conv pul 1991-1995,2021,51,0.3,45,coal (conv pul) (cooling pond)
WV,base load generation,coal,coal_base_conv pul 1991-1995,2021,51,0.3,45,coal (conv pul) (dry cooling)
WV,intermediate generation,coal,coal_int_conv pul 1991-1995,2021,51,0.3,45,coal (conv pul) (once through)
WV,intermediate generation,coal,coal_int_conv pul 1991-1995,2021,51,0.3,45,coal (conv pul) (recirculating)
WV,intermediate generation,coal,coal_int_conv pul 1991-1995,2021,51,0.3,45,coal (conv pul) (cooling pond)
WV,intermediate generation,coal,coal_int_conv pul 1991-1995,2021,51,0.3,45,coal (conv pul) (dry cooling)
WV,base load generation,coal,coal_base_conv pul 2011-2015,2021,70,0.3,61,coal (conv pul) (once through)
WV,base load generation,coal,coal_base_conv pul 2011-2015,2021,70,0.3,61,coal (conv pul) (recirculating)
WV,base load generation,coal,coal_base_conv pul 2011-2015,2021,70,0.3,61,coal (conv pul) (cooling pond)
WV,base load generation,coal,coal_base_conv pul 2011-2015,2021,70,0.3,61,coal (conv pul) (dry cooling)
WV,intermediate generation,coal,coal_int_conv pul 2011-2015,2021,70,0.3,61,coal (conv pul) (once through)
WV,intermediate generation,coal,coal_int_conv pul 2011-2015,2021,70,0.3,61,coal (conv pul) (recirculating)
WV,intermediate generation,coal,coal_int_conv pul 2011-2015,2021,70,0.3,61,coal (conv pul) (cooling pond)
WV,intermediate generation,coal,coal_int_conv pul 2011-2015,2021,70,0.3,61,coal (conv pul) (dry cooling)
WV,base load generation,coal,coal_base_conv pul,2021,60,0.3,50,coal (conv pul) (once through)
WV,base load generation,coal,coal_base_conv pul,2021,60,0.3,50,coal (conv pul) (recirculating)
WV,base load generation,coal,coal_base_conv pul,2021,60,0.3,50,coal (conv pul) (cooling pond)
WV,base load generation,coal,coal_base_conv pul,2021,60,0.3,50,coal (conv pul) (dry cooling)
WV,base load generation,coal,coal_base_conv pul_retire_2023,2021,5,0.1,2.5,coal (conv pul) (once through)
WV,base load generation,coal,coal_base_conv pul_retire_2023,2021,5,0.1,2.5,coal (conv pul) (recirculating)
WV,base load generation,coal,coal_base_conv pul_retire_2023,2021,5,0.1,2.5,coal (conv pul) (cooling pond)
WV,base load generation,coal,coal_base_conv pul_retire_2023,2021,5,0.1,2.5,coal (conv pul) (dry cooling)
WV,intermediate generation,coal,coal_int_conv pul,2021,60,0.3,50,coal (conv pul) (once through)
WV,intermediate generation,coal,coal_int_conv pul,2021,60,0.3,50,coal (conv pul) (recirculating)
WV,intermediate generation,coal,coal_int_conv pul,2021,60,0.3,50,coal (conv pul) (cooling pond)
WV,intermediate generation,coal,coal_int_conv pul,2021,60,0.3,50,coal (conv pul) (dry cooling)
WV,intermediate generation,coal,coal_int_conv pul_retire_2023,2021,5,0.1,2.5,coal (conv pul) (once through)
WV,intermediate generation,coal,coal_int_conv pul_retire_2023,2021,5,0.1,2.5,coal (conv pul) (recirculating)
WV,intermediate generation,coal,coal_int_conv pul_retire_2023,2021,5,0.1,2.5,coal (conv pul) (cooling pond)
WV,intermediate generation,coal,coal_int_conv pul_retire_2023,2021,5,0.1,2.5,coal (conv pul) (dry cooling)
WV,peak generation,coal,coal_peak_conv pul,2021,60,0.3,50,coal (conv pul) (once through)
WV,peak generation,coal,coal_peak_conv pul,2021,60,0.3,50,coal (conv pul) (recirculating)
WV,peak generation,coal,coal_peak_conv pul,2021,60,0.3,50,coal (conv pul) (cooling pond)
WV,peak generation,coal,coal_peak_conv pul,2021,60,0.3,50,coal (conv pul) (dry cooling)
WV,peak generation,coal,coal_peak_conv pul_retire_2023,2021,5,0.1,2.5,coal (conv pul) (once through)
WV,peak generation,coal,coal_peak_conv pul_retire_2023,2021,5,0.1,2.5,coal (conv pul) (recirculating)
WV,peak generation,coal,coal_peak_conv pul_retire_2023,2021,5,0.1,2.5,coal (conv pul) (cooling pond)
WV,peak generation,coal,coal_peak_conv pul_retire_2023,2021,5,0.1,2.5,coal (conv pul) (dry cooling)
WV,subpeak generation,coal,coal_subpeak_conv pul,2021,60,0.3,50,coal (conv pul) (once through)
WV,subpeak generation,coal,coal_subpeak_conv pul,2021,60,0.3,50,coal (conv pul) (recirculating)
WV,subpeak generation,coal,coal_subpeak_conv pul,2021,60,0.3,50,coal (conv pul) (cooling pond)
WV,subpeak generation,coal,coal_subpeak_conv pul,2021,60,0.3,50,coal (conv pul) (dry cooling)
WV,subpeak generation,coal,coal_subpeak_conv pul_retire_2023,2021,5,0.1,2.5,coal (conv pul) (once through)
WV,subpeak generation,coal,coal_subpeak_conv pul_retire_2023,2021,5,0.1,2.5,coal (conv pul) (recirculating)
WV,subpeak generation,coal,coal_subpeak_conv pul_retire_2023,2021,5,0.1,2.5,coal (conv pul) (cooling pond)
WV,subpeak generation,coal,coal_subpeak_conv pul_retire_2023,2021,5,0.1,2.5,coal (conv pul) (dry cooling)
WY,base load generation,coal,coal_base_conv pul 1951-1955,2021,12,0.3,10,coal (conv pul) (once through)
WY,base load generation,coal,coal_base_conv pul 1951-1955,2021,12,0.3,10,coal (conv pul) (recirculating)
WY,base load generation,coal,coal_base_conv pul 1951-1955,2021,12,0.3,10,coal (conv pul) (cooling pond)
WY,base load generation,coal,coal_base_conv pul 1951-1955,2021,12,0.3,10,coal (conv pul) (dry cooling)
WY,intermediate generation,coal,coal_int_conv pul 1951-1955,2021,12,0.3,10,coal (conv pul) (once through)
WY,intermediate generation,coal,coal_int_conv pul 1951-1955,2021,12,0.3,10,coal (conv pul) (recirculating)
WY,intermediate generation,coal,coal_int_conv pul 1951-1955,2021,12,0.3,10,coal (conv pul) (cooling pond)
WY,intermediate generation,coal,coal_int_conv pul 1951-1955,2021,12,0.3,10,coal (conv pul) (dry cooling)
WY,base load generation,coal,coal_base_conv pul 1956-1960,2021,6,0.3,5,coal (conv pul) (once through)
WY,base load generation,coal,coal_base_conv pul 1956-1960,2021,6,0.3,5,coal (conv pul) (recirculating)
WY,base load generation,coal,coal_base_conv pul 1956-1960,2021,6,0.3,5,coal (conv pul) (cooling pond)
WY,base load generation,coal,coal_base_conv pul 1956-1960,2021,6,0.3,5,coal (conv pul) (dry cooling)
WY,intermediate generation,coal,coal_int_conv pul 1956-1960,2021,6,0.3,5,coal (conv pul) (once through)
WY,intermediate generation,coal,coal_int_conv pul 1956-1960,2021,6,0.3,5,coal (conv pul) (recirculating)
WY,intermediate generation,coal,coal_int_conv pul 1956-1960,2021,6,0.3,5,coal (conv pul) (cooling pond)
WY,intermediate generation,coal,coal_int_conv pul 1956-1960,2021,6,0.3,5,coal (conv pul) (dry cooling)
WY,base load generation,coal,coal_base_conv pul 1961-1965,2021,5,0.3,4,coal (conv pul) (once through)
WY,base load generation,coal,coal_base_conv pul 1961-1965,2021,5,0.3,4,coal (conv pul) (recirculating)
WY,base load generation,coal,coal_base_conv pul 1961-1965,2021,5,0.3,4,coal (conv pul) (cooling pond)
WY,base load generation,coal,coal_base_conv pul 1961-1965,2021,5,0.3,4,coal (conv pul) (dry cooling)
WY,intermediate generation,coal,coal_int_conv pul 1961-1965,2021,5,0.3,4,coal (conv pul) (once through)
WY,intermediate generation,coal,coal_int_conv pul 1961-1965,2021,5,0.3,4,coal (conv pul) (recirculating)
WY,intermediate generation,coal,coal_int_conv pul 1961-1965,2021,5,0.3,4,coal (conv pul) (cooling pond)
WY,intermediate generation,coal,coal_int_conv pul 1961-1965,2021,5,0.3,4,coal (conv pul) (dry cooling)
WY,base load generation,coal,coal_base_conv pul 1966-1970,2021,5,0.3,4,coal (conv pul) (once through)
WY,base load generation,coal,coal_base_conv pul 1966-1970,2021,5,0.3,4,coal (conv pul) (recirculating)
WY,base load generation,coal,coal_base_conv pul 1966-1970,2021,5,0.3,4,coal (conv pul) (cooling pond)
WY,base load generation,coal,coal_base_conv pul 1966-1970,2021,5,0.3,4,coal (conv pul) (dry cooling)
WY,intermediate generation,coal,coal_int_conv pul 1966-1970,2021,5,0.3,4,coal (conv pul) (once through)
WY,intermediate generation,coal,coal_int_conv pul 1966-1970,2021,5,0.3,4,coal (conv pul) (recirculating)
WY,intermediate generation,coal,coal_int_conv pul 1966-1970,2021,5,0.3,4,coal (conv pul) (cooling pond)
WY,intermediate generation,coal,coal_int_conv pul 1966-1970,2021,5,0.3,4,coal (conv pul) (dry cooling)
WY,base load generation,coal,coal_base_conv pul 1971-1975,2021,14,0.3,12,coal (conv pul) (once through)
WY,base load generation,coal,coal_base_conv pul 1971-1975,2021,14,0.3,12,coal (conv pul) (recirculating)
WY,base load generation,coal,coal_base_conv pul 1971-1975,2021,14,0.3,12,coal (conv pul) (cooling pond)
WY,base load generation,coal,coal_base_conv pul 1971-1975,2021,14,0.3,12,coal (conv pul) (dry cooling)
WY,intermediate generation,coal,coal_int_conv pul 1971-1975,2021,14,0.3,12,coal (conv pul) (once through)
WY,intermediate generation,coal,coal_int_conv pul 1971-1975,2021,14,0.3,12,coal (conv pul) (recirculating)
WY,intermediate generation,coal,coal_int_conv pul 1971-1975,2021,14,0.3,12,coal (conv pul) (cooling pond)
WY,intermediate generation,coal,coal_int_conv pul 1971-1975,2021,14,0.3,12,coal (conv pul) (dry cooling)
WY,base load generation,coal,coal_base_conv pul 1976-1980,2021,17,0.3,15,coal (conv pul) (once through)
WY,base load generation,coal,coal_base_conv pul 1976-1980,2021,17,0.3,15,coal (conv pul) (recirculating)
WY,base load generation,coal,coal_base_conv pul 1976-1980,2021,17,0.3,15,coal (conv pul) (cooling pond)
WY,base load generation,coal,coal_base_conv pul 1976-1980,2021,17,0.3,15,coal (conv pul) (dry cooling)
WY,intermediate generation,coal,coal_int_conv pul 1976-1980,2021,17,0.3,15,coal (conv pul) (once through)
WY,intermediate generation,coal,coal_int_conv pul 1976-1980,2021,17,0.3,15,coal (conv pul) (recirculating)
WY,intermediate generation,coal,coal_int_conv pul 1976-1980,2021,17,0.3,15,coal (conv pul) (cooling pond)
WY,intermediate generation,coal,coal_int_conv pul 1976-1980,2021,17,0.3,15,coal (conv pul) (dry cooling)
WY,base load generation,coal,coal_base_conv pul 1981-1985,2021,40,0.3,35,coal (conv pul) (once through)
WY,base load generation,coal,coal_base_conv pul 1981-1985,2021,40,0.3,35,coal (conv pul) (recirculating)
WY,base load generation,coal,coal_base_conv pul 1981-1985,2021,40,0.3,35,coal (conv pul) (cooling pond)
WY,base load generation,coal,coal_base_conv pul 1981-1985,2021,40,0.3,35,coal (conv pul) (dry cooling)
WY,intermediate generation,coal,coal_int_conv pul 1981-1985,2021,40,0.3,35,coal (conv pul) (once through)
WY,intermediate generation,coal,coal_int_conv pul 1981-1985,2021,40,0.3,35,coal (conv pul) (recirculating)
WY,intermediate generation,coal,coal_int_conv pul 1981-1985,2021,40,0.3,35,coal (conv pul) (cooling pond)
WY,intermediate generation,coal,coal_int_conv pul 1981-1985,2021,40,0.3,35,coal (conv pul) (dry cooling)
WY,base load generation,coal,coal_base_conv pul 1991-1995,2021,54,0.3,47,coal (conv pul) (once through)
WY,base load generation,coal,coal_base_conv pul 1991-1995,2021,54,0.3,47,coal (conv pul) (recirculating)
WY,base load generation,coal,coal_base_conv pul 1991-1995,2021,54,0.3,47,coal (conv pul) (cooling pond)
WY,base load generation,coal,coal_base_conv pul 1991-1995,2021,54,0.3,47,coal (conv pul) (dry cooling)
WY,intermediate generation,coal,coal_int_conv pul 1991-1995,2021,54,0.3,47,coal (conv pul) (once through)
WY,intermediate generation,coal,coal_int_conv pul 1991-1995,2021,54,0.3,47,coal (conv pul) (recirculating)
WY,intermediate generation,coal,coal_int_conv pul 1991-1995,2021,54,0.3,47,coal (conv pul) (cooling pond)
WY,intermediate generation,coal,coal_int_conv pul 1991-1995,2021,54,0.3,47,coal (conv pul) (dry cooling)
WY,base load generation,coal,coal_base_conv pul 2001-2005,2021,62,0.3,54,coal (conv pul) (once through)
WY,base load generation,coal,coal_base_conv pul 2001-2005,2021,62,0.3,54,coal (conv pul) (recirculating)
WY,base load generation,coal,coal_base_conv pul 2001-2005,2021,62,0.3,54,coal (conv pul) (cooling pond)
WY,base load generation,coal,coal_base_conv pul 2001-2005,2021,62,0.3,54,coal (conv pul) (dry cooling)
WY,intermediate generation,coal,coal_int_conv pul 2001-2005,2021,62,0.3,54,coal (conv pul) (once through)
WY,intermediate generation,coal,coal_int_conv pul 2001-2005,2021,62,0.3,54,coal (conv pul) (recirculating)
WY,intermediate generation,coal,coal_int_conv pul 2001-2005,2021,62,0.3,54,coal (conv pul) (cooling pond)
WY,intermediate generation,coal,coal_int_conv pul 2001-2005,2021,62,0.3,54,coal (conv pul) (dry cooling)
WY,base load generation,coal,coal_base_conv pul 2006-2010,2021,68,0.3,60,coal (conv pul) (once through)
WY,base load generation,coal,coal_base_conv pul 2006-2010,2021,68,0.3,60,coal (conv pul) (recirculating)
WY,base load generation,coal,coal_base_conv pul 2006-2010,2021,68,0.3,60,coal (conv pul) (cooling pond)
WY,base load generation,coal,coal_base_conv pul 2006-2010,2021,68,0.3,60,coal (conv pul) (dry cooling)
WY,intermediate generation,coal,coal_int_conv pul 2006-2010,2021,68,0.3,60,coal (conv pul) (once through)
WY,intermediate generation,coal,coal_int_conv pul 2006-2010,2021,68,0.3,60,coal (conv pul) (recirculating)
WY,intermediate generation,coal,coal_int_conv pul 2006-2010,2021,68,0.3,60,coal (conv pul) (cooling pond)
WY,intermediate generation,coal,coal_int_conv pul 2006-2010,2021,68,0.3,60,coal (conv pul) (dry cooling)
WY,base load generation,coal,coal_base_conv pul 2011-2015,2021,70,0.3,61,coal (conv pul) (once through)
WY,base load generation,coal,coal_base_conv pul 2011-2015,2021,70,0.3,61,coal (conv pul) (recirculating)
WY,base load generation,coal,coal_base_conv pul 2011-2015,2021,70,0.3,61,coal (conv pul) (cooling pond)
WY,base load generation,coal,coal_base_conv pul 2011-2015,2021,70,0.3,61,coal (conv pul) (dry cooling)
WY,intermediate generation,coal,coal_int_conv pul 2011-2015,2021,70,0.3,61,coal (conv pul) (once through)
WY,intermediate generation,coal,coal_int_conv pul 2011-2015,2021,70,0.3,61,coal (conv pul) (recirculating)
WY,intermediate generation,coal,coal_int_conv pul 2011-2015,2021,70,0.3,61,coal (conv pul) (cooling pond)
WY,intermediate generation,coal,coal_int_conv pul 2011-2015,2021,70,0.3,61,coal (conv pul) (dry cooling)
WY,base load generation,coal,coal_base_conv pul,2021,60,0.3,50,coal (conv pul) (once through)
WY,base load generation,coal,coal_base_conv pul,2021,60,0.3,50,coal (conv pul) (recirculating)
WY,base load generation,coal,coal_base_conv pul,2021,60,0.3,50,coal (conv pul) (cooling pond)
WY,base load generation,coal,coal_base_conv pul,2021,60,0.3,50,coal (conv pul) (dry cooling)
WY,base load generation,coal,coal_base_conv pul_retire_2023,2021,5,0.1,2.5,coal (conv pul) (once through)
WY,base load generation,coal,coal_base_conv pul_retire_2023,2021,5,0.1,2.5,coal (conv pul) (recirculating)
WY,base load generation,coal,coal_base_conv pul_retire_2023,2021,5,0.1,2.5,coal (conv pul) (cooling pond)
WY,base load generation,coal,coal_base_conv pul_retire_2023,2021,5,0.1,2.5,coal (conv pul) (dry cooling)
WY,intermediate generation,coal,coal_int_conv pul,2021,60,0.3,50,coal (conv pul) (once through)
WY,intermediate generation,coal,coal_int_conv pul,2021,60,0.3,50,coal (conv pul) (recirculating)
WY,intermediate generation,coal,coal_int_conv pul,2021,60,0.3,50,coal (conv pul) (cooling pond)
WY,intermediate generation,coal,coal_int_conv pul,2021,60,0.3,50,coal (conv pul) (dry cooling)
WY,intermediate generation,coal,coal_int_conv pul_retire_2023,2021,5,0.1,2.5,coal (conv pul) (once through)
WY,intermediate generation,coal,coal_int_conv pul_retire_2023,2021,5,0.1,2.5,coal (conv pul) (recirculating)
WY,intermediate generation,coal,coal_int_conv pul_retire_2023,2021,5,0.1,2.5,coal (conv pul) (cooling pond)
WY,intermediate generation,coal,coal_int_conv pul_retire_2023,2021,5,0.1,2.5,coal (conv pul) (dry cooling)
WY,peak generation,coal,coal_peak_conv pul,2021,60,0.3,50,coal (conv pul) (once through)
WY,peak generation,coal,coal_peak_conv pul,2021,60,0.3,50,coal (conv pul) (recirculating)
WY,peak generation,coal,coal_peak_conv pul,2021,60,0.3,50,coal (conv pul) (cooling pond)
WY,peak generation,coal,coal_peak_conv pul,2021,60,0.3,50,coal (conv pul) (dry cooling)
WY,peak generation,coal,coal_peak_conv pul_retire_2023,2021,5,0.1,2.5,coal (conv pul) (once through)
WY,peak generation,coal,coal_peak_conv pul_retire_2023,2021,5,0.1,2.5,coal (conv pul) (recirculating)
WY,peak generation,coal,coal_peak_conv pul_retire_2023,2021,5,0.1,2.5,coal (conv pul) (cooling pond)
WY,peak generation,coal,coal_peak_conv pul_retire_2023,2021,5,0.1,2.5,coal (conv pul) (dry cooling)
WY,subpeak generation,coal,coal_subpeak_conv pul,2021,60,0.3,50,coal (conv pul) (once through)
WY,subpeak generation,coal,coal_subpeak_conv pul,2021,60,0.3,50,coal (conv pul) (recirculating)
WY,subpeak generation,coal,coal_subpeak_conv pul,2021,60,0.3,50,coal (conv pul) (cooling pond)
WY,subpeak generation,coal,coal_subpeak_conv pul,2021,60,0.3,50,coal (conv pul) (dry cooling)
WY,subpeak generation,coal,coal_subpeak_conv pul_retire_2023,2021,5,0.1,2.5,coal (conv pul) (once through)
WY,subpeak generation,coal,coal_subpeak_conv pul_retire_2023,2021,5,0.1,2.5,coal (conv pul) (recirculating)
WY,subpeak generation,coal,coal_subpeak_conv pul_retire_2023,2021,5,0.1,2.5,coal (conv pul) (cooling pond)
WY,subpeak generation,coal,coal_subpeak_conv pul_retire_2023,2021,5,0.1,2.5,coal (conv pul) (dry cooling)
