sector.name,subsector.name0,subsector.name,year,input.OM.var,OM.var,technology
base load generation,biomass,biomass_base_conv,1975,OM-var,1.29,biomass (conv) (once through)
base load generation,biomass,biomass_base_conv,1975,OM-var,1.29,biomass (conv) (seawater)
base load generation,biomass,biomass_base_conv,1975,OM-var,1.29,biomass (conv) (recirculating)
base load generation,biomass,biomass_base_conv,1975,OM-var,1.29,biomass (conv) (cooling pond)
base load generation,biomass,biomass_base_conv,1975,OM-var,1.29,biomass (conv) (dry cooling)
base load generation,biomass,biomass_base_conv_CCS,1975,OM-var,3.96,biomass (conv CCS) (once through)
base load generation,biomass,biomass_base_conv_CCS,1975,OM-var,3.96,biomass (conv CCS) (seawater)
base load generation,biomass,biomass_base_conv_CCS,1975,OM-var,3.96,biomass (conv CCS) (recirculating)
base load generation,biomass,biomass_base_conv_CCS,1975,OM-var,3.96,biomass (conv CCS) (dry cooling)
base load generation,biomass,biomass_base_IGCC,1975,OM-var,3.05,biomass (IGCC) (once through)
base load generation,biomass,biomass_base_IGCC,1975,OM-var,3.05,biomass (IGCC) (seawater)
base load generation,biomass,biomass_base_IGCC,1975,OM-var,3.05,biomass (IGCC) (recirculating)
base load generation,biomass,biomass_base_IGCC,1975,OM-var,3.05,biomass (IGCC) (dry cooling)
base load generation,biomass,biomass_base_IGCC_CCS,1975,OM-var,5.98,biomass (IGCC CCS) (once through)
base load generation,biomass,biomass_base_IGCC_CCS,1975,OM-var,5.98,biomass (IGCC CCS) (seawater)
base load generation,biomass,biomass_base_IGCC_CCS,1975,OM-var,5.98,biomass (IGCC CCS) (recirculating)
base load generation,biomass,biomass_base_IGCC_CCS,1975,OM-var,5.98,biomass (IGCC CCS) (dry cooling)
base load generation,coal,coal_base_conv pul,1975,OM-var,2.12,coal (conv pul) (once through)
base load generation,coal,coal_base_conv pul,1975,OM-var,2.12,coal (conv pul) (seawater)
base load generation,coal,coal_base_conv pul,1975,OM-var,2.12,coal (conv pul) (recirculating)
base load generation,coal,coal_base_conv pul,1975,OM-var,2.12,coal (conv pul) (cooling pond)
base load generation,coal,coal_base_conv pul,1975,OM-var,2.12,coal (conv pul) (dry cooling)
base load generation,coal,coal_base_conv pul_CCS,1975,OM-var,3.74,coal (conv pul CCS) (once through)
base load generation,coal,coal_base_conv pul_CCS,1975,OM-var,3.74,coal (conv pul CCS) (seawater)
base load generation,coal,coal_base_conv pul_CCS,1975,OM-var,3.74,coal (conv pul CCS) (recirculating)
base load generation,coal,coal_base_conv pul_CCS,1975,OM-var,3.74,coal (conv pul CCS) (dry cooling)
base load generation,coal,coal_base_IGCC,1975,OM-var,3.87,coal (IGCC) (once through)
base load generation,coal,coal_base_IGCC,1975,OM-var,3.87,coal (IGCC) (seawater)
base load generation,coal,coal_base_IGCC,1975,OM-var,3.87,coal (IGCC) (recirculating)
base load generation,coal,coal_base_IGCC,1975,OM-var,3.87,coal (IGCC) (dry cooling)
base load generation,coal,coal_base_IGCC_CCS,1975,OM-var,5.76,coal (IGCC CCS) (once through)
base load generation,coal,coal_base_IGCC_CCS,1975,OM-var,5.76,coal (IGCC CCS) (seawater)
base load generation,coal,coal_base_IGCC_CCS,1975,OM-var,5.76,coal (IGCC CCS) (recirculating)
base load generation,coal,coal_base_IGCC_CCS,1975,OM-var,5.76,coal (IGCC CCS) (dry cooling)
base load generation,gas,gas_base_CC,1975,OM-var,0.47,gas (CC) (once through)
base load generation,gas,gas_base_CC,1975,OM-var,0.47,gas (CC) (seawater)
base load generation,gas,gas_base_CC,1975,OM-var,0.47,gas (CC) (recirculating)
base load generation,gas,gas_base_CC,1975,OM-var,0.47,gas (CC) (cooling pond)
base load generation,gas,gas_base_CC,1975,OM-var,0.47,gas (CC) (dry cooling)
base load generation,gas,gas_base_CC_CCS,1975,OM-var,1.18,gas (CC CCS) (once through)
base load generation,gas,gas_base_CC_CCS,1975,OM-var,1.18,gas (CC CCS) (seawater)
base load generation,gas,gas_base_CC_CCS,1975,OM-var,1.18,gas (CC CCS) (recirculating)
base load generation,gas,gas_base_CC_CCS,1975,OM-var,1.18,gas (CC CCS) (dry cooling)
base load generation,geothermal,geo_base,1975,OM-var,0,geothermal (recirculating)
base load generation,geothermal,geo_base,1975,OM-var,0,geothermal (dry_hybrid)
base load generation,nuclear,nuc_base_Gen II,1975,OM-var,0.63,Gen_II_LWR (once through)
base load generation,nuclear,nuc_base_Gen II,1975,OM-var,0.63,Gen_II_LWR (seawater)
base load generation,nuclear,nuc_base_Gen II,1975,OM-var,0.63,Gen_II_LWR (recirculating)
base load generation,nuclear,nuc_base_Gen II,1975,OM-var,0.63,Gen_II_LWR (cooling pond)
base load generation,nuclear,nuc_base_large reactor,1975,OM-var,0.63,large reactor (once through)
base load generation,nuclear,nuc_base_large reactor,1975,OM-var,0.63,large reactor (seawater)
base load generation,nuclear,nuc_base_large reactor,1975,OM-var,0.63,large reactor (recirculating)
base load generation,nuclear,nuc_base_large reactor,1975,OM-var,0.63,large reactor (cooling pond)
base load generation,nuclear,nuc_base_SMR,1975,OM-var,0.61,SMR (once through)
base load generation,nuclear,nuc_base_SMR,1975,OM-var,0.61,SMR (seawater)
base load generation,nuclear,nuc_base_SMR,1975,OM-var,0.61,SMR (recirculating)
base load generation,nuclear,nuc_base_SMR,1975,OM-var,0.61,SMR (cooling pond)
base load generation,refined liquids,refined liquids_base_steam/CT,1975,OM-var,1.33,refined liquids (steam/CT) (once through)
base load generation,refined liquids,refined liquids_base_steam/CT,1975,OM-var,1.33,refined liquids (steam/CT) (seawater)
base load generation,refined liquids,refined liquids_base_steam/CT,1975,OM-var,1.33,refined liquids (steam/CT) (recirculating)
base load generation,refined liquids,refined liquids_base_steam/CT,1975,OM-var,1.33,refined liquids (steam/CT) (cooling pond)
base load generation,refined liquids,refined liquids_base_steam/CT,1975,OM-var,1.33,refined liquids (steam/CT) (dry cooling)
base load generation,refined liquids,refined liquids_base_CC,1975,OM-var,0.47,refined liquids (CC) (once through)
base load generation,refined liquids,refined liquids_base_CC,1975,OM-var,0.47,refined liquids (CC) (seawater)
base load generation,refined liquids,refined liquids_base_CC,1975,OM-var,0.47,refined liquids (CC) (recirculating)
base load generation,refined liquids,refined liquids_base_CC,1975,OM-var,0.47,refined liquids (CC) (dry cooling)
base load generation,refined liquids,refined liquids_base_CC_CCS,1975,OM-var,1.18,refined liquids (CC CCS) (once through)
base load generation,refined liquids,refined liquids_base_CC_CCS,1975,OM-var,1.18,refined liquids (CC CCS) (seawater)
base load generation,refined liquids,refined liquids_base_CC_CCS,1975,OM-var,1.18,refined liquids (CC CCS) (recirculating)
base load generation,refined liquids,refined liquids_base_CC_CCS,1975,OM-var,1.18,refined liquids (CC CCS) (dry cooling)
base load generation,solar,PV_base_storage,1975,OM-var,0,PV_base_storage
base load generation,solar,CSP_base_storage,1975,OM-var,1.15,CSP_base_storage
base load generation,wind,wind_base_storage,1975,OM-var,0,wind_base_storage
base load generation,coal,coal_base_conv pul 1951-1955,1975,OM-var,2.12,coal (conv pul) (once through)
base load generation,coal,coal_base_conv pul 1951-1955,1975,OM-var,2.12,coal (conv pul) (seawater)
base load generation,coal,coal_base_conv pul 1951-1955,1975,OM-var,2.12,coal (conv pul) (recirculating)
base load generation,coal,coal_base_conv pul 1951-1955,1975,OM-var,2.12,coal (conv pul) (cooling pond)
base load generation,coal,coal_base_conv pul 1951-1955,1975,OM-var,2.12,coal (conv pul) (dry cooling)
base load generation,coal,coal_base_conv pul 1956-1960,1975,OM-var,2.12,coal (conv pul) (once through)
base load generation,coal,coal_base_conv pul 1956-1960,1975,OM-var,2.12,coal (conv pul) (seawater)
base load generation,coal,coal_base_conv pul 1956-1960,1975,OM-var,2.12,coal (conv pul) (recirculating)
base load generation,coal,coal_base_conv pul 1956-1960,1975,OM-var,2.12,coal (conv pul) (cooling pond)
base load generation,coal,coal_base_conv pul 1956-1960,1975,OM-var,2.12,coal (conv pul) (dry cooling)
base load generation,coal,coal_base_conv pul 1961-1965,1975,OM-var,2.12,coal (conv pul) (once through)
base load generation,coal,coal_base_conv pul 1961-1965,1975,OM-var,2.12,coal (conv pul) (seawater)
base load generation,coal,coal_base_conv pul 1961-1965,1975,OM-var,2.12,coal (conv pul) (recirculating)
base load generation,coal,coal_base_conv pul 1961-1965,1975,OM-var,2.12,coal (conv pul) (cooling pond)
base load generation,coal,coal_base_conv pul 1961-1965,1975,OM-var,2.12,coal (conv pul) (dry cooling)
base load generation,coal,coal_base_conv pul 1966-1970,1975,OM-var,2.12,coal (conv pul) (once through)
base load generation,coal,coal_base_conv pul 1966-1970,1975,OM-var,2.12,coal (conv pul) (seawater)
base load generation,coal,coal_base_conv pul 1966-1970,1975,OM-var,2.12,coal (conv pul) (recirculating)
base load generation,coal,coal_base_conv pul 1966-1970,1975,OM-var,2.12,coal (conv pul) (cooling pond)
base load generation,coal,coal_base_conv pul 1966-1970,1975,OM-var,2.12,coal (conv pul) (dry cooling)
base load generation,coal,coal_base_conv pul 1971-1975,1975,OM-var,2.12,coal (conv pul) (once through)
base load generation,coal,coal_base_conv pul 1971-1975,1975,OM-var,2.12,coal (conv pul) (seawater)
base load generation,coal,coal_base_conv pul 1971-1975,1975,OM-var,2.12,coal (conv pul) (recirculating)
base load generation,coal,coal_base_conv pul 1971-1975,1975,OM-var,2.12,coal (conv pul) (cooling pond)
base load generation,coal,coal_base_conv pul 1971-1975,1975,OM-var,2.12,coal (conv pul) (dry cooling)
base load generation,coal,coal_base_conv pul 1976-1980,1975,OM-var,2.12,coal (conv pul) (once through)
base load generation,coal,coal_base_conv pul 1976-1980,1975,OM-var,2.12,coal (conv pul) (seawater)
base load generation,coal,coal_base_conv pul 1976-1980,1975,OM-var,2.12,coal (conv pul) (recirculating)
base load generation,coal,coal_base_conv pul 1976-1980,1975,OM-var,2.12,coal (conv pul) (cooling pond)
base load generation,coal,coal_base_conv pul 1976-1980,1975,OM-var,2.12,coal (conv pul) (dry cooling)
base load generation,coal,coal_base_conv pul 1981-1985,1975,OM-var,2.12,coal (conv pul) (once through)
base load generation,coal,coal_base_conv pul 1981-1985,1975,OM-var,2.12,coal (conv pul) (seawater)
base load generation,coal,coal_base_conv pul 1981-1985,1975,OM-var,2.12,coal (conv pul) (recirculating)
base load generation,coal,coal_base_conv pul 1981-1985,1975,OM-var,2.12,coal (conv pul) (cooling pond)
base load generation,coal,coal_base_conv pul 1981-1985,1975,OM-var,2.12,coal (conv pul) (dry cooling)
base load generation,coal,coal_base_conv pul 1986-1990,1975,OM-var,2.12,coal (conv pul) (once through)
base load generation,coal,coal_base_conv pul 1986-1990,1975,OM-var,2.12,coal (conv pul) (seawater)
base load generation,coal,coal_base_conv pul 1986-1990,1975,OM-var,2.12,coal (conv pul) (recirculating)
base load generation,coal,coal_base_conv pul 1986-1990,1975,OM-var,2.12,coal (conv pul) (cooling pond)
base load generation,coal,coal_base_conv pul 1986-1990,1975,OM-var,2.12,coal (conv pul) (dry cooling)
base load generation,coal,coal_base_conv pul 1991-1995,1975,OM-var,2.12,coal (conv pul) (once through)
base load generation,coal,coal_base_conv pul 1991-1995,1975,OM-var,2.12,coal (conv pul) (seawater)
base load generation,coal,coal_base_conv pul 1991-1995,1975,OM-var,2.12,coal (conv pul) (recirculating)
base load generation,coal,coal_base_conv pul 1991-1995,1975,OM-var,2.12,coal (conv pul) (cooling pond)
base load generation,coal,coal_base_conv pul 1991-1995,1975,OM-var,2.12,coal (conv pul) (dry cooling)
base load generation,coal,coal_base_conv pul 1996-2000,1975,OM-var,2.12,coal (conv pul) (once through)
base load generation,coal,coal_base_conv pul 1996-2000,1975,OM-var,2.12,coal (conv pul) (seawater)
base load generation,coal,coal_base_conv pul 1996-2000,1975,OM-var,2.12,coal (conv pul) (recirculating)
base load generation,coal,coal_base_conv pul 1996-2000,1975,OM-var,2.12,coal (conv pul) (cooling pond)
base load generation,coal,coal_base_conv pul 1996-2000,1975,OM-var,2.12,coal (conv pul) (dry cooling)
base load generation,coal,coal_base_conv pul 2001-2005,1975,OM-var,2.12,coal (conv pul) (once through)
base load generation,coal,coal_base_conv pul 2001-2005,1975,OM-var,2.12,coal (conv pul) (seawater)
base load generation,coal,coal_base_conv pul 2001-2005,1975,OM-var,2.12,coal (conv pul) (recirculating)
base load generation,coal,coal_base_conv pul 2001-2005,1975,OM-var,2.12,coal (conv pul) (cooling pond)
base load generation,coal,coal_base_conv pul 2001-2005,1975,OM-var,2.12,coal (conv pul) (dry cooling)
base load generation,coal,coal_base_conv pul 2006-2010,1975,OM-var,2.12,coal (conv pul) (once through)
base load generation,coal,coal_base_conv pul 2006-2010,1975,OM-var,2.12,coal (conv pul) (seawater)
base load generation,coal,coal_base_conv pul 2006-2010,1975,OM-var,2.12,coal (conv pul) (recirculating)
base load generation,coal,coal_base_conv pul 2006-2010,1975,OM-var,2.12,coal (conv pul) (cooling pond)
base load generation,coal,coal_base_conv pul 2006-2010,1975,OM-var,2.12,coal (conv pul) (dry cooling)
base load generation,coal,coal_base_conv pul 2011-2015,1975,OM-var,2.12,coal (conv pul) (once through)
base load generation,coal,coal_base_conv pul 2011-2015,1975,OM-var,2.12,coal (conv pul) (seawater)
base load generation,coal,coal_base_conv pul 2011-2015,1975,OM-var,2.12,coal (conv pul) (recirculating)
base load generation,coal,coal_base_conv pul 2011-2015,1975,OM-var,2.12,coal (conv pul) (cooling pond)
base load generation,coal,coal_base_conv pul 2011-2015,1975,OM-var,2.12,coal (conv pul) (dry cooling)
base load generation,coal,coal_base_conv pul 2016-2021,1975,OM-var,2.12,coal (conv pul) (once through)
base load generation,coal,coal_base_conv pul 2016-2021,1975,OM-var,2.12,coal (conv pul) (seawater)
base load generation,coal,coal_base_conv pul 2016-2021,1975,OM-var,2.12,coal (conv pul) (recirculating)
base load generation,coal,coal_base_conv pul 2016-2021,1975,OM-var,2.12,coal (conv pul) (cooling pond)
base load generation,coal,coal_base_conv pul 2016-2021,1975,OM-var,2.12,coal (conv pul) (dry cooling)
base load generation,coal,coal_base_conv pul before 1950,1975,OM-var,2.12,coal (conv pul) (once through)
base load generation,coal,coal_base_conv pul before 1950,1975,OM-var,2.12,coal (conv pul) (seawater)
base load generation,coal,coal_base_conv pul before 1950,1975,OM-var,2.12,coal (conv pul) (recirculating)
base load generation,coal,coal_base_conv pul before 1950,1975,OM-var,2.12,coal (conv pul) (cooling pond)
base load generation,coal,coal_base_conv pul before 1950,1975,OM-var,2.12,coal (conv pul) (dry cooling)
base load generation,coal,coal_base_conv pul_retire_2023,1975,OM-var,2.12,coal (conv pul) (once through)
base load generation,coal,coal_base_conv pul_retire_2023,1975,OM-var,2.12,coal (conv pul) (seawater)
base load generation,coal,coal_base_conv pul_retire_2023,1975,OM-var,2.12,coal (conv pul) (recirculating)
base load generation,coal,coal_base_conv pul_retire_2023,1975,OM-var,2.12,coal (conv pul) (cooling pond)
base load generation,coal,coal_base_conv pul_retire_2023,1975,OM-var,2.12,coal (conv pul) (dry cooling)
base load generation,biomass,biomass_base_conv,1990,OM-var,1.29,biomass (conv) (once through)
base load generation,biomass,biomass_base_conv,1990,OM-var,1.29,biomass (conv) (seawater)
base load generation,biomass,biomass_base_conv,1990,OM-var,1.29,biomass (conv) (recirculating)
base load generation,biomass,biomass_base_conv,1990,OM-var,1.29,biomass (conv) (cooling pond)
base load generation,biomass,biomass_base_conv,1990,OM-var,1.29,biomass (conv) (dry cooling)
base load generation,biomass,biomass_base_conv_CCS,1990,OM-var,3.96,biomass (conv CCS) (once through)
base load generation,biomass,biomass_base_conv_CCS,1990,OM-var,3.96,biomass (conv CCS) (seawater)
base load generation,biomass,biomass_base_conv_CCS,1990,OM-var,3.96,biomass (conv CCS) (recirculating)
base load generation,biomass,biomass_base_conv_CCS,1990,OM-var,3.96,biomass (conv CCS) (dry cooling)
base load generation,biomass,biomass_base_IGCC,1990,OM-var,3.05,biomass (IGCC) (once through)
base load generation,biomass,biomass_base_IGCC,1990,OM-var,3.05,biomass (IGCC) (seawater)
base load generation,biomass,biomass_base_IGCC,1990,OM-var,3.05,biomass (IGCC) (recirculating)
base load generation,biomass,biomass_base_IGCC,1990,OM-var,3.05,biomass (IGCC) (dry cooling)
base load generation,biomass,biomass_base_IGCC_CCS,1990,OM-var,5.98,biomass (IGCC CCS) (once through)
base load generation,biomass,biomass_base_IGCC_CCS,1990,OM-var,5.98,biomass (IGCC CCS) (seawater)
base load generation,biomass,biomass_base_IGCC_CCS,1990,OM-var,5.98,biomass (IGCC CCS) (recirculating)
base load generation,biomass,biomass_base_IGCC_CCS,1990,OM-var,5.98,biomass (IGCC CCS) (dry cooling)
base load generation,coal,coal_base_conv pul,1990,OM-var,2.12,coal (conv pul) (once through)
base load generation,coal,coal_base_conv pul,1990,OM-var,2.12,coal (conv pul) (seawater)
base load generation,coal,coal_base_conv pul,1990,OM-var,2.12,coal (conv pul) (recirculating)
base load generation,coal,coal_base_conv pul,1990,OM-var,2.12,coal (conv pul) (cooling pond)
base load generation,coal,coal_base_conv pul,1990,OM-var,2.12,coal (conv pul) (dry cooling)
base load generation,coal,coal_base_conv pul_CCS,1990,OM-var,3.74,coal (conv pul CCS) (once through)
base load generation,coal,coal_base_conv pul_CCS,1990,OM-var,3.74,coal (conv pul CCS) (seawater)
base load generation,coal,coal_base_conv pul_CCS,1990,OM-var,3.74,coal (conv pul CCS) (recirculating)
base load generation,coal,coal_base_conv pul_CCS,1990,OM-var,3.74,coal (conv pul CCS) (dry cooling)
base load generation,coal,coal_base_IGCC,1990,OM-var,3.87,coal (IGCC) (once through)
base load generation,coal,coal_base_IGCC,1990,OM-var,3.87,coal (IGCC) (seawater)
base load generation,coal,coal_base_IGCC,1990,OM-var,3.87,coal (IGCC) (recirculating)
base load generation,coal,coal_base_IGCC,1990,OM-var,3.87,coal (IGCC) (dry cooling)
base load generation,coal,coal_base_IGCC_CCS,1990,OM-var,5.76,coal (IGCC CCS) (once through)
base load generation,coal,coal_base_IGCC_CCS,1990,OM-var,5.76,coal (IGCC CCS) (seawater)
base load generation,coal,coal_base_IGCC_CCS,1990,OM-var,5.76,coal (IGCC CCS) (recirculating)
base load generation,coal,coal_base_IGCC_CCS,1990,OM-var,5.76,coal (IGCC CCS) (dry cooling)
base load generation,gas,gas_base_CC,1990,OM-var,0.47,gas (CC) (once through)
base load generation,gas,gas_base_CC,1990,OM-var,0.47,gas (CC) (seawater)
base load generation,gas,gas_base_CC,1990,OM-var,0.47,gas (CC) (recirculating)
base load generation,gas,gas_base_CC,1990,OM-var,0.47,gas (CC) (cooling pond)
base load generation,gas,gas_base_CC,1990,OM-var,0.47,gas (CC) (dry cooling)
base load generation,gas,gas_base_CC_CCS,1990,OM-var,1.18,gas (CC CCS) (once through)
base load generation,gas,gas_base_CC_CCS,1990,OM-var,1.18,gas (CC CCS) (seawater)
base load generation,gas,gas_base_CC_CCS,1990,OM-var,1.18,gas (CC CCS) (recirculating)
base load generation,gas,gas_base_CC_CCS,1990,OM-var,1.18,gas (CC CCS) (dry cooling)
base load generation,geothermal,geo_base,1990,OM-var,0,geothermal (recirculating)
base load generation,geothermal,geo_base,1990,OM-var,0,geothermal (dry_hybrid)
base load generation,nuclear,nuc_base_Gen II,1990,OM-var,0.63,Gen_II_LWR (once through)
base load generation,nuclear,nuc_base_Gen II,1990,OM-var,0.63,Gen_II_LWR (seawater)
base load generation,nuclear,nuc_base_Gen II,1990,OM-var,0.63,Gen_II_LWR (recirculating)
base load generation,nuclear,nuc_base_Gen II,1990,OM-var,0.63,Gen_II_LWR (cooling pond)
base load generation,nuclear,nuc_base_large reactor,1990,OM-var,0.63,large reactor (once through)
base load generation,nuclear,nuc_base_large reactor,1990,OM-var,0.63,large reactor (seawater)
base load generation,nuclear,nuc_base_large reactor,1990,OM-var,0.63,large reactor (recirculating)
base load generation,nuclear,nuc_base_large reactor,1990,OM-var,0.63,large reactor (cooling pond)
base load generation,nuclear,nuc_base_SMR,1990,OM-var,0.61,SMR (once through)
base load generation,nuclear,nuc_base_SMR,1990,OM-var,0.61,SMR (seawater)
base load generation,nuclear,nuc_base_SMR,1990,OM-var,0.61,SMR (recirculating)
base load generation,nuclear,nuc_base_SMR,1990,OM-var,0.61,SMR (cooling pond)
base load generation,refined liquids,refined liquids_base_steam/CT,1990,OM-var,1.33,refined liquids (steam/CT) (once through)
base load generation,refined liquids,refined liquids_base_steam/CT,1990,OM-var,1.33,refined liquids (steam/CT) (seawater)
base load generation,refined liquids,refined liquids_base_steam/CT,1990,OM-var,1.33,refined liquids (steam/CT) (recirculating)
base load generation,refined liquids,refined liquids_base_steam/CT,1990,OM-var,1.33,refined liquids (steam/CT) (cooling pond)
base load generation,refined liquids,refined liquids_base_steam/CT,1990,OM-var,1.33,refined liquids (steam/CT) (dry cooling)
base load generation,refined liquids,refined liquids_base_CC,1990,OM-var,0.47,refined liquids (CC) (once through)
base load generation,refined liquids,refined liquids_base_CC,1990,OM-var,0.47,refined liquids (CC) (seawater)
base load generation,refined liquids,refined liquids_base_CC,1990,OM-var,0.47,refined liquids (CC) (recirculating)
base load generation,refined liquids,refined liquids_base_CC,1990,OM-var,0.47,refined liquids (CC) (dry cooling)
base load generation,refined liquids,refined liquids_base_CC_CCS,1990,OM-var,1.18,refined liquids (CC CCS) (once through)
base load generation,refined liquids,refined liquids_base_CC_CCS,1990,OM-var,1.18,refined liquids (CC CCS) (seawater)
base load generation,refined liquids,refined liquids_base_CC_CCS,1990,OM-var,1.18,refined liquids (CC CCS) (recirculating)
base load generation,refined liquids,refined liquids_base_CC_CCS,1990,OM-var,1.18,refined liquids (CC CCS) (dry cooling)
base load generation,solar,PV_base_storage,1990,OM-var,0,PV_base_storage
base load generation,solar,CSP_base_storage,1990,OM-var,1.15,CSP_base_storage
base load generation,wind,wind_base_storage,1990,OM-var,0,wind_base_storage
base load generation,coal,coal_base_conv pul 1951-1955,1990,OM-var,2.12,coal (conv pul) (once through)
base load generation,coal,coal_base_conv pul 1951-1955,1990,OM-var,2.12,coal (conv pul) (seawater)
base load generation,coal,coal_base_conv pul 1951-1955,1990,OM-var,2.12,coal (conv pul) (recirculating)
base load generation,coal,coal_base_conv pul 1951-1955,1990,OM-var,2.12,coal (conv pul) (cooling pond)
base load generation,coal,coal_base_conv pul 1951-1955,1990,OM-var,2.12,coal (conv pul) (dry cooling)
base load generation,coal,coal_base_conv pul 1956-1960,1990,OM-var,2.12,coal (conv pul) (once through)
base load generation,coal,coal_base_conv pul 1956-1960,1990,OM-var,2.12,coal (conv pul) (seawater)
base load generation,coal,coal_base_conv pul 1956-1960,1990,OM-var,2.12,coal (conv pul) (recirculating)
base load generation,coal,coal_base_conv pul 1956-1960,1990,OM-var,2.12,coal (conv pul) (cooling pond)
base load generation,coal,coal_base_conv pul 1956-1960,1990,OM-var,2.12,coal (conv pul) (dry cooling)
base load generation,coal,coal_base_conv pul 1961-1965,1990,OM-var,2.12,coal (conv pul) (once through)
base load generation,coal,coal_base_conv pul 1961-1965,1990,OM-var,2.12,coal (conv pul) (seawater)
base load generation,coal,coal_base_conv pul 1961-1965,1990,OM-var,2.12,coal (conv pul) (recirculating)
base load generation,coal,coal_base_conv pul 1961-1965,1990,OM-var,2.12,coal (conv pul) (cooling pond)
base load generation,coal,coal_base_conv pul 1961-1965,1990,OM-var,2.12,coal (conv pul) (dry cooling)
base load generation,coal,coal_base_conv pul 1966-1970,1990,OM-var,2.12,coal (conv pul) (once through)
base load generation,coal,coal_base_conv pul 1966-1970,1990,OM-var,2.12,coal (conv pul) (seawater)
base load generation,coal,coal_base_conv pul 1966-1970,1990,OM-var,2.12,coal (conv pul) (recirculating)
base load generation,coal,coal_base_conv pul 1966-1970,1990,OM-var,2.12,coal (conv pul) (cooling pond)
base load generation,coal,coal_base_conv pul 1966-1970,1990,OM-var,2.12,coal (conv pul) (dry cooling)
base load generation,coal,coal_base_conv pul 1971-1975,1990,OM-var,2.12,coal (conv pul) (once through)
base load generation,coal,coal_base_conv pul 1971-1975,1990,OM-var,2.12,coal (conv pul) (seawater)
base load generation,coal,coal_base_conv pul 1971-1975,1990,OM-var,2.12,coal (conv pul) (recirculating)
base load generation,coal,coal_base_conv pul 1971-1975,1990,OM-var,2.12,coal (conv pul) (cooling pond)
base load generation,coal,coal_base_conv pul 1971-1975,1990,OM-var,2.12,coal (conv pul) (dry cooling)
base load generation,coal,coal_base_conv pul 1976-1980,1990,OM-var,2.12,coal (conv pul) (once through)
base load generation,coal,coal_base_conv pul 1976-1980,1990,OM-var,2.12,coal (conv pul) (seawater)
base load generation,coal,coal_base_conv pul 1976-1980,1990,OM-var,2.12,coal (conv pul) (recirculating)
base load generation,coal,coal_base_conv pul 1976-1980,1990,OM-var,2.12,coal (conv pul) (cooling pond)
base load generation,coal,coal_base_conv pul 1976-1980,1990,OM-var,2.12,coal (conv pul) (dry cooling)
base load generation,coal,coal_base_conv pul 1981-1985,1990,OM-var,2.12,coal (conv pul) (once through)
base load generation,coal,coal_base_conv pul 1981-1985,1990,OM-var,2.12,coal (conv pul) (seawater)
base load generation,coal,coal_base_conv pul 1981-1985,1990,OM-var,2.12,coal (conv pul) (recirculating)
base load generation,coal,coal_base_conv pul 1981-1985,1990,OM-var,2.12,coal (conv pul) (cooling pond)
base load generation,coal,coal_base_conv pul 1981-1985,1990,OM-var,2.12,coal (conv pul) (dry cooling)
base load generation,coal,coal_base_conv pul 1986-1990,1990,OM-var,2.12,coal (conv pul) (once through)
base load generation,coal,coal_base_conv pul 1986-1990,1990,OM-var,2.12,coal (conv pul) (seawater)
base load generation,coal,coal_base_conv pul 1986-1990,1990,OM-var,2.12,coal (conv pul) (recirculating)
base load generation,coal,coal_base_conv pul 1986-1990,1990,OM-var,2.12,coal (conv pul) (cooling pond)
base load generation,coal,coal_base_conv pul 1986-1990,1990,OM-var,2.12,coal (conv pul) (dry cooling)
base load generation,coal,coal_base_conv pul 1991-1995,1990,OM-var,2.12,coal (conv pul) (once through)
base load generation,coal,coal_base_conv pul 1991-1995,1990,OM-var,2.12,coal (conv pul) (seawater)
base load generation,coal,coal_base_conv pul 1991-1995,1990,OM-var,2.12,coal (conv pul) (recirculating)
base load generation,coal,coal_base_conv pul 1991-1995,1990,OM-var,2.12,coal (conv pul) (cooling pond)
base load generation,coal,coal_base_conv pul 1991-1995,1990,OM-var,2.12,coal (conv pul) (dry cooling)
base load generation,coal,coal_base_conv pul 1996-2000,1990,OM-var,2.12,coal (conv pul) (once through)
base load generation,coal,coal_base_conv pul 1996-2000,1990,OM-var,2.12,coal (conv pul) (seawater)
base load generation,coal,coal_base_conv pul 1996-2000,1990,OM-var,2.12,coal (conv pul) (recirculating)
base load generation,coal,coal_base_conv pul 1996-2000,1990,OM-var,2.12,coal (conv pul) (cooling pond)
base load generation,coal,coal_base_conv pul 1996-2000,1990,OM-var,2.12,coal (conv pul) (dry cooling)
base load generation,coal,coal_base_conv pul 2001-2005,1990,OM-var,2.12,coal (conv pul) (once through)
base load generation,coal,coal_base_conv pul 2001-2005,1990,OM-var,2.12,coal (conv pul) (seawater)
base load generation,coal,coal_base_conv pul 2001-2005,1990,OM-var,2.12,coal (conv pul) (recirculating)
base load generation,coal,coal_base_conv pul 2001-2005,1990,OM-var,2.12,coal (conv pul) (cooling pond)
base load generation,coal,coal_base_conv pul 2001-2005,1990,OM-var,2.12,coal (conv pul) (dry cooling)
base load generation,coal,coal_base_conv pul 2006-2010,1990,OM-var,2.12,coal (conv pul) (once through)
base load generation,coal,coal_base_conv pul 2006-2010,1990,OM-var,2.12,coal (conv pul) (seawater)
base load generation,coal,coal_base_conv pul 2006-2010,1990,OM-var,2.12,coal (conv pul) (recirculating)
base load generation,coal,coal_base_conv pul 2006-2010,1990,OM-var,2.12,coal (conv pul) (cooling pond)
base load generation,coal,coal_base_conv pul 2006-2010,1990,OM-var,2.12,coal (conv pul) (dry cooling)
base load generation,coal,coal_base_conv pul 2011-2015,1990,OM-var,2.12,coal (conv pul) (once through)
base load generation,coal,coal_base_conv pul 2011-2015,1990,OM-var,2.12,coal (conv pul) (seawater)
base load generation,coal,coal_base_conv pul 2011-2015,1990,OM-var,2.12,coal (conv pul) (recirculating)
base load generation,coal,coal_base_conv pul 2011-2015,1990,OM-var,2.12,coal (conv pul) (cooling pond)
base load generation,coal,coal_base_conv pul 2011-2015,1990,OM-var,2.12,coal (conv pul) (dry cooling)
base load generation,coal,coal_base_conv pul 2016-2021,1990,OM-var,2.12,coal (conv pul) (once through)
base load generation,coal,coal_base_conv pul 2016-2021,1990,OM-var,2.12,coal (conv pul) (seawater)
base load generation,coal,coal_base_conv pul 2016-2021,1990,OM-var,2.12,coal (conv pul) (recirculating)
base load generation,coal,coal_base_conv pul 2016-2021,1990,OM-var,2.12,coal (conv pul) (cooling pond)
base load generation,coal,coal_base_conv pul 2016-2021,1990,OM-var,2.12,coal (conv pul) (dry cooling)
base load generation,coal,coal_base_conv pul before 1950,1990,OM-var,2.12,coal (conv pul) (once through)
base load generation,coal,coal_base_conv pul before 1950,1990,OM-var,2.12,coal (conv pul) (seawater)
base load generation,coal,coal_base_conv pul before 1950,1990,OM-var,2.12,coal (conv pul) (recirculating)
base load generation,coal,coal_base_conv pul before 1950,1990,OM-var,2.12,coal (conv pul) (cooling pond)
base load generation,coal,coal_base_conv pul before 1950,1990,OM-var,2.12,coal (conv pul) (dry cooling)
base load generation,coal,coal_base_conv pul_retire_2023,1990,OM-var,2.12,coal (conv pul) (once through)
base load generation,coal,coal_base_conv pul_retire_2023,1990,OM-var,2.12,coal (conv pul) (seawater)
base load generation,coal,coal_base_conv pul_retire_2023,1990,OM-var,2.12,coal (conv pul) (recirculating)
base load generation,coal,coal_base_conv pul_retire_2023,1990,OM-var,2.12,coal (conv pul) (cooling pond)
base load generation,coal,coal_base_conv pul_retire_2023,1990,OM-var,2.12,coal (conv pul) (dry cooling)
base load generation,biomass,biomass_base_conv,2005,OM-var,1.29,biomass (conv) (once through)
base load generation,biomass,biomass_base_conv,2005,OM-var,1.29,biomass (conv) (seawater)
base load generation,biomass,biomass_base_conv,2005,OM-var,1.29,biomass (conv) (recirculating)
base load generation,biomass,biomass_base_conv,2005,OM-var,1.29,biomass (conv) (cooling pond)
base load generation,biomass,biomass_base_conv,2005,OM-var,1.29,biomass (conv) (dry cooling)
base load generation,biomass,biomass_base_conv_CCS,2005,OM-var,3.96,biomass (conv CCS) (once through)
base load generation,biomass,biomass_base_conv_CCS,2005,OM-var,3.96,biomass (conv CCS) (seawater)
base load generation,biomass,biomass_base_conv_CCS,2005,OM-var,3.96,biomass (conv CCS) (recirculating)
base load generation,biomass,biomass_base_conv_CCS,2005,OM-var,3.96,biomass (conv CCS) (dry cooling)
base load generation,biomass,biomass_base_IGCC,2005,OM-var,3.05,biomass (IGCC) (once through)
base load generation,biomass,biomass_base_IGCC,2005,OM-var,3.05,biomass (IGCC) (seawater)
base load generation,biomass,biomass_base_IGCC,2005,OM-var,3.05,biomass (IGCC) (recirculating)
base load generation,biomass,biomass_base_IGCC,2005,OM-var,3.05,biomass (IGCC) (dry cooling)
base load generation,biomass,biomass_base_IGCC_CCS,2005,OM-var,5.98,biomass (IGCC CCS) (once through)
base load generation,biomass,biomass_base_IGCC_CCS,2005,OM-var,5.98,biomass (IGCC CCS) (seawater)
base load generation,biomass,biomass_base_IGCC_CCS,2005,OM-var,5.98,biomass (IGCC CCS) (recirculating)
base load generation,biomass,biomass_base_IGCC_CCS,2005,OM-var,5.98,biomass (IGCC CCS) (dry cooling)
base load generation,coal,coal_base_conv pul,2005,OM-var,2.12,coal (conv pul) (once through)
base load generation,coal,coal_base_conv pul,2005,OM-var,2.12,coal (conv pul) (seawater)
base load generation,coal,coal_base_conv pul,2005,OM-var,2.12,coal (conv pul) (recirculating)
base load generation,coal,coal_base_conv pul,2005,OM-var,2.12,coal (conv pul) (cooling pond)
base load generation,coal,coal_base_conv pul,2005,OM-var,2.12,coal (conv pul) (dry cooling)
base load generation,coal,coal_base_conv pul_CCS,2005,OM-var,3.74,coal (conv pul CCS) (once through)
base load generation,coal,coal_base_conv pul_CCS,2005,OM-var,3.74,coal (conv pul CCS) (seawater)
base load generation,coal,coal_base_conv pul_CCS,2005,OM-var,3.74,coal (conv pul CCS) (recirculating)
base load generation,coal,coal_base_conv pul_CCS,2005,OM-var,3.74,coal (conv pul CCS) (dry cooling)
base load generation,coal,coal_base_IGCC,2005,OM-var,3.87,coal (IGCC) (once through)
base load generation,coal,coal_base_IGCC,2005,OM-var,3.87,coal (IGCC) (seawater)
base load generation,coal,coal_base_IGCC,2005,OM-var,3.87,coal (IGCC) (recirculating)
base load generation,coal,coal_base_IGCC,2005,OM-var,3.87,coal (IGCC) (dry cooling)
base load generation,coal,coal_base_IGCC_CCS,2005,OM-var,5.76,coal (IGCC CCS) (once through)
base load generation,coal,coal_base_IGCC_CCS,2005,OM-var,5.76,coal (IGCC CCS) (seawater)
base load generation,coal,coal_base_IGCC_CCS,2005,OM-var,5.76,coal (IGCC CCS) (recirculating)
base load generation,coal,coal_base_IGCC_CCS,2005,OM-var,5.76,coal (IGCC CCS) (dry cooling)
base load generation,gas,gas_base_CC,2005,OM-var,0.47,gas (CC) (once through)
base load generation,gas,gas_base_CC,2005,OM-var,0.47,gas (CC) (seawater)
base load generation,gas,gas_base_CC,2005,OM-var,0.47,gas (CC) (recirculating)
base load generation,gas,gas_base_CC,2005,OM-var,0.47,gas (CC) (cooling pond)
base load generation,gas,gas_base_CC,2005,OM-var,0.47,gas (CC) (dry cooling)
base load generation,gas,gas_base_CC_CCS,2005,OM-var,1.18,gas (CC CCS) (once through)
base load generation,gas,gas_base_CC_CCS,2005,OM-var,1.18,gas (CC CCS) (seawater)
base load generation,gas,gas_base_CC_CCS,2005,OM-var,1.18,gas (CC CCS) (recirculating)
base load generation,gas,gas_base_CC_CCS,2005,OM-var,1.18,gas (CC CCS) (dry cooling)
base load generation,geothermal,geo_base,2005,OM-var,0,geothermal (recirculating)
base load generation,geothermal,geo_base,2005,OM-var,0,geothermal (dry_hybrid)
base load generation,nuclear,nuc_base_Gen II,2005,OM-var,0.63,Gen_II_LWR (once through)
base load generation,nuclear,nuc_base_Gen II,2005,OM-var,0.63,Gen_II_LWR (seawater)
base load generation,nuclear,nuc_base_Gen II,2005,OM-var,0.63,Gen_II_LWR (recirculating)
base load generation,nuclear,nuc_base_Gen II,2005,OM-var,0.63,Gen_II_LWR (cooling pond)
base load generation,nuclear,nuc_base_large reactor,2005,OM-var,0.63,large reactor (once through)
base load generation,nuclear,nuc_base_large reactor,2005,OM-var,0.63,large reactor (seawater)
base load generation,nuclear,nuc_base_large reactor,2005,OM-var,0.63,large reactor (recirculating)
base load generation,nuclear,nuc_base_large reactor,2005,OM-var,0.63,large reactor (cooling pond)
base load generation,nuclear,nuc_base_SMR,2005,OM-var,0.61,SMR (once through)
base load generation,nuclear,nuc_base_SMR,2005,OM-var,0.61,SMR (seawater)
base load generation,nuclear,nuc_base_SMR,2005,OM-var,0.61,SMR (recirculating)
base load generation,nuclear,nuc_base_SMR,2005,OM-var,0.61,SMR (cooling pond)
base load generation,refined liquids,refined liquids_base_steam/CT,2005,OM-var,1.33,refined liquids (steam/CT) (once through)
base load generation,refined liquids,refined liquids_base_steam/CT,2005,OM-var,1.33,refined liquids (steam/CT) (seawater)
base load generation,refined liquids,refined liquids_base_steam/CT,2005,OM-var,1.33,refined liquids (steam/CT) (recirculating)
base load generation,refined liquids,refined liquids_base_steam/CT,2005,OM-var,1.33,refined liquids (steam/CT) (cooling pond)
base load generation,refined liquids,refined liquids_base_steam/CT,2005,OM-var,1.33,refined liquids (steam/CT) (dry cooling)
base load generation,refined liquids,refined liquids_base_CC,2005,OM-var,0.47,refined liquids (CC) (once through)
base load generation,refined liquids,refined liquids_base_CC,2005,OM-var,0.47,refined liquids (CC) (seawater)
base load generation,refined liquids,refined liquids_base_CC,2005,OM-var,0.47,refined liquids (CC) (recirculating)
base load generation,refined liquids,refined liquids_base_CC,2005,OM-var,0.47,refined liquids (CC) (dry cooling)
base load generation,refined liquids,refined liquids_base_CC_CCS,2005,OM-var,1.18,refined liquids (CC CCS) (once through)
base load generation,refined liquids,refined liquids_base_CC_CCS,2005,OM-var,1.18,refined liquids (CC CCS) (seawater)
base load generation,refined liquids,refined liquids_base_CC_CCS,2005,OM-var,1.18,refined liquids (CC CCS) (recirculating)
base load generation,refined liquids,refined liquids_base_CC_CCS,2005,OM-var,1.18,refined liquids (CC CCS) (dry cooling)
base load generation,solar,PV_base_storage,2005,OM-var,0,PV_base_storage
base load generation,solar,CSP_base_storage,2005,OM-var,1.15,CSP_base_storage
base load generation,wind,wind_base_storage,2005,OM-var,0,wind_base_storage
base load generation,coal,coal_base_conv pul 1951-1955,2005,OM-var,2.12,coal (conv pul) (once through)
base load generation,coal,coal_base_conv pul 1951-1955,2005,OM-var,2.12,coal (conv pul) (seawater)
base load generation,coal,coal_base_conv pul 1951-1955,2005,OM-var,2.12,coal (conv pul) (recirculating)
base load generation,coal,coal_base_conv pul 1951-1955,2005,OM-var,2.12,coal (conv pul) (cooling pond)
base load generation,coal,coal_base_conv pul 1951-1955,2005,OM-var,2.12,coal (conv pul) (dry cooling)
base load generation,coal,coal_base_conv pul 1956-1960,2005,OM-var,2.12,coal (conv pul) (once through)
base load generation,coal,coal_base_conv pul 1956-1960,2005,OM-var,2.12,coal (conv pul) (seawater)
base load generation,coal,coal_base_conv pul 1956-1960,2005,OM-var,2.12,coal (conv pul) (recirculating)
base load generation,coal,coal_base_conv pul 1956-1960,2005,OM-var,2.12,coal (conv pul) (cooling pond)
base load generation,coal,coal_base_conv pul 1956-1960,2005,OM-var,2.12,coal (conv pul) (dry cooling)
base load generation,coal,coal_base_conv pul 1961-1965,2005,OM-var,2.12,coal (conv pul) (once through)
base load generation,coal,coal_base_conv pul 1961-1965,2005,OM-var,2.12,coal (conv pul) (seawater)
base load generation,coal,coal_base_conv pul 1961-1965,2005,OM-var,2.12,coal (conv pul) (recirculating)
base load generation,coal,coal_base_conv pul 1961-1965,2005,OM-var,2.12,coal (conv pul) (cooling pond)
base load generation,coal,coal_base_conv pul 1961-1965,2005,OM-var,2.12,coal (conv pul) (dry cooling)
base load generation,coal,coal_base_conv pul 1966-1970,2005,OM-var,2.12,coal (conv pul) (once through)
base load generation,coal,coal_base_conv pul 1966-1970,2005,OM-var,2.12,coal (conv pul) (seawater)
base load generation,coal,coal_base_conv pul 1966-1970,2005,OM-var,2.12,coal (conv pul) (recirculating)
base load generation,coal,coal_base_conv pul 1966-1970,2005,OM-var,2.12,coal (conv pul) (cooling pond)
base load generation,coal,coal_base_conv pul 1966-1970,2005,OM-var,2.12,coal (conv pul) (dry cooling)
base load generation,coal,coal_base_conv pul 1971-1975,2005,OM-var,2.12,coal (conv pul) (once through)
base load generation,coal,coal_base_conv pul 1971-1975,2005,OM-var,2.12,coal (conv pul) (seawater)
base load generation,coal,coal_base_conv pul 1971-1975,2005,OM-var,2.12,coal (conv pul) (recirculating)
base load generation,coal,coal_base_conv pul 1971-1975,2005,OM-var,2.12,coal (conv pul) (cooling pond)
base load generation,coal,coal_base_conv pul 1971-1975,2005,OM-var,2.12,coal (conv pul) (dry cooling)
base load generation,coal,coal_base_conv pul 1976-1980,2005,OM-var,2.12,coal (conv pul) (once through)
base load generation,coal,coal_base_conv pul 1976-1980,2005,OM-var,2.12,coal (conv pul) (seawater)
base load generation,coal,coal_base_conv pul 1976-1980,2005,OM-var,2.12,coal (conv pul) (recirculating)
base load generation,coal,coal_base_conv pul 1976-1980,2005,OM-var,2.12,coal (conv pul) (cooling pond)
base load generation,coal,coal_base_conv pul 1976-1980,2005,OM-var,2.12,coal (conv pul) (dry cooling)
base load generation,coal,coal_base_conv pul 1981-1985,2005,OM-var,2.12,coal (conv pul) (once through)
base load generation,coal,coal_base_conv pul 1981-1985,2005,OM-var,2.12,coal (conv pul) (seawater)
base load generation,coal,coal_base_conv pul 1981-1985,2005,OM-var,2.12,coal (conv pul) (recirculating)
base load generation,coal,coal_base_conv pul 1981-1985,2005,OM-var,2.12,coal (conv pul) (cooling pond)
base load generation,coal,coal_base_conv pul 1981-1985,2005,OM-var,2.12,coal (conv pul) (dry cooling)
base load generation,coal,coal_base_conv pul 1986-1990,2005,OM-var,2.12,coal (conv pul) (once through)
base load generation,coal,coal_base_conv pul 1986-1990,2005,OM-var,2.12,coal (conv pul) (seawater)
base load generation,coal,coal_base_conv pul 1986-1990,2005,OM-var,2.12,coal (conv pul) (recirculating)
base load generation,coal,coal_base_conv pul 1986-1990,2005,OM-var,2.12,coal (conv pul) (cooling pond)
base load generation,coal,coal_base_conv pul 1986-1990,2005,OM-var,2.12,coal (conv pul) (dry cooling)
base load generation,coal,coal_base_conv pul 1991-1995,2005,OM-var,2.12,coal (conv pul) (once through)
base load generation,coal,coal_base_conv pul 1991-1995,2005,OM-var,2.12,coal (conv pul) (seawater)
base load generation,coal,coal_base_conv pul 1991-1995,2005,OM-var,2.12,coal (conv pul) (recirculating)
base load generation,coal,coal_base_conv pul 1991-1995,2005,OM-var,2.12,coal (conv pul) (cooling pond)
base load generation,coal,coal_base_conv pul 1991-1995,2005,OM-var,2.12,coal (conv pul) (dry cooling)
base load generation,coal,coal_base_conv pul 1996-2000,2005,OM-var,2.12,coal (conv pul) (once through)
base load generation,coal,coal_base_conv pul 1996-2000,2005,OM-var,2.12,coal (conv pul) (seawater)
base load generation,coal,coal_base_conv pul 1996-2000,2005,OM-var,2.12,coal (conv pul) (recirculating)
base load generation,coal,coal_base_conv pul 1996-2000,2005,OM-var,2.12,coal (conv pul) (cooling pond)
base load generation,coal,coal_base_conv pul 1996-2000,2005,OM-var,2.12,coal (conv pul) (dry cooling)
base load generation,coal,coal_base_conv pul 2001-2005,2005,OM-var,2.12,coal (conv pul) (once through)
base load generation,coal,coal_base_conv pul 2001-2005,2005,OM-var,2.12,coal (conv pul) (seawater)
base load generation,coal,coal_base_conv pul 2001-2005,2005,OM-var,2.12,coal (conv pul) (recirculating)
base load generation,coal,coal_base_conv pul 2001-2005,2005,OM-var,2.12,coal (conv pul) (cooling pond)
base load generation,coal,coal_base_conv pul 2001-2005,2005,OM-var,2.12,coal (conv pul) (dry cooling)
base load generation,coal,coal_base_conv pul 2006-2010,2005,OM-var,2.12,coal (conv pul) (once through)
base load generation,coal,coal_base_conv pul 2006-2010,2005,OM-var,2.12,coal (conv pul) (seawater)
base load generation,coal,coal_base_conv pul 2006-2010,2005,OM-var,2.12,coal (conv pul) (recirculating)
base load generation,coal,coal_base_conv pul 2006-2010,2005,OM-var,2.12,coal (conv pul) (cooling pond)
base load generation,coal,coal_base_conv pul 2006-2010,2005,OM-var,2.12,coal (conv pul) (dry cooling)
base load generation,coal,coal_base_conv pul 2011-2015,2005,OM-var,2.12,coal (conv pul) (once through)
base load generation,coal,coal_base_conv pul 2011-2015,2005,OM-var,2.12,coal (conv pul) (seawater)
base load generation,coal,coal_base_conv pul 2011-2015,2005,OM-var,2.12,coal (conv pul) (recirculating)
base load generation,coal,coal_base_conv pul 2011-2015,2005,OM-var,2.12,coal (conv pul) (cooling pond)
base load generation,coal,coal_base_conv pul 2011-2015,2005,OM-var,2.12,coal (conv pul) (dry cooling)
base load generation,coal,coal_base_conv pul 2016-2021,2005,OM-var,2.12,coal (conv pul) (once through)
base load generation,coal,coal_base_conv pul 2016-2021,2005,OM-var,2.12,coal (conv pul) (seawater)
base load generation,coal,coal_base_conv pul 2016-2021,2005,OM-var,2.12,coal (conv pul) (recirculating)
base load generation,coal,coal_base_conv pul 2016-2021,2005,OM-var,2.12,coal (conv pul) (cooling pond)
base load generation,coal,coal_base_conv pul 2016-2021,2005,OM-var,2.12,coal (conv pul) (dry cooling)
base load generation,coal,coal_base_conv pul before 1950,2005,OM-var,2.12,coal (conv pul) (once through)
base load generation,coal,coal_base_conv pul before 1950,2005,OM-var,2.12,coal (conv pul) (seawater)
base load generation,coal,coal_base_conv pul before 1950,2005,OM-var,2.12,coal (conv pul) (recirculating)
base load generation,coal,coal_base_conv pul before 1950,2005,OM-var,2.12,coal (conv pul) (cooling pond)
base load generation,coal,coal_base_conv pul before 1950,2005,OM-var,2.12,coal (conv pul) (dry cooling)
base load generation,coal,coal_base_conv pul_retire_2023,2005,OM-var,2.12,coal (conv pul) (once through)
base load generation,coal,coal_base_conv pul_retire_2023,2005,OM-var,2.12,coal (conv pul) (seawater)
base load generation,coal,coal_base_conv pul_retire_2023,2005,OM-var,2.12,coal (conv pul) (recirculating)
base load generation,coal,coal_base_conv pul_retire_2023,2005,OM-var,2.12,coal (conv pul) (cooling pond)
base load generation,coal,coal_base_conv pul_retire_2023,2005,OM-var,2.12,coal (conv pul) (dry cooling)
base load generation,biomass,biomass_base_conv,2010,OM-var,1.29,biomass (conv) (once through)
base load generation,biomass,biomass_base_conv,2010,OM-var,1.29,biomass (conv) (seawater)
base load generation,biomass,biomass_base_conv,2010,OM-var,1.29,biomass (conv) (recirculating)
base load generation,biomass,biomass_base_conv,2010,OM-var,1.29,biomass (conv) (cooling pond)
base load generation,biomass,biomass_base_conv,2010,OM-var,1.29,biomass (conv) (dry cooling)
base load generation,biomass,biomass_base_conv_CCS,2010,OM-var,3.96,biomass (conv CCS) (once through)
base load generation,biomass,biomass_base_conv_CCS,2010,OM-var,3.96,biomass (conv CCS) (seawater)
base load generation,biomass,biomass_base_conv_CCS,2010,OM-var,3.96,biomass (conv CCS) (recirculating)
base load generation,biomass,biomass_base_conv_CCS,2010,OM-var,3.96,biomass (conv CCS) (dry cooling)
base load generation,biomass,biomass_base_IGCC,2010,OM-var,3.05,biomass (IGCC) (once through)
base load generation,biomass,biomass_base_IGCC,2010,OM-var,3.05,biomass (IGCC) (seawater)
base load generation,biomass,biomass_base_IGCC,2010,OM-var,3.05,biomass (IGCC) (recirculating)
base load generation,biomass,biomass_base_IGCC,2010,OM-var,3.05,biomass (IGCC) (dry cooling)
base load generation,biomass,biomass_base_IGCC_CCS,2010,OM-var,5.98,biomass (IGCC CCS) (once through)
base load generation,biomass,biomass_base_IGCC_CCS,2010,OM-var,5.98,biomass (IGCC CCS) (seawater)
base load generation,biomass,biomass_base_IGCC_CCS,2010,OM-var,5.98,biomass (IGCC CCS) (recirculating)
base load generation,biomass,biomass_base_IGCC_CCS,2010,OM-var,5.98,biomass (IGCC CCS) (dry cooling)
base load generation,coal,coal_base_conv pul,2010,OM-var,2.12,coal (conv pul) (once through)
base load generation,coal,coal_base_conv pul,2010,OM-var,2.12,coal (conv pul) (seawater)
base load generation,coal,coal_base_conv pul,2010,OM-var,2.12,coal (conv pul) (recirculating)
base load generation,coal,coal_base_conv pul,2010,OM-var,2.12,coal (conv pul) (cooling pond)
base load generation,coal,coal_base_conv pul,2010,OM-var,2.12,coal (conv pul) (dry cooling)
base load generation,coal,coal_base_conv pul_CCS,2010,OM-var,3.74,coal (conv pul CCS) (once through)
base load generation,coal,coal_base_conv pul_CCS,2010,OM-var,3.74,coal (conv pul CCS) (seawater)
base load generation,coal,coal_base_conv pul_CCS,2010,OM-var,3.74,coal (conv pul CCS) (recirculating)
base load generation,coal,coal_base_conv pul_CCS,2010,OM-var,3.74,coal (conv pul CCS) (dry cooling)
base load generation,coal,coal_base_IGCC,2010,OM-var,3.87,coal (IGCC) (once through)
base load generation,coal,coal_base_IGCC,2010,OM-var,3.87,coal (IGCC) (seawater)
base load generation,coal,coal_base_IGCC,2010,OM-var,3.87,coal (IGCC) (recirculating)
base load generation,coal,coal_base_IGCC,2010,OM-var,3.87,coal (IGCC) (dry cooling)
base load generation,coal,coal_base_IGCC_CCS,2010,OM-var,5.76,coal (IGCC CCS) (once through)
base load generation,coal,coal_base_IGCC_CCS,2010,OM-var,5.76,coal (IGCC CCS) (seawater)
base load generation,coal,coal_base_IGCC_CCS,2010,OM-var,5.76,coal (IGCC CCS) (recirculating)
base load generation,coal,coal_base_IGCC_CCS,2010,OM-var,5.76,coal (IGCC CCS) (dry cooling)
base load generation,gas,gas_base_CC,2010,OM-var,0.47,gas (CC) (once through)
base load generation,gas,gas_base_CC,2010,OM-var,0.47,gas (CC) (seawater)
base load generation,gas,gas_base_CC,2010,OM-var,0.47,gas (CC) (recirculating)
base load generation,gas,gas_base_CC,2010,OM-var,0.47,gas (CC) (cooling pond)
base load generation,gas,gas_base_CC,2010,OM-var,0.47,gas (CC) (dry cooling)
base load generation,gas,gas_base_CC_CCS,2010,OM-var,1.18,gas (CC CCS) (once through)
base load generation,gas,gas_base_CC_CCS,2010,OM-var,1.18,gas (CC CCS) (seawater)
base load generation,gas,gas_base_CC_CCS,2010,OM-var,1.18,gas (CC CCS) (recirculating)
base load generation,gas,gas_base_CC_CCS,2010,OM-var,1.18,gas (CC CCS) (dry cooling)
base load generation,geothermal,geo_base,2010,OM-var,0,geothermal (recirculating)
base load generation,geothermal,geo_base,2010,OM-var,0,geothermal (dry_hybrid)
base load generation,nuclear,nuc_base_Gen II,2010,OM-var,0.63,Gen_II_LWR (once through)
base load generation,nuclear,nuc_base_Gen II,2010,OM-var,0.63,Gen_II_LWR (seawater)
base load generation,nuclear,nuc_base_Gen II,2010,OM-var,0.63,Gen_II_LWR (recirculating)
base load generation,nuclear,nuc_base_Gen II,2010,OM-var,0.63,Gen_II_LWR (cooling pond)
base load generation,nuclear,nuc_base_large reactor,2010,OM-var,0.63,large reactor (once through)
base load generation,nuclear,nuc_base_large reactor,2010,OM-var,0.63,large reactor (seawater)
base load generation,nuclear,nuc_base_large reactor,2010,OM-var,0.63,large reactor (recirculating)
base load generation,nuclear,nuc_base_large reactor,2010,OM-var,0.63,large reactor (cooling pond)
base load generation,nuclear,nuc_base_SMR,2010,OM-var,0.61,SMR (once through)
base load generation,nuclear,nuc_base_SMR,2010,OM-var,0.61,SMR (seawater)
base load generation,nuclear,nuc_base_SMR,2010,OM-var,0.61,SMR (recirculating)
base load generation,nuclear,nuc_base_SMR,2010,OM-var,0.61,SMR (cooling pond)
base load generation,refined liquids,refined liquids_base_steam/CT,2010,OM-var,1.33,refined liquids (steam/CT) (once through)
base load generation,refined liquids,refined liquids_base_steam/CT,2010,OM-var,1.33,refined liquids (steam/CT) (seawater)
base load generation,refined liquids,refined liquids_base_steam/CT,2010,OM-var,1.33,refined liquids (steam/CT) (recirculating)
base load generation,refined liquids,refined liquids_base_steam/CT,2010,OM-var,1.33,refined liquids (steam/CT) (cooling pond)
base load generation,refined liquids,refined liquids_base_steam/CT,2010,OM-var,1.33,refined liquids (steam/CT) (dry cooling)
base load generation,refined liquids,refined liquids_base_CC,2010,OM-var,0.47,refined liquids (CC) (once through)
base load generation,refined liquids,refined liquids_base_CC,2010,OM-var,0.47,refined liquids (CC) (seawater)
base load generation,refined liquids,refined liquids_base_CC,2010,OM-var,0.47,refined liquids (CC) (recirculating)
base load generation,refined liquids,refined liquids_base_CC,2010,OM-var,0.47,refined liquids (CC) (dry cooling)
base load generation,refined liquids,refined liquids_base_CC_CCS,2010,OM-var,1.18,refined liquids (CC CCS) (once through)
base load generation,refined liquids,refined liquids_base_CC_CCS,2010,OM-var,1.18,refined liquids (CC CCS) (seawater)
base load generation,refined liquids,refined liquids_base_CC_CCS,2010,OM-var,1.18,refined liquids (CC CCS) (recirculating)
base load generation,refined liquids,refined liquids_base_CC_CCS,2010,OM-var,1.18,refined liquids (CC CCS) (dry cooling)
base load generation,solar,PV_base_storage,2010,OM-var,0,PV_base_storage
base load generation,solar,CSP_base_storage,2010,OM-var,1.15,CSP_base_storage
base load generation,wind,wind_base_storage,2010,OM-var,0,wind_base_storage
base load generation,coal,coal_base_conv pul 1951-1955,2010,OM-var,2.12,coal (conv pul) (once through)
base load generation,coal,coal_base_conv pul 1951-1955,2010,OM-var,2.12,coal (conv pul) (seawater)
base load generation,coal,coal_base_conv pul 1951-1955,2010,OM-var,2.12,coal (conv pul) (recirculating)
base load generation,coal,coal_base_conv pul 1951-1955,2010,OM-var,2.12,coal (conv pul) (cooling pond)
base load generation,coal,coal_base_conv pul 1951-1955,2010,OM-var,2.12,coal (conv pul) (dry cooling)
base load generation,coal,coal_base_conv pul 1956-1960,2010,OM-var,2.12,coal (conv pul) (once through)
base load generation,coal,coal_base_conv pul 1956-1960,2010,OM-var,2.12,coal (conv pul) (seawater)
base load generation,coal,coal_base_conv pul 1956-1960,2010,OM-var,2.12,coal (conv pul) (recirculating)
base load generation,coal,coal_base_conv pul 1956-1960,2010,OM-var,2.12,coal (conv pul) (cooling pond)
base load generation,coal,coal_base_conv pul 1956-1960,2010,OM-var,2.12,coal (conv pul) (dry cooling)
base load generation,coal,coal_base_conv pul 1961-1965,2010,OM-var,2.12,coal (conv pul) (once through)
base load generation,coal,coal_base_conv pul 1961-1965,2010,OM-var,2.12,coal (conv pul) (seawater)
base load generation,coal,coal_base_conv pul 1961-1965,2010,OM-var,2.12,coal (conv pul) (recirculating)
base load generation,coal,coal_base_conv pul 1961-1965,2010,OM-var,2.12,coal (conv pul) (cooling pond)
base load generation,coal,coal_base_conv pul 1961-1965,2010,OM-var,2.12,coal (conv pul) (dry cooling)
base load generation,coal,coal_base_conv pul 1966-1970,2010,OM-var,2.12,coal (conv pul) (once through)
base load generation,coal,coal_base_conv pul 1966-1970,2010,OM-var,2.12,coal (conv pul) (seawater)
base load generation,coal,coal_base_conv pul 1966-1970,2010,OM-var,2.12,coal (conv pul) (recirculating)
base load generation,coal,coal_base_conv pul 1966-1970,2010,OM-var,2.12,coal (conv pul) (cooling pond)
base load generation,coal,coal_base_conv pul 1966-1970,2010,OM-var,2.12,coal (conv pul) (dry cooling)
base load generation,coal,coal_base_conv pul 1971-1975,2010,OM-var,2.12,coal (conv pul) (once through)
base load generation,coal,coal_base_conv pul 1971-1975,2010,OM-var,2.12,coal (conv pul) (seawater)
base load generation,coal,coal_base_conv pul 1971-1975,2010,OM-var,2.12,coal (conv pul) (recirculating)
base load generation,coal,coal_base_conv pul 1971-1975,2010,OM-var,2.12,coal (conv pul) (cooling pond)
base load generation,coal,coal_base_conv pul 1971-1975,2010,OM-var,2.12,coal (conv pul) (dry cooling)
base load generation,coal,coal_base_conv pul 1976-1980,2010,OM-var,2.12,coal (conv pul) (once through)
base load generation,coal,coal_base_conv pul 1976-1980,2010,OM-var,2.12,coal (conv pul) (seawater)
base load generation,coal,coal_base_conv pul 1976-1980,2010,OM-var,2.12,coal (conv pul) (recirculating)
base load generation,coal,coal_base_conv pul 1976-1980,2010,OM-var,2.12,coal (conv pul) (cooling pond)
base load generation,coal,coal_base_conv pul 1976-1980,2010,OM-var,2.12,coal (conv pul) (dry cooling)
base load generation,coal,coal_base_conv pul 1981-1985,2010,OM-var,2.12,coal (conv pul) (once through)
base load generation,coal,coal_base_conv pul 1981-1985,2010,OM-var,2.12,coal (conv pul) (seawater)
base load generation,coal,coal_base_conv pul 1981-1985,2010,OM-var,2.12,coal (conv pul) (recirculating)
base load generation,coal,coal_base_conv pul 1981-1985,2010,OM-var,2.12,coal (conv pul) (cooling pond)
base load generation,coal,coal_base_conv pul 1981-1985,2010,OM-var,2.12,coal (conv pul) (dry cooling)
base load generation,coal,coal_base_conv pul 1986-1990,2010,OM-var,2.12,coal (conv pul) (once through)
base load generation,coal,coal_base_conv pul 1986-1990,2010,OM-var,2.12,coal (conv pul) (seawater)
base load generation,coal,coal_base_conv pul 1986-1990,2010,OM-var,2.12,coal (conv pul) (recirculating)
base load generation,coal,coal_base_conv pul 1986-1990,2010,OM-var,2.12,coal (conv pul) (cooling pond)
base load generation,coal,coal_base_conv pul 1986-1990,2010,OM-var,2.12,coal (conv pul) (dry cooling)
base load generation,coal,coal_base_conv pul 1991-1995,2010,OM-var,2.12,coal (conv pul) (once through)
base load generation,coal,coal_base_conv pul 1991-1995,2010,OM-var,2.12,coal (conv pul) (seawater)
base load generation,coal,coal_base_conv pul 1991-1995,2010,OM-var,2.12,coal (conv pul) (recirculating)
base load generation,coal,coal_base_conv pul 1991-1995,2010,OM-var,2.12,coal (conv pul) (cooling pond)
base load generation,coal,coal_base_conv pul 1991-1995,2010,OM-var,2.12,coal (conv pul) (dry cooling)
base load generation,coal,coal_base_conv pul 1996-2000,2010,OM-var,2.12,coal (conv pul) (once through)
base load generation,coal,coal_base_conv pul 1996-2000,2010,OM-var,2.12,coal (conv pul) (seawater)
base load generation,coal,coal_base_conv pul 1996-2000,2010,OM-var,2.12,coal (conv pul) (recirculating)
base load generation,coal,coal_base_conv pul 1996-2000,2010,OM-var,2.12,coal (conv pul) (cooling pond)
base load generation,coal,coal_base_conv pul 1996-2000,2010,OM-var,2.12,coal (conv pul) (dry cooling)
base load generation,coal,coal_base_conv pul 2001-2005,2010,OM-var,2.12,coal (conv pul) (once through)
base load generation,coal,coal_base_conv pul 2001-2005,2010,OM-var,2.12,coal (conv pul) (seawater)
base load generation,coal,coal_base_conv pul 2001-2005,2010,OM-var,2.12,coal (conv pul) (recirculating)
base load generation,coal,coal_base_conv pul 2001-2005,2010,OM-var,2.12,coal (conv pul) (cooling pond)
base load generation,coal,coal_base_conv pul 2001-2005,2010,OM-var,2.12,coal (conv pul) (dry cooling)
base load generation,coal,coal_base_conv pul 2006-2010,2010,OM-var,2.12,coal (conv pul) (once through)
base load generation,coal,coal_base_conv pul 2006-2010,2010,OM-var,2.12,coal (conv pul) (seawater)
base load generation,coal,coal_base_conv pul 2006-2010,2010,OM-var,2.12,coal (conv pul) (recirculating)
base load generation,coal,coal_base_conv pul 2006-2010,2010,OM-var,2.12,coal (conv pul) (cooling pond)
base load generation,coal,coal_base_conv pul 2006-2010,2010,OM-var,2.12,coal (conv pul) (dry cooling)
base load generation,coal,coal_base_conv pul 2011-2015,2010,OM-var,2.12,coal (conv pul) (once through)
base load generation,coal,coal_base_conv pul 2011-2015,2010,OM-var,2.12,coal (conv pul) (seawater)
base load generation,coal,coal_base_conv pul 2011-2015,2010,OM-var,2.12,coal (conv pul) (recirculating)
base load generation,coal,coal_base_conv pul 2011-2015,2010,OM-var,2.12,coal (conv pul) (cooling pond)
base load generation,coal,coal_base_conv pul 2011-2015,2010,OM-var,2.12,coal (conv pul) (dry cooling)
base load generation,coal,coal_base_conv pul 2016-2021,2010,OM-var,2.12,coal (conv pul) (once through)
base load generation,coal,coal_base_conv pul 2016-2021,2010,OM-var,2.12,coal (conv pul) (seawater)
base load generation,coal,coal_base_conv pul 2016-2021,2010,OM-var,2.12,coal (conv pul) (recirculating)
base load generation,coal,coal_base_conv pul 2016-2021,2010,OM-var,2.12,coal (conv pul) (cooling pond)
base load generation,coal,coal_base_conv pul 2016-2021,2010,OM-var,2.12,coal (conv pul) (dry cooling)
base load generation,coal,coal_base_conv pul before 1950,2010,OM-var,2.12,coal (conv pul) (once through)
base load generation,coal,coal_base_conv pul before 1950,2010,OM-var,2.12,coal (conv pul) (seawater)
base load generation,coal,coal_base_conv pul before 1950,2010,OM-var,2.12,coal (conv pul) (recirculating)
base load generation,coal,coal_base_conv pul before 1950,2010,OM-var,2.12,coal (conv pul) (cooling pond)
base load generation,coal,coal_base_conv pul before 1950,2010,OM-var,2.12,coal (conv pul) (dry cooling)
base load generation,coal,coal_base_conv pul_retire_2023,2010,OM-var,2.12,coal (conv pul) (once through)
base load generation,coal,coal_base_conv pul_retire_2023,2010,OM-var,2.12,coal (conv pul) (seawater)
base load generation,coal,coal_base_conv pul_retire_2023,2010,OM-var,2.12,coal (conv pul) (recirculating)
base load generation,coal,coal_base_conv pul_retire_2023,2010,OM-var,2.12,coal (conv pul) (cooling pond)
base load generation,coal,coal_base_conv pul_retire_2023,2010,OM-var,2.12,coal (conv pul) (dry cooling)
base load generation,biomass,biomass_base_conv,2015,OM-var,1.29,biomass (conv) (once through)
base load generation,biomass,biomass_base_conv,2015,OM-var,1.29,biomass (conv) (seawater)
base load generation,biomass,biomass_base_conv,2015,OM-var,1.29,biomass (conv) (recirculating)
base load generation,biomass,biomass_base_conv,2015,OM-var,1.29,biomass (conv) (cooling pond)
base load generation,biomass,biomass_base_conv,2015,OM-var,1.29,biomass (conv) (dry cooling)
base load generation,biomass,biomass_base_conv_CCS,2015,OM-var,3.96,biomass (conv CCS) (once through)
base load generation,biomass,biomass_base_conv_CCS,2015,OM-var,3.96,biomass (conv CCS) (seawater)
base load generation,biomass,biomass_base_conv_CCS,2015,OM-var,3.96,biomass (conv CCS) (recirculating)
base load generation,biomass,biomass_base_conv_CCS,2015,OM-var,3.96,biomass (conv CCS) (dry cooling)
base load generation,biomass,biomass_base_IGCC,2015,OM-var,3.05,biomass (IGCC) (once through)
base load generation,biomass,biomass_base_IGCC,2015,OM-var,3.05,biomass (IGCC) (seawater)
base load generation,biomass,biomass_base_IGCC,2015,OM-var,3.05,biomass (IGCC) (recirculating)
base load generation,biomass,biomass_base_IGCC,2015,OM-var,3.05,biomass (IGCC) (dry cooling)
base load generation,biomass,biomass_base_IGCC_CCS,2015,OM-var,5.98,biomass (IGCC CCS) (once through)
base load generation,biomass,biomass_base_IGCC_CCS,2015,OM-var,5.98,biomass (IGCC CCS) (seawater)
base load generation,biomass,biomass_base_IGCC_CCS,2015,OM-var,5.98,biomass (IGCC CCS) (recirculating)
base load generation,biomass,biomass_base_IGCC_CCS,2015,OM-var,5.98,biomass (IGCC CCS) (dry cooling)
base load generation,coal,coal_base_conv pul,2015,OM-var,2.12,coal (conv pul) (once through)
base load generation,coal,coal_base_conv pul,2015,OM-var,2.12,coal (conv pul) (seawater)
base load generation,coal,coal_base_conv pul,2015,OM-var,2.12,coal (conv pul) (recirculating)
base load generation,coal,coal_base_conv pul,2015,OM-var,2.12,coal (conv pul) (cooling pond)
base load generation,coal,coal_base_conv pul,2015,OM-var,2.12,coal (conv pul) (dry cooling)
base load generation,coal,coal_base_conv pul_CCS,2015,OM-var,3.74,coal (conv pul CCS) (once through)
base load generation,coal,coal_base_conv pul_CCS,2015,OM-var,3.74,coal (conv pul CCS) (seawater)
base load generation,coal,coal_base_conv pul_CCS,2015,OM-var,3.74,coal (conv pul CCS) (recirculating)
base load generation,coal,coal_base_conv pul_CCS,2015,OM-var,3.74,coal (conv pul CCS) (dry cooling)
base load generation,coal,coal_base_IGCC,2015,OM-var,3.87,coal (IGCC) (once through)
base load generation,coal,coal_base_IGCC,2015,OM-var,3.87,coal (IGCC) (seawater)
base load generation,coal,coal_base_IGCC,2015,OM-var,3.87,coal (IGCC) (recirculating)
base load generation,coal,coal_base_IGCC,2015,OM-var,3.87,coal (IGCC) (dry cooling)
base load generation,coal,coal_base_IGCC_CCS,2015,OM-var,5.76,coal (IGCC CCS) (once through)
base load generation,coal,coal_base_IGCC_CCS,2015,OM-var,5.76,coal (IGCC CCS) (seawater)
base load generation,coal,coal_base_IGCC_CCS,2015,OM-var,5.76,coal (IGCC CCS) (recirculating)
base load generation,coal,coal_base_IGCC_CCS,2015,OM-var,5.76,coal (IGCC CCS) (dry cooling)
base load generation,gas,gas_base_CC,2015,OM-var,0.47,gas (CC) (once through)
base load generation,gas,gas_base_CC,2015,OM-var,0.47,gas (CC) (seawater)
base load generation,gas,gas_base_CC,2015,OM-var,0.47,gas (CC) (recirculating)
base load generation,gas,gas_base_CC,2015,OM-var,0.47,gas (CC) (cooling pond)
base load generation,gas,gas_base_CC,2015,OM-var,0.47,gas (CC) (dry cooling)
base load generation,gas,gas_base_CC_CCS,2015,OM-var,1.18,gas (CC CCS) (once through)
base load generation,gas,gas_base_CC_CCS,2015,OM-var,1.18,gas (CC CCS) (seawater)
base load generation,gas,gas_base_CC_CCS,2015,OM-var,1.18,gas (CC CCS) (recirculating)
base load generation,gas,gas_base_CC_CCS,2015,OM-var,1.18,gas (CC CCS) (dry cooling)
base load generation,geothermal,geo_base,2015,OM-var,0,geothermal (recirculating)
base load generation,geothermal,geo_base,2015,OM-var,0,geothermal (dry_hybrid)
base load generation,nuclear,nuc_base_Gen II,2015,OM-var,0.63,Gen_II_LWR (once through)
base load generation,nuclear,nuc_base_Gen II,2015,OM-var,0.63,Gen_II_LWR (seawater)
base load generation,nuclear,nuc_base_Gen II,2015,OM-var,0.63,Gen_II_LWR (recirculating)
base load generation,nuclear,nuc_base_Gen II,2015,OM-var,0.63,Gen_II_LWR (cooling pond)
base load generation,nuclear,nuc_base_large reactor,2015,OM-var,0.63,large reactor (once through)
base load generation,nuclear,nuc_base_large reactor,2015,OM-var,0.63,large reactor (seawater)
base load generation,nuclear,nuc_base_large reactor,2015,OM-var,0.63,large reactor (recirculating)
base load generation,nuclear,nuc_base_large reactor,2015,OM-var,0.63,large reactor (cooling pond)
base load generation,nuclear,nuc_base_SMR,2015,OM-var,0.61,SMR (once through)
base load generation,nuclear,nuc_base_SMR,2015,OM-var,0.61,SMR (seawater)
base load generation,nuclear,nuc_base_SMR,2015,OM-var,0.61,SMR (recirculating)
base load generation,nuclear,nuc_base_SMR,2015,OM-var,0.61,SMR (cooling pond)
base load generation,refined liquids,refined liquids_base_steam/CT,2015,OM-var,1.33,refined liquids (steam/CT) (once through)
base load generation,refined liquids,refined liquids_base_steam/CT,2015,OM-var,1.33,refined liquids (steam/CT) (seawater)
base load generation,refined liquids,refined liquids_base_steam/CT,2015,OM-var,1.33,refined liquids (steam/CT) (recirculating)
base load generation,refined liquids,refined liquids_base_steam/CT,2015,OM-var,1.33,refined liquids (steam/CT) (cooling pond)
base load generation,refined liquids,refined liquids_base_steam/CT,2015,OM-var,1.33,refined liquids (steam/CT) (dry cooling)
base load generation,refined liquids,refined liquids_base_CC,2015,OM-var,0.47,refined liquids (CC) (once through)
base load generation,refined liquids,refined liquids_base_CC,2015,OM-var,0.47,refined liquids (CC) (seawater)
base load generation,refined liquids,refined liquids_base_CC,2015,OM-var,0.47,refined liquids (CC) (recirculating)
base load generation,refined liquids,refined liquids_base_CC,2015,OM-var,0.47,refined liquids (CC) (dry cooling)
base load generation,refined liquids,refined liquids_base_CC_CCS,2015,OM-var,1.18,refined liquids (CC CCS) (once through)
base load generation,refined liquids,refined liquids_base_CC_CCS,2015,OM-var,1.18,refined liquids (CC CCS) (seawater)
base load generation,refined liquids,refined liquids_base_CC_CCS,2015,OM-var,1.18,refined liquids (CC CCS) (recirculating)
base load generation,refined liquids,refined liquids_base_CC_CCS,2015,OM-var,1.18,refined liquids (CC CCS) (dry cooling)
base load generation,solar,PV_base_storage,2015,OM-var,0,PV_base_storage
base load generation,solar,CSP_base_storage,2015,OM-var,1.15,CSP_base_storage
base load generation,wind,wind_base_storage,2015,OM-var,0,wind_base_storage
base load generation,coal,coal_base_conv pul 1951-1955,2015,OM-var,2.12,coal (conv pul) (once through)
base load generation,coal,coal_base_conv pul 1951-1955,2015,OM-var,2.12,coal (conv pul) (seawater)
base load generation,coal,coal_base_conv pul 1951-1955,2015,OM-var,2.12,coal (conv pul) (recirculating)
base load generation,coal,coal_base_conv pul 1951-1955,2015,OM-var,2.12,coal (conv pul) (cooling pond)
base load generation,coal,coal_base_conv pul 1951-1955,2015,OM-var,2.12,coal (conv pul) (dry cooling)
base load generation,coal,coal_base_conv pul 1956-1960,2015,OM-var,2.12,coal (conv pul) (once through)
base load generation,coal,coal_base_conv pul 1956-1960,2015,OM-var,2.12,coal (conv pul) (seawater)
base load generation,coal,coal_base_conv pul 1956-1960,2015,OM-var,2.12,coal (conv pul) (recirculating)
base load generation,coal,coal_base_conv pul 1956-1960,2015,OM-var,2.12,coal (conv pul) (cooling pond)
base load generation,coal,coal_base_conv pul 1956-1960,2015,OM-var,2.12,coal (conv pul) (dry cooling)
base load generation,coal,coal_base_conv pul 1961-1965,2015,OM-var,2.12,coal (conv pul) (once through)
base load generation,coal,coal_base_conv pul 1961-1965,2015,OM-var,2.12,coal (conv pul) (seawater)
base load generation,coal,coal_base_conv pul 1961-1965,2015,OM-var,2.12,coal (conv pul) (recirculating)
base load generation,coal,coal_base_conv pul 1961-1965,2015,OM-var,2.12,coal (conv pul) (cooling pond)
base load generation,coal,coal_base_conv pul 1961-1965,2015,OM-var,2.12,coal (conv pul) (dry cooling)
base load generation,coal,coal_base_conv pul 1966-1970,2015,OM-var,2.12,coal (conv pul) (once through)
base load generation,coal,coal_base_conv pul 1966-1970,2015,OM-var,2.12,coal (conv pul) (seawater)
base load generation,coal,coal_base_conv pul 1966-1970,2015,OM-var,2.12,coal (conv pul) (recirculating)
base load generation,coal,coal_base_conv pul 1966-1970,2015,OM-var,2.12,coal (conv pul) (cooling pond)
base load generation,coal,coal_base_conv pul 1966-1970,2015,OM-var,2.12,coal (conv pul) (dry cooling)
base load generation,coal,coal_base_conv pul 1971-1975,2015,OM-var,2.12,coal (conv pul) (once through)
base load generation,coal,coal_base_conv pul 1971-1975,2015,OM-var,2.12,coal (conv pul) (seawater)
base load generation,coal,coal_base_conv pul 1971-1975,2015,OM-var,2.12,coal (conv pul) (recirculating)
base load generation,coal,coal_base_conv pul 1971-1975,2015,OM-var,2.12,coal (conv pul) (cooling pond)
base load generation,coal,coal_base_conv pul 1971-1975,2015,OM-var,2.12,coal (conv pul) (dry cooling)
base load generation,coal,coal_base_conv pul 1976-1980,2015,OM-var,2.12,coal (conv pul) (once through)
base load generation,coal,coal_base_conv pul 1976-1980,2015,OM-var,2.12,coal (conv pul) (seawater)
base load generation,coal,coal_base_conv pul 1976-1980,2015,OM-var,2.12,coal (conv pul) (recirculating)
base load generation,coal,coal_base_conv pul 1976-1980,2015,OM-var,2.12,coal (conv pul) (cooling pond)
base load generation,coal,coal_base_conv pul 1976-1980,2015,OM-var,2.12,coal (conv pul) (dry cooling)
base load generation,coal,coal_base_conv pul 1981-1985,2015,OM-var,2.12,coal (conv pul) (once through)
base load generation,coal,coal_base_conv pul 1981-1985,2015,OM-var,2.12,coal (conv pul) (seawater)
base load generation,coal,coal_base_conv pul 1981-1985,2015,OM-var,2.12,coal (conv pul) (recirculating)
base load generation,coal,coal_base_conv pul 1981-1985,2015,OM-var,2.12,coal (conv pul) (cooling pond)
base load generation,coal,coal_base_conv pul 1981-1985,2015,OM-var,2.12,coal (conv pul) (dry cooling)
base load generation,coal,coal_base_conv pul 1986-1990,2015,OM-var,2.12,coal (conv pul) (once through)
base load generation,coal,coal_base_conv pul 1986-1990,2015,OM-var,2.12,coal (conv pul) (seawater)
base load generation,coal,coal_base_conv pul 1986-1990,2015,OM-var,2.12,coal (conv pul) (recirculating)
base load generation,coal,coal_base_conv pul 1986-1990,2015,OM-var,2.12,coal (conv pul) (cooling pond)
base load generation,coal,coal_base_conv pul 1986-1990,2015,OM-var,2.12,coal (conv pul) (dry cooling)
base load generation,coal,coal_base_conv pul 1991-1995,2015,OM-var,2.12,coal (conv pul) (once through)
base load generation,coal,coal_base_conv pul 1991-1995,2015,OM-var,2.12,coal (conv pul) (seawater)
base load generation,coal,coal_base_conv pul 1991-1995,2015,OM-var,2.12,coal (conv pul) (recirculating)
base load generation,coal,coal_base_conv pul 1991-1995,2015,OM-var,2.12,coal (conv pul) (cooling pond)
base load generation,coal,coal_base_conv pul 1991-1995,2015,OM-var,2.12,coal (conv pul) (dry cooling)
base load generation,coal,coal_base_conv pul 1996-2000,2015,OM-var,2.12,coal (conv pul) (once through)
base load generation,coal,coal_base_conv pul 1996-2000,2015,OM-var,2.12,coal (conv pul) (seawater)
base load generation,coal,coal_base_conv pul 1996-2000,2015,OM-var,2.12,coal (conv pul) (recirculating)
base load generation,coal,coal_base_conv pul 1996-2000,2015,OM-var,2.12,coal (conv pul) (cooling pond)
base load generation,coal,coal_base_conv pul 1996-2000,2015,OM-var,2.12,coal (conv pul) (dry cooling)
base load generation,coal,coal_base_conv pul 2001-2005,2015,OM-var,2.12,coal (conv pul) (once through)
base load generation,coal,coal_base_conv pul 2001-2005,2015,OM-var,2.12,coal (conv pul) (seawater)
base load generation,coal,coal_base_conv pul 2001-2005,2015,OM-var,2.12,coal (conv pul) (recirculating)
base load generation,coal,coal_base_conv pul 2001-2005,2015,OM-var,2.12,coal (conv pul) (cooling pond)
base load generation,coal,coal_base_conv pul 2001-2005,2015,OM-var,2.12,coal (conv pul) (dry cooling)
base load generation,coal,coal_base_conv pul 2006-2010,2015,OM-var,2.12,coal (conv pul) (once through)
base load generation,coal,coal_base_conv pul 2006-2010,2015,OM-var,2.12,coal (conv pul) (seawater)
base load generation,coal,coal_base_conv pul 2006-2010,2015,OM-var,2.12,coal (conv pul) (recirculating)
base load generation,coal,coal_base_conv pul 2006-2010,2015,OM-var,2.12,coal (conv pul) (cooling pond)
base load generation,coal,coal_base_conv pul 2006-2010,2015,OM-var,2.12,coal (conv pul) (dry cooling)
base load generation,coal,coal_base_conv pul 2011-2015,2015,OM-var,2.12,coal (conv pul) (once through)
base load generation,coal,coal_base_conv pul 2011-2015,2015,OM-var,2.12,coal (conv pul) (seawater)
base load generation,coal,coal_base_conv pul 2011-2015,2015,OM-var,2.12,coal (conv pul) (recirculating)
base load generation,coal,coal_base_conv pul 2011-2015,2015,OM-var,2.12,coal (conv pul) (cooling pond)
base load generation,coal,coal_base_conv pul 2011-2015,2015,OM-var,2.12,coal (conv pul) (dry cooling)
base load generation,coal,coal_base_conv pul 2016-2021,2015,OM-var,2.12,coal (conv pul) (once through)
base load generation,coal,coal_base_conv pul 2016-2021,2015,OM-var,2.12,coal (conv pul) (seawater)
base load generation,coal,coal_base_conv pul 2016-2021,2015,OM-var,2.12,coal (conv pul) (recirculating)
base load generation,coal,coal_base_conv pul 2016-2021,2015,OM-var,2.12,coal (conv pul) (cooling pond)
base load generation,coal,coal_base_conv pul 2016-2021,2015,OM-var,2.12,coal (conv pul) (dry cooling)
base load generation,coal,coal_base_conv pul before 1950,2015,OM-var,2.12,coal (conv pul) (once through)
base load generation,coal,coal_base_conv pul before 1950,2015,OM-var,2.12,coal (conv pul) (seawater)
base load generation,coal,coal_base_conv pul before 1950,2015,OM-var,2.12,coal (conv pul) (recirculating)
base load generation,coal,coal_base_conv pul before 1950,2015,OM-var,2.12,coal (conv pul) (cooling pond)
base load generation,coal,coal_base_conv pul before 1950,2015,OM-var,2.12,coal (conv pul) (dry cooling)
base load generation,coal,coal_base_conv pul_retire_2023,2015,OM-var,2.12,coal (conv pul) (once through)
base load generation,coal,coal_base_conv pul_retire_2023,2015,OM-var,2.12,coal (conv pul) (seawater)
base load generation,coal,coal_base_conv pul_retire_2023,2015,OM-var,2.12,coal (conv pul) (recirculating)
base load generation,coal,coal_base_conv pul_retire_2023,2015,OM-var,2.12,coal (conv pul) (cooling pond)
base load generation,coal,coal_base_conv pul_retire_2023,2015,OM-var,2.12,coal (conv pul) (dry cooling)
base load generation,biomass,biomass_base_conv,2021,OM-var,1.28,biomass (conv) (once through)
base load generation,biomass,biomass_base_conv,2021,OM-var,1.28,biomass (conv) (seawater)
base load generation,biomass,biomass_base_conv,2021,OM-var,1.28,biomass (conv) (recirculating)
base load generation,biomass,biomass_base_conv,2021,OM-var,1.28,biomass (conv) (cooling pond)
base load generation,biomass,biomass_base_conv,2021,OM-var,1.28,biomass (conv) (dry cooling)
base load generation,biomass,biomass_base_conv_CCS,2021,OM-var,3.95,biomass (conv CCS) (once through)
base load generation,biomass,biomass_base_conv_CCS,2021,OM-var,3.95,biomass (conv CCS) (seawater)
base load generation,biomass,biomass_base_conv_CCS,2021,OM-var,3.95,biomass (conv CCS) (recirculating)
base load generation,biomass,biomass_base_conv_CCS,2021,OM-var,3.95,biomass (conv CCS) (dry cooling)
base load generation,biomass,biomass_base_IGCC,2021,OM-var,2.89,biomass (IGCC) (once through)
base load generation,biomass,biomass_base_IGCC,2021,OM-var,2.89,biomass (IGCC) (seawater)
base load generation,biomass,biomass_base_IGCC,2021,OM-var,2.89,biomass (IGCC) (recirculating)
base load generation,biomass,biomass_base_IGCC,2021,OM-var,2.89,biomass (IGCC) (dry cooling)
base load generation,biomass,biomass_base_IGCC_CCS,2021,OM-var,5.97,biomass (IGCC CCS) (once through)
base load generation,biomass,biomass_base_IGCC_CCS,2021,OM-var,5.97,biomass (IGCC CCS) (seawater)
base load generation,biomass,biomass_base_IGCC_CCS,2021,OM-var,5.97,biomass (IGCC CCS) (recirculating)
base load generation,biomass,biomass_base_IGCC_CCS,2021,OM-var,5.97,biomass (IGCC CCS) (dry cooling)
base load generation,coal,coal_base_conv pul,2021,OM-var,2.15,coal (conv pul) (once through)
base load generation,coal,coal_base_conv pul,2021,OM-var,2.15,coal (conv pul) (seawater)
base load generation,coal,coal_base_conv pul,2021,OM-var,2.15,coal (conv pul) (recirculating)
base load generation,coal,coal_base_conv pul,2021,OM-var,2.15,coal (conv pul) (cooling pond)
base load generation,coal,coal_base_conv pul,2021,OM-var,2.15,coal (conv pul) (dry cooling)
base load generation,coal,coal_base_conv pul_CCS,2021,OM-var,3.74,coal (conv pul CCS) (once through)
base load generation,coal,coal_base_conv pul_CCS,2021,OM-var,3.74,coal (conv pul CCS) (seawater)
base load generation,coal,coal_base_conv pul_CCS,2021,OM-var,3.74,coal (conv pul CCS) (recirculating)
base load generation,coal,coal_base_conv pul_CCS,2021,OM-var,3.74,coal (conv pul CCS) (dry cooling)
base load generation,coal,coal_base_IGCC,2021,OM-var,3.76,coal (IGCC) (once through)
base load generation,coal,coal_base_IGCC,2021,OM-var,3.76,coal (IGCC) (seawater)
base load generation,coal,coal_base_IGCC,2021,OM-var,3.76,coal (IGCC) (recirculating)
base load generation,coal,coal_base_IGCC,2021,OM-var,3.76,coal (IGCC) (dry cooling)
base load generation,coal,coal_base_IGCC_CCS,2021,OM-var,5.76,coal (IGCC CCS) (once through)
base load generation,coal,coal_base_IGCC_CCS,2021,OM-var,5.76,coal (IGCC CCS) (seawater)
base load generation,coal,coal_base_IGCC_CCS,2021,OM-var,5.76,coal (IGCC CCS) (recirculating)
base load generation,coal,coal_base_IGCC_CCS,2021,OM-var,5.76,coal (IGCC CCS) (dry cooling)
base load generation,gas,gas_base_CC,2021,OM-var,0.5,gas (CC) (once through)
base load generation,gas,gas_base_CC,2021,OM-var,0.5,gas (CC) (seawater)
base load generation,gas,gas_base_CC,2021,OM-var,0.5,gas (CC) (recirculating)
base load generation,gas,gas_base_CC,2021,OM-var,0.5,gas (CC) (cooling pond)
base load generation,gas,gas_base_CC,2021,OM-var,0.5,gas (CC) (dry cooling)
base load generation,gas,gas_base_CC_CCS,2021,OM-var,1.18,gas (CC CCS) (once through)
base load generation,gas,gas_base_CC_CCS,2021,OM-var,1.18,gas (CC CCS) (seawater)
base load generation,gas,gas_base_CC_CCS,2021,OM-var,1.18,gas (CC CCS) (recirculating)
base load generation,gas,gas_base_CC_CCS,2021,OM-var,1.18,gas (CC CCS) (dry cooling)
base load generation,geothermal,geo_base,2021,OM-var,0,geothermal (recirculating)
base load generation,geothermal,geo_base,2021,OM-var,0,geothermal (dry_hybrid)
base load generation,nuclear,nuc_base_Gen II,2021,OM-var,0.63,Gen_II_LWR (once through)
base load generation,nuclear,nuc_base_Gen II,2021,OM-var,0.63,Gen_II_LWR (seawater)
base load generation,nuclear,nuc_base_Gen II,2021,OM-var,0.63,Gen_II_LWR (recirculating)
base load generation,nuclear,nuc_base_Gen II,2021,OM-var,0.63,Gen_II_LWR (cooling pond)
base load generation,nuclear,nuc_base_large reactor,2021,OM-var,0.63,large reactor (once through)
base load generation,nuclear,nuc_base_large reactor,2021,OM-var,0.63,large reactor (seawater)
base load generation,nuclear,nuc_base_large reactor,2021,OM-var,0.63,large reactor (recirculating)
base load generation,nuclear,nuc_base_large reactor,2021,OM-var,0.63,large reactor (cooling pond)
base load generation,nuclear,nuc_base_SMR,2021,OM-var,0.61,SMR (once through)
base load generation,nuclear,nuc_base_SMR,2021,OM-var,0.61,SMR (seawater)
base load generation,nuclear,nuc_base_SMR,2021,OM-var,0.61,SMR (recirculating)
base load generation,nuclear,nuc_base_SMR,2021,OM-var,0.61,SMR (cooling pond)
base load generation,refined liquids,refined liquids_base_steam/CT,2021,OM-var,1.64,refined liquids (steam/CT) (once through)
base load generation,refined liquids,refined liquids_base_steam/CT,2021,OM-var,1.64,refined liquids (steam/CT) (seawater)
base load generation,refined liquids,refined liquids_base_steam/CT,2021,OM-var,1.64,refined liquids (steam/CT) (recirculating)
base load generation,refined liquids,refined liquids_base_steam/CT,2021,OM-var,1.64,refined liquids (steam/CT) (cooling pond)
base load generation,refined liquids,refined liquids_base_steam/CT,2021,OM-var,1.64,refined liquids (steam/CT) (dry cooling)
base load generation,refined liquids,refined liquids_base_CC,2021,OM-var,0.5,refined liquids (CC) (once through)
base load generation,refined liquids,refined liquids_base_CC,2021,OM-var,0.5,refined liquids (CC) (seawater)
base load generation,refined liquids,refined liquids_base_CC,2021,OM-var,0.5,refined liquids (CC) (recirculating)
base load generation,refined liquids,refined liquids_base_CC,2021,OM-var,0.5,refined liquids (CC) (dry cooling)
base load generation,refined liquids,refined liquids_base_CC_CCS,2021,OM-var,1.18,refined liquids (CC CCS) (once through)
base load generation,refined liquids,refined liquids_base_CC_CCS,2021,OM-var,1.18,refined liquids (CC CCS) (seawater)
base load generation,refined liquids,refined liquids_base_CC_CCS,2021,OM-var,1.18,refined liquids (CC CCS) (recirculating)
base load generation,refined liquids,refined liquids_base_CC_CCS,2021,OM-var,1.18,refined liquids (CC CCS) (dry cooling)
base load generation,solar,PV_base_storage,2021,OM-var,0,PV_base_storage
base load generation,solar,CSP_base_storage,2021,OM-var,0.93,CSP_base_storage
base load generation,wind,wind_base_storage,2021,OM-var,0,wind_base_storage
base load generation,coal,coal_base_conv pul 1951-1955,2021,OM-var,2.15,coal (conv pul) (once through)
base load generation,coal,coal_base_conv pul 1951-1955,2021,OM-var,2.15,coal (conv pul) (seawater)
base load generation,coal,coal_base_conv pul 1951-1955,2021,OM-var,2.15,coal (conv pul) (recirculating)
base load generation,coal,coal_base_conv pul 1951-1955,2021,OM-var,2.15,coal (conv pul) (cooling pond)
base load generation,coal,coal_base_conv pul 1951-1955,2021,OM-var,2.15,coal (conv pul) (dry cooling)
base load generation,coal,coal_base_conv pul 1956-1960,2021,OM-var,2.15,coal (conv pul) (once through)
base load generation,coal,coal_base_conv pul 1956-1960,2021,OM-var,2.15,coal (conv pul) (seawater)
base load generation,coal,coal_base_conv pul 1956-1960,2021,OM-var,2.15,coal (conv pul) (recirculating)
base load generation,coal,coal_base_conv pul 1956-1960,2021,OM-var,2.15,coal (conv pul) (cooling pond)
base load generation,coal,coal_base_conv pul 1956-1960,2021,OM-var,2.15,coal (conv pul) (dry cooling)
base load generation,coal,coal_base_conv pul 1961-1965,2021,OM-var,2.15,coal (conv pul) (once through)
base load generation,coal,coal_base_conv pul 1961-1965,2021,OM-var,2.15,coal (conv pul) (seawater)
base load generation,coal,coal_base_conv pul 1961-1965,2021,OM-var,2.15,coal (conv pul) (recirculating)
base load generation,coal,coal_base_conv pul 1961-1965,2021,OM-var,2.15,coal (conv pul) (cooling pond)
base load generation,coal,coal_base_conv pul 1961-1965,2021,OM-var,2.15,coal (conv pul) (dry cooling)
base load generation,coal,coal_base_conv pul 1966-1970,2021,OM-var,2.15,coal (conv pul) (once through)
base load generation,coal,coal_base_conv pul 1966-1970,2021,OM-var,2.15,coal (conv pul) (seawater)
base load generation,coal,coal_base_conv pul 1966-1970,2021,OM-var,2.15,coal (conv pul) (recirculating)
base load generation,coal,coal_base_conv pul 1966-1970,2021,OM-var,2.15,coal (conv pul) (cooling pond)
base load generation,coal,coal_base_conv pul 1966-1970,2021,OM-var,2.15,coal (conv pul) (dry cooling)
base load generation,coal,coal_base_conv pul 1971-1975,2021,OM-var,2.15,coal (conv pul) (once through)
base load generation,coal,coal_base_conv pul 1971-1975,2021,OM-var,2.15,coal (conv pul) (seawater)
base load generation,coal,coal_base_conv pul 1971-1975,2021,OM-var,2.15,coal (conv pul) (recirculating)
base load generation,coal,coal_base_conv pul 1971-1975,2021,OM-var,2.15,coal (conv pul) (cooling pond)
base load generation,coal,coal_base_conv pul 1971-1975,2021,OM-var,2.15,coal (conv pul) (dry cooling)
base load generation,coal,coal_base_conv pul 1976-1980,2021,OM-var,2.15,coal (conv pul) (once through)
base load generation,coal,coal_base_conv pul 1976-1980,2021,OM-var,2.15,coal (conv pul) (seawater)
base load generation,coal,coal_base_conv pul 1976-1980,2021,OM-var,2.15,coal (conv pul) (recirculating)
base load generation,coal,coal_base_conv pul 1976-1980,2021,OM-var,2.15,coal (conv pul) (cooling pond)
base load generation,coal,coal_base_conv pul 1976-1980,2021,OM-var,2.15,coal (conv pul) (dry cooling)
base load generation,coal,coal_base_conv pul 1981-1985,2021,OM-var,2.15,coal (conv pul) (once through)
base load generation,coal,coal_base_conv pul 1981-1985,2021,OM-var,2.15,coal (conv pul) (seawater)
base load generation,coal,coal_base_conv pul 1981-1985,2021,OM-var,2.15,coal (conv pul) (recirculating)
base load generation,coal,coal_base_conv pul 1981-1985,2021,OM-var,2.15,coal (conv pul) (cooling pond)
base load generation,coal,coal_base_conv pul 1981-1985,2021,OM-var,2.15,coal (conv pul) (dry cooling)
base load generation,coal,coal_base_conv pul 1986-1990,2021,OM-var,2.15,coal (conv pul) (once through)
base load generation,coal,coal_base_conv pul 1986-1990,2021,OM-var,2.15,coal (conv pul) (seawater)
base load generation,coal,coal_base_conv pul 1986-1990,2021,OM-var,2.15,coal (conv pul) (recirculating)
base load generation,coal,coal_base_conv pul 1986-1990,2021,OM-var,2.15,coal (conv pul) (cooling pond)
base load generation,coal,coal_base_conv pul 1986-1990,2021,OM-var,2.15,coal (conv pul) (dry cooling)
base load generation,coal,coal_base_conv pul 1991-1995,2021,OM-var,2.15,coal (conv pul) (once through)
base load generation,coal,coal_base_conv pul 1991-1995,2021,OM-var,2.15,coal (conv pul) (seawater)
base load generation,coal,coal_base_conv pul 1991-1995,2021,OM-var,2.15,coal (conv pul) (recirculating)
base load generation,coal,coal_base_conv pul 1991-1995,2021,OM-var,2.15,coal (conv pul) (cooling pond)
base load generation,coal,coal_base_conv pul 1991-1995,2021,OM-var,2.15,coal (conv pul) (dry cooling)
base load generation,coal,coal_base_conv pul 1996-2000,2021,OM-var,2.15,coal (conv pul) (once through)
base load generation,coal,coal_base_conv pul 1996-2000,2021,OM-var,2.15,coal (conv pul) (seawater)
base load generation,coal,coal_base_conv pul 1996-2000,2021,OM-var,2.15,coal (conv pul) (recirculating)
base load generation,coal,coal_base_conv pul 1996-2000,2021,OM-var,2.15,coal (conv pul) (cooling pond)
base load generation,coal,coal_base_conv pul 1996-2000,2021,OM-var,2.15,coal (conv pul) (dry cooling)
base load generation,coal,coal_base_conv pul 2001-2005,2021,OM-var,2.15,coal (conv pul) (once through)
base load generation,coal,coal_base_conv pul 2001-2005,2021,OM-var,2.15,coal (conv pul) (seawater)
base load generation,coal,coal_base_conv pul 2001-2005,2021,OM-var,2.15,coal (conv pul) (recirculating)
base load generation,coal,coal_base_conv pul 2001-2005,2021,OM-var,2.15,coal (conv pul) (cooling pond)
base load generation,coal,coal_base_conv pul 2001-2005,2021,OM-var,2.15,coal (conv pul) (dry cooling)
base load generation,coal,coal_base_conv pul 2006-2010,2021,OM-var,2.15,coal (conv pul) (once through)
base load generation,coal,coal_base_conv pul 2006-2010,2021,OM-var,2.15,coal (conv pul) (seawater)
base load generation,coal,coal_base_conv pul 2006-2010,2021,OM-var,2.15,coal (conv pul) (recirculating)
base load generation,coal,coal_base_conv pul 2006-2010,2021,OM-var,2.15,coal (conv pul) (cooling pond)
base load generation,coal,coal_base_conv pul 2006-2010,2021,OM-var,2.15,coal (conv pul) (dry cooling)
base load generation,coal,coal_base_conv pul 2011-2015,2021,OM-var,2.15,coal (conv pul) (once through)
base load generation,coal,coal_base_conv pul 2011-2015,2021,OM-var,2.15,coal (conv pul) (seawater)
base load generation,coal,coal_base_conv pul 2011-2015,2021,OM-var,2.15,coal (conv pul) (recirculating)
base load generation,coal,coal_base_conv pul 2011-2015,2021,OM-var,2.15,coal (conv pul) (cooling pond)
base load generation,coal,coal_base_conv pul 2011-2015,2021,OM-var,2.15,coal (conv pul) (dry cooling)
base load generation,coal,coal_base_conv pul 2016-2021,2021,OM-var,2.15,coal (conv pul) (once through)
base load generation,coal,coal_base_conv pul 2016-2021,2021,OM-var,2.15,coal (conv pul) (seawater)
base load generation,coal,coal_base_conv pul 2016-2021,2021,OM-var,2.15,coal (conv pul) (recirculating)
base load generation,coal,coal_base_conv pul 2016-2021,2021,OM-var,2.15,coal (conv pul) (cooling pond)
base load generation,coal,coal_base_conv pul 2016-2021,2021,OM-var,2.15,coal (conv pul) (dry cooling)
base load generation,coal,coal_base_conv pul before 1950,2021,OM-var,2.15,coal (conv pul) (once through)
base load generation,coal,coal_base_conv pul before 1950,2021,OM-var,2.15,coal (conv pul) (seawater)
base load generation,coal,coal_base_conv pul before 1950,2021,OM-var,2.15,coal (conv pul) (recirculating)
base load generation,coal,coal_base_conv pul before 1950,2021,OM-var,2.15,coal (conv pul) (cooling pond)
base load generation,coal,coal_base_conv pul before 1950,2021,OM-var,2.15,coal (conv pul) (dry cooling)
base load generation,coal,coal_base_conv pul_retire_2023,2021,OM-var,2.15,coal (conv pul) (once through)
base load generation,coal,coal_base_conv pul_retire_2023,2021,OM-var,2.15,coal (conv pul) (seawater)
base load generation,coal,coal_base_conv pul_retire_2023,2021,OM-var,2.15,coal (conv pul) (recirculating)
base load generation,coal,coal_base_conv pul_retire_2023,2021,OM-var,2.15,coal (conv pul) (cooling pond)
base load generation,coal,coal_base_conv pul_retire_2023,2021,OM-var,2.15,coal (conv pul) (dry cooling)
base load generation,biomass,biomass_base_conv,2025,OM-var,1.24,biomass (conv) (once through)
base load generation,biomass,biomass_base_conv,2025,OM-var,1.24,biomass (conv) (seawater)
base load generation,biomass,biomass_base_conv,2025,OM-var,1.24,biomass (conv) (recirculating)
base load generation,biomass,biomass_base_conv,2025,OM-var,1.24,biomass (conv) (cooling pond)
base load generation,biomass,biomass_base_conv,2025,OM-var,1.24,biomass (conv) (dry cooling)
base load generation,biomass,biomass_base_conv_CCS,2025,OM-var,3.94,biomass (conv CCS) (once through)
base load generation,biomass,biomass_base_conv_CCS,2025,OM-var,3.94,biomass (conv CCS) (seawater)
base load generation,biomass,biomass_base_conv_CCS,2025,OM-var,3.94,biomass (conv CCS) (recirculating)
base load generation,biomass,biomass_base_conv_CCS,2025,OM-var,3.94,biomass (conv CCS) (dry cooling)
base load generation,biomass,biomass_base_IGCC,2025,OM-var,2.91,biomass (IGCC) (once through)
base load generation,biomass,biomass_base_IGCC,2025,OM-var,2.91,biomass (IGCC) (seawater)
base load generation,biomass,biomass_base_IGCC,2025,OM-var,2.91,biomass (IGCC) (recirculating)
base load generation,biomass,biomass_base_IGCC,2025,OM-var,2.91,biomass (IGCC) (dry cooling)
base load generation,biomass,biomass_base_IGCC_CCS,2025,OM-var,5.95,biomass (IGCC CCS) (once through)
base load generation,biomass,biomass_base_IGCC_CCS,2025,OM-var,5.95,biomass (IGCC CCS) (seawater)
base load generation,biomass,biomass_base_IGCC_CCS,2025,OM-var,5.95,biomass (IGCC CCS) (recirculating)
base load generation,biomass,biomass_base_IGCC_CCS,2025,OM-var,5.95,biomass (IGCC CCS) (dry cooling)
base load generation,coal,coal_base_conv pul,2025,OM-var,2.16,coal (conv pul) (once through)
base load generation,coal,coal_base_conv pul,2025,OM-var,2.16,coal (conv pul) (seawater)
base load generation,coal,coal_base_conv pul,2025,OM-var,2.16,coal (conv pul) (recirculating)
base load generation,coal,coal_base_conv pul,2025,OM-var,2.16,coal (conv pul) (cooling pond)
base load generation,coal,coal_base_conv pul,2025,OM-var,2.16,coal (conv pul) (dry cooling)
base load generation,coal,coal_base_conv pul_CCS,2025,OM-var,3.69,coal (conv pul CCS) (once through)
base load generation,coal,coal_base_conv pul_CCS,2025,OM-var,3.69,coal (conv pul CCS) (seawater)
base load generation,coal,coal_base_conv pul_CCS,2025,OM-var,3.69,coal (conv pul CCS) (recirculating)
base load generation,coal,coal_base_conv pul_CCS,2025,OM-var,3.69,coal (conv pul CCS) (dry cooling)
base load generation,coal,coal_base_IGCC,2025,OM-var,3.84,coal (IGCC) (once through)
base load generation,coal,coal_base_IGCC,2025,OM-var,3.84,coal (IGCC) (seawater)
base load generation,coal,coal_base_IGCC,2025,OM-var,3.84,coal (IGCC) (recirculating)
base load generation,coal,coal_base_IGCC,2025,OM-var,3.84,coal (IGCC) (dry cooling)
base load generation,coal,coal_base_IGCC_CCS,2025,OM-var,5.7,coal (IGCC CCS) (once through)
base load generation,coal,coal_base_IGCC_CCS,2025,OM-var,5.7,coal (IGCC CCS) (seawater)
base load generation,coal,coal_base_IGCC_CCS,2025,OM-var,5.7,coal (IGCC CCS) (recirculating)
base load generation,coal,coal_base_IGCC_CCS,2025,OM-var,5.7,coal (IGCC CCS) (dry cooling)
base load generation,gas,gas_base_CC,2025,OM-var,0.5,gas (CC) (once through)
base load generation,gas,gas_base_CC,2025,OM-var,0.5,gas (CC) (seawater)
base load generation,gas,gas_base_CC,2025,OM-var,0.5,gas (CC) (recirculating)
base load generation,gas,gas_base_CC,2025,OM-var,0.5,gas (CC) (cooling pond)
base load generation,gas,gas_base_CC,2025,OM-var,0.5,gas (CC) (dry cooling)
base load generation,gas,gas_base_CC_CCS,2025,OM-var,1.15,gas (CC CCS) (once through)
base load generation,gas,gas_base_CC_CCS,2025,OM-var,1.15,gas (CC CCS) (seawater)
base load generation,gas,gas_base_CC_CCS,2025,OM-var,1.15,gas (CC CCS) (recirculating)
base load generation,gas,gas_base_CC_CCS,2025,OM-var,1.15,gas (CC CCS) (dry cooling)
base load generation,geothermal,geo_base,2025,OM-var,0,geothermal (recirculating)
base load generation,geothermal,geo_base,2025,OM-var,0,geothermal (dry_hybrid)
base load generation,nuclear,nuc_base_Gen II,2025,OM-var,0.66,Gen_II_LWR (once through)
base load generation,nuclear,nuc_base_Gen II,2025,OM-var,0.66,Gen_II_LWR (seawater)
base load generation,nuclear,nuc_base_Gen II,2025,OM-var,0.66,Gen_II_LWR (recirculating)
base load generation,nuclear,nuc_base_Gen II,2025,OM-var,0.66,Gen_II_LWR (cooling pond)
base load generation,nuclear,nuc_base_large reactor,2025,OM-var,0.66,large reactor (once through)
base load generation,nuclear,nuc_base_large reactor,2025,OM-var,0.66,large reactor (seawater)
base load generation,nuclear,nuc_base_large reactor,2025,OM-var,0.66,large reactor (recirculating)
base load generation,nuclear,nuc_base_large reactor,2025,OM-var,0.66,large reactor (cooling pond)
base load generation,nuclear,nuc_base_SMR,2025,OM-var,0.61,SMR (once through)
base load generation,nuclear,nuc_base_SMR,2025,OM-var,0.61,SMR (seawater)
base load generation,nuclear,nuc_base_SMR,2025,OM-var,0.61,SMR (recirculating)
base load generation,nuclear,nuc_base_SMR,2025,OM-var,0.61,SMR (cooling pond)
base load generation,refined liquids,refined liquids_base_steam/CT,2025,OM-var,1.64,refined liquids (steam/CT) (once through)
base load generation,refined liquids,refined liquids_base_steam/CT,2025,OM-var,1.64,refined liquids (steam/CT) (seawater)
base load generation,refined liquids,refined liquids_base_steam/CT,2025,OM-var,1.64,refined liquids (steam/CT) (recirculating)
base load generation,refined liquids,refined liquids_base_steam/CT,2025,OM-var,1.64,refined liquids (steam/CT) (cooling pond)
base load generation,refined liquids,refined liquids_base_steam/CT,2025,OM-var,1.64,refined liquids (steam/CT) (dry cooling)
base load generation,refined liquids,refined liquids_base_CC,2025,OM-var,0.5,refined liquids (CC) (once through)
base load generation,refined liquids,refined liquids_base_CC,2025,OM-var,0.5,refined liquids (CC) (seawater)
base load generation,refined liquids,refined liquids_base_CC,2025,OM-var,0.5,refined liquids (CC) (recirculating)
base load generation,refined liquids,refined liquids_base_CC,2025,OM-var,0.5,refined liquids (CC) (dry cooling)
base load generation,refined liquids,refined liquids_base_CC_CCS,2025,OM-var,1.15,refined liquids (CC CCS) (once through)
base load generation,refined liquids,refined liquids_base_CC_CCS,2025,OM-var,1.15,refined liquids (CC CCS) (seawater)
base load generation,refined liquids,refined liquids_base_CC_CCS,2025,OM-var,1.15,refined liquids (CC CCS) (recirculating)
base load generation,refined liquids,refined liquids_base_CC_CCS,2025,OM-var,1.15,refined liquids (CC CCS) (dry cooling)
base load generation,solar,PV_base_storage,2025,OM-var,0,PV_base_storage
base load generation,solar,CSP_base_storage,2025,OM-var,0.85,CSP_base_storage
base load generation,wind,wind_base_storage,2025,OM-var,0,wind_base_storage
base load generation,coal,coal_base_conv pul 1951-1955,2025,OM-var,2.16,coal (conv pul) (once through)
base load generation,coal,coal_base_conv pul 1951-1955,2025,OM-var,2.16,coal (conv pul) (seawater)
base load generation,coal,coal_base_conv pul 1951-1955,2025,OM-var,2.16,coal (conv pul) (recirculating)
base load generation,coal,coal_base_conv pul 1951-1955,2025,OM-var,2.16,coal (conv pul) (cooling pond)
base load generation,coal,coal_base_conv pul 1951-1955,2025,OM-var,2.16,coal (conv pul) (dry cooling)
base load generation,coal,coal_base_conv pul 1956-1960,2025,OM-var,2.16,coal (conv pul) (once through)
base load generation,coal,coal_base_conv pul 1956-1960,2025,OM-var,2.16,coal (conv pul) (seawater)
base load generation,coal,coal_base_conv pul 1956-1960,2025,OM-var,2.16,coal (conv pul) (recirculating)
base load generation,coal,coal_base_conv pul 1956-1960,2025,OM-var,2.16,coal (conv pul) (cooling pond)
base load generation,coal,coal_base_conv pul 1956-1960,2025,OM-var,2.16,coal (conv pul) (dry cooling)
base load generation,coal,coal_base_conv pul 1961-1965,2025,OM-var,2.16,coal (conv pul) (once through)
base load generation,coal,coal_base_conv pul 1961-1965,2025,OM-var,2.16,coal (conv pul) (seawater)
base load generation,coal,coal_base_conv pul 1961-1965,2025,OM-var,2.16,coal (conv pul) (recirculating)
base load generation,coal,coal_base_conv pul 1961-1965,2025,OM-var,2.16,coal (conv pul) (cooling pond)
base load generation,coal,coal_base_conv pul 1961-1965,2025,OM-var,2.16,coal (conv pul) (dry cooling)
base load generation,coal,coal_base_conv pul 1966-1970,2025,OM-var,2.16,coal (conv pul) (once through)
base load generation,coal,coal_base_conv pul 1966-1970,2025,OM-var,2.16,coal (conv pul) (seawater)
base load generation,coal,coal_base_conv pul 1966-1970,2025,OM-var,2.16,coal (conv pul) (recirculating)
base load generation,coal,coal_base_conv pul 1966-1970,2025,OM-var,2.16,coal (conv pul) (cooling pond)
base load generation,coal,coal_base_conv pul 1966-1970,2025,OM-var,2.16,coal (conv pul) (dry cooling)
base load generation,coal,coal_base_conv pul 1971-1975,2025,OM-var,2.16,coal (conv pul) (once through)
base load generation,coal,coal_base_conv pul 1971-1975,2025,OM-var,2.16,coal (conv pul) (seawater)
base load generation,coal,coal_base_conv pul 1971-1975,2025,OM-var,2.16,coal (conv pul) (recirculating)
base load generation,coal,coal_base_conv pul 1971-1975,2025,OM-var,2.16,coal (conv pul) (cooling pond)
base load generation,coal,coal_base_conv pul 1971-1975,2025,OM-var,2.16,coal (conv pul) (dry cooling)
base load generation,coal,coal_base_conv pul 1976-1980,2025,OM-var,2.16,coal (conv pul) (once through)
base load generation,coal,coal_base_conv pul 1976-1980,2025,OM-var,2.16,coal (conv pul) (seawater)
base load generation,coal,coal_base_conv pul 1976-1980,2025,OM-var,2.16,coal (conv pul) (recirculating)
base load generation,coal,coal_base_conv pul 1976-1980,2025,OM-var,2.16,coal (conv pul) (cooling pond)
base load generation,coal,coal_base_conv pul 1976-1980,2025,OM-var,2.16,coal (conv pul) (dry cooling)
base load generation,coal,coal_base_conv pul 1981-1985,2025,OM-var,2.16,coal (conv pul) (once through)
base load generation,coal,coal_base_conv pul 1981-1985,2025,OM-var,2.16,coal (conv pul) (seawater)
base load generation,coal,coal_base_conv pul 1981-1985,2025,OM-var,2.16,coal (conv pul) (recirculating)
base load generation,coal,coal_base_conv pul 1981-1985,2025,OM-var,2.16,coal (conv pul) (cooling pond)
base load generation,coal,coal_base_conv pul 1981-1985,2025,OM-var,2.16,coal (conv pul) (dry cooling)
base load generation,coal,coal_base_conv pul 1986-1990,2025,OM-var,2.16,coal (conv pul) (once through)
base load generation,coal,coal_base_conv pul 1986-1990,2025,OM-var,2.16,coal (conv pul) (seawater)
base load generation,coal,coal_base_conv pul 1986-1990,2025,OM-var,2.16,coal (conv pul) (recirculating)
base load generation,coal,coal_base_conv pul 1986-1990,2025,OM-var,2.16,coal (conv pul) (cooling pond)
base load generation,coal,coal_base_conv pul 1986-1990,2025,OM-var,2.16,coal (conv pul) (dry cooling)
base load generation,coal,coal_base_conv pul 1991-1995,2025,OM-var,2.16,coal (conv pul) (once through)
base load generation,coal,coal_base_conv pul 1991-1995,2025,OM-var,2.16,coal (conv pul) (seawater)
base load generation,coal,coal_base_conv pul 1991-1995,2025,OM-var,2.16,coal (conv pul) (recirculating)
base load generation,coal,coal_base_conv pul 1991-1995,2025,OM-var,2.16,coal (conv pul) (cooling pond)
base load generation,coal,coal_base_conv pul 1991-1995,2025,OM-var,2.16,coal (conv pul) (dry cooling)
base load generation,coal,coal_base_conv pul 1996-2000,2025,OM-var,2.16,coal (conv pul) (once through)
base load generation,coal,coal_base_conv pul 1996-2000,2025,OM-var,2.16,coal (conv pul) (seawater)
base load generation,coal,coal_base_conv pul 1996-2000,2025,OM-var,2.16,coal (conv pul) (recirculating)
base load generation,coal,coal_base_conv pul 1996-2000,2025,OM-var,2.16,coal (conv pul) (cooling pond)
base load generation,coal,coal_base_conv pul 1996-2000,2025,OM-var,2.16,coal (conv pul) (dry cooling)
base load generation,coal,coal_base_conv pul 2001-2005,2025,OM-var,2.16,coal (conv pul) (once through)
base load generation,coal,coal_base_conv pul 2001-2005,2025,OM-var,2.16,coal (conv pul) (seawater)
base load generation,coal,coal_base_conv pul 2001-2005,2025,OM-var,2.16,coal (conv pul) (recirculating)
base load generation,coal,coal_base_conv pul 2001-2005,2025,OM-var,2.16,coal (conv pul) (cooling pond)
base load generation,coal,coal_base_conv pul 2001-2005,2025,OM-var,2.16,coal (conv pul) (dry cooling)
base load generation,coal,coal_base_conv pul 2006-2010,2025,OM-var,2.16,coal (conv pul) (once through)
base load generation,coal,coal_base_conv pul 2006-2010,2025,OM-var,2.16,coal (conv pul) (seawater)
base load generation,coal,coal_base_conv pul 2006-2010,2025,OM-var,2.16,coal (conv pul) (recirculating)
base load generation,coal,coal_base_conv pul 2006-2010,2025,OM-var,2.16,coal (conv pul) (cooling pond)
base load generation,coal,coal_base_conv pul 2006-2010,2025,OM-var,2.16,coal (conv pul) (dry cooling)
base load generation,coal,coal_base_conv pul 2011-2015,2025,OM-var,2.16,coal (conv pul) (once through)
base load generation,coal,coal_base_conv pul 2011-2015,2025,OM-var,2.16,coal (conv pul) (seawater)
base load generation,coal,coal_base_conv pul 2011-2015,2025,OM-var,2.16,coal (conv pul) (recirculating)
base load generation,coal,coal_base_conv pul 2011-2015,2025,OM-var,2.16,coal (conv pul) (cooling pond)
base load generation,coal,coal_base_conv pul 2011-2015,2025,OM-var,2.16,coal (conv pul) (dry cooling)
base load generation,coal,coal_base_conv pul 2016-2021,2025,OM-var,2.16,coal (conv pul) (once through)
base load generation,coal,coal_base_conv pul 2016-2021,2025,OM-var,2.16,coal (conv pul) (seawater)
base load generation,coal,coal_base_conv pul 2016-2021,2025,OM-var,2.16,coal (conv pul) (recirculating)
base load generation,coal,coal_base_conv pul 2016-2021,2025,OM-var,2.16,coal (conv pul) (cooling pond)
base load generation,coal,coal_base_conv pul 2016-2021,2025,OM-var,2.16,coal (conv pul) (dry cooling)
base load generation,coal,coal_base_conv pul before 1950,2025,OM-var,2.16,coal (conv pul) (once through)
base load generation,coal,coal_base_conv pul before 1950,2025,OM-var,2.16,coal (conv pul) (seawater)
base load generation,coal,coal_base_conv pul before 1950,2025,OM-var,2.16,coal (conv pul) (recirculating)
base load generation,coal,coal_base_conv pul before 1950,2025,OM-var,2.16,coal (conv pul) (cooling pond)
base load generation,coal,coal_base_conv pul before 1950,2025,OM-var,2.16,coal (conv pul) (dry cooling)
base load generation,coal,coal_base_conv pul_retire_2023,2025,OM-var,2.16,coal (conv pul) (once through)
base load generation,coal,coal_base_conv pul_retire_2023,2025,OM-var,2.16,coal (conv pul) (seawater)
base load generation,coal,coal_base_conv pul_retire_2023,2025,OM-var,2.16,coal (conv pul) (recirculating)
base load generation,coal,coal_base_conv pul_retire_2023,2025,OM-var,2.16,coal (conv pul) (cooling pond)
base load generation,coal,coal_base_conv pul_retire_2023,2025,OM-var,2.16,coal (conv pul) (dry cooling)
base load generation,biomass,biomass_base_conv,2030,OM-var,1.24,biomass (conv) (once through)
base load generation,biomass,biomass_base_conv,2030,OM-var,1.24,biomass (conv) (seawater)
base load generation,biomass,biomass_base_conv,2030,OM-var,1.24,biomass (conv) (recirculating)
base load generation,biomass,biomass_base_conv,2030,OM-var,1.24,biomass (conv) (cooling pond)
base load generation,biomass,biomass_base_conv,2030,OM-var,1.24,biomass (conv) (dry cooling)
base load generation,biomass,biomass_base_conv_CCS,2030,OM-var,3.67,biomass (conv CCS) (once through)
base load generation,biomass,biomass_base_conv_CCS,2030,OM-var,3.67,biomass (conv CCS) (seawater)
base load generation,biomass,biomass_base_conv_CCS,2030,OM-var,3.67,biomass (conv CCS) (recirculating)
base load generation,biomass,biomass_base_conv_CCS,2030,OM-var,3.67,biomass (conv CCS) (dry cooling)
base load generation,biomass,biomass_base_IGCC,2030,OM-var,2.89,biomass (IGCC) (once through)
base load generation,biomass,biomass_base_IGCC,2030,OM-var,2.89,biomass (IGCC) (seawater)
base load generation,biomass,biomass_base_IGCC,2030,OM-var,2.89,biomass (IGCC) (recirculating)
base load generation,biomass,biomass_base_IGCC,2030,OM-var,2.89,biomass (IGCC) (dry cooling)
base load generation,biomass,biomass_base_IGCC_CCS,2030,OM-var,5.76,biomass (IGCC CCS) (once through)
base load generation,biomass,biomass_base_IGCC_CCS,2030,OM-var,5.76,biomass (IGCC CCS) (seawater)
base load generation,biomass,biomass_base_IGCC_CCS,2030,OM-var,5.76,biomass (IGCC CCS) (recirculating)
base load generation,biomass,biomass_base_IGCC_CCS,2030,OM-var,5.76,biomass (IGCC CCS) (dry cooling)
base load generation,coal,coal_base_conv pul,2030,OM-var,2.12,coal (conv pul) (once through)
base load generation,coal,coal_base_conv pul,2030,OM-var,2.12,coal (conv pul) (seawater)
base load generation,coal,coal_base_conv pul,2030,OM-var,2.12,coal (conv pul) (recirculating)
base load generation,coal,coal_base_conv pul,2030,OM-var,2.12,coal (conv pul) (cooling pond)
base load generation,coal,coal_base_conv pul,2030,OM-var,2.12,coal (conv pul) (dry cooling)
base load generation,coal,coal_base_conv pul_CCS,2030,OM-var,3.52,coal (conv pul CCS) (once through)
base load generation,coal,coal_base_conv pul_CCS,2030,OM-var,3.52,coal (conv pul CCS) (seawater)
base load generation,coal,coal_base_conv pul_CCS,2030,OM-var,3.52,coal (conv pul CCS) (recirculating)
base load generation,coal,coal_base_conv pul_CCS,2030,OM-var,3.52,coal (conv pul CCS) (dry cooling)
base load generation,coal,coal_base_IGCC,2030,OM-var,3.77,coal (IGCC) (once through)
base load generation,coal,coal_base_IGCC,2030,OM-var,3.77,coal (IGCC) (seawater)
base load generation,coal,coal_base_IGCC,2030,OM-var,3.77,coal (IGCC) (recirculating)
base load generation,coal,coal_base_IGCC,2030,OM-var,3.77,coal (IGCC) (dry cooling)
base load generation,coal,coal_base_IGCC_CCS,2030,OM-var,5.61,coal (IGCC CCS) (once through)
base load generation,coal,coal_base_IGCC_CCS,2030,OM-var,5.61,coal (IGCC CCS) (seawater)
base load generation,coal,coal_base_IGCC_CCS,2030,OM-var,5.61,coal (IGCC CCS) (recirculating)
base load generation,coal,coal_base_IGCC_CCS,2030,OM-var,5.61,coal (IGCC CCS) (dry cooling)
base load generation,gas,gas_base_CC,2030,OM-var,0.48,gas (CC) (once through)
base load generation,gas,gas_base_CC,2030,OM-var,0.48,gas (CC) (seawater)
base load generation,gas,gas_base_CC,2030,OM-var,0.48,gas (CC) (recirculating)
base load generation,gas,gas_base_CC,2030,OM-var,0.48,gas (CC) (cooling pond)
base load generation,gas,gas_base_CC,2030,OM-var,0.48,gas (CC) (dry cooling)
base load generation,gas,gas_base_CC_CCS,2030,OM-var,1.06,gas (CC CCS) (once through)
base load generation,gas,gas_base_CC_CCS,2030,OM-var,1.06,gas (CC CCS) (seawater)
base load generation,gas,gas_base_CC_CCS,2030,OM-var,1.06,gas (CC CCS) (recirculating)
base load generation,gas,gas_base_CC_CCS,2030,OM-var,1.06,gas (CC CCS) (dry cooling)
base load generation,geothermal,geo_base,2030,OM-var,0,geothermal (recirculating)
base load generation,geothermal,geo_base,2030,OM-var,0,geothermal (dry_hybrid)
base load generation,nuclear,nuc_base_Gen II,2030,OM-var,0.66,Gen_II_LWR (once through)
base load generation,nuclear,nuc_base_Gen II,2030,OM-var,0.66,Gen_II_LWR (seawater)
base load generation,nuclear,nuc_base_Gen II,2030,OM-var,0.66,Gen_II_LWR (recirculating)
base load generation,nuclear,nuc_base_Gen II,2030,OM-var,0.66,Gen_II_LWR (cooling pond)
base load generation,nuclear,nuc_base_large reactor,2030,OM-var,0.66,large reactor (once through)
base load generation,nuclear,nuc_base_large reactor,2030,OM-var,0.66,large reactor (seawater)
base load generation,nuclear,nuc_base_large reactor,2030,OM-var,0.66,large reactor (recirculating)
base load generation,nuclear,nuc_base_large reactor,2030,OM-var,0.66,large reactor (cooling pond)
base load generation,nuclear,nuc_base_SMR,2030,OM-var,0.61,SMR (once through)
base load generation,nuclear,nuc_base_SMR,2030,OM-var,0.61,SMR (seawater)
base load generation,nuclear,nuc_base_SMR,2030,OM-var,0.61,SMR (recirculating)
base load generation,nuclear,nuc_base_SMR,2030,OM-var,0.61,SMR (cooling pond)
base load generation,refined liquids,refined liquids_base_steam/CT,2030,OM-var,1.64,refined liquids (steam/CT) (once through)
base load generation,refined liquids,refined liquids_base_steam/CT,2030,OM-var,1.64,refined liquids (steam/CT) (seawater)
base load generation,refined liquids,refined liquids_base_steam/CT,2030,OM-var,1.64,refined liquids (steam/CT) (recirculating)
base load generation,refined liquids,refined liquids_base_steam/CT,2030,OM-var,1.64,refined liquids (steam/CT) (cooling pond)
base load generation,refined liquids,refined liquids_base_steam/CT,2030,OM-var,1.64,refined liquids (steam/CT) (dry cooling)
base load generation,refined liquids,refined liquids_base_CC,2030,OM-var,0.48,refined liquids (CC) (once through)
base load generation,refined liquids,refined liquids_base_CC,2030,OM-var,0.48,refined liquids (CC) (seawater)
base load generation,refined liquids,refined liquids_base_CC,2030,OM-var,0.48,refined liquids (CC) (recirculating)
base load generation,refined liquids,refined liquids_base_CC,2030,OM-var,0.48,refined liquids (CC) (dry cooling)
base load generation,refined liquids,refined liquids_base_CC_CCS,2030,OM-var,1.06,refined liquids (CC CCS) (once through)
base load generation,refined liquids,refined liquids_base_CC_CCS,2030,OM-var,1.06,refined liquids (CC CCS) (seawater)
base load generation,refined liquids,refined liquids_base_CC_CCS,2030,OM-var,1.06,refined liquids (CC CCS) (recirculating)
base load generation,refined liquids,refined liquids_base_CC_CCS,2030,OM-var,1.06,refined liquids (CC CCS) (dry cooling)
base load generation,solar,PV_base_storage,2030,OM-var,0,PV_base_storage
base load generation,solar,CSP_base_storage,2030,OM-var,0.71,CSP_base_storage
base load generation,wind,wind_base_storage,2030,OM-var,0,wind_base_storage
base load generation,coal,coal_base_conv pul 1951-1955,2030,OM-var,2.12,coal (conv pul) (once through)
base load generation,coal,coal_base_conv pul 1951-1955,2030,OM-var,2.12,coal (conv pul) (seawater)
base load generation,coal,coal_base_conv pul 1951-1955,2030,OM-var,2.12,coal (conv pul) (recirculating)
base load generation,coal,coal_base_conv pul 1951-1955,2030,OM-var,2.12,coal (conv pul) (cooling pond)
base load generation,coal,coal_base_conv pul 1951-1955,2030,OM-var,2.12,coal (conv pul) (dry cooling)
base load generation,coal,coal_base_conv pul 1956-1960,2030,OM-var,2.12,coal (conv pul) (once through)
base load generation,coal,coal_base_conv pul 1956-1960,2030,OM-var,2.12,coal (conv pul) (seawater)
base load generation,coal,coal_base_conv pul 1956-1960,2030,OM-var,2.12,coal (conv pul) (recirculating)
base load generation,coal,coal_base_conv pul 1956-1960,2030,OM-var,2.12,coal (conv pul) (cooling pond)
base load generation,coal,coal_base_conv pul 1956-1960,2030,OM-var,2.12,coal (conv pul) (dry cooling)
base load generation,coal,coal_base_conv pul 1961-1965,2030,OM-var,2.12,coal (conv pul) (once through)
base load generation,coal,coal_base_conv pul 1961-1965,2030,OM-var,2.12,coal (conv pul) (seawater)
base load generation,coal,coal_base_conv pul 1961-1965,2030,OM-var,2.12,coal (conv pul) (recirculating)
base load generation,coal,coal_base_conv pul 1961-1965,2030,OM-var,2.12,coal (conv pul) (cooling pond)
base load generation,coal,coal_base_conv pul 1961-1965,2030,OM-var,2.12,coal (conv pul) (dry cooling)
base load generation,coal,coal_base_conv pul 1966-1970,2030,OM-var,2.12,coal (conv pul) (once through)
base load generation,coal,coal_base_conv pul 1966-1970,2030,OM-var,2.12,coal (conv pul) (seawater)
base load generation,coal,coal_base_conv pul 1966-1970,2030,OM-var,2.12,coal (conv pul) (recirculating)
base load generation,coal,coal_base_conv pul 1966-1970,2030,OM-var,2.12,coal (conv pul) (cooling pond)
base load generation,coal,coal_base_conv pul 1966-1970,2030,OM-var,2.12,coal (conv pul) (dry cooling)
base load generation,coal,coal_base_conv pul 1971-1975,2030,OM-var,2.12,coal (conv pul) (once through)
base load generation,coal,coal_base_conv pul 1971-1975,2030,OM-var,2.12,coal (conv pul) (seawater)
base load generation,coal,coal_base_conv pul 1971-1975,2030,OM-var,2.12,coal (conv pul) (recirculating)
base load generation,coal,coal_base_conv pul 1971-1975,2030,OM-var,2.12,coal (conv pul) (cooling pond)
base load generation,coal,coal_base_conv pul 1971-1975,2030,OM-var,2.12,coal (conv pul) (dry cooling)
base load generation,coal,coal_base_conv pul 1976-1980,2030,OM-var,2.12,coal (conv pul) (once through)
base load generation,coal,coal_base_conv pul 1976-1980,2030,OM-var,2.12,coal (conv pul) (seawater)
base load generation,coal,coal_base_conv pul 1976-1980,2030,OM-var,2.12,coal (conv pul) (recirculating)
base load generation,coal,coal_base_conv pul 1976-1980,2030,OM-var,2.12,coal (conv pul) (cooling pond)
base load generation,coal,coal_base_conv pul 1976-1980,2030,OM-var,2.12,coal (conv pul) (dry cooling)
base load generation,coal,coal_base_conv pul 1981-1985,2030,OM-var,2.12,coal (conv pul) (once through)
base load generation,coal,coal_base_conv pul 1981-1985,2030,OM-var,2.12,coal (conv pul) (seawater)
base load generation,coal,coal_base_conv pul 1981-1985,2030,OM-var,2.12,coal (conv pul) (recirculating)
base load generation,coal,coal_base_conv pul 1981-1985,2030,OM-var,2.12,coal (conv pul) (cooling pond)
base load generation,coal,coal_base_conv pul 1981-1985,2030,OM-var,2.12,coal (conv pul) (dry cooling)
base load generation,coal,coal_base_conv pul 1986-1990,2030,OM-var,2.12,coal (conv pul) (once through)
base load generation,coal,coal_base_conv pul 1986-1990,2030,OM-var,2.12,coal (conv pul) (seawater)
base load generation,coal,coal_base_conv pul 1986-1990,2030,OM-var,2.12,coal (conv pul) (recirculating)
base load generation,coal,coal_base_conv pul 1986-1990,2030,OM-var,2.12,coal (conv pul) (cooling pond)
base load generation,coal,coal_base_conv pul 1986-1990,2030,OM-var,2.12,coal (conv pul) (dry cooling)
base load generation,coal,coal_base_conv pul 1991-1995,2030,OM-var,2.12,coal (conv pul) (once through)
base load generation,coal,coal_base_conv pul 1991-1995,2030,OM-var,2.12,coal (conv pul) (seawater)
base load generation,coal,coal_base_conv pul 1991-1995,2030,OM-var,2.12,coal (conv pul) (recirculating)
base load generation,coal,coal_base_conv pul 1991-1995,2030,OM-var,2.12,coal (conv pul) (cooling pond)
base load generation,coal,coal_base_conv pul 1991-1995,2030,OM-var,2.12,coal (conv pul) (dry cooling)
base load generation,coal,coal_base_conv pul 1996-2000,2030,OM-var,2.12,coal (conv pul) (once through)
base load generation,coal,coal_base_conv pul 1996-2000,2030,OM-var,2.12,coal (conv pul) (seawater)
base load generation,coal,coal_base_conv pul 1996-2000,2030,OM-var,2.12,coal (conv pul) (recirculating)
base load generation,coal,coal_base_conv pul 1996-2000,2030,OM-var,2.12,coal (conv pul) (cooling pond)
base load generation,coal,coal_base_conv pul 1996-2000,2030,OM-var,2.12,coal (conv pul) (dry cooling)
base load generation,coal,coal_base_conv pul 2001-2005,2030,OM-var,2.12,coal (conv pul) (once through)
base load generation,coal,coal_base_conv pul 2001-2005,2030,OM-var,2.12,coal (conv pul) (seawater)
base load generation,coal,coal_base_conv pul 2001-2005,2030,OM-var,2.12,coal (conv pul) (recirculating)
base load generation,coal,coal_base_conv pul 2001-2005,2030,OM-var,2.12,coal (conv pul) (cooling pond)
base load generation,coal,coal_base_conv pul 2001-2005,2030,OM-var,2.12,coal (conv pul) (dry cooling)
base load generation,coal,coal_base_conv pul 2006-2010,2030,OM-var,2.12,coal (conv pul) (once through)
base load generation,coal,coal_base_conv pul 2006-2010,2030,OM-var,2.12,coal (conv pul) (seawater)
base load generation,coal,coal_base_conv pul 2006-2010,2030,OM-var,2.12,coal (conv pul) (recirculating)
base load generation,coal,coal_base_conv pul 2006-2010,2030,OM-var,2.12,coal (conv pul) (cooling pond)
base load generation,coal,coal_base_conv pul 2006-2010,2030,OM-var,2.12,coal (conv pul) (dry cooling)
base load generation,coal,coal_base_conv pul 2011-2015,2030,OM-var,2.12,coal (conv pul) (once through)
base load generation,coal,coal_base_conv pul 2011-2015,2030,OM-var,2.12,coal (conv pul) (seawater)
base load generation,coal,coal_base_conv pul 2011-2015,2030,OM-var,2.12,coal (conv pul) (recirculating)
base load generation,coal,coal_base_conv pul 2011-2015,2030,OM-var,2.12,coal (conv pul) (cooling pond)
base load generation,coal,coal_base_conv pul 2011-2015,2030,OM-var,2.12,coal (conv pul) (dry cooling)
base load generation,coal,coal_base_conv pul 2016-2021,2030,OM-var,2.12,coal (conv pul) (once through)
base load generation,coal,coal_base_conv pul 2016-2021,2030,OM-var,2.12,coal (conv pul) (seawater)
base load generation,coal,coal_base_conv pul 2016-2021,2030,OM-var,2.12,coal (conv pul) (recirculating)
base load generation,coal,coal_base_conv pul 2016-2021,2030,OM-var,2.12,coal (conv pul) (cooling pond)
base load generation,coal,coal_base_conv pul 2016-2021,2030,OM-var,2.12,coal (conv pul) (dry cooling)
base load generation,coal,coal_base_conv pul before 1950,2030,OM-var,2.12,coal (conv pul) (once through)
base load generation,coal,coal_base_conv pul before 1950,2030,OM-var,2.12,coal (conv pul) (seawater)
base load generation,coal,coal_base_conv pul before 1950,2030,OM-var,2.12,coal (conv pul) (recirculating)
base load generation,coal,coal_base_conv pul before 1950,2030,OM-var,2.12,coal (conv pul) (cooling pond)
base load generation,coal,coal_base_conv pul before 1950,2030,OM-var,2.12,coal (conv pul) (dry cooling)
base load generation,coal,coal_base_conv pul_retire_2023,2030,OM-var,2.12,coal (conv pul) (once through)
base load generation,coal,coal_base_conv pul_retire_2023,2030,OM-var,2.12,coal (conv pul) (seawater)
base load generation,coal,coal_base_conv pul_retire_2023,2030,OM-var,2.12,coal (conv pul) (recirculating)
base load generation,coal,coal_base_conv pul_retire_2023,2030,OM-var,2.12,coal (conv pul) (cooling pond)
base load generation,coal,coal_base_conv pul_retire_2023,2030,OM-var,2.12,coal (conv pul) (dry cooling)
base load generation,biomass,biomass_base_conv,2035,OM-var,1.24,biomass (conv) (once through)
base load generation,biomass,biomass_base_conv,2035,OM-var,1.24,biomass (conv) (seawater)
base load generation,biomass,biomass_base_conv,2035,OM-var,1.24,biomass (conv) (recirculating)
base load generation,biomass,biomass_base_conv,2035,OM-var,1.24,biomass (conv) (cooling pond)
base load generation,biomass,biomass_base_conv,2035,OM-var,1.24,biomass (conv) (dry cooling)
base load generation,biomass,biomass_base_conv_CCS,2035,OM-var,3.42,biomass (conv CCS) (once through)
base load generation,biomass,biomass_base_conv_CCS,2035,OM-var,3.42,biomass (conv CCS) (seawater)
base load generation,biomass,biomass_base_conv_CCS,2035,OM-var,3.42,biomass (conv CCS) (recirculating)
base load generation,biomass,biomass_base_conv_CCS,2035,OM-var,3.42,biomass (conv CCS) (dry cooling)
base load generation,biomass,biomass_base_IGCC,2035,OM-var,2.87,biomass (IGCC) (once through)
base load generation,biomass,biomass_base_IGCC,2035,OM-var,2.87,biomass (IGCC) (seawater)
base load generation,biomass,biomass_base_IGCC,2035,OM-var,2.87,biomass (IGCC) (recirculating)
base load generation,biomass,biomass_base_IGCC,2035,OM-var,2.87,biomass (IGCC) (dry cooling)
base load generation,biomass,biomass_base_IGCC_CCS,2035,OM-var,5.59,biomass (IGCC CCS) (once through)
base load generation,biomass,biomass_base_IGCC_CCS,2035,OM-var,5.59,biomass (IGCC CCS) (seawater)
base load generation,biomass,biomass_base_IGCC_CCS,2035,OM-var,5.59,biomass (IGCC CCS) (recirculating)
base load generation,biomass,biomass_base_IGCC_CCS,2035,OM-var,5.59,biomass (IGCC CCS) (dry cooling)
base load generation,coal,coal_base_conv pul,2035,OM-var,2.07,coal (conv pul) (once through)
base load generation,coal,coal_base_conv pul,2035,OM-var,2.07,coal (conv pul) (seawater)
base load generation,coal,coal_base_conv pul,2035,OM-var,2.07,coal (conv pul) (recirculating)
base load generation,coal,coal_base_conv pul,2035,OM-var,2.07,coal (conv pul) (cooling pond)
base load generation,coal,coal_base_conv pul,2035,OM-var,2.07,coal (conv pul) (dry cooling)
base load generation,coal,coal_base_conv pul_CCS,2035,OM-var,3.35,coal (conv pul CCS) (once through)
base load generation,coal,coal_base_conv pul_CCS,2035,OM-var,3.35,coal (conv pul CCS) (seawater)
base load generation,coal,coal_base_conv pul_CCS,2035,OM-var,3.35,coal (conv pul CCS) (recirculating)
base load generation,coal,coal_base_conv pul_CCS,2035,OM-var,3.35,coal (conv pul CCS) (dry cooling)
base load generation,coal,coal_base_IGCC,2035,OM-var,3.71,coal (IGCC) (once through)
base load generation,coal,coal_base_IGCC,2035,OM-var,3.71,coal (IGCC) (seawater)
base load generation,coal,coal_base_IGCC,2035,OM-var,3.71,coal (IGCC) (recirculating)
base load generation,coal,coal_base_IGCC,2035,OM-var,3.71,coal (IGCC) (dry cooling)
base load generation,coal,coal_base_IGCC_CCS,2035,OM-var,5.51,coal (IGCC CCS) (once through)
base load generation,coal,coal_base_IGCC_CCS,2035,OM-var,5.51,coal (IGCC CCS) (seawater)
base load generation,coal,coal_base_IGCC_CCS,2035,OM-var,5.51,coal (IGCC CCS) (recirculating)
base load generation,coal,coal_base_IGCC_CCS,2035,OM-var,5.51,coal (IGCC CCS) (dry cooling)
base load generation,gas,gas_base_CC,2035,OM-var,0.46,gas (CC) (once through)
base load generation,gas,gas_base_CC,2035,OM-var,0.46,gas (CC) (seawater)
base load generation,gas,gas_base_CC,2035,OM-var,0.46,gas (CC) (recirculating)
base load generation,gas,gas_base_CC,2035,OM-var,0.46,gas (CC) (cooling pond)
base load generation,gas,gas_base_CC,2035,OM-var,0.46,gas (CC) (dry cooling)
base load generation,gas,gas_base_CC_CCS,2035,OM-var,0.97,gas (CC CCS) (once through)
base load generation,gas,gas_base_CC_CCS,2035,OM-var,0.97,gas (CC CCS) (seawater)
base load generation,gas,gas_base_CC_CCS,2035,OM-var,0.97,gas (CC CCS) (recirculating)
base load generation,gas,gas_base_CC_CCS,2035,OM-var,0.97,gas (CC CCS) (dry cooling)
base load generation,geothermal,geo_base,2035,OM-var,0,geothermal (recirculating)
base load generation,geothermal,geo_base,2035,OM-var,0,geothermal (dry_hybrid)
base load generation,nuclear,nuc_base_Gen II,2035,OM-var,0.66,Gen_II_LWR (once through)
base load generation,nuclear,nuc_base_Gen II,2035,OM-var,0.66,Gen_II_LWR (seawater)
base load generation,nuclear,nuc_base_Gen II,2035,OM-var,0.66,Gen_II_LWR (recirculating)
base load generation,nuclear,nuc_base_Gen II,2035,OM-var,0.66,Gen_II_LWR (cooling pond)
base load generation,nuclear,nuc_base_large reactor,2035,OM-var,0.66,large reactor (once through)
base load generation,nuclear,nuc_base_large reactor,2035,OM-var,0.66,large reactor (seawater)
base load generation,nuclear,nuc_base_large reactor,2035,OM-var,0.66,large reactor (recirculating)
base load generation,nuclear,nuc_base_large reactor,2035,OM-var,0.66,large reactor (cooling pond)
base load generation,nuclear,nuc_base_SMR,2035,OM-var,0.61,SMR (once through)
base load generation,nuclear,nuc_base_SMR,2035,OM-var,0.61,SMR (seawater)
base load generation,nuclear,nuc_base_SMR,2035,OM-var,0.61,SMR (recirculating)
base load generation,nuclear,nuc_base_SMR,2035,OM-var,0.61,SMR (cooling pond)
base load generation,refined liquids,refined liquids_base_steam/CT,2035,OM-var,1.64,refined liquids (steam/CT) (once through)
base load generation,refined liquids,refined liquids_base_steam/CT,2035,OM-var,1.64,refined liquids (steam/CT) (seawater)
base load generation,refined liquids,refined liquids_base_steam/CT,2035,OM-var,1.64,refined liquids (steam/CT) (recirculating)
base load generation,refined liquids,refined liquids_base_steam/CT,2035,OM-var,1.64,refined liquids (steam/CT) (cooling pond)
base load generation,refined liquids,refined liquids_base_steam/CT,2035,OM-var,1.64,refined liquids (steam/CT) (dry cooling)
base load generation,refined liquids,refined liquids_base_CC,2035,OM-var,0.46,refined liquids (CC) (once through)
base load generation,refined liquids,refined liquids_base_CC,2035,OM-var,0.46,refined liquids (CC) (seawater)
base load generation,refined liquids,refined liquids_base_CC,2035,OM-var,0.46,refined liquids (CC) (recirculating)
base load generation,refined liquids,refined liquids_base_CC,2035,OM-var,0.46,refined liquids (CC) (dry cooling)
base load generation,refined liquids,refined liquids_base_CC_CCS,2035,OM-var,0.97,refined liquids (CC CCS) (once through)
base load generation,refined liquids,refined liquids_base_CC_CCS,2035,OM-var,0.97,refined liquids (CC CCS) (seawater)
base load generation,refined liquids,refined liquids_base_CC_CCS,2035,OM-var,0.97,refined liquids (CC CCS) (recirculating)
base load generation,refined liquids,refined liquids_base_CC_CCS,2035,OM-var,0.97,refined liquids (CC CCS) (dry cooling)
base load generation,solar,PV_base_storage,2035,OM-var,0,PV_base_storage
base load generation,solar,CSP_base_storage,2035,OM-var,0.71,CSP_base_storage
base load generation,wind,wind_base_storage,2035,OM-var,0,wind_base_storage
base load generation,coal,coal_base_conv pul 1951-1955,2035,OM-var,2.07,coal (conv pul) (once through)
base load generation,coal,coal_base_conv pul 1951-1955,2035,OM-var,2.07,coal (conv pul) (seawater)
base load generation,coal,coal_base_conv pul 1951-1955,2035,OM-var,2.07,coal (conv pul) (recirculating)
base load generation,coal,coal_base_conv pul 1951-1955,2035,OM-var,2.07,coal (conv pul) (cooling pond)
base load generation,coal,coal_base_conv pul 1951-1955,2035,OM-var,2.07,coal (conv pul) (dry cooling)
base load generation,coal,coal_base_conv pul 1956-1960,2035,OM-var,2.07,coal (conv pul) (once through)
base load generation,coal,coal_base_conv pul 1956-1960,2035,OM-var,2.07,coal (conv pul) (seawater)
base load generation,coal,coal_base_conv pul 1956-1960,2035,OM-var,2.07,coal (conv pul) (recirculating)
base load generation,coal,coal_base_conv pul 1956-1960,2035,OM-var,2.07,coal (conv pul) (cooling pond)
base load generation,coal,coal_base_conv pul 1956-1960,2035,OM-var,2.07,coal (conv pul) (dry cooling)
base load generation,coal,coal_base_conv pul 1961-1965,2035,OM-var,2.07,coal (conv pul) (once through)
base load generation,coal,coal_base_conv pul 1961-1965,2035,OM-var,2.07,coal (conv pul) (seawater)
base load generation,coal,coal_base_conv pul 1961-1965,2035,OM-var,2.07,coal (conv pul) (recirculating)
base load generation,coal,coal_base_conv pul 1961-1965,2035,OM-var,2.07,coal (conv pul) (cooling pond)
base load generation,coal,coal_base_conv pul 1961-1965,2035,OM-var,2.07,coal (conv pul) (dry cooling)
base load generation,coal,coal_base_conv pul 1966-1970,2035,OM-var,2.07,coal (conv pul) (once through)
base load generation,coal,coal_base_conv pul 1966-1970,2035,OM-var,2.07,coal (conv pul) (seawater)
base load generation,coal,coal_base_conv pul 1966-1970,2035,OM-var,2.07,coal (conv pul) (recirculating)
base load generation,coal,coal_base_conv pul 1966-1970,2035,OM-var,2.07,coal (conv pul) (cooling pond)
base load generation,coal,coal_base_conv pul 1966-1970,2035,OM-var,2.07,coal (conv pul) (dry cooling)
base load generation,coal,coal_base_conv pul 1971-1975,2035,OM-var,2.07,coal (conv pul) (once through)
base load generation,coal,coal_base_conv pul 1971-1975,2035,OM-var,2.07,coal (conv pul) (seawater)
base load generation,coal,coal_base_conv pul 1971-1975,2035,OM-var,2.07,coal (conv pul) (recirculating)
base load generation,coal,coal_base_conv pul 1971-1975,2035,OM-var,2.07,coal (conv pul) (cooling pond)
base load generation,coal,coal_base_conv pul 1971-1975,2035,OM-var,2.07,coal (conv pul) (dry cooling)
base load generation,coal,coal_base_conv pul 1976-1980,2035,OM-var,2.07,coal (conv pul) (once through)
base load generation,coal,coal_base_conv pul 1976-1980,2035,OM-var,2.07,coal (conv pul) (seawater)
base load generation,coal,coal_base_conv pul 1976-1980,2035,OM-var,2.07,coal (conv pul) (recirculating)
base load generation,coal,coal_base_conv pul 1976-1980,2035,OM-var,2.07,coal (conv pul) (cooling pond)
base load generation,coal,coal_base_conv pul 1976-1980,2035,OM-var,2.07,coal (conv pul) (dry cooling)
base load generation,coal,coal_base_conv pul 1981-1985,2035,OM-var,2.07,coal (conv pul) (once through)
base load generation,coal,coal_base_conv pul 1981-1985,2035,OM-var,2.07,coal (conv pul) (seawater)
base load generation,coal,coal_base_conv pul 1981-1985,2035,OM-var,2.07,coal (conv pul) (recirculating)
base load generation,coal,coal_base_conv pul 1981-1985,2035,OM-var,2.07,coal (conv pul) (cooling pond)
base load generation,coal,coal_base_conv pul 1981-1985,2035,OM-var,2.07,coal (conv pul) (dry cooling)
base load generation,coal,coal_base_conv pul 1986-1990,2035,OM-var,2.07,coal (conv pul) (once through)
base load generation,coal,coal_base_conv pul 1986-1990,2035,OM-var,2.07,coal (conv pul) (seawater)
base load generation,coal,coal_base_conv pul 1986-1990,2035,OM-var,2.07,coal (conv pul) (recirculating)
base load generation,coal,coal_base_conv pul 1986-1990,2035,OM-var,2.07,coal (conv pul) (cooling pond)
base load generation,coal,coal_base_conv pul 1986-1990,2035,OM-var,2.07,coal (conv pul) (dry cooling)
base load generation,coal,coal_base_conv pul 1991-1995,2035,OM-var,2.07,coal (conv pul) (once through)
base load generation,coal,coal_base_conv pul 1991-1995,2035,OM-var,2.07,coal (conv pul) (seawater)
base load generation,coal,coal_base_conv pul 1991-1995,2035,OM-var,2.07,coal (conv pul) (recirculating)
base load generation,coal,coal_base_conv pul 1991-1995,2035,OM-var,2.07,coal (conv pul) (cooling pond)
base load generation,coal,coal_base_conv pul 1991-1995,2035,OM-var,2.07,coal (conv pul) (dry cooling)
base load generation,coal,coal_base_conv pul 1996-2000,2035,OM-var,2.07,coal (conv pul) (once through)
base load generation,coal,coal_base_conv pul 1996-2000,2035,OM-var,2.07,coal (conv pul) (seawater)
base load generation,coal,coal_base_conv pul 1996-2000,2035,OM-var,2.07,coal (conv pul) (recirculating)
base load generation,coal,coal_base_conv pul 1996-2000,2035,OM-var,2.07,coal (conv pul) (cooling pond)
base load generation,coal,coal_base_conv pul 1996-2000,2035,OM-var,2.07,coal (conv pul) (dry cooling)
base load generation,coal,coal_base_conv pul 2001-2005,2035,OM-var,2.07,coal (conv pul) (once through)
base load generation,coal,coal_base_conv pul 2001-2005,2035,OM-var,2.07,coal (conv pul) (seawater)
base load generation,coal,coal_base_conv pul 2001-2005,2035,OM-var,2.07,coal (conv pul) (recirculating)
base load generation,coal,coal_base_conv pul 2001-2005,2035,OM-var,2.07,coal (conv pul) (cooling pond)
base load generation,coal,coal_base_conv pul 2001-2005,2035,OM-var,2.07,coal (conv pul) (dry cooling)
base load generation,coal,coal_base_conv pul 2006-2010,2035,OM-var,2.07,coal (conv pul) (once through)
base load generation,coal,coal_base_conv pul 2006-2010,2035,OM-var,2.07,coal (conv pul) (seawater)
base load generation,coal,coal_base_conv pul 2006-2010,2035,OM-var,2.07,coal (conv pul) (recirculating)
base load generation,coal,coal_base_conv pul 2006-2010,2035,OM-var,2.07,coal (conv pul) (cooling pond)
base load generation,coal,coal_base_conv pul 2006-2010,2035,OM-var,2.07,coal (conv pul) (dry cooling)
base load generation,coal,coal_base_conv pul 2011-2015,2035,OM-var,2.07,coal (conv pul) (once through)
base load generation,coal,coal_base_conv pul 2011-2015,2035,OM-var,2.07,coal (conv pul) (seawater)
base load generation,coal,coal_base_conv pul 2011-2015,2035,OM-var,2.07,coal (conv pul) (recirculating)
base load generation,coal,coal_base_conv pul 2011-2015,2035,OM-var,2.07,coal (conv pul) (cooling pond)
base load generation,coal,coal_base_conv pul 2011-2015,2035,OM-var,2.07,coal (conv pul) (dry cooling)
base load generation,coal,coal_base_conv pul 2016-2021,2035,OM-var,2.07,coal (conv pul) (once through)
base load generation,coal,coal_base_conv pul 2016-2021,2035,OM-var,2.07,coal (conv pul) (seawater)
base load generation,coal,coal_base_conv pul 2016-2021,2035,OM-var,2.07,coal (conv pul) (recirculating)
base load generation,coal,coal_base_conv pul 2016-2021,2035,OM-var,2.07,coal (conv pul) (cooling pond)
base load generation,coal,coal_base_conv pul 2016-2021,2035,OM-var,2.07,coal (conv pul) (dry cooling)
base load generation,coal,coal_base_conv pul before 1950,2035,OM-var,2.07,coal (conv pul) (once through)
base load generation,coal,coal_base_conv pul before 1950,2035,OM-var,2.07,coal (conv pul) (seawater)
base load generation,coal,coal_base_conv pul before 1950,2035,OM-var,2.07,coal (conv pul) (recirculating)
base load generation,coal,coal_base_conv pul before 1950,2035,OM-var,2.07,coal (conv pul) (cooling pond)
base load generation,coal,coal_base_conv pul before 1950,2035,OM-var,2.07,coal (conv pul) (dry cooling)
base load generation,coal,coal_base_conv pul_retire_2023,2035,OM-var,2.07,coal (conv pul) (once through)
base load generation,coal,coal_base_conv pul_retire_2023,2035,OM-var,2.07,coal (conv pul) (seawater)
base load generation,coal,coal_base_conv pul_retire_2023,2035,OM-var,2.07,coal (conv pul) (recirculating)
base load generation,coal,coal_base_conv pul_retire_2023,2035,OM-var,2.07,coal (conv pul) (cooling pond)
base load generation,coal,coal_base_conv pul_retire_2023,2035,OM-var,2.07,coal (conv pul) (dry cooling)
base load generation,biomass,biomass_base_conv,2040,OM-var,1.24,biomass (conv) (once through)
base load generation,biomass,biomass_base_conv,2040,OM-var,1.24,biomass (conv) (seawater)
base load generation,biomass,biomass_base_conv,2040,OM-var,1.24,biomass (conv) (recirculating)
base load generation,biomass,biomass_base_conv,2040,OM-var,1.24,biomass (conv) (cooling pond)
base load generation,biomass,biomass_base_conv,2040,OM-var,1.24,biomass (conv) (dry cooling)
base load generation,biomass,biomass_base_conv_CCS,2040,OM-var,3.41,biomass (conv CCS) (once through)
base load generation,biomass,biomass_base_conv_CCS,2040,OM-var,3.41,biomass (conv CCS) (seawater)
base load generation,biomass,biomass_base_conv_CCS,2040,OM-var,3.41,biomass (conv CCS) (recirculating)
base load generation,biomass,biomass_base_conv_CCS,2040,OM-var,3.41,biomass (conv CCS) (dry cooling)
base load generation,biomass,biomass_base_IGCC,2040,OM-var,2.85,biomass (IGCC) (once through)
base load generation,biomass,biomass_base_IGCC,2040,OM-var,2.85,biomass (IGCC) (seawater)
base load generation,biomass,biomass_base_IGCC,2040,OM-var,2.85,biomass (IGCC) (recirculating)
base load generation,biomass,biomass_base_IGCC,2040,OM-var,2.85,biomass (IGCC) (dry cooling)
base load generation,biomass,biomass_base_IGCC_CCS,2040,OM-var,5.54,biomass (IGCC CCS) (once through)
base load generation,biomass,biomass_base_IGCC_CCS,2040,OM-var,5.54,biomass (IGCC CCS) (seawater)
base load generation,biomass,biomass_base_IGCC_CCS,2040,OM-var,5.54,biomass (IGCC CCS) (recirculating)
base load generation,biomass,biomass_base_IGCC_CCS,2040,OM-var,5.54,biomass (IGCC CCS) (dry cooling)
base load generation,coal,coal_base_conv pul,2040,OM-var,2.04,coal (conv pul) (once through)
base load generation,coal,coal_base_conv pul,2040,OM-var,2.04,coal (conv pul) (seawater)
base load generation,coal,coal_base_conv pul,2040,OM-var,2.04,coal (conv pul) (recirculating)
base load generation,coal,coal_base_conv pul,2040,OM-var,2.04,coal (conv pul) (cooling pond)
base load generation,coal,coal_base_conv pul,2040,OM-var,2.04,coal (conv pul) (dry cooling)
base load generation,coal,coal_base_conv pul_CCS,2040,OM-var,3.29,coal (conv pul CCS) (once through)
base load generation,coal,coal_base_conv pul_CCS,2040,OM-var,3.29,coal (conv pul CCS) (seawater)
base load generation,coal,coal_base_conv pul_CCS,2040,OM-var,3.29,coal (conv pul CCS) (recirculating)
base load generation,coal,coal_base_conv pul_CCS,2040,OM-var,3.29,coal (conv pul CCS) (dry cooling)
base load generation,coal,coal_base_IGCC,2040,OM-var,3.65,coal (IGCC) (once through)
base load generation,coal,coal_base_IGCC,2040,OM-var,3.65,coal (IGCC) (seawater)
base load generation,coal,coal_base_IGCC,2040,OM-var,3.65,coal (IGCC) (recirculating)
base load generation,coal,coal_base_IGCC,2040,OM-var,3.65,coal (IGCC) (dry cooling)
base load generation,coal,coal_base_IGCC_CCS,2040,OM-var,5.42,coal (IGCC CCS) (once through)
base load generation,coal,coal_base_IGCC_CCS,2040,OM-var,5.42,coal (IGCC CCS) (seawater)
base load generation,coal,coal_base_IGCC_CCS,2040,OM-var,5.42,coal (IGCC CCS) (recirculating)
base load generation,coal,coal_base_IGCC_CCS,2040,OM-var,5.42,coal (IGCC CCS) (dry cooling)
base load generation,gas,gas_base_CC,2040,OM-var,0.45,gas (CC) (once through)
base load generation,gas,gas_base_CC,2040,OM-var,0.45,gas (CC) (seawater)
base load generation,gas,gas_base_CC,2040,OM-var,0.45,gas (CC) (recirculating)
base load generation,gas,gas_base_CC,2040,OM-var,0.45,gas (CC) (cooling pond)
base load generation,gas,gas_base_CC,2040,OM-var,0.45,gas (CC) (dry cooling)
base load generation,gas,gas_base_CC_CCS,2040,OM-var,0.93,gas (CC CCS) (once through)
base load generation,gas,gas_base_CC_CCS,2040,OM-var,0.93,gas (CC CCS) (seawater)
base load generation,gas,gas_base_CC_CCS,2040,OM-var,0.93,gas (CC CCS) (recirculating)
base load generation,gas,gas_base_CC_CCS,2040,OM-var,0.93,gas (CC CCS) (dry cooling)
base load generation,geothermal,geo_base,2040,OM-var,0,geothermal (recirculating)
base load generation,geothermal,geo_base,2040,OM-var,0,geothermal (dry_hybrid)
base load generation,nuclear,nuc_base_Gen II,2040,OM-var,0.66,Gen_II_LWR (once through)
base load generation,nuclear,nuc_base_Gen II,2040,OM-var,0.66,Gen_II_LWR (seawater)
base load generation,nuclear,nuc_base_Gen II,2040,OM-var,0.66,Gen_II_LWR (recirculating)
base load generation,nuclear,nuc_base_Gen II,2040,OM-var,0.66,Gen_II_LWR (cooling pond)
base load generation,nuclear,nuc_base_large reactor,2040,OM-var,0.66,large reactor (once through)
base load generation,nuclear,nuc_base_large reactor,2040,OM-var,0.66,large reactor (seawater)
base load generation,nuclear,nuc_base_large reactor,2040,OM-var,0.66,large reactor (recirculating)
base load generation,nuclear,nuc_base_large reactor,2040,OM-var,0.66,large reactor (cooling pond)
base load generation,nuclear,nuc_base_SMR,2040,OM-var,0.61,SMR (once through)
base load generation,nuclear,nuc_base_SMR,2040,OM-var,0.61,SMR (seawater)
base load generation,nuclear,nuc_base_SMR,2040,OM-var,0.61,SMR (recirculating)
base load generation,nuclear,nuc_base_SMR,2040,OM-var,0.61,SMR (cooling pond)
base load generation,refined liquids,refined liquids_base_steam/CT,2040,OM-var,1.64,refined liquids (steam/CT) (once through)
base load generation,refined liquids,refined liquids_base_steam/CT,2040,OM-var,1.64,refined liquids (steam/CT) (seawater)
base load generation,refined liquids,refined liquids_base_steam/CT,2040,OM-var,1.64,refined liquids (steam/CT) (recirculating)
base load generation,refined liquids,refined liquids_base_steam/CT,2040,OM-var,1.64,refined liquids (steam/CT) (cooling pond)
base load generation,refined liquids,refined liquids_base_steam/CT,2040,OM-var,1.64,refined liquids (steam/CT) (dry cooling)
base load generation,refined liquids,refined liquids_base_CC,2040,OM-var,0.45,refined liquids (CC) (once through)
base load generation,refined liquids,refined liquids_base_CC,2040,OM-var,0.45,refined liquids (CC) (seawater)
base load generation,refined liquids,refined liquids_base_CC,2040,OM-var,0.45,refined liquids (CC) (recirculating)
base load generation,refined liquids,refined liquids_base_CC,2040,OM-var,0.45,refined liquids (CC) (dry cooling)
base load generation,refined liquids,refined liquids_base_CC_CCS,2040,OM-var,0.93,refined liquids (CC CCS) (once through)
base load generation,refined liquids,refined liquids_base_CC_CCS,2040,OM-var,0.93,refined liquids (CC CCS) (seawater)
base load generation,refined liquids,refined liquids_base_CC_CCS,2040,OM-var,0.93,refined liquids (CC CCS) (recirculating)
base load generation,refined liquids,refined liquids_base_CC_CCS,2040,OM-var,0.93,refined liquids (CC CCS) (dry cooling)
base load generation,solar,PV_base_storage,2040,OM-var,0,PV_base_storage
base load generation,solar,CSP_base_storage,2040,OM-var,0.71,CSP_base_storage
base load generation,wind,wind_base_storage,2040,OM-var,0,wind_base_storage
base load generation,coal,coal_base_conv pul 1951-1955,2040,OM-var,2.04,coal (conv pul) (once through)
base load generation,coal,coal_base_conv pul 1951-1955,2040,OM-var,2.04,coal (conv pul) (seawater)
base load generation,coal,coal_base_conv pul 1951-1955,2040,OM-var,2.04,coal (conv pul) (recirculating)
base load generation,coal,coal_base_conv pul 1951-1955,2040,OM-var,2.04,coal (conv pul) (cooling pond)
base load generation,coal,coal_base_conv pul 1951-1955,2040,OM-var,2.04,coal (conv pul) (dry cooling)
base load generation,coal,coal_base_conv pul 1956-1960,2040,OM-var,2.04,coal (conv pul) (once through)
base load generation,coal,coal_base_conv pul 1956-1960,2040,OM-var,2.04,coal (conv pul) (seawater)
base load generation,coal,coal_base_conv pul 1956-1960,2040,OM-var,2.04,coal (conv pul) (recirculating)
base load generation,coal,coal_base_conv pul 1956-1960,2040,OM-var,2.04,coal (conv pul) (cooling pond)
base load generation,coal,coal_base_conv pul 1956-1960,2040,OM-var,2.04,coal (conv pul) (dry cooling)
base load generation,coal,coal_base_conv pul 1961-1965,2040,OM-var,2.04,coal (conv pul) (once through)
base load generation,coal,coal_base_conv pul 1961-1965,2040,OM-var,2.04,coal (conv pul) (seawater)
base load generation,coal,coal_base_conv pul 1961-1965,2040,OM-var,2.04,coal (conv pul) (recirculating)
base load generation,coal,coal_base_conv pul 1961-1965,2040,OM-var,2.04,coal (conv pul) (cooling pond)
base load generation,coal,coal_base_conv pul 1961-1965,2040,OM-var,2.04,coal (conv pul) (dry cooling)
base load generation,coal,coal_base_conv pul 1966-1970,2040,OM-var,2.04,coal (conv pul) (once through)
base load generation,coal,coal_base_conv pul 1966-1970,2040,OM-var,2.04,coal (conv pul) (seawater)
base load generation,coal,coal_base_conv pul 1966-1970,2040,OM-var,2.04,coal (conv pul) (recirculating)
base load generation,coal,coal_base_conv pul 1966-1970,2040,OM-var,2.04,coal (conv pul) (cooling pond)
base load generation,coal,coal_base_conv pul 1966-1970,2040,OM-var,2.04,coal (conv pul) (dry cooling)
base load generation,coal,coal_base_conv pul 1971-1975,2040,OM-var,2.04,coal (conv pul) (once through)
base load generation,coal,coal_base_conv pul 1971-1975,2040,OM-var,2.04,coal (conv pul) (seawater)
base load generation,coal,coal_base_conv pul 1971-1975,2040,OM-var,2.04,coal (conv pul) (recirculating)
base load generation,coal,coal_base_conv pul 1971-1975,2040,OM-var,2.04,coal (conv pul) (cooling pond)
base load generation,coal,coal_base_conv pul 1971-1975,2040,OM-var,2.04,coal (conv pul) (dry cooling)
base load generation,coal,coal_base_conv pul 1976-1980,2040,OM-var,2.04,coal (conv pul) (once through)
base load generation,coal,coal_base_conv pul 1976-1980,2040,OM-var,2.04,coal (conv pul) (seawater)
base load generation,coal,coal_base_conv pul 1976-1980,2040,OM-var,2.04,coal (conv pul) (recirculating)
base load generation,coal,coal_base_conv pul 1976-1980,2040,OM-var,2.04,coal (conv pul) (cooling pond)
base load generation,coal,coal_base_conv pul 1976-1980,2040,OM-var,2.04,coal (conv pul) (dry cooling)
base load generation,coal,coal_base_conv pul 1981-1985,2040,OM-var,2.04,coal (conv pul) (once through)
base load generation,coal,coal_base_conv pul 1981-1985,2040,OM-var,2.04,coal (conv pul) (seawater)
base load generation,coal,coal_base_conv pul 1981-1985,2040,OM-var,2.04,coal (conv pul) (recirculating)
base load generation,coal,coal_base_conv pul 1981-1985,2040,OM-var,2.04,coal (conv pul) (cooling pond)
base load generation,coal,coal_base_conv pul 1981-1985,2040,OM-var,2.04,coal (conv pul) (dry cooling)
base load generation,coal,coal_base_conv pul 1986-1990,2040,OM-var,2.04,coal (conv pul) (once through)
base load generation,coal,coal_base_conv pul 1986-1990,2040,OM-var,2.04,coal (conv pul) (seawater)
base load generation,coal,coal_base_conv pul 1986-1990,2040,OM-var,2.04,coal (conv pul) (recirculating)
base load generation,coal,coal_base_conv pul 1986-1990,2040,OM-var,2.04,coal (conv pul) (cooling pond)
base load generation,coal,coal_base_conv pul 1986-1990,2040,OM-var,2.04,coal (conv pul) (dry cooling)
base load generation,coal,coal_base_conv pul 1991-1995,2040,OM-var,2.04,coal (conv pul) (once through)
base load generation,coal,coal_base_conv pul 1991-1995,2040,OM-var,2.04,coal (conv pul) (seawater)
base load generation,coal,coal_base_conv pul 1991-1995,2040,OM-var,2.04,coal (conv pul) (recirculating)
base load generation,coal,coal_base_conv pul 1991-1995,2040,OM-var,2.04,coal (conv pul) (cooling pond)
base load generation,coal,coal_base_conv pul 1991-1995,2040,OM-var,2.04,coal (conv pul) (dry cooling)
base load generation,coal,coal_base_conv pul 1996-2000,2040,OM-var,2.04,coal (conv pul) (once through)
base load generation,coal,coal_base_conv pul 1996-2000,2040,OM-var,2.04,coal (conv pul) (seawater)
base load generation,coal,coal_base_conv pul 1996-2000,2040,OM-var,2.04,coal (conv pul) (recirculating)
base load generation,coal,coal_base_conv pul 1996-2000,2040,OM-var,2.04,coal (conv pul) (cooling pond)
base load generation,coal,coal_base_conv pul 1996-2000,2040,OM-var,2.04,coal (conv pul) (dry cooling)
base load generation,coal,coal_base_conv pul 2001-2005,2040,OM-var,2.04,coal (conv pul) (once through)
base load generation,coal,coal_base_conv pul 2001-2005,2040,OM-var,2.04,coal (conv pul) (seawater)
base load generation,coal,coal_base_conv pul 2001-2005,2040,OM-var,2.04,coal (conv pul) (recirculating)
base load generation,coal,coal_base_conv pul 2001-2005,2040,OM-var,2.04,coal (conv pul) (cooling pond)
base load generation,coal,coal_base_conv pul 2001-2005,2040,OM-var,2.04,coal (conv pul) (dry cooling)
base load generation,coal,coal_base_conv pul 2006-2010,2040,OM-var,2.04,coal (conv pul) (once through)
base load generation,coal,coal_base_conv pul 2006-2010,2040,OM-var,2.04,coal (conv pul) (seawater)
base load generation,coal,coal_base_conv pul 2006-2010,2040,OM-var,2.04,coal (conv pul) (recirculating)
base load generation,coal,coal_base_conv pul 2006-2010,2040,OM-var,2.04,coal (conv pul) (cooling pond)
base load generation,coal,coal_base_conv pul 2006-2010,2040,OM-var,2.04,coal (conv pul) (dry cooling)
base load generation,coal,coal_base_conv pul 2011-2015,2040,OM-var,2.04,coal (conv pul) (once through)
base load generation,coal,coal_base_conv pul 2011-2015,2040,OM-var,2.04,coal (conv pul) (seawater)
base load generation,coal,coal_base_conv pul 2011-2015,2040,OM-var,2.04,coal (conv pul) (recirculating)
base load generation,coal,coal_base_conv pul 2011-2015,2040,OM-var,2.04,coal (conv pul) (cooling pond)
base load generation,coal,coal_base_conv pul 2011-2015,2040,OM-var,2.04,coal (conv pul) (dry cooling)
base load generation,coal,coal_base_conv pul 2016-2021,2040,OM-var,2.04,coal (conv pul) (once through)
base load generation,coal,coal_base_conv pul 2016-2021,2040,OM-var,2.04,coal (conv pul) (seawater)
base load generation,coal,coal_base_conv pul 2016-2021,2040,OM-var,2.04,coal (conv pul) (recirculating)
base load generation,coal,coal_base_conv pul 2016-2021,2040,OM-var,2.04,coal (conv pul) (cooling pond)
base load generation,coal,coal_base_conv pul 2016-2021,2040,OM-var,2.04,coal (conv pul) (dry cooling)
base load generation,coal,coal_base_conv pul before 1950,2040,OM-var,2.04,coal (conv pul) (once through)
base load generation,coal,coal_base_conv pul before 1950,2040,OM-var,2.04,coal (conv pul) (seawater)
base load generation,coal,coal_base_conv pul before 1950,2040,OM-var,2.04,coal (conv pul) (recirculating)
base load generation,coal,coal_base_conv pul before 1950,2040,OM-var,2.04,coal (conv pul) (cooling pond)
base load generation,coal,coal_base_conv pul before 1950,2040,OM-var,2.04,coal (conv pul) (dry cooling)
base load generation,coal,coal_base_conv pul_retire_2023,2040,OM-var,2.04,coal (conv pul) (once through)
base load generation,coal,coal_base_conv pul_retire_2023,2040,OM-var,2.04,coal (conv pul) (seawater)
base load generation,coal,coal_base_conv pul_retire_2023,2040,OM-var,2.04,coal (conv pul) (recirculating)
base load generation,coal,coal_base_conv pul_retire_2023,2040,OM-var,2.04,coal (conv pul) (cooling pond)
base load generation,coal,coal_base_conv pul_retire_2023,2040,OM-var,2.04,coal (conv pul) (dry cooling)
base load generation,biomass,biomass_base_conv,2045,OM-var,1.24,biomass (conv) (once through)
base load generation,biomass,biomass_base_conv,2045,OM-var,1.24,biomass (conv) (seawater)
base load generation,biomass,biomass_base_conv,2045,OM-var,1.24,biomass (conv) (recirculating)
base load generation,biomass,biomass_base_conv,2045,OM-var,1.24,biomass (conv) (cooling pond)
base load generation,biomass,biomass_base_conv,2045,OM-var,1.24,biomass (conv) (dry cooling)
base load generation,biomass,biomass_base_conv_CCS,2045,OM-var,3.39,biomass (conv CCS) (once through)
base load generation,biomass,biomass_base_conv_CCS,2045,OM-var,3.39,biomass (conv CCS) (seawater)
base load generation,biomass,biomass_base_conv_CCS,2045,OM-var,3.39,biomass (conv CCS) (recirculating)
base load generation,biomass,biomass_base_conv_CCS,2045,OM-var,3.39,biomass (conv CCS) (dry cooling)
base load generation,biomass,biomass_base_IGCC,2045,OM-var,2.82,biomass (IGCC) (once through)
base load generation,biomass,biomass_base_IGCC,2045,OM-var,2.82,biomass (IGCC) (seawater)
base load generation,biomass,biomass_base_IGCC,2045,OM-var,2.82,biomass (IGCC) (recirculating)
base load generation,biomass,biomass_base_IGCC,2045,OM-var,2.82,biomass (IGCC) (dry cooling)
base load generation,biomass,biomass_base_IGCC_CCS,2045,OM-var,5.49,biomass (IGCC CCS) (once through)
base load generation,biomass,biomass_base_IGCC_CCS,2045,OM-var,5.49,biomass (IGCC CCS) (seawater)
base load generation,biomass,biomass_base_IGCC_CCS,2045,OM-var,5.49,biomass (IGCC CCS) (recirculating)
base load generation,biomass,biomass_base_IGCC_CCS,2045,OM-var,5.49,biomass (IGCC CCS) (dry cooling)
base load generation,coal,coal_base_conv pul,2045,OM-var,2,coal (conv pul) (once through)
base load generation,coal,coal_base_conv pul,2045,OM-var,2,coal (conv pul) (seawater)
base load generation,coal,coal_base_conv pul,2045,OM-var,2,coal (conv pul) (recirculating)
base load generation,coal,coal_base_conv pul,2045,OM-var,2,coal (conv pul) (cooling pond)
base load generation,coal,coal_base_conv pul,2045,OM-var,2,coal (conv pul) (dry cooling)
base load generation,coal,coal_base_conv pul_CCS,2045,OM-var,3.23,coal (conv pul CCS) (once through)
base load generation,coal,coal_base_conv pul_CCS,2045,OM-var,3.23,coal (conv pul CCS) (seawater)
base load generation,coal,coal_base_conv pul_CCS,2045,OM-var,3.23,coal (conv pul CCS) (recirculating)
base load generation,coal,coal_base_conv pul_CCS,2045,OM-var,3.23,coal (conv pul CCS) (dry cooling)
base load generation,coal,coal_base_IGCC,2045,OM-var,3.58,coal (IGCC) (once through)
base load generation,coal,coal_base_IGCC,2045,OM-var,3.58,coal (IGCC) (seawater)
base load generation,coal,coal_base_IGCC,2045,OM-var,3.58,coal (IGCC) (recirculating)
base load generation,coal,coal_base_IGCC,2045,OM-var,3.58,coal (IGCC) (dry cooling)
base load generation,coal,coal_base_IGCC_CCS,2045,OM-var,5.33,coal (IGCC CCS) (once through)
base load generation,coal,coal_base_IGCC_CCS,2045,OM-var,5.33,coal (IGCC CCS) (seawater)
base load generation,coal,coal_base_IGCC_CCS,2045,OM-var,5.33,coal (IGCC CCS) (recirculating)
base load generation,coal,coal_base_IGCC_CCS,2045,OM-var,5.33,coal (IGCC CCS) (dry cooling)
base load generation,gas,gas_base_CC,2045,OM-var,0.44,gas (CC) (once through)
base load generation,gas,gas_base_CC,2045,OM-var,0.44,gas (CC) (seawater)
base load generation,gas,gas_base_CC,2045,OM-var,0.44,gas (CC) (recirculating)
base load generation,gas,gas_base_CC,2045,OM-var,0.44,gas (CC) (cooling pond)
base load generation,gas,gas_base_CC,2045,OM-var,0.44,gas (CC) (dry cooling)
base load generation,gas,gas_base_CC_CCS,2045,OM-var,0.9,gas (CC CCS) (once through)
base load generation,gas,gas_base_CC_CCS,2045,OM-var,0.9,gas (CC CCS) (seawater)
base load generation,gas,gas_base_CC_CCS,2045,OM-var,0.9,gas (CC CCS) (recirculating)
base load generation,gas,gas_base_CC_CCS,2045,OM-var,0.9,gas (CC CCS) (dry cooling)
base load generation,geothermal,geo_base,2045,OM-var,0,geothermal (recirculating)
base load generation,geothermal,geo_base,2045,OM-var,0,geothermal (dry_hybrid)
base load generation,nuclear,nuc_base_Gen II,2045,OM-var,0.66,Gen_II_LWR (once through)
base load generation,nuclear,nuc_base_Gen II,2045,OM-var,0.66,Gen_II_LWR (seawater)
base load generation,nuclear,nuc_base_Gen II,2045,OM-var,0.66,Gen_II_LWR (recirculating)
base load generation,nuclear,nuc_base_Gen II,2045,OM-var,0.66,Gen_II_LWR (cooling pond)
base load generation,nuclear,nuc_base_large reactor,2045,OM-var,0.66,large reactor (once through)
base load generation,nuclear,nuc_base_large reactor,2045,OM-var,0.66,large reactor (seawater)
base load generation,nuclear,nuc_base_large reactor,2045,OM-var,0.66,large reactor (recirculating)
base load generation,nuclear,nuc_base_large reactor,2045,OM-var,0.66,large reactor (cooling pond)
base load generation,nuclear,nuc_base_SMR,2045,OM-var,0.61,SMR (once through)
base load generation,nuclear,nuc_base_SMR,2045,OM-var,0.61,SMR (seawater)
base load generation,nuclear,nuc_base_SMR,2045,OM-var,0.61,SMR (recirculating)
base load generation,nuclear,nuc_base_SMR,2045,OM-var,0.61,SMR (cooling pond)
base load generation,refined liquids,refined liquids_base_steam/CT,2045,OM-var,1.64,refined liquids (steam/CT) (once through)
base load generation,refined liquids,refined liquids_base_steam/CT,2045,OM-var,1.64,refined liquids (steam/CT) (seawater)
base load generation,refined liquids,refined liquids_base_steam/CT,2045,OM-var,1.64,refined liquids (steam/CT) (recirculating)
base load generation,refined liquids,refined liquids_base_steam/CT,2045,OM-var,1.64,refined liquids (steam/CT) (cooling pond)
base load generation,refined liquids,refined liquids_base_steam/CT,2045,OM-var,1.64,refined liquids (steam/CT) (dry cooling)
base load generation,refined liquids,refined liquids_base_CC,2045,OM-var,0.44,refined liquids (CC) (once through)
base load generation,refined liquids,refined liquids_base_CC,2045,OM-var,0.44,refined liquids (CC) (seawater)
base load generation,refined liquids,refined liquids_base_CC,2045,OM-var,0.44,refined liquids (CC) (recirculating)
base load generation,refined liquids,refined liquids_base_CC,2045,OM-var,0.44,refined liquids (CC) (dry cooling)
base load generation,refined liquids,refined liquids_base_CC_CCS,2045,OM-var,0.9,refined liquids (CC CCS) (once through)
base load generation,refined liquids,refined liquids_base_CC_CCS,2045,OM-var,0.9,refined liquids (CC CCS) (seawater)
base load generation,refined liquids,refined liquids_base_CC_CCS,2045,OM-var,0.9,refined liquids (CC CCS) (recirculating)
base load generation,refined liquids,refined liquids_base_CC_CCS,2045,OM-var,0.9,refined liquids (CC CCS) (dry cooling)
base load generation,solar,PV_base_storage,2045,OM-var,0,PV_base_storage
base load generation,solar,CSP_base_storage,2045,OM-var,0.71,CSP_base_storage
base load generation,wind,wind_base_storage,2045,OM-var,0,wind_base_storage
base load generation,coal,coal_base_conv pul 1951-1955,2045,OM-var,2,coal (conv pul) (once through)
base load generation,coal,coal_base_conv pul 1951-1955,2045,OM-var,2,coal (conv pul) (seawater)
base load generation,coal,coal_base_conv pul 1951-1955,2045,OM-var,2,coal (conv pul) (recirculating)
base load generation,coal,coal_base_conv pul 1951-1955,2045,OM-var,2,coal (conv pul) (cooling pond)
base load generation,coal,coal_base_conv pul 1951-1955,2045,OM-var,2,coal (conv pul) (dry cooling)
base load generation,coal,coal_base_conv pul 1956-1960,2045,OM-var,2,coal (conv pul) (once through)
base load generation,coal,coal_base_conv pul 1956-1960,2045,OM-var,2,coal (conv pul) (seawater)
base load generation,coal,coal_base_conv pul 1956-1960,2045,OM-var,2,coal (conv pul) (recirculating)
base load generation,coal,coal_base_conv pul 1956-1960,2045,OM-var,2,coal (conv pul) (cooling pond)
base load generation,coal,coal_base_conv pul 1956-1960,2045,OM-var,2,coal (conv pul) (dry cooling)
base load generation,coal,coal_base_conv pul 1961-1965,2045,OM-var,2,coal (conv pul) (once through)
base load generation,coal,coal_base_conv pul 1961-1965,2045,OM-var,2,coal (conv pul) (seawater)
base load generation,coal,coal_base_conv pul 1961-1965,2045,OM-var,2,coal (conv pul) (recirculating)
base load generation,coal,coal_base_conv pul 1961-1965,2045,OM-var,2,coal (conv pul) (cooling pond)
base load generation,coal,coal_base_conv pul 1961-1965,2045,OM-var,2,coal (conv pul) (dry cooling)
base load generation,coal,coal_base_conv pul 1966-1970,2045,OM-var,2,coal (conv pul) (once through)
base load generation,coal,coal_base_conv pul 1966-1970,2045,OM-var,2,coal (conv pul) (seawater)
base load generation,coal,coal_base_conv pul 1966-1970,2045,OM-var,2,coal (conv pul) (recirculating)
base load generation,coal,coal_base_conv pul 1966-1970,2045,OM-var,2,coal (conv pul) (cooling pond)
base load generation,coal,coal_base_conv pul 1966-1970,2045,OM-var,2,coal (conv pul) (dry cooling)
base load generation,coal,coal_base_conv pul 1971-1975,2045,OM-var,2,coal (conv pul) (once through)
base load generation,coal,coal_base_conv pul 1971-1975,2045,OM-var,2,coal (conv pul) (seawater)
base load generation,coal,coal_base_conv pul 1971-1975,2045,OM-var,2,coal (conv pul) (recirculating)
base load generation,coal,coal_base_conv pul 1971-1975,2045,OM-var,2,coal (conv pul) (cooling pond)
base load generation,coal,coal_base_conv pul 1971-1975,2045,OM-var,2,coal (conv pul) (dry cooling)
base load generation,coal,coal_base_conv pul 1976-1980,2045,OM-var,2,coal (conv pul) (once through)
base load generation,coal,coal_base_conv pul 1976-1980,2045,OM-var,2,coal (conv pul) (seawater)
base load generation,coal,coal_base_conv pul 1976-1980,2045,OM-var,2,coal (conv pul) (recirculating)
base load generation,coal,coal_base_conv pul 1976-1980,2045,OM-var,2,coal (conv pul) (cooling pond)
base load generation,coal,coal_base_conv pul 1976-1980,2045,OM-var,2,coal (conv pul) (dry cooling)
base load generation,coal,coal_base_conv pul 1981-1985,2045,OM-var,2,coal (conv pul) (once through)
base load generation,coal,coal_base_conv pul 1981-1985,2045,OM-var,2,coal (conv pul) (seawater)
base load generation,coal,coal_base_conv pul 1981-1985,2045,OM-var,2,coal (conv pul) (recirculating)
base load generation,coal,coal_base_conv pul 1981-1985,2045,OM-var,2,coal (conv pul) (cooling pond)
base load generation,coal,coal_base_conv pul 1981-1985,2045,OM-var,2,coal (conv pul) (dry cooling)
base load generation,coal,coal_base_conv pul 1986-1990,2045,OM-var,2,coal (conv pul) (once through)
base load generation,coal,coal_base_conv pul 1986-1990,2045,OM-var,2,coal (conv pul) (seawater)
base load generation,coal,coal_base_conv pul 1986-1990,2045,OM-var,2,coal (conv pul) (recirculating)
base load generation,coal,coal_base_conv pul 1986-1990,2045,OM-var,2,coal (conv pul) (cooling pond)
base load generation,coal,coal_base_conv pul 1986-1990,2045,OM-var,2,coal (conv pul) (dry cooling)
base load generation,coal,coal_base_conv pul 1991-1995,2045,OM-var,2,coal (conv pul) (once through)
base load generation,coal,coal_base_conv pul 1991-1995,2045,OM-var,2,coal (conv pul) (seawater)
base load generation,coal,coal_base_conv pul 1991-1995,2045,OM-var,2,coal (conv pul) (recirculating)
base load generation,coal,coal_base_conv pul 1991-1995,2045,OM-var,2,coal (conv pul) (cooling pond)
base load generation,coal,coal_base_conv pul 1991-1995,2045,OM-var,2,coal (conv pul) (dry cooling)
base load generation,coal,coal_base_conv pul 1996-2000,2045,OM-var,2,coal (conv pul) (once through)
base load generation,coal,coal_base_conv pul 1996-2000,2045,OM-var,2,coal (conv pul) (seawater)
base load generation,coal,coal_base_conv pul 1996-2000,2045,OM-var,2,coal (conv pul) (recirculating)
base load generation,coal,coal_base_conv pul 1996-2000,2045,OM-var,2,coal (conv pul) (cooling pond)
base load generation,coal,coal_base_conv pul 1996-2000,2045,OM-var,2,coal (conv pul) (dry cooling)
base load generation,coal,coal_base_conv pul 2001-2005,2045,OM-var,2,coal (conv pul) (once through)
base load generation,coal,coal_base_conv pul 2001-2005,2045,OM-var,2,coal (conv pul) (seawater)
base load generation,coal,coal_base_conv pul 2001-2005,2045,OM-var,2,coal (conv pul) (recirculating)
base load generation,coal,coal_base_conv pul 2001-2005,2045,OM-var,2,coal (conv pul) (cooling pond)
base load generation,coal,coal_base_conv pul 2001-2005,2045,OM-var,2,coal (conv pul) (dry cooling)
base load generation,coal,coal_base_conv pul 2006-2010,2045,OM-var,2,coal (conv pul) (once through)
base load generation,coal,coal_base_conv pul 2006-2010,2045,OM-var,2,coal (conv pul) (seawater)
base load generation,coal,coal_base_conv pul 2006-2010,2045,OM-var,2,coal (conv pul) (recirculating)
base load generation,coal,coal_base_conv pul 2006-2010,2045,OM-var,2,coal (conv pul) (cooling pond)
base load generation,coal,coal_base_conv pul 2006-2010,2045,OM-var,2,coal (conv pul) (dry cooling)
base load generation,coal,coal_base_conv pul 2011-2015,2045,OM-var,2,coal (conv pul) (once through)
base load generation,coal,coal_base_conv pul 2011-2015,2045,OM-var,2,coal (conv pul) (seawater)
base load generation,coal,coal_base_conv pul 2011-2015,2045,OM-var,2,coal (conv pul) (recirculating)
base load generation,coal,coal_base_conv pul 2011-2015,2045,OM-var,2,coal (conv pul) (cooling pond)
base load generation,coal,coal_base_conv pul 2011-2015,2045,OM-var,2,coal (conv pul) (dry cooling)
base load generation,coal,coal_base_conv pul 2016-2021,2045,OM-var,2,coal (conv pul) (once through)
base load generation,coal,coal_base_conv pul 2016-2021,2045,OM-var,2,coal (conv pul) (seawater)
base load generation,coal,coal_base_conv pul 2016-2021,2045,OM-var,2,coal (conv pul) (recirculating)
base load generation,coal,coal_base_conv pul 2016-2021,2045,OM-var,2,coal (conv pul) (cooling pond)
base load generation,coal,coal_base_conv pul 2016-2021,2045,OM-var,2,coal (conv pul) (dry cooling)
base load generation,coal,coal_base_conv pul before 1950,2045,OM-var,2,coal (conv pul) (once through)
base load generation,coal,coal_base_conv pul before 1950,2045,OM-var,2,coal (conv pul) (seawater)
base load generation,coal,coal_base_conv pul before 1950,2045,OM-var,2,coal (conv pul) (recirculating)
base load generation,coal,coal_base_conv pul before 1950,2045,OM-var,2,coal (conv pul) (cooling pond)
base load generation,coal,coal_base_conv pul before 1950,2045,OM-var,2,coal (conv pul) (dry cooling)
base load generation,coal,coal_base_conv pul_retire_2023,2045,OM-var,2,coal (conv pul) (once through)
base load generation,coal,coal_base_conv pul_retire_2023,2045,OM-var,2,coal (conv pul) (seawater)
base load generation,coal,coal_base_conv pul_retire_2023,2045,OM-var,2,coal (conv pul) (recirculating)
base load generation,coal,coal_base_conv pul_retire_2023,2045,OM-var,2,coal (conv pul) (cooling pond)
base load generation,coal,coal_base_conv pul_retire_2023,2045,OM-var,2,coal (conv pul) (dry cooling)
base load generation,biomass,biomass_base_conv,2050,OM-var,1.24,biomass (conv) (once through)
base load generation,biomass,biomass_base_conv,2050,OM-var,1.24,biomass (conv) (seawater)
base load generation,biomass,biomass_base_conv,2050,OM-var,1.24,biomass (conv) (recirculating)
base load generation,biomass,biomass_base_conv,2050,OM-var,1.24,biomass (conv) (cooling pond)
base load generation,biomass,biomass_base_conv,2050,OM-var,1.24,biomass (conv) (dry cooling)
base load generation,biomass,biomass_base_conv_CCS,2050,OM-var,3.37,biomass (conv CCS) (once through)
base load generation,biomass,biomass_base_conv_CCS,2050,OM-var,3.37,biomass (conv CCS) (seawater)
base load generation,biomass,biomass_base_conv_CCS,2050,OM-var,3.37,biomass (conv CCS) (recirculating)
base load generation,biomass,biomass_base_conv_CCS,2050,OM-var,3.37,biomass (conv CCS) (dry cooling)
base load generation,biomass,biomass_base_IGCC,2050,OM-var,2.79,biomass (IGCC) (once through)
base load generation,biomass,biomass_base_IGCC,2050,OM-var,2.79,biomass (IGCC) (seawater)
base load generation,biomass,biomass_base_IGCC,2050,OM-var,2.79,biomass (IGCC) (recirculating)
base load generation,biomass,biomass_base_IGCC,2050,OM-var,2.79,biomass (IGCC) (dry cooling)
base load generation,biomass,biomass_base_IGCC_CCS,2050,OM-var,5.44,biomass (IGCC CCS) (once through)
base load generation,biomass,biomass_base_IGCC_CCS,2050,OM-var,5.44,biomass (IGCC CCS) (seawater)
base load generation,biomass,biomass_base_IGCC_CCS,2050,OM-var,5.44,biomass (IGCC CCS) (recirculating)
base load generation,biomass,biomass_base_IGCC_CCS,2050,OM-var,5.44,biomass (IGCC CCS) (dry cooling)
base load generation,coal,coal_base_conv pul,2050,OM-var,1.97,coal (conv pul) (once through)
base load generation,coal,coal_base_conv pul,2050,OM-var,1.97,coal (conv pul) (seawater)
base load generation,coal,coal_base_conv pul,2050,OM-var,1.97,coal (conv pul) (recirculating)
base load generation,coal,coal_base_conv pul,2050,OM-var,1.97,coal (conv pul) (cooling pond)
base load generation,coal,coal_base_conv pul,2050,OM-var,1.97,coal (conv pul) (dry cooling)
base load generation,coal,coal_base_conv pul_CCS,2050,OM-var,3.16,coal (conv pul CCS) (once through)
base load generation,coal,coal_base_conv pul_CCS,2050,OM-var,3.16,coal (conv pul CCS) (seawater)
base load generation,coal,coal_base_conv pul_CCS,2050,OM-var,3.16,coal (conv pul CCS) (recirculating)
base load generation,coal,coal_base_conv pul_CCS,2050,OM-var,3.16,coal (conv pul CCS) (dry cooling)
base load generation,coal,coal_base_IGCC,2050,OM-var,3.52,coal (IGCC) (once through)
base load generation,coal,coal_base_IGCC,2050,OM-var,3.52,coal (IGCC) (seawater)
base load generation,coal,coal_base_IGCC,2050,OM-var,3.52,coal (IGCC) (recirculating)
base load generation,coal,coal_base_IGCC,2050,OM-var,3.52,coal (IGCC) (dry cooling)
base load generation,coal,coal_base_IGCC_CCS,2050,OM-var,5.24,coal (IGCC CCS) (once through)
base load generation,coal,coal_base_IGCC_CCS,2050,OM-var,5.24,coal (IGCC CCS) (seawater)
base load generation,coal,coal_base_IGCC_CCS,2050,OM-var,5.24,coal (IGCC CCS) (recirculating)
base load generation,coal,coal_base_IGCC_CCS,2050,OM-var,5.24,coal (IGCC CCS) (dry cooling)
base load generation,gas,gas_base_CC,2050,OM-var,0.42,gas (CC) (once through)
base load generation,gas,gas_base_CC,2050,OM-var,0.42,gas (CC) (seawater)
base load generation,gas,gas_base_CC,2050,OM-var,0.42,gas (CC) (recirculating)
base load generation,gas,gas_base_CC,2050,OM-var,0.42,gas (CC) (cooling pond)
base load generation,gas,gas_base_CC,2050,OM-var,0.42,gas (CC) (dry cooling)
base load generation,gas,gas_base_CC_CCS,2050,OM-var,0.86,gas (CC CCS) (once through)
base load generation,gas,gas_base_CC_CCS,2050,OM-var,0.86,gas (CC CCS) (seawater)
base load generation,gas,gas_base_CC_CCS,2050,OM-var,0.86,gas (CC CCS) (recirculating)
base load generation,gas,gas_base_CC_CCS,2050,OM-var,0.86,gas (CC CCS) (dry cooling)
base load generation,geothermal,geo_base,2050,OM-var,0,geothermal (recirculating)
base load generation,geothermal,geo_base,2050,OM-var,0,geothermal (dry_hybrid)
base load generation,nuclear,nuc_base_Gen II,2050,OM-var,0.66,Gen_II_LWR (once through)
base load generation,nuclear,nuc_base_Gen II,2050,OM-var,0.66,Gen_II_LWR (seawater)
base load generation,nuclear,nuc_base_Gen II,2050,OM-var,0.66,Gen_II_LWR (recirculating)
base load generation,nuclear,nuc_base_Gen II,2050,OM-var,0.66,Gen_II_LWR (cooling pond)
base load generation,nuclear,nuc_base_large reactor,2050,OM-var,0.66,large reactor (once through)
base load generation,nuclear,nuc_base_large reactor,2050,OM-var,0.66,large reactor (seawater)
base load generation,nuclear,nuc_base_large reactor,2050,OM-var,0.66,large reactor (recirculating)
base load generation,nuclear,nuc_base_large reactor,2050,OM-var,0.66,large reactor (cooling pond)
base load generation,nuclear,nuc_base_SMR,2050,OM-var,0.61,SMR (once through)
base load generation,nuclear,nuc_base_SMR,2050,OM-var,0.61,SMR (seawater)
base load generation,nuclear,nuc_base_SMR,2050,OM-var,0.61,SMR (recirculating)
base load generation,nuclear,nuc_base_SMR,2050,OM-var,0.61,SMR (cooling pond)
base load generation,refined liquids,refined liquids_base_steam/CT,2050,OM-var,1.64,refined liquids (steam/CT) (once through)
base load generation,refined liquids,refined liquids_base_steam/CT,2050,OM-var,1.64,refined liquids (steam/CT) (seawater)
base load generation,refined liquids,refined liquids_base_steam/CT,2050,OM-var,1.64,refined liquids (steam/CT) (recirculating)
base load generation,refined liquids,refined liquids_base_steam/CT,2050,OM-var,1.64,refined liquids (steam/CT) (cooling pond)
base load generation,refined liquids,refined liquids_base_steam/CT,2050,OM-var,1.64,refined liquids (steam/CT) (dry cooling)
base load generation,refined liquids,refined liquids_base_CC,2050,OM-var,0.42,refined liquids (CC) (once through)
base load generation,refined liquids,refined liquids_base_CC,2050,OM-var,0.42,refined liquids (CC) (seawater)
base load generation,refined liquids,refined liquids_base_CC,2050,OM-var,0.42,refined liquids (CC) (recirculating)
base load generation,refined liquids,refined liquids_base_CC,2050,OM-var,0.42,refined liquids (CC) (dry cooling)
base load generation,refined liquids,refined liquids_base_CC_CCS,2050,OM-var,0.86,refined liquids (CC CCS) (once through)
base load generation,refined liquids,refined liquids_base_CC_CCS,2050,OM-var,0.86,refined liquids (CC CCS) (seawater)
base load generation,refined liquids,refined liquids_base_CC_CCS,2050,OM-var,0.86,refined liquids (CC CCS) (recirculating)
base load generation,refined liquids,refined liquids_base_CC_CCS,2050,OM-var,0.86,refined liquids (CC CCS) (dry cooling)
base load generation,solar,PV_base_storage,2050,OM-var,0,PV_base_storage
base load generation,solar,CSP_base_storage,2050,OM-var,0.71,CSP_base_storage
base load generation,wind,wind_base_storage,2050,OM-var,0,wind_base_storage
base load generation,coal,coal_base_conv pul 1951-1955,2050,OM-var,1.97,coal (conv pul) (once through)
base load generation,coal,coal_base_conv pul 1951-1955,2050,OM-var,1.97,coal (conv pul) (seawater)
base load generation,coal,coal_base_conv pul 1951-1955,2050,OM-var,1.97,coal (conv pul) (recirculating)
base load generation,coal,coal_base_conv pul 1951-1955,2050,OM-var,1.97,coal (conv pul) (cooling pond)
base load generation,coal,coal_base_conv pul 1951-1955,2050,OM-var,1.97,coal (conv pul) (dry cooling)
base load generation,coal,coal_base_conv pul 1956-1960,2050,OM-var,1.97,coal (conv pul) (once through)
base load generation,coal,coal_base_conv pul 1956-1960,2050,OM-var,1.97,coal (conv pul) (seawater)
base load generation,coal,coal_base_conv pul 1956-1960,2050,OM-var,1.97,coal (conv pul) (recirculating)
base load generation,coal,coal_base_conv pul 1956-1960,2050,OM-var,1.97,coal (conv pul) (cooling pond)
base load generation,coal,coal_base_conv pul 1956-1960,2050,OM-var,1.97,coal (conv pul) (dry cooling)
base load generation,coal,coal_base_conv pul 1961-1965,2050,OM-var,1.97,coal (conv pul) (once through)
base load generation,coal,coal_base_conv pul 1961-1965,2050,OM-var,1.97,coal (conv pul) (seawater)
base load generation,coal,coal_base_conv pul 1961-1965,2050,OM-var,1.97,coal (conv pul) (recirculating)
base load generation,coal,coal_base_conv pul 1961-1965,2050,OM-var,1.97,coal (conv pul) (cooling pond)
base load generation,coal,coal_base_conv pul 1961-1965,2050,OM-var,1.97,coal (conv pul) (dry cooling)
base load generation,coal,coal_base_conv pul 1966-1970,2050,OM-var,1.97,coal (conv pul) (once through)
base load generation,coal,coal_base_conv pul 1966-1970,2050,OM-var,1.97,coal (conv pul) (seawater)
base load generation,coal,coal_base_conv pul 1966-1970,2050,OM-var,1.97,coal (conv pul) (recirculating)
base load generation,coal,coal_base_conv pul 1966-1970,2050,OM-var,1.97,coal (conv pul) (cooling pond)
base load generation,coal,coal_base_conv pul 1966-1970,2050,OM-var,1.97,coal (conv pul) (dry cooling)
base load generation,coal,coal_base_conv pul 1971-1975,2050,OM-var,1.97,coal (conv pul) (once through)
base load generation,coal,coal_base_conv pul 1971-1975,2050,OM-var,1.97,coal (conv pul) (seawater)
base load generation,coal,coal_base_conv pul 1971-1975,2050,OM-var,1.97,coal (conv pul) (recirculating)
base load generation,coal,coal_base_conv pul 1971-1975,2050,OM-var,1.97,coal (conv pul) (cooling pond)
base load generation,coal,coal_base_conv pul 1971-1975,2050,OM-var,1.97,coal (conv pul) (dry cooling)
base load generation,coal,coal_base_conv pul 1976-1980,2050,OM-var,1.97,coal (conv pul) (once through)
base load generation,coal,coal_base_conv pul 1976-1980,2050,OM-var,1.97,coal (conv pul) (seawater)
base load generation,coal,coal_base_conv pul 1976-1980,2050,OM-var,1.97,coal (conv pul) (recirculating)
base load generation,coal,coal_base_conv pul 1976-1980,2050,OM-var,1.97,coal (conv pul) (cooling pond)
base load generation,coal,coal_base_conv pul 1976-1980,2050,OM-var,1.97,coal (conv pul) (dry cooling)
base load generation,coal,coal_base_conv pul 1981-1985,2050,OM-var,1.97,coal (conv pul) (once through)
base load generation,coal,coal_base_conv pul 1981-1985,2050,OM-var,1.97,coal (conv pul) (seawater)
base load generation,coal,coal_base_conv pul 1981-1985,2050,OM-var,1.97,coal (conv pul) (recirculating)
base load generation,coal,coal_base_conv pul 1981-1985,2050,OM-var,1.97,coal (conv pul) (cooling pond)
base load generation,coal,coal_base_conv pul 1981-1985,2050,OM-var,1.97,coal (conv pul) (dry cooling)
base load generation,coal,coal_base_conv pul 1986-1990,2050,OM-var,1.97,coal (conv pul) (once through)
base load generation,coal,coal_base_conv pul 1986-1990,2050,OM-var,1.97,coal (conv pul) (seawater)
base load generation,coal,coal_base_conv pul 1986-1990,2050,OM-var,1.97,coal (conv pul) (recirculating)
base load generation,coal,coal_base_conv pul 1986-1990,2050,OM-var,1.97,coal (conv pul) (cooling pond)
base load generation,coal,coal_base_conv pul 1986-1990,2050,OM-var,1.97,coal (conv pul) (dry cooling)
base load generation,coal,coal_base_conv pul 1991-1995,2050,OM-var,1.97,coal (conv pul) (once through)
base load generation,coal,coal_base_conv pul 1991-1995,2050,OM-var,1.97,coal (conv pul) (seawater)
base load generation,coal,coal_base_conv pul 1991-1995,2050,OM-var,1.97,coal (conv pul) (recirculating)
base load generation,coal,coal_base_conv pul 1991-1995,2050,OM-var,1.97,coal (conv pul) (cooling pond)
base load generation,coal,coal_base_conv pul 1991-1995,2050,OM-var,1.97,coal (conv pul) (dry cooling)
base load generation,coal,coal_base_conv pul 1996-2000,2050,OM-var,1.97,coal (conv pul) (once through)
base load generation,coal,coal_base_conv pul 1996-2000,2050,OM-var,1.97,coal (conv pul) (seawater)
base load generation,coal,coal_base_conv pul 1996-2000,2050,OM-var,1.97,coal (conv pul) (recirculating)
base load generation,coal,coal_base_conv pul 1996-2000,2050,OM-var,1.97,coal (conv pul) (cooling pond)
base load generation,coal,coal_base_conv pul 1996-2000,2050,OM-var,1.97,coal (conv pul) (dry cooling)
base load generation,coal,coal_base_conv pul 2001-2005,2050,OM-var,1.97,coal (conv pul) (once through)
base load generation,coal,coal_base_conv pul 2001-2005,2050,OM-var,1.97,coal (conv pul) (seawater)
base load generation,coal,coal_base_conv pul 2001-2005,2050,OM-var,1.97,coal (conv pul) (recirculating)
base load generation,coal,coal_base_conv pul 2001-2005,2050,OM-var,1.97,coal (conv pul) (cooling pond)
base load generation,coal,coal_base_conv pul 2001-2005,2050,OM-var,1.97,coal (conv pul) (dry cooling)
base load generation,coal,coal_base_conv pul 2006-2010,2050,OM-var,1.97,coal (conv pul) (once through)
base load generation,coal,coal_base_conv pul 2006-2010,2050,OM-var,1.97,coal (conv pul) (seawater)
base load generation,coal,coal_base_conv pul 2006-2010,2050,OM-var,1.97,coal (conv pul) (recirculating)
base load generation,coal,coal_base_conv pul 2006-2010,2050,OM-var,1.97,coal (conv pul) (cooling pond)
base load generation,coal,coal_base_conv pul 2006-2010,2050,OM-var,1.97,coal (conv pul) (dry cooling)
base load generation,coal,coal_base_conv pul 2011-2015,2050,OM-var,1.97,coal (conv pul) (once through)
base load generation,coal,coal_base_conv pul 2011-2015,2050,OM-var,1.97,coal (conv pul) (seawater)
base load generation,coal,coal_base_conv pul 2011-2015,2050,OM-var,1.97,coal (conv pul) (recirculating)
base load generation,coal,coal_base_conv pul 2011-2015,2050,OM-var,1.97,coal (conv pul) (cooling pond)
base load generation,coal,coal_base_conv pul 2011-2015,2050,OM-var,1.97,coal (conv pul) (dry cooling)
base load generation,coal,coal_base_conv pul 2016-2021,2050,OM-var,1.97,coal (conv pul) (once through)
base load generation,coal,coal_base_conv pul 2016-2021,2050,OM-var,1.97,coal (conv pul) (seawater)
base load generation,coal,coal_base_conv pul 2016-2021,2050,OM-var,1.97,coal (conv pul) (recirculating)
base load generation,coal,coal_base_conv pul 2016-2021,2050,OM-var,1.97,coal (conv pul) (cooling pond)
base load generation,coal,coal_base_conv pul 2016-2021,2050,OM-var,1.97,coal (conv pul) (dry cooling)
base load generation,coal,coal_base_conv pul before 1950,2050,OM-var,1.97,coal (conv pul) (once through)
base load generation,coal,coal_base_conv pul before 1950,2050,OM-var,1.97,coal (conv pul) (seawater)
base load generation,coal,coal_base_conv pul before 1950,2050,OM-var,1.97,coal (conv pul) (recirculating)
base load generation,coal,coal_base_conv pul before 1950,2050,OM-var,1.97,coal (conv pul) (cooling pond)
base load generation,coal,coal_base_conv pul before 1950,2050,OM-var,1.97,coal (conv pul) (dry cooling)
base load generation,coal,coal_base_conv pul_retire_2023,2050,OM-var,1.97,coal (conv pul) (once through)
base load generation,coal,coal_base_conv pul_retire_2023,2050,OM-var,1.97,coal (conv pul) (seawater)
base load generation,coal,coal_base_conv pul_retire_2023,2050,OM-var,1.97,coal (conv pul) (recirculating)
base load generation,coal,coal_base_conv pul_retire_2023,2050,OM-var,1.97,coal (conv pul) (cooling pond)
base load generation,coal,coal_base_conv pul_retire_2023,2050,OM-var,1.97,coal (conv pul) (dry cooling)
base load generation,biomass,biomass_base_conv,2055,OM-var,1.23,biomass (conv) (once through)
base load generation,biomass,biomass_base_conv,2055,OM-var,1.23,biomass (conv) (seawater)
base load generation,biomass,biomass_base_conv,2055,OM-var,1.23,biomass (conv) (recirculating)
base load generation,biomass,biomass_base_conv,2055,OM-var,1.23,biomass (conv) (cooling pond)
base load generation,biomass,biomass_base_conv,2055,OM-var,1.23,biomass (conv) (dry cooling)
base load generation,biomass,biomass_base_conv_CCS,2055,OM-var,3.36,biomass (conv CCS) (once through)
base load generation,biomass,biomass_base_conv_CCS,2055,OM-var,3.36,biomass (conv CCS) (seawater)
base load generation,biomass,biomass_base_conv_CCS,2055,OM-var,3.36,biomass (conv CCS) (recirculating)
base load generation,biomass,biomass_base_conv_CCS,2055,OM-var,3.36,biomass (conv CCS) (dry cooling)
base load generation,biomass,biomass_base_IGCC,2055,OM-var,2.78,biomass (IGCC) (once through)
base load generation,biomass,biomass_base_IGCC,2055,OM-var,2.78,biomass (IGCC) (seawater)
base load generation,biomass,biomass_base_IGCC,2055,OM-var,2.78,biomass (IGCC) (recirculating)
base load generation,biomass,biomass_base_IGCC,2055,OM-var,2.78,biomass (IGCC) (dry cooling)
base load generation,biomass,biomass_base_IGCC_CCS,2055,OM-var,5.42,biomass (IGCC CCS) (once through)
base load generation,biomass,biomass_base_IGCC_CCS,2055,OM-var,5.42,biomass (IGCC CCS) (seawater)
base load generation,biomass,biomass_base_IGCC_CCS,2055,OM-var,5.42,biomass (IGCC CCS) (recirculating)
base load generation,biomass,biomass_base_IGCC_CCS,2055,OM-var,5.42,biomass (IGCC CCS) (dry cooling)
base load generation,coal,coal_base_conv pul,2055,OM-var,1.96,coal (conv pul) (once through)
base load generation,coal,coal_base_conv pul,2055,OM-var,1.96,coal (conv pul) (seawater)
base load generation,coal,coal_base_conv pul,2055,OM-var,1.96,coal (conv pul) (recirculating)
base load generation,coal,coal_base_conv pul,2055,OM-var,1.96,coal (conv pul) (cooling pond)
base load generation,coal,coal_base_conv pul,2055,OM-var,1.96,coal (conv pul) (dry cooling)
base load generation,coal,coal_base_conv pul_CCS,2055,OM-var,3.15,coal (conv pul CCS) (once through)
base load generation,coal,coal_base_conv pul_CCS,2055,OM-var,3.15,coal (conv pul CCS) (seawater)
base load generation,coal,coal_base_conv pul_CCS,2055,OM-var,3.15,coal (conv pul CCS) (recirculating)
base load generation,coal,coal_base_conv pul_CCS,2055,OM-var,3.15,coal (conv pul CCS) (dry cooling)
base load generation,coal,coal_base_IGCC,2055,OM-var,3.5,coal (IGCC) (once through)
base load generation,coal,coal_base_IGCC,2055,OM-var,3.5,coal (IGCC) (seawater)
base load generation,coal,coal_base_IGCC,2055,OM-var,3.5,coal (IGCC) (recirculating)
base load generation,coal,coal_base_IGCC,2055,OM-var,3.5,coal (IGCC) (dry cooling)
base load generation,coal,coal_base_IGCC_CCS,2055,OM-var,5.21,coal (IGCC CCS) (once through)
base load generation,coal,coal_base_IGCC_CCS,2055,OM-var,5.21,coal (IGCC CCS) (seawater)
base load generation,coal,coal_base_IGCC_CCS,2055,OM-var,5.21,coal (IGCC CCS) (recirculating)
base load generation,coal,coal_base_IGCC_CCS,2055,OM-var,5.21,coal (IGCC CCS) (dry cooling)
base load generation,gas,gas_base_CC,2055,OM-var,0.42,gas (CC) (once through)
base load generation,gas,gas_base_CC,2055,OM-var,0.42,gas (CC) (seawater)
base load generation,gas,gas_base_CC,2055,OM-var,0.42,gas (CC) (recirculating)
base load generation,gas,gas_base_CC,2055,OM-var,0.42,gas (CC) (cooling pond)
base load generation,gas,gas_base_CC,2055,OM-var,0.42,gas (CC) (dry cooling)
base load generation,gas,gas_base_CC_CCS,2055,OM-var,0.86,gas (CC CCS) (once through)
base load generation,gas,gas_base_CC_CCS,2055,OM-var,0.86,gas (CC CCS) (seawater)
base load generation,gas,gas_base_CC_CCS,2055,OM-var,0.86,gas (CC CCS) (recirculating)
base load generation,gas,gas_base_CC_CCS,2055,OM-var,0.86,gas (CC CCS) (dry cooling)
base load generation,geothermal,geo_base,2055,OM-var,0,geothermal (recirculating)
base load generation,geothermal,geo_base,2055,OM-var,0,geothermal (dry_hybrid)
base load generation,nuclear,nuc_base_Gen II,2055,OM-var,0.66,Gen_II_LWR (once through)
base load generation,nuclear,nuc_base_Gen II,2055,OM-var,0.66,Gen_II_LWR (seawater)
base load generation,nuclear,nuc_base_Gen II,2055,OM-var,0.66,Gen_II_LWR (recirculating)
base load generation,nuclear,nuc_base_Gen II,2055,OM-var,0.66,Gen_II_LWR (cooling pond)
base load generation,nuclear,nuc_base_large reactor,2055,OM-var,0.66,large reactor (once through)
base load generation,nuclear,nuc_base_large reactor,2055,OM-var,0.66,large reactor (seawater)
base load generation,nuclear,nuc_base_large reactor,2055,OM-var,0.66,large reactor (recirculating)
base load generation,nuclear,nuc_base_large reactor,2055,OM-var,0.66,large reactor (cooling pond)
base load generation,nuclear,nuc_base_SMR,2055,OM-var,0.61,SMR (once through)
base load generation,nuclear,nuc_base_SMR,2055,OM-var,0.61,SMR (seawater)
base load generation,nuclear,nuc_base_SMR,2055,OM-var,0.61,SMR (recirculating)
base load generation,nuclear,nuc_base_SMR,2055,OM-var,0.61,SMR (cooling pond)
base load generation,refined liquids,refined liquids_base_steam/CT,2055,OM-var,1.63,refined liquids (steam/CT) (once through)
base load generation,refined liquids,refined liquids_base_steam/CT,2055,OM-var,1.63,refined liquids (steam/CT) (seawater)
base load generation,refined liquids,refined liquids_base_steam/CT,2055,OM-var,1.63,refined liquids (steam/CT) (recirculating)
base load generation,refined liquids,refined liquids_base_steam/CT,2055,OM-var,1.63,refined liquids (steam/CT) (cooling pond)
base load generation,refined liquids,refined liquids_base_steam/CT,2055,OM-var,1.63,refined liquids (steam/CT) (dry cooling)
base load generation,refined liquids,refined liquids_base_CC,2055,OM-var,0.42,refined liquids (CC) (once through)
base load generation,refined liquids,refined liquids_base_CC,2055,OM-var,0.42,refined liquids (CC) (seawater)
base load generation,refined liquids,refined liquids_base_CC,2055,OM-var,0.42,refined liquids (CC) (recirculating)
base load generation,refined liquids,refined liquids_base_CC,2055,OM-var,0.42,refined liquids (CC) (dry cooling)
base load generation,refined liquids,refined liquids_base_CC_CCS,2055,OM-var,0.86,refined liquids (CC CCS) (once through)
base load generation,refined liquids,refined liquids_base_CC_CCS,2055,OM-var,0.86,refined liquids (CC CCS) (seawater)
base load generation,refined liquids,refined liquids_base_CC_CCS,2055,OM-var,0.86,refined liquids (CC CCS) (recirculating)
base load generation,refined liquids,refined liquids_base_CC_CCS,2055,OM-var,0.86,refined liquids (CC CCS) (dry cooling)
base load generation,solar,PV_base_storage,2055,OM-var,0,PV_base_storage
base load generation,solar,CSP_base_storage,2055,OM-var,0.7,CSP_base_storage
base load generation,wind,wind_base_storage,2055,OM-var,0,wind_base_storage
base load generation,coal,coal_base_conv pul 1951-1955,2055,OM-var,1.96,coal (conv pul) (once through)
base load generation,coal,coal_base_conv pul 1951-1955,2055,OM-var,1.96,coal (conv pul) (seawater)
base load generation,coal,coal_base_conv pul 1951-1955,2055,OM-var,1.96,coal (conv pul) (recirculating)
base load generation,coal,coal_base_conv pul 1951-1955,2055,OM-var,1.96,coal (conv pul) (cooling pond)
base load generation,coal,coal_base_conv pul 1951-1955,2055,OM-var,1.96,coal (conv pul) (dry cooling)
base load generation,coal,coal_base_conv pul 1956-1960,2055,OM-var,1.96,coal (conv pul) (once through)
base load generation,coal,coal_base_conv pul 1956-1960,2055,OM-var,1.96,coal (conv pul) (seawater)
base load generation,coal,coal_base_conv pul 1956-1960,2055,OM-var,1.96,coal (conv pul) (recirculating)
base load generation,coal,coal_base_conv pul 1956-1960,2055,OM-var,1.96,coal (conv pul) (cooling pond)
base load generation,coal,coal_base_conv pul 1956-1960,2055,OM-var,1.96,coal (conv pul) (dry cooling)
base load generation,coal,coal_base_conv pul 1961-1965,2055,OM-var,1.96,coal (conv pul) (once through)
base load generation,coal,coal_base_conv pul 1961-1965,2055,OM-var,1.96,coal (conv pul) (seawater)
base load generation,coal,coal_base_conv pul 1961-1965,2055,OM-var,1.96,coal (conv pul) (recirculating)
base load generation,coal,coal_base_conv pul 1961-1965,2055,OM-var,1.96,coal (conv pul) (cooling pond)
base load generation,coal,coal_base_conv pul 1961-1965,2055,OM-var,1.96,coal (conv pul) (dry cooling)
base load generation,coal,coal_base_conv pul 1966-1970,2055,OM-var,1.96,coal (conv pul) (once through)
base load generation,coal,coal_base_conv pul 1966-1970,2055,OM-var,1.96,coal (conv pul) (seawater)
base load generation,coal,coal_base_conv pul 1966-1970,2055,OM-var,1.96,coal (conv pul) (recirculating)
base load generation,coal,coal_base_conv pul 1966-1970,2055,OM-var,1.96,coal (conv pul) (cooling pond)
base load generation,coal,coal_base_conv pul 1966-1970,2055,OM-var,1.96,coal (conv pul) (dry cooling)
base load generation,coal,coal_base_conv pul 1971-1975,2055,OM-var,1.96,coal (conv pul) (once through)
base load generation,coal,coal_base_conv pul 1971-1975,2055,OM-var,1.96,coal (conv pul) (seawater)
base load generation,coal,coal_base_conv pul 1971-1975,2055,OM-var,1.96,coal (conv pul) (recirculating)
base load generation,coal,coal_base_conv pul 1971-1975,2055,OM-var,1.96,coal (conv pul) (cooling pond)
base load generation,coal,coal_base_conv pul 1971-1975,2055,OM-var,1.96,coal (conv pul) (dry cooling)
base load generation,coal,coal_base_conv pul 1976-1980,2055,OM-var,1.96,coal (conv pul) (once through)
base load generation,coal,coal_base_conv pul 1976-1980,2055,OM-var,1.96,coal (conv pul) (seawater)
base load generation,coal,coal_base_conv pul 1976-1980,2055,OM-var,1.96,coal (conv pul) (recirculating)
base load generation,coal,coal_base_conv pul 1976-1980,2055,OM-var,1.96,coal (conv pul) (cooling pond)
base load generation,coal,coal_base_conv pul 1976-1980,2055,OM-var,1.96,coal (conv pul) (dry cooling)
base load generation,coal,coal_base_conv pul 1981-1985,2055,OM-var,1.96,coal (conv pul) (once through)
base load generation,coal,coal_base_conv pul 1981-1985,2055,OM-var,1.96,coal (conv pul) (seawater)
base load generation,coal,coal_base_conv pul 1981-1985,2055,OM-var,1.96,coal (conv pul) (recirculating)
base load generation,coal,coal_base_conv pul 1981-1985,2055,OM-var,1.96,coal (conv pul) (cooling pond)
base load generation,coal,coal_base_conv pul 1981-1985,2055,OM-var,1.96,coal (conv pul) (dry cooling)
base load generation,coal,coal_base_conv pul 1986-1990,2055,OM-var,1.96,coal (conv pul) (once through)
base load generation,coal,coal_base_conv pul 1986-1990,2055,OM-var,1.96,coal (conv pul) (seawater)
base load generation,coal,coal_base_conv pul 1986-1990,2055,OM-var,1.96,coal (conv pul) (recirculating)
base load generation,coal,coal_base_conv pul 1986-1990,2055,OM-var,1.96,coal (conv pul) (cooling pond)
base load generation,coal,coal_base_conv pul 1986-1990,2055,OM-var,1.96,coal (conv pul) (dry cooling)
base load generation,coal,coal_base_conv pul 1991-1995,2055,OM-var,1.96,coal (conv pul) (once through)
base load generation,coal,coal_base_conv pul 1991-1995,2055,OM-var,1.96,coal (conv pul) (seawater)
base load generation,coal,coal_base_conv pul 1991-1995,2055,OM-var,1.96,coal (conv pul) (recirculating)
base load generation,coal,coal_base_conv pul 1991-1995,2055,OM-var,1.96,coal (conv pul) (cooling pond)
base load generation,coal,coal_base_conv pul 1991-1995,2055,OM-var,1.96,coal (conv pul) (dry cooling)
base load generation,coal,coal_base_conv pul 1996-2000,2055,OM-var,1.96,coal (conv pul) (once through)
base load generation,coal,coal_base_conv pul 1996-2000,2055,OM-var,1.96,coal (conv pul) (seawater)
base load generation,coal,coal_base_conv pul 1996-2000,2055,OM-var,1.96,coal (conv pul) (recirculating)
base load generation,coal,coal_base_conv pul 1996-2000,2055,OM-var,1.96,coal (conv pul) (cooling pond)
base load generation,coal,coal_base_conv pul 1996-2000,2055,OM-var,1.96,coal (conv pul) (dry cooling)
base load generation,coal,coal_base_conv pul 2001-2005,2055,OM-var,1.96,coal (conv pul) (once through)
base load generation,coal,coal_base_conv pul 2001-2005,2055,OM-var,1.96,coal (conv pul) (seawater)
base load generation,coal,coal_base_conv pul 2001-2005,2055,OM-var,1.96,coal (conv pul) (recirculating)
base load generation,coal,coal_base_conv pul 2001-2005,2055,OM-var,1.96,coal (conv pul) (cooling pond)
base load generation,coal,coal_base_conv pul 2001-2005,2055,OM-var,1.96,coal (conv pul) (dry cooling)
base load generation,coal,coal_base_conv pul 2006-2010,2055,OM-var,1.96,coal (conv pul) (once through)
base load generation,coal,coal_base_conv pul 2006-2010,2055,OM-var,1.96,coal (conv pul) (seawater)
base load generation,coal,coal_base_conv pul 2006-2010,2055,OM-var,1.96,coal (conv pul) (recirculating)
base load generation,coal,coal_base_conv pul 2006-2010,2055,OM-var,1.96,coal (conv pul) (cooling pond)
base load generation,coal,coal_base_conv pul 2006-2010,2055,OM-var,1.96,coal (conv pul) (dry cooling)
base load generation,coal,coal_base_conv pul 2011-2015,2055,OM-var,1.96,coal (conv pul) (once through)
base load generation,coal,coal_base_conv pul 2011-2015,2055,OM-var,1.96,coal (conv pul) (seawater)
base load generation,coal,coal_base_conv pul 2011-2015,2055,OM-var,1.96,coal (conv pul) (recirculating)
base load generation,coal,coal_base_conv pul 2011-2015,2055,OM-var,1.96,coal (conv pul) (cooling pond)
base load generation,coal,coal_base_conv pul 2011-2015,2055,OM-var,1.96,coal (conv pul) (dry cooling)
base load generation,coal,coal_base_conv pul 2016-2021,2055,OM-var,1.96,coal (conv pul) (once through)
base load generation,coal,coal_base_conv pul 2016-2021,2055,OM-var,1.96,coal (conv pul) (seawater)
base load generation,coal,coal_base_conv pul 2016-2021,2055,OM-var,1.96,coal (conv pul) (recirculating)
base load generation,coal,coal_base_conv pul 2016-2021,2055,OM-var,1.96,coal (conv pul) (cooling pond)
base load generation,coal,coal_base_conv pul 2016-2021,2055,OM-var,1.96,coal (conv pul) (dry cooling)
base load generation,coal,coal_base_conv pul before 1950,2055,OM-var,1.96,coal (conv pul) (once through)
base load generation,coal,coal_base_conv pul before 1950,2055,OM-var,1.96,coal (conv pul) (seawater)
base load generation,coal,coal_base_conv pul before 1950,2055,OM-var,1.96,coal (conv pul) (recirculating)
base load generation,coal,coal_base_conv pul before 1950,2055,OM-var,1.96,coal (conv pul) (cooling pond)
base load generation,coal,coal_base_conv pul before 1950,2055,OM-var,1.96,coal (conv pul) (dry cooling)
base load generation,coal,coal_base_conv pul_retire_2023,2055,OM-var,1.96,coal (conv pul) (once through)
base load generation,coal,coal_base_conv pul_retire_2023,2055,OM-var,1.96,coal (conv pul) (seawater)
base load generation,coal,coal_base_conv pul_retire_2023,2055,OM-var,1.96,coal (conv pul) (recirculating)
base load generation,coal,coal_base_conv pul_retire_2023,2055,OM-var,1.96,coal (conv pul) (cooling pond)
base load generation,coal,coal_base_conv pul_retire_2023,2055,OM-var,1.96,coal (conv pul) (dry cooling)
base load generation,biomass,biomass_base_conv,2060,OM-var,1.22,biomass (conv) (once through)
base load generation,biomass,biomass_base_conv,2060,OM-var,1.22,biomass (conv) (seawater)
base load generation,biomass,biomass_base_conv,2060,OM-var,1.22,biomass (conv) (recirculating)
base load generation,biomass,biomass_base_conv,2060,OM-var,1.22,biomass (conv) (cooling pond)
base load generation,biomass,biomass_base_conv,2060,OM-var,1.22,biomass (conv) (dry cooling)
base load generation,biomass,biomass_base_conv_CCS,2060,OM-var,3.34,biomass (conv CCS) (once through)
base load generation,biomass,biomass_base_conv_CCS,2060,OM-var,3.34,biomass (conv CCS) (seawater)
base load generation,biomass,biomass_base_conv_CCS,2060,OM-var,3.34,biomass (conv CCS) (recirculating)
base load generation,biomass,biomass_base_conv_CCS,2060,OM-var,3.34,biomass (conv CCS) (dry cooling)
base load generation,biomass,biomass_base_IGCC,2060,OM-var,2.76,biomass (IGCC) (once through)
base load generation,biomass,biomass_base_IGCC,2060,OM-var,2.76,biomass (IGCC) (seawater)
base load generation,biomass,biomass_base_IGCC,2060,OM-var,2.76,biomass (IGCC) (recirculating)
base load generation,biomass,biomass_base_IGCC,2060,OM-var,2.76,biomass (IGCC) (dry cooling)
base load generation,biomass,biomass_base_IGCC_CCS,2060,OM-var,5.39,biomass (IGCC CCS) (once through)
base load generation,biomass,biomass_base_IGCC_CCS,2060,OM-var,5.39,biomass (IGCC CCS) (seawater)
base load generation,biomass,biomass_base_IGCC_CCS,2060,OM-var,5.39,biomass (IGCC CCS) (recirculating)
base load generation,biomass,biomass_base_IGCC_CCS,2060,OM-var,5.39,biomass (IGCC CCS) (dry cooling)
base load generation,coal,coal_base_conv pul,2060,OM-var,1.95,coal (conv pul) (once through)
base load generation,coal,coal_base_conv pul,2060,OM-var,1.95,coal (conv pul) (seawater)
base load generation,coal,coal_base_conv pul,2060,OM-var,1.95,coal (conv pul) (recirculating)
base load generation,coal,coal_base_conv pul,2060,OM-var,1.95,coal (conv pul) (cooling pond)
base load generation,coal,coal_base_conv pul,2060,OM-var,1.95,coal (conv pul) (dry cooling)
base load generation,coal,coal_base_conv pul_CCS,2060,OM-var,3.13,coal (conv pul CCS) (once through)
base load generation,coal,coal_base_conv pul_CCS,2060,OM-var,3.13,coal (conv pul CCS) (seawater)
base load generation,coal,coal_base_conv pul_CCS,2060,OM-var,3.13,coal (conv pul CCS) (recirculating)
base load generation,coal,coal_base_conv pul_CCS,2060,OM-var,3.13,coal (conv pul CCS) (dry cooling)
base load generation,coal,coal_base_IGCC,2060,OM-var,3.48,coal (IGCC) (once through)
base load generation,coal,coal_base_IGCC,2060,OM-var,3.48,coal (IGCC) (seawater)
base load generation,coal,coal_base_IGCC,2060,OM-var,3.48,coal (IGCC) (recirculating)
base load generation,coal,coal_base_IGCC,2060,OM-var,3.48,coal (IGCC) (dry cooling)
base load generation,coal,coal_base_IGCC_CCS,2060,OM-var,5.18,coal (IGCC CCS) (once through)
base load generation,coal,coal_base_IGCC_CCS,2060,OM-var,5.18,coal (IGCC CCS) (seawater)
base load generation,coal,coal_base_IGCC_CCS,2060,OM-var,5.18,coal (IGCC CCS) (recirculating)
base load generation,coal,coal_base_IGCC_CCS,2060,OM-var,5.18,coal (IGCC CCS) (dry cooling)
base load generation,gas,gas_base_CC,2060,OM-var,0.42,gas (CC) (once through)
base load generation,gas,gas_base_CC,2060,OM-var,0.42,gas (CC) (seawater)
base load generation,gas,gas_base_CC,2060,OM-var,0.42,gas (CC) (recirculating)
base load generation,gas,gas_base_CC,2060,OM-var,0.42,gas (CC) (cooling pond)
base load generation,gas,gas_base_CC,2060,OM-var,0.42,gas (CC) (dry cooling)
base load generation,gas,gas_base_CC_CCS,2060,OM-var,0.85,gas (CC CCS) (once through)
base load generation,gas,gas_base_CC_CCS,2060,OM-var,0.85,gas (CC CCS) (seawater)
base load generation,gas,gas_base_CC_CCS,2060,OM-var,0.85,gas (CC CCS) (recirculating)
base load generation,gas,gas_base_CC_CCS,2060,OM-var,0.85,gas (CC CCS) (dry cooling)
base load generation,geothermal,geo_base,2060,OM-var,0,geothermal (recirculating)
base load generation,geothermal,geo_base,2060,OM-var,0,geothermal (dry_hybrid)
base load generation,nuclear,nuc_base_Gen II,2060,OM-var,0.66,Gen_II_LWR (once through)
base load generation,nuclear,nuc_base_Gen II,2060,OM-var,0.66,Gen_II_LWR (seawater)
base load generation,nuclear,nuc_base_Gen II,2060,OM-var,0.66,Gen_II_LWR (recirculating)
base load generation,nuclear,nuc_base_Gen II,2060,OM-var,0.66,Gen_II_LWR (cooling pond)
base load generation,nuclear,nuc_base_large reactor,2060,OM-var,0.65,large reactor (once through)
base load generation,nuclear,nuc_base_large reactor,2060,OM-var,0.65,large reactor (seawater)
base load generation,nuclear,nuc_base_large reactor,2060,OM-var,0.65,large reactor (recirculating)
base load generation,nuclear,nuc_base_large reactor,2060,OM-var,0.65,large reactor (cooling pond)
base load generation,nuclear,nuc_base_SMR,2060,OM-var,0.61,SMR (once through)
base load generation,nuclear,nuc_base_SMR,2060,OM-var,0.61,SMR (seawater)
base load generation,nuclear,nuc_base_SMR,2060,OM-var,0.61,SMR (recirculating)
base load generation,nuclear,nuc_base_SMR,2060,OM-var,0.61,SMR (cooling pond)
base load generation,refined liquids,refined liquids_base_steam/CT,2060,OM-var,1.62,refined liquids (steam/CT) (once through)
base load generation,refined liquids,refined liquids_base_steam/CT,2060,OM-var,1.62,refined liquids (steam/CT) (seawater)
base load generation,refined liquids,refined liquids_base_steam/CT,2060,OM-var,1.62,refined liquids (steam/CT) (recirculating)
base load generation,refined liquids,refined liquids_base_steam/CT,2060,OM-var,1.62,refined liquids (steam/CT) (cooling pond)
base load generation,refined liquids,refined liquids_base_steam/CT,2060,OM-var,1.62,refined liquids (steam/CT) (dry cooling)
base load generation,refined liquids,refined liquids_base_CC,2060,OM-var,0.42,refined liquids (CC) (once through)
base load generation,refined liquids,refined liquids_base_CC,2060,OM-var,0.42,refined liquids (CC) (seawater)
base load generation,refined liquids,refined liquids_base_CC,2060,OM-var,0.42,refined liquids (CC) (recirculating)
base load generation,refined liquids,refined liquids_base_CC,2060,OM-var,0.42,refined liquids (CC) (dry cooling)
base load generation,refined liquids,refined liquids_base_CC_CCS,2060,OM-var,0.85,refined liquids (CC CCS) (once through)
base load generation,refined liquids,refined liquids_base_CC_CCS,2060,OM-var,0.85,refined liquids (CC CCS) (seawater)
base load generation,refined liquids,refined liquids_base_CC_CCS,2060,OM-var,0.85,refined liquids (CC CCS) (recirculating)
base load generation,refined liquids,refined liquids_base_CC_CCS,2060,OM-var,0.85,refined liquids (CC CCS) (dry cooling)
base load generation,solar,PV_base_storage,2060,OM-var,0,PV_base_storage
base load generation,solar,CSP_base_storage,2060,OM-var,0.7,CSP_base_storage
base load generation,wind,wind_base_storage,2060,OM-var,0,wind_base_storage
base load generation,coal,coal_base_conv pul 1951-1955,2060,OM-var,1.95,coal (conv pul) (once through)
base load generation,coal,coal_base_conv pul 1951-1955,2060,OM-var,1.95,coal (conv pul) (seawater)
base load generation,coal,coal_base_conv pul 1951-1955,2060,OM-var,1.95,coal (conv pul) (recirculating)
base load generation,coal,coal_base_conv pul 1951-1955,2060,OM-var,1.95,coal (conv pul) (cooling pond)
base load generation,coal,coal_base_conv pul 1951-1955,2060,OM-var,1.95,coal (conv pul) (dry cooling)
base load generation,coal,coal_base_conv pul 1956-1960,2060,OM-var,1.95,coal (conv pul) (once through)
base load generation,coal,coal_base_conv pul 1956-1960,2060,OM-var,1.95,coal (conv pul) (seawater)
base load generation,coal,coal_base_conv pul 1956-1960,2060,OM-var,1.95,coal (conv pul) (recirculating)
base load generation,coal,coal_base_conv pul 1956-1960,2060,OM-var,1.95,coal (conv pul) (cooling pond)
base load generation,coal,coal_base_conv pul 1956-1960,2060,OM-var,1.95,coal (conv pul) (dry cooling)
base load generation,coal,coal_base_conv pul 1961-1965,2060,OM-var,1.95,coal (conv pul) (once through)
base load generation,coal,coal_base_conv pul 1961-1965,2060,OM-var,1.95,coal (conv pul) (seawater)
base load generation,coal,coal_base_conv pul 1961-1965,2060,OM-var,1.95,coal (conv pul) (recirculating)
base load generation,coal,coal_base_conv pul 1961-1965,2060,OM-var,1.95,coal (conv pul) (cooling pond)
base load generation,coal,coal_base_conv pul 1961-1965,2060,OM-var,1.95,coal (conv pul) (dry cooling)
base load generation,coal,coal_base_conv pul 1966-1970,2060,OM-var,1.95,coal (conv pul) (once through)
base load generation,coal,coal_base_conv pul 1966-1970,2060,OM-var,1.95,coal (conv pul) (seawater)
base load generation,coal,coal_base_conv pul 1966-1970,2060,OM-var,1.95,coal (conv pul) (recirculating)
base load generation,coal,coal_base_conv pul 1966-1970,2060,OM-var,1.95,coal (conv pul) (cooling pond)
base load generation,coal,coal_base_conv pul 1966-1970,2060,OM-var,1.95,coal (conv pul) (dry cooling)
base load generation,coal,coal_base_conv pul 1971-1975,2060,OM-var,1.95,coal (conv pul) (once through)
base load generation,coal,coal_base_conv pul 1971-1975,2060,OM-var,1.95,coal (conv pul) (seawater)
base load generation,coal,coal_base_conv pul 1971-1975,2060,OM-var,1.95,coal (conv pul) (recirculating)
base load generation,coal,coal_base_conv pul 1971-1975,2060,OM-var,1.95,coal (conv pul) (cooling pond)
base load generation,coal,coal_base_conv pul 1971-1975,2060,OM-var,1.95,coal (conv pul) (dry cooling)
base load generation,coal,coal_base_conv pul 1976-1980,2060,OM-var,1.95,coal (conv pul) (once through)
base load generation,coal,coal_base_conv pul 1976-1980,2060,OM-var,1.95,coal (conv pul) (seawater)
base load generation,coal,coal_base_conv pul 1976-1980,2060,OM-var,1.95,coal (conv pul) (recirculating)
base load generation,coal,coal_base_conv pul 1976-1980,2060,OM-var,1.95,coal (conv pul) (cooling pond)
base load generation,coal,coal_base_conv pul 1976-1980,2060,OM-var,1.95,coal (conv pul) (dry cooling)
base load generation,coal,coal_base_conv pul 1981-1985,2060,OM-var,1.95,coal (conv pul) (once through)
base load generation,coal,coal_base_conv pul 1981-1985,2060,OM-var,1.95,coal (conv pul) (seawater)
base load generation,coal,coal_base_conv pul 1981-1985,2060,OM-var,1.95,coal (conv pul) (recirculating)
base load generation,coal,coal_base_conv pul 1981-1985,2060,OM-var,1.95,coal (conv pul) (cooling pond)
base load generation,coal,coal_base_conv pul 1981-1985,2060,OM-var,1.95,coal (conv pul) (dry cooling)
base load generation,coal,coal_base_conv pul 1986-1990,2060,OM-var,1.95,coal (conv pul) (once through)
base load generation,coal,coal_base_conv pul 1986-1990,2060,OM-var,1.95,coal (conv pul) (seawater)
base load generation,coal,coal_base_conv pul 1986-1990,2060,OM-var,1.95,coal (conv pul) (recirculating)
base load generation,coal,coal_base_conv pul 1986-1990,2060,OM-var,1.95,coal (conv pul) (cooling pond)
base load generation,coal,coal_base_conv pul 1986-1990,2060,OM-var,1.95,coal (conv pul) (dry cooling)
base load generation,coal,coal_base_conv pul 1991-1995,2060,OM-var,1.95,coal (conv pul) (once through)
base load generation,coal,coal_base_conv pul 1991-1995,2060,OM-var,1.95,coal (conv pul) (seawater)
base load generation,coal,coal_base_conv pul 1991-1995,2060,OM-var,1.95,coal (conv pul) (recirculating)
base load generation,coal,coal_base_conv pul 1991-1995,2060,OM-var,1.95,coal (conv pul) (cooling pond)
base load generation,coal,coal_base_conv pul 1991-1995,2060,OM-var,1.95,coal (conv pul) (dry cooling)
base load generation,coal,coal_base_conv pul 1996-2000,2060,OM-var,1.95,coal (conv pul) (once through)
base load generation,coal,coal_base_conv pul 1996-2000,2060,OM-var,1.95,coal (conv pul) (seawater)
base load generation,coal,coal_base_conv pul 1996-2000,2060,OM-var,1.95,coal (conv pul) (recirculating)
base load generation,coal,coal_base_conv pul 1996-2000,2060,OM-var,1.95,coal (conv pul) (cooling pond)
base load generation,coal,coal_base_conv pul 1996-2000,2060,OM-var,1.95,coal (conv pul) (dry cooling)
base load generation,coal,coal_base_conv pul 2001-2005,2060,OM-var,1.95,coal (conv pul) (once through)
base load generation,coal,coal_base_conv pul 2001-2005,2060,OM-var,1.95,coal (conv pul) (seawater)
base load generation,coal,coal_base_conv pul 2001-2005,2060,OM-var,1.95,coal (conv pul) (recirculating)
base load generation,coal,coal_base_conv pul 2001-2005,2060,OM-var,1.95,coal (conv pul) (cooling pond)
base load generation,coal,coal_base_conv pul 2001-2005,2060,OM-var,1.95,coal (conv pul) (dry cooling)
base load generation,coal,coal_base_conv pul 2006-2010,2060,OM-var,1.95,coal (conv pul) (once through)
base load generation,coal,coal_base_conv pul 2006-2010,2060,OM-var,1.95,coal (conv pul) (seawater)
base load generation,coal,coal_base_conv pul 2006-2010,2060,OM-var,1.95,coal (conv pul) (recirculating)
base load generation,coal,coal_base_conv pul 2006-2010,2060,OM-var,1.95,coal (conv pul) (cooling pond)
base load generation,coal,coal_base_conv pul 2006-2010,2060,OM-var,1.95,coal (conv pul) (dry cooling)
base load generation,coal,coal_base_conv pul 2011-2015,2060,OM-var,1.95,coal (conv pul) (once through)
base load generation,coal,coal_base_conv pul 2011-2015,2060,OM-var,1.95,coal (conv pul) (seawater)
base load generation,coal,coal_base_conv pul 2011-2015,2060,OM-var,1.95,coal (conv pul) (recirculating)
base load generation,coal,coal_base_conv pul 2011-2015,2060,OM-var,1.95,coal (conv pul) (cooling pond)
base load generation,coal,coal_base_conv pul 2011-2015,2060,OM-var,1.95,coal (conv pul) (dry cooling)
base load generation,coal,coal_base_conv pul 2016-2021,2060,OM-var,1.95,coal (conv pul) (once through)
base load generation,coal,coal_base_conv pul 2016-2021,2060,OM-var,1.95,coal (conv pul) (seawater)
base load generation,coal,coal_base_conv pul 2016-2021,2060,OM-var,1.95,coal (conv pul) (recirculating)
base load generation,coal,coal_base_conv pul 2016-2021,2060,OM-var,1.95,coal (conv pul) (cooling pond)
base load generation,coal,coal_base_conv pul 2016-2021,2060,OM-var,1.95,coal (conv pul) (dry cooling)
base load generation,coal,coal_base_conv pul before 1950,2060,OM-var,1.95,coal (conv pul) (once through)
base load generation,coal,coal_base_conv pul before 1950,2060,OM-var,1.95,coal (conv pul) (seawater)
base load generation,coal,coal_base_conv pul before 1950,2060,OM-var,1.95,coal (conv pul) (recirculating)
base load generation,coal,coal_base_conv pul before 1950,2060,OM-var,1.95,coal (conv pul) (cooling pond)
base load generation,coal,coal_base_conv pul before 1950,2060,OM-var,1.95,coal (conv pul) (dry cooling)
base load generation,coal,coal_base_conv pul_retire_2023,2060,OM-var,1.95,coal (conv pul) (once through)
base load generation,coal,coal_base_conv pul_retire_2023,2060,OM-var,1.95,coal (conv pul) (seawater)
base load generation,coal,coal_base_conv pul_retire_2023,2060,OM-var,1.95,coal (conv pul) (recirculating)
base load generation,coal,coal_base_conv pul_retire_2023,2060,OM-var,1.95,coal (conv pul) (cooling pond)
base load generation,coal,coal_base_conv pul_retire_2023,2060,OM-var,1.95,coal (conv pul) (dry cooling)
base load generation,biomass,biomass_base_conv,2065,OM-var,1.22,biomass (conv) (once through)
base load generation,biomass,biomass_base_conv,2065,OM-var,1.22,biomass (conv) (seawater)
base load generation,biomass,biomass_base_conv,2065,OM-var,1.22,biomass (conv) (recirculating)
base load generation,biomass,biomass_base_conv,2065,OM-var,1.22,biomass (conv) (cooling pond)
base load generation,biomass,biomass_base_conv,2065,OM-var,1.22,biomass (conv) (dry cooling)
base load generation,biomass,biomass_base_conv_CCS,2065,OM-var,3.32,biomass (conv CCS) (once through)
base load generation,biomass,biomass_base_conv_CCS,2065,OM-var,3.32,biomass (conv CCS) (seawater)
base load generation,biomass,biomass_base_conv_CCS,2065,OM-var,3.32,biomass (conv CCS) (recirculating)
base load generation,biomass,biomass_base_conv_CCS,2065,OM-var,3.32,biomass (conv CCS) (dry cooling)
base load generation,biomass,biomass_base_IGCC,2065,OM-var,2.75,biomass (IGCC) (once through)
base load generation,biomass,biomass_base_IGCC,2065,OM-var,2.75,biomass (IGCC) (seawater)
base load generation,biomass,biomass_base_IGCC,2065,OM-var,2.75,biomass (IGCC) (recirculating)
base load generation,biomass,biomass_base_IGCC,2065,OM-var,2.75,biomass (IGCC) (dry cooling)
base load generation,biomass,biomass_base_IGCC_CCS,2065,OM-var,5.36,biomass (IGCC CCS) (once through)
base load generation,biomass,biomass_base_IGCC_CCS,2065,OM-var,5.36,biomass (IGCC CCS) (seawater)
base load generation,biomass,biomass_base_IGCC_CCS,2065,OM-var,5.36,biomass (IGCC CCS) (recirculating)
base load generation,biomass,biomass_base_IGCC_CCS,2065,OM-var,5.36,biomass (IGCC CCS) (dry cooling)
base load generation,coal,coal_base_conv pul,2065,OM-var,1.94,coal (conv pul) (once through)
base load generation,coal,coal_base_conv pul,2065,OM-var,1.94,coal (conv pul) (seawater)
base load generation,coal,coal_base_conv pul,2065,OM-var,1.94,coal (conv pul) (recirculating)
base load generation,coal,coal_base_conv pul,2065,OM-var,1.94,coal (conv pul) (cooling pond)
base load generation,coal,coal_base_conv pul,2065,OM-var,1.94,coal (conv pul) (dry cooling)
base load generation,coal,coal_base_conv pul_CCS,2065,OM-var,3.12,coal (conv pul CCS) (once through)
base load generation,coal,coal_base_conv pul_CCS,2065,OM-var,3.12,coal (conv pul CCS) (seawater)
base load generation,coal,coal_base_conv pul_CCS,2065,OM-var,3.12,coal (conv pul CCS) (recirculating)
base load generation,coal,coal_base_conv pul_CCS,2065,OM-var,3.12,coal (conv pul CCS) (dry cooling)
base load generation,coal,coal_base_IGCC,2065,OM-var,3.47,coal (IGCC) (once through)
base load generation,coal,coal_base_IGCC,2065,OM-var,3.47,coal (IGCC) (seawater)
base load generation,coal,coal_base_IGCC,2065,OM-var,3.47,coal (IGCC) (recirculating)
base load generation,coal,coal_base_IGCC,2065,OM-var,3.47,coal (IGCC) (dry cooling)
base load generation,coal,coal_base_IGCC_CCS,2065,OM-var,5.16,coal (IGCC CCS) (once through)
base load generation,coal,coal_base_IGCC_CCS,2065,OM-var,5.16,coal (IGCC CCS) (seawater)
base load generation,coal,coal_base_IGCC_CCS,2065,OM-var,5.16,coal (IGCC CCS) (recirculating)
base load generation,coal,coal_base_IGCC_CCS,2065,OM-var,5.16,coal (IGCC CCS) (dry cooling)
base load generation,gas,gas_base_CC,2065,OM-var,0.42,gas (CC) (once through)
base load generation,gas,gas_base_CC,2065,OM-var,0.42,gas (CC) (seawater)
base load generation,gas,gas_base_CC,2065,OM-var,0.42,gas (CC) (recirculating)
base load generation,gas,gas_base_CC,2065,OM-var,0.42,gas (CC) (cooling pond)
base load generation,gas,gas_base_CC,2065,OM-var,0.42,gas (CC) (dry cooling)
base load generation,gas,gas_base_CC_CCS,2065,OM-var,0.85,gas (CC CCS) (once through)
base load generation,gas,gas_base_CC_CCS,2065,OM-var,0.85,gas (CC CCS) (seawater)
base load generation,gas,gas_base_CC_CCS,2065,OM-var,0.85,gas (CC CCS) (recirculating)
base load generation,gas,gas_base_CC_CCS,2065,OM-var,0.85,gas (CC CCS) (dry cooling)
base load generation,geothermal,geo_base,2065,OM-var,0,geothermal (recirculating)
base load generation,geothermal,geo_base,2065,OM-var,0,geothermal (dry_hybrid)
base load generation,nuclear,nuc_base_Gen II,2065,OM-var,0.66,Gen_II_LWR (once through)
base load generation,nuclear,nuc_base_Gen II,2065,OM-var,0.66,Gen_II_LWR (seawater)
base load generation,nuclear,nuc_base_Gen II,2065,OM-var,0.66,Gen_II_LWR (recirculating)
base load generation,nuclear,nuc_base_Gen II,2065,OM-var,0.66,Gen_II_LWR (cooling pond)
base load generation,nuclear,nuc_base_large reactor,2065,OM-var,0.65,large reactor (once through)
base load generation,nuclear,nuc_base_large reactor,2065,OM-var,0.65,large reactor (seawater)
base load generation,nuclear,nuc_base_large reactor,2065,OM-var,0.65,large reactor (recirculating)
base load generation,nuclear,nuc_base_large reactor,2065,OM-var,0.65,large reactor (cooling pond)
base load generation,nuclear,nuc_base_SMR,2065,OM-var,0.6,SMR (once through)
base load generation,nuclear,nuc_base_SMR,2065,OM-var,0.6,SMR (seawater)
base load generation,nuclear,nuc_base_SMR,2065,OM-var,0.6,SMR (recirculating)
base load generation,nuclear,nuc_base_SMR,2065,OM-var,0.6,SMR (cooling pond)
base load generation,refined liquids,refined liquids_base_steam/CT,2065,OM-var,1.61,refined liquids (steam/CT) (once through)
base load generation,refined liquids,refined liquids_base_steam/CT,2065,OM-var,1.61,refined liquids (steam/CT) (seawater)
base load generation,refined liquids,refined liquids_base_steam/CT,2065,OM-var,1.61,refined liquids (steam/CT) (recirculating)
base load generation,refined liquids,refined liquids_base_steam/CT,2065,OM-var,1.61,refined liquids (steam/CT) (cooling pond)
base load generation,refined liquids,refined liquids_base_steam/CT,2065,OM-var,1.61,refined liquids (steam/CT) (dry cooling)
base load generation,refined liquids,refined liquids_base_CC,2065,OM-var,0.42,refined liquids (CC) (once through)
base load generation,refined liquids,refined liquids_base_CC,2065,OM-var,0.42,refined liquids (CC) (seawater)
base load generation,refined liquids,refined liquids_base_CC,2065,OM-var,0.42,refined liquids (CC) (recirculating)
base load generation,refined liquids,refined liquids_base_CC,2065,OM-var,0.42,refined liquids (CC) (dry cooling)
base load generation,refined liquids,refined liquids_base_CC_CCS,2065,OM-var,0.85,refined liquids (CC CCS) (once through)
base load generation,refined liquids,refined liquids_base_CC_CCS,2065,OM-var,0.85,refined liquids (CC CCS) (seawater)
base load generation,refined liquids,refined liquids_base_CC_CCS,2065,OM-var,0.85,refined liquids (CC CCS) (recirculating)
base load generation,refined liquids,refined liquids_base_CC_CCS,2065,OM-var,0.85,refined liquids (CC CCS) (dry cooling)
base load generation,solar,PV_base_storage,2065,OM-var,0,PV_base_storage
base load generation,solar,CSP_base_storage,2065,OM-var,0.7,CSP_base_storage
base load generation,wind,wind_base_storage,2065,OM-var,0,wind_base_storage
base load generation,coal,coal_base_conv pul 1951-1955,2065,OM-var,1.94,coal (conv pul) (once through)
base load generation,coal,coal_base_conv pul 1951-1955,2065,OM-var,1.94,coal (conv pul) (seawater)
base load generation,coal,coal_base_conv pul 1951-1955,2065,OM-var,1.94,coal (conv pul) (recirculating)
base load generation,coal,coal_base_conv pul 1951-1955,2065,OM-var,1.94,coal (conv pul) (cooling pond)
base load generation,coal,coal_base_conv pul 1951-1955,2065,OM-var,1.94,coal (conv pul) (dry cooling)
base load generation,coal,coal_base_conv pul 1956-1960,2065,OM-var,1.94,coal (conv pul) (once through)
base load generation,coal,coal_base_conv pul 1956-1960,2065,OM-var,1.94,coal (conv pul) (seawater)
base load generation,coal,coal_base_conv pul 1956-1960,2065,OM-var,1.94,coal (conv pul) (recirculating)
base load generation,coal,coal_base_conv pul 1956-1960,2065,OM-var,1.94,coal (conv pul) (cooling pond)
base load generation,coal,coal_base_conv pul 1956-1960,2065,OM-var,1.94,coal (conv pul) (dry cooling)
base load generation,coal,coal_base_conv pul 1961-1965,2065,OM-var,1.94,coal (conv pul) (once through)
base load generation,coal,coal_base_conv pul 1961-1965,2065,OM-var,1.94,coal (conv pul) (seawater)
base load generation,coal,coal_base_conv pul 1961-1965,2065,OM-var,1.94,coal (conv pul) (recirculating)
base load generation,coal,coal_base_conv pul 1961-1965,2065,OM-var,1.94,coal (conv pul) (cooling pond)
base load generation,coal,coal_base_conv pul 1961-1965,2065,OM-var,1.94,coal (conv pul) (dry cooling)
base load generation,coal,coal_base_conv pul 1966-1970,2065,OM-var,1.94,coal (conv pul) (once through)
base load generation,coal,coal_base_conv pul 1966-1970,2065,OM-var,1.94,coal (conv pul) (seawater)
base load generation,coal,coal_base_conv pul 1966-1970,2065,OM-var,1.94,coal (conv pul) (recirculating)
base load generation,coal,coal_base_conv pul 1966-1970,2065,OM-var,1.94,coal (conv pul) (cooling pond)
base load generation,coal,coal_base_conv pul 1966-1970,2065,OM-var,1.94,coal (conv pul) (dry cooling)
base load generation,coal,coal_base_conv pul 1971-1975,2065,OM-var,1.94,coal (conv pul) (once through)
base load generation,coal,coal_base_conv pul 1971-1975,2065,OM-var,1.94,coal (conv pul) (seawater)
base load generation,coal,coal_base_conv pul 1971-1975,2065,OM-var,1.94,coal (conv pul) (recirculating)
base load generation,coal,coal_base_conv pul 1971-1975,2065,OM-var,1.94,coal (conv pul) (cooling pond)
base load generation,coal,coal_base_conv pul 1971-1975,2065,OM-var,1.94,coal (conv pul) (dry cooling)
base load generation,coal,coal_base_conv pul 1976-1980,2065,OM-var,1.94,coal (conv pul) (once through)
base load generation,coal,coal_base_conv pul 1976-1980,2065,OM-var,1.94,coal (conv pul) (seawater)
base load generation,coal,coal_base_conv pul 1976-1980,2065,OM-var,1.94,coal (conv pul) (recirculating)
base load generation,coal,coal_base_conv pul 1976-1980,2065,OM-var,1.94,coal (conv pul) (cooling pond)
base load generation,coal,coal_base_conv pul 1976-1980,2065,OM-var,1.94,coal (conv pul) (dry cooling)
base load generation,coal,coal_base_conv pul 1981-1985,2065,OM-var,1.94,coal (conv pul) (once through)
base load generation,coal,coal_base_conv pul 1981-1985,2065,OM-var,1.94,coal (conv pul) (seawater)
base load generation,coal,coal_base_conv pul 1981-1985,2065,OM-var,1.94,coal (conv pul) (recirculating)
base load generation,coal,coal_base_conv pul 1981-1985,2065,OM-var,1.94,coal (conv pul) (cooling pond)
base load generation,coal,coal_base_conv pul 1981-1985,2065,OM-var,1.94,coal (conv pul) (dry cooling)
base load generation,coal,coal_base_conv pul 1986-1990,2065,OM-var,1.94,coal (conv pul) (once through)
base load generation,coal,coal_base_conv pul 1986-1990,2065,OM-var,1.94,coal (conv pul) (seawater)
base load generation,coal,coal_base_conv pul 1986-1990,2065,OM-var,1.94,coal (conv pul) (recirculating)
base load generation,coal,coal_base_conv pul 1986-1990,2065,OM-var,1.94,coal (conv pul) (cooling pond)
base load generation,coal,coal_base_conv pul 1986-1990,2065,OM-var,1.94,coal (conv pul) (dry cooling)
base load generation,coal,coal_base_conv pul 1991-1995,2065,OM-var,1.94,coal (conv pul) (once through)
base load generation,coal,coal_base_conv pul 1991-1995,2065,OM-var,1.94,coal (conv pul) (seawater)
base load generation,coal,coal_base_conv pul 1991-1995,2065,OM-var,1.94,coal (conv pul) (recirculating)
base load generation,coal,coal_base_conv pul 1991-1995,2065,OM-var,1.94,coal (conv pul) (cooling pond)
base load generation,coal,coal_base_conv pul 1991-1995,2065,OM-var,1.94,coal (conv pul) (dry cooling)
base load generation,coal,coal_base_conv pul 1996-2000,2065,OM-var,1.94,coal (conv pul) (once through)
base load generation,coal,coal_base_conv pul 1996-2000,2065,OM-var,1.94,coal (conv pul) (seawater)
base load generation,coal,coal_base_conv pul 1996-2000,2065,OM-var,1.94,coal (conv pul) (recirculating)
base load generation,coal,coal_base_conv pul 1996-2000,2065,OM-var,1.94,coal (conv pul) (cooling pond)
base load generation,coal,coal_base_conv pul 1996-2000,2065,OM-var,1.94,coal (conv pul) (dry cooling)
base load generation,coal,coal_base_conv pul 2001-2005,2065,OM-var,1.94,coal (conv pul) (once through)
base load generation,coal,coal_base_conv pul 2001-2005,2065,OM-var,1.94,coal (conv pul) (seawater)
base load generation,coal,coal_base_conv pul 2001-2005,2065,OM-var,1.94,coal (conv pul) (recirculating)
base load generation,coal,coal_base_conv pul 2001-2005,2065,OM-var,1.94,coal (conv pul) (cooling pond)
base load generation,coal,coal_base_conv pul 2001-2005,2065,OM-var,1.94,coal (conv pul) (dry cooling)
base load generation,coal,coal_base_conv pul 2006-2010,2065,OM-var,1.94,coal (conv pul) (once through)
base load generation,coal,coal_base_conv pul 2006-2010,2065,OM-var,1.94,coal (conv pul) (seawater)
base load generation,coal,coal_base_conv pul 2006-2010,2065,OM-var,1.94,coal (conv pul) (recirculating)
base load generation,coal,coal_base_conv pul 2006-2010,2065,OM-var,1.94,coal (conv pul) (cooling pond)
base load generation,coal,coal_base_conv pul 2006-2010,2065,OM-var,1.94,coal (conv pul) (dry cooling)
base load generation,coal,coal_base_conv pul 2011-2015,2065,OM-var,1.94,coal (conv pul) (once through)
base load generation,coal,coal_base_conv pul 2011-2015,2065,OM-var,1.94,coal (conv pul) (seawater)
base load generation,coal,coal_base_conv pul 2011-2015,2065,OM-var,1.94,coal (conv pul) (recirculating)
base load generation,coal,coal_base_conv pul 2011-2015,2065,OM-var,1.94,coal (conv pul) (cooling pond)
base load generation,coal,coal_base_conv pul 2011-2015,2065,OM-var,1.94,coal (conv pul) (dry cooling)
base load generation,coal,coal_base_conv pul 2016-2021,2065,OM-var,1.94,coal (conv pul) (once through)
base load generation,coal,coal_base_conv pul 2016-2021,2065,OM-var,1.94,coal (conv pul) (seawater)
base load generation,coal,coal_base_conv pul 2016-2021,2065,OM-var,1.94,coal (conv pul) (recirculating)
base load generation,coal,coal_base_conv pul 2016-2021,2065,OM-var,1.94,coal (conv pul) (cooling pond)
base load generation,coal,coal_base_conv pul 2016-2021,2065,OM-var,1.94,coal (conv pul) (dry cooling)
base load generation,coal,coal_base_conv pul before 1950,2065,OM-var,1.94,coal (conv pul) (once through)
base load generation,coal,coal_base_conv pul before 1950,2065,OM-var,1.94,coal (conv pul) (seawater)
base load generation,coal,coal_base_conv pul before 1950,2065,OM-var,1.94,coal (conv pul) (recirculating)
base load generation,coal,coal_base_conv pul before 1950,2065,OM-var,1.94,coal (conv pul) (cooling pond)
base load generation,coal,coal_base_conv pul before 1950,2065,OM-var,1.94,coal (conv pul) (dry cooling)
base load generation,coal,coal_base_conv pul_retire_2023,2065,OM-var,1.94,coal (conv pul) (once through)
base load generation,coal,coal_base_conv pul_retire_2023,2065,OM-var,1.94,coal (conv pul) (seawater)
base load generation,coal,coal_base_conv pul_retire_2023,2065,OM-var,1.94,coal (conv pul) (recirculating)
base load generation,coal,coal_base_conv pul_retire_2023,2065,OM-var,1.94,coal (conv pul) (cooling pond)
base load generation,coal,coal_base_conv pul_retire_2023,2065,OM-var,1.94,coal (conv pul) (dry cooling)
base load generation,biomass,biomass_base_conv,2070,OM-var,1.21,biomass (conv) (once through)
base load generation,biomass,biomass_base_conv,2070,OM-var,1.21,biomass (conv) (seawater)
base load generation,biomass,biomass_base_conv,2070,OM-var,1.21,biomass (conv) (recirculating)
base load generation,biomass,biomass_base_conv,2070,OM-var,1.21,biomass (conv) (cooling pond)
base load generation,biomass,biomass_base_conv,2070,OM-var,1.21,biomass (conv) (dry cooling)
base load generation,biomass,biomass_base_conv_CCS,2070,OM-var,3.31,biomass (conv CCS) (once through)
base load generation,biomass,biomass_base_conv_CCS,2070,OM-var,3.31,biomass (conv CCS) (seawater)
base load generation,biomass,biomass_base_conv_CCS,2070,OM-var,3.31,biomass (conv CCS) (recirculating)
base load generation,biomass,biomass_base_conv_CCS,2070,OM-var,3.31,biomass (conv CCS) (dry cooling)
base load generation,biomass,biomass_base_IGCC,2070,OM-var,2.73,biomass (IGCC) (once through)
base load generation,biomass,biomass_base_IGCC,2070,OM-var,2.73,biomass (IGCC) (seawater)
base load generation,biomass,biomass_base_IGCC,2070,OM-var,2.73,biomass (IGCC) (recirculating)
base load generation,biomass,biomass_base_IGCC,2070,OM-var,2.73,biomass (IGCC) (dry cooling)
base load generation,biomass,biomass_base_IGCC_CCS,2070,OM-var,5.34,biomass (IGCC CCS) (once through)
base load generation,biomass,biomass_base_IGCC_CCS,2070,OM-var,5.34,biomass (IGCC CCS) (seawater)
base load generation,biomass,biomass_base_IGCC_CCS,2070,OM-var,5.34,biomass (IGCC CCS) (recirculating)
base load generation,biomass,biomass_base_IGCC_CCS,2070,OM-var,5.34,biomass (IGCC CCS) (dry cooling)
base load generation,coal,coal_base_conv pul,2070,OM-var,1.93,coal (conv pul) (once through)
base load generation,coal,coal_base_conv pul,2070,OM-var,1.93,coal (conv pul) (seawater)
base load generation,coal,coal_base_conv pul,2070,OM-var,1.93,coal (conv pul) (recirculating)
base load generation,coal,coal_base_conv pul,2070,OM-var,1.93,coal (conv pul) (cooling pond)
base load generation,coal,coal_base_conv pul,2070,OM-var,1.93,coal (conv pul) (dry cooling)
base load generation,coal,coal_base_conv pul_CCS,2070,OM-var,3.1,coal (conv pul CCS) (once through)
base load generation,coal,coal_base_conv pul_CCS,2070,OM-var,3.1,coal (conv pul CCS) (seawater)
base load generation,coal,coal_base_conv pul_CCS,2070,OM-var,3.1,coal (conv pul CCS) (recirculating)
base load generation,coal,coal_base_conv pul_CCS,2070,OM-var,3.1,coal (conv pul CCS) (dry cooling)
base load generation,coal,coal_base_IGCC,2070,OM-var,3.45,coal (IGCC) (once through)
base load generation,coal,coal_base_IGCC,2070,OM-var,3.45,coal (IGCC) (seawater)
base load generation,coal,coal_base_IGCC,2070,OM-var,3.45,coal (IGCC) (recirculating)
base load generation,coal,coal_base_IGCC,2070,OM-var,3.45,coal (IGCC) (dry cooling)
base load generation,coal,coal_base_IGCC_CCS,2070,OM-var,5.13,coal (IGCC CCS) (once through)
base load generation,coal,coal_base_IGCC_CCS,2070,OM-var,5.13,coal (IGCC CCS) (seawater)
base load generation,coal,coal_base_IGCC_CCS,2070,OM-var,5.13,coal (IGCC CCS) (recirculating)
base load generation,coal,coal_base_IGCC_CCS,2070,OM-var,5.13,coal (IGCC CCS) (dry cooling)
base load generation,gas,gas_base_CC,2070,OM-var,0.41,gas (CC) (once through)
base load generation,gas,gas_base_CC,2070,OM-var,0.41,gas (CC) (seawater)
base load generation,gas,gas_base_CC,2070,OM-var,0.41,gas (CC) (recirculating)
base load generation,gas,gas_base_CC,2070,OM-var,0.41,gas (CC) (cooling pond)
base load generation,gas,gas_base_CC,2070,OM-var,0.41,gas (CC) (dry cooling)
base load generation,gas,gas_base_CC_CCS,2070,OM-var,0.85,gas (CC CCS) (once through)
base load generation,gas,gas_base_CC_CCS,2070,OM-var,0.85,gas (CC CCS) (seawater)
base load generation,gas,gas_base_CC_CCS,2070,OM-var,0.85,gas (CC CCS) (recirculating)
base load generation,gas,gas_base_CC_CCS,2070,OM-var,0.85,gas (CC CCS) (dry cooling)
base load generation,geothermal,geo_base,2070,OM-var,0,geothermal (recirculating)
base load generation,geothermal,geo_base,2070,OM-var,0,geothermal (dry_hybrid)
base load generation,nuclear,nuc_base_Gen II,2070,OM-var,0.66,Gen_II_LWR (once through)
base load generation,nuclear,nuc_base_Gen II,2070,OM-var,0.66,Gen_II_LWR (seawater)
base load generation,nuclear,nuc_base_Gen II,2070,OM-var,0.66,Gen_II_LWR (recirculating)
base load generation,nuclear,nuc_base_Gen II,2070,OM-var,0.66,Gen_II_LWR (cooling pond)
base load generation,nuclear,nuc_base_large reactor,2070,OM-var,0.65,large reactor (once through)
base load generation,nuclear,nuc_base_large reactor,2070,OM-var,0.65,large reactor (seawater)
base load generation,nuclear,nuc_base_large reactor,2070,OM-var,0.65,large reactor (recirculating)
base load generation,nuclear,nuc_base_large reactor,2070,OM-var,0.65,large reactor (cooling pond)
base load generation,nuclear,nuc_base_SMR,2070,OM-var,0.6,SMR (once through)
base load generation,nuclear,nuc_base_SMR,2070,OM-var,0.6,SMR (seawater)
base load generation,nuclear,nuc_base_SMR,2070,OM-var,0.6,SMR (recirculating)
base load generation,nuclear,nuc_base_SMR,2070,OM-var,0.6,SMR (cooling pond)
base load generation,refined liquids,refined liquids_base_steam/CT,2070,OM-var,1.6,refined liquids (steam/CT) (once through)
base load generation,refined liquids,refined liquids_base_steam/CT,2070,OM-var,1.6,refined liquids (steam/CT) (seawater)
base load generation,refined liquids,refined liquids_base_steam/CT,2070,OM-var,1.6,refined liquids (steam/CT) (recirculating)
base load generation,refined liquids,refined liquids_base_steam/CT,2070,OM-var,1.6,refined liquids (steam/CT) (cooling pond)
base load generation,refined liquids,refined liquids_base_steam/CT,2070,OM-var,1.6,refined liquids (steam/CT) (dry cooling)
base load generation,refined liquids,refined liquids_base_CC,2070,OM-var,0.41,refined liquids (CC) (once through)
base load generation,refined liquids,refined liquids_base_CC,2070,OM-var,0.41,refined liquids (CC) (seawater)
base load generation,refined liquids,refined liquids_base_CC,2070,OM-var,0.41,refined liquids (CC) (recirculating)
base load generation,refined liquids,refined liquids_base_CC,2070,OM-var,0.41,refined liquids (CC) (dry cooling)
base load generation,refined liquids,refined liquids_base_CC_CCS,2070,OM-var,0.85,refined liquids (CC CCS) (once through)
base load generation,refined liquids,refined liquids_base_CC_CCS,2070,OM-var,0.85,refined liquids (CC CCS) (seawater)
base load generation,refined liquids,refined liquids_base_CC_CCS,2070,OM-var,0.85,refined liquids (CC CCS) (recirculating)
base load generation,refined liquids,refined liquids_base_CC_CCS,2070,OM-var,0.85,refined liquids (CC CCS) (dry cooling)
base load generation,solar,PV_base_storage,2070,OM-var,0,PV_base_storage
base load generation,solar,CSP_base_storage,2070,OM-var,0.69,CSP_base_storage
base load generation,wind,wind_base_storage,2070,OM-var,0,wind_base_storage
base load generation,coal,coal_base_conv pul 1951-1955,2070,OM-var,1.93,coal (conv pul) (once through)
base load generation,coal,coal_base_conv pul 1951-1955,2070,OM-var,1.93,coal (conv pul) (seawater)
base load generation,coal,coal_base_conv pul 1951-1955,2070,OM-var,1.93,coal (conv pul) (recirculating)
base load generation,coal,coal_base_conv pul 1951-1955,2070,OM-var,1.93,coal (conv pul) (cooling pond)
base load generation,coal,coal_base_conv pul 1951-1955,2070,OM-var,1.93,coal (conv pul) (dry cooling)
base load generation,coal,coal_base_conv pul 1956-1960,2070,OM-var,1.93,coal (conv pul) (once through)
base load generation,coal,coal_base_conv pul 1956-1960,2070,OM-var,1.93,coal (conv pul) (seawater)
base load generation,coal,coal_base_conv pul 1956-1960,2070,OM-var,1.93,coal (conv pul) (recirculating)
base load generation,coal,coal_base_conv pul 1956-1960,2070,OM-var,1.93,coal (conv pul) (cooling pond)
base load generation,coal,coal_base_conv pul 1956-1960,2070,OM-var,1.93,coal (conv pul) (dry cooling)
base load generation,coal,coal_base_conv pul 1961-1965,2070,OM-var,1.93,coal (conv pul) (once through)
base load generation,coal,coal_base_conv pul 1961-1965,2070,OM-var,1.93,coal (conv pul) (seawater)
base load generation,coal,coal_base_conv pul 1961-1965,2070,OM-var,1.93,coal (conv pul) (recirculating)
base load generation,coal,coal_base_conv pul 1961-1965,2070,OM-var,1.93,coal (conv pul) (cooling pond)
base load generation,coal,coal_base_conv pul 1961-1965,2070,OM-var,1.93,coal (conv pul) (dry cooling)
base load generation,coal,coal_base_conv pul 1966-1970,2070,OM-var,1.93,coal (conv pul) (once through)
base load generation,coal,coal_base_conv pul 1966-1970,2070,OM-var,1.93,coal (conv pul) (seawater)
base load generation,coal,coal_base_conv pul 1966-1970,2070,OM-var,1.93,coal (conv pul) (recirculating)
base load generation,coal,coal_base_conv pul 1966-1970,2070,OM-var,1.93,coal (conv pul) (cooling pond)
base load generation,coal,coal_base_conv pul 1966-1970,2070,OM-var,1.93,coal (conv pul) (dry cooling)
base load generation,coal,coal_base_conv pul 1971-1975,2070,OM-var,1.93,coal (conv pul) (once through)
base load generation,coal,coal_base_conv pul 1971-1975,2070,OM-var,1.93,coal (conv pul) (seawater)
base load generation,coal,coal_base_conv pul 1971-1975,2070,OM-var,1.93,coal (conv pul) (recirculating)
base load generation,coal,coal_base_conv pul 1971-1975,2070,OM-var,1.93,coal (conv pul) (cooling pond)
base load generation,coal,coal_base_conv pul 1971-1975,2070,OM-var,1.93,coal (conv pul) (dry cooling)
base load generation,coal,coal_base_conv pul 1976-1980,2070,OM-var,1.93,coal (conv pul) (once through)
base load generation,coal,coal_base_conv pul 1976-1980,2070,OM-var,1.93,coal (conv pul) (seawater)
base load generation,coal,coal_base_conv pul 1976-1980,2070,OM-var,1.93,coal (conv pul) (recirculating)
base load generation,coal,coal_base_conv pul 1976-1980,2070,OM-var,1.93,coal (conv pul) (cooling pond)
base load generation,coal,coal_base_conv pul 1976-1980,2070,OM-var,1.93,coal (conv pul) (dry cooling)
base load generation,coal,coal_base_conv pul 1981-1985,2070,OM-var,1.93,coal (conv pul) (once through)
base load generation,coal,coal_base_conv pul 1981-1985,2070,OM-var,1.93,coal (conv pul) (seawater)
base load generation,coal,coal_base_conv pul 1981-1985,2070,OM-var,1.93,coal (conv pul) (recirculating)
base load generation,coal,coal_base_conv pul 1981-1985,2070,OM-var,1.93,coal (conv pul) (cooling pond)
base load generation,coal,coal_base_conv pul 1981-1985,2070,OM-var,1.93,coal (conv pul) (dry cooling)
base load generation,coal,coal_base_conv pul 1986-1990,2070,OM-var,1.93,coal (conv pul) (once through)
base load generation,coal,coal_base_conv pul 1986-1990,2070,OM-var,1.93,coal (conv pul) (seawater)
base load generation,coal,coal_base_conv pul 1986-1990,2070,OM-var,1.93,coal (conv pul) (recirculating)
base load generation,coal,coal_base_conv pul 1986-1990,2070,OM-var,1.93,coal (conv pul) (cooling pond)
base load generation,coal,coal_base_conv pul 1986-1990,2070,OM-var,1.93,coal (conv pul) (dry cooling)
base load generation,coal,coal_base_conv pul 1991-1995,2070,OM-var,1.93,coal (conv pul) (once through)
base load generation,coal,coal_base_conv pul 1991-1995,2070,OM-var,1.93,coal (conv pul) (seawater)
base load generation,coal,coal_base_conv pul 1991-1995,2070,OM-var,1.93,coal (conv pul) (recirculating)
base load generation,coal,coal_base_conv pul 1991-1995,2070,OM-var,1.93,coal (conv pul) (cooling pond)
base load generation,coal,coal_base_conv pul 1991-1995,2070,OM-var,1.93,coal (conv pul) (dry cooling)
base load generation,coal,coal_base_conv pul 1996-2000,2070,OM-var,1.93,coal (conv pul) (once through)
base load generation,coal,coal_base_conv pul 1996-2000,2070,OM-var,1.93,coal (conv pul) (seawater)
base load generation,coal,coal_base_conv pul 1996-2000,2070,OM-var,1.93,coal (conv pul) (recirculating)
base load generation,coal,coal_base_conv pul 1996-2000,2070,OM-var,1.93,coal (conv pul) (cooling pond)
base load generation,coal,coal_base_conv pul 1996-2000,2070,OM-var,1.93,coal (conv pul) (dry cooling)
base load generation,coal,coal_base_conv pul 2001-2005,2070,OM-var,1.93,coal (conv pul) (once through)
base load generation,coal,coal_base_conv pul 2001-2005,2070,OM-var,1.93,coal (conv pul) (seawater)
base load generation,coal,coal_base_conv pul 2001-2005,2070,OM-var,1.93,coal (conv pul) (recirculating)
base load generation,coal,coal_base_conv pul 2001-2005,2070,OM-var,1.93,coal (conv pul) (cooling pond)
base load generation,coal,coal_base_conv pul 2001-2005,2070,OM-var,1.93,coal (conv pul) (dry cooling)
base load generation,coal,coal_base_conv pul 2006-2010,2070,OM-var,1.93,coal (conv pul) (once through)
base load generation,coal,coal_base_conv pul 2006-2010,2070,OM-var,1.93,coal (conv pul) (seawater)
base load generation,coal,coal_base_conv pul 2006-2010,2070,OM-var,1.93,coal (conv pul) (recirculating)
base load generation,coal,coal_base_conv pul 2006-2010,2070,OM-var,1.93,coal (conv pul) (cooling pond)
base load generation,coal,coal_base_conv pul 2006-2010,2070,OM-var,1.93,coal (conv pul) (dry cooling)
base load generation,coal,coal_base_conv pul 2011-2015,2070,OM-var,1.93,coal (conv pul) (once through)
base load generation,coal,coal_base_conv pul 2011-2015,2070,OM-var,1.93,coal (conv pul) (seawater)
base load generation,coal,coal_base_conv pul 2011-2015,2070,OM-var,1.93,coal (conv pul) (recirculating)
base load generation,coal,coal_base_conv pul 2011-2015,2070,OM-var,1.93,coal (conv pul) (cooling pond)
base load generation,coal,coal_base_conv pul 2011-2015,2070,OM-var,1.93,coal (conv pul) (dry cooling)
base load generation,coal,coal_base_conv pul 2016-2021,2070,OM-var,1.93,coal (conv pul) (once through)
base load generation,coal,coal_base_conv pul 2016-2021,2070,OM-var,1.93,coal (conv pul) (seawater)
base load generation,coal,coal_base_conv pul 2016-2021,2070,OM-var,1.93,coal (conv pul) (recirculating)
base load generation,coal,coal_base_conv pul 2016-2021,2070,OM-var,1.93,coal (conv pul) (cooling pond)
base load generation,coal,coal_base_conv pul 2016-2021,2070,OM-var,1.93,coal (conv pul) (dry cooling)
base load generation,coal,coal_base_conv pul before 1950,2070,OM-var,1.93,coal (conv pul) (once through)
base load generation,coal,coal_base_conv pul before 1950,2070,OM-var,1.93,coal (conv pul) (seawater)
base load generation,coal,coal_base_conv pul before 1950,2070,OM-var,1.93,coal (conv pul) (recirculating)
base load generation,coal,coal_base_conv pul before 1950,2070,OM-var,1.93,coal (conv pul) (cooling pond)
base load generation,coal,coal_base_conv pul before 1950,2070,OM-var,1.93,coal (conv pul) (dry cooling)
base load generation,coal,coal_base_conv pul_retire_2023,2070,OM-var,1.93,coal (conv pul) (once through)
base load generation,coal,coal_base_conv pul_retire_2023,2070,OM-var,1.93,coal (conv pul) (seawater)
base load generation,coal,coal_base_conv pul_retire_2023,2070,OM-var,1.93,coal (conv pul) (recirculating)
base load generation,coal,coal_base_conv pul_retire_2023,2070,OM-var,1.93,coal (conv pul) (cooling pond)
base load generation,coal,coal_base_conv pul_retire_2023,2070,OM-var,1.93,coal (conv pul) (dry cooling)
base load generation,biomass,biomass_base_conv,2075,OM-var,1.21,biomass (conv) (once through)
base load generation,biomass,biomass_base_conv,2075,OM-var,1.21,biomass (conv) (seawater)
base load generation,biomass,biomass_base_conv,2075,OM-var,1.21,biomass (conv) (recirculating)
base load generation,biomass,biomass_base_conv,2075,OM-var,1.21,biomass (conv) (cooling pond)
base load generation,biomass,biomass_base_conv,2075,OM-var,1.21,biomass (conv) (dry cooling)
base load generation,biomass,biomass_base_conv_CCS,2075,OM-var,3.29,biomass (conv CCS) (once through)
base load generation,biomass,biomass_base_conv_CCS,2075,OM-var,3.29,biomass (conv CCS) (seawater)
base load generation,biomass,biomass_base_conv_CCS,2075,OM-var,3.29,biomass (conv CCS) (recirculating)
base load generation,biomass,biomass_base_conv_CCS,2075,OM-var,3.29,biomass (conv CCS) (dry cooling)
base load generation,biomass,biomass_base_IGCC,2075,OM-var,2.72,biomass (IGCC) (once through)
base load generation,biomass,biomass_base_IGCC,2075,OM-var,2.72,biomass (IGCC) (seawater)
base load generation,biomass,biomass_base_IGCC,2075,OM-var,2.72,biomass (IGCC) (recirculating)
base load generation,biomass,biomass_base_IGCC,2075,OM-var,2.72,biomass (IGCC) (dry cooling)
base load generation,biomass,biomass_base_IGCC_CCS,2075,OM-var,5.31,biomass (IGCC CCS) (once through)
base load generation,biomass,biomass_base_IGCC_CCS,2075,OM-var,5.31,biomass (IGCC CCS) (seawater)
base load generation,biomass,biomass_base_IGCC_CCS,2075,OM-var,5.31,biomass (IGCC CCS) (recirculating)
base load generation,biomass,biomass_base_IGCC_CCS,2075,OM-var,5.31,biomass (IGCC CCS) (dry cooling)
base load generation,coal,coal_base_conv pul,2075,OM-var,1.92,coal (conv pul) (once through)
base load generation,coal,coal_base_conv pul,2075,OM-var,1.92,coal (conv pul) (seawater)
base load generation,coal,coal_base_conv pul,2075,OM-var,1.92,coal (conv pul) (recirculating)
base load generation,coal,coal_base_conv pul,2075,OM-var,1.92,coal (conv pul) (cooling pond)
base load generation,coal,coal_base_conv pul,2075,OM-var,1.92,coal (conv pul) (dry cooling)
base load generation,coal,coal_base_conv pul_CCS,2075,OM-var,3.09,coal (conv pul CCS) (once through)
base load generation,coal,coal_base_conv pul_CCS,2075,OM-var,3.09,coal (conv pul CCS) (seawater)
base load generation,coal,coal_base_conv pul_CCS,2075,OM-var,3.09,coal (conv pul CCS) (recirculating)
base load generation,coal,coal_base_conv pul_CCS,2075,OM-var,3.09,coal (conv pul CCS) (dry cooling)
base load generation,coal,coal_base_IGCC,2075,OM-var,3.43,coal (IGCC) (once through)
base load generation,coal,coal_base_IGCC,2075,OM-var,3.43,coal (IGCC) (seawater)
base load generation,coal,coal_base_IGCC,2075,OM-var,3.43,coal (IGCC) (recirculating)
base load generation,coal,coal_base_IGCC,2075,OM-var,3.43,coal (IGCC) (dry cooling)
base load generation,coal,coal_base_IGCC_CCS,2075,OM-var,5.11,coal (IGCC CCS) (once through)
base load generation,coal,coal_base_IGCC_CCS,2075,OM-var,5.11,coal (IGCC CCS) (seawater)
base load generation,coal,coal_base_IGCC_CCS,2075,OM-var,5.11,coal (IGCC CCS) (recirculating)
base load generation,coal,coal_base_IGCC_CCS,2075,OM-var,5.11,coal (IGCC CCS) (dry cooling)
base load generation,gas,gas_base_CC,2075,OM-var,0.41,gas (CC) (once through)
base load generation,gas,gas_base_CC,2075,OM-var,0.41,gas (CC) (seawater)
base load generation,gas,gas_base_CC,2075,OM-var,0.41,gas (CC) (recirculating)
base load generation,gas,gas_base_CC,2075,OM-var,0.41,gas (CC) (cooling pond)
base load generation,gas,gas_base_CC,2075,OM-var,0.41,gas (CC) (dry cooling)
base load generation,gas,gas_base_CC_CCS,2075,OM-var,0.84,gas (CC CCS) (once through)
base load generation,gas,gas_base_CC_CCS,2075,OM-var,0.84,gas (CC CCS) (seawater)
base load generation,gas,gas_base_CC_CCS,2075,OM-var,0.84,gas (CC CCS) (recirculating)
base load generation,gas,gas_base_CC_CCS,2075,OM-var,0.84,gas (CC CCS) (dry cooling)
base load generation,geothermal,geo_base,2075,OM-var,0,geothermal (recirculating)
base load generation,geothermal,geo_base,2075,OM-var,0,geothermal (dry_hybrid)
base load generation,nuclear,nuc_base_Gen II,2075,OM-var,0.66,Gen_II_LWR (once through)
base load generation,nuclear,nuc_base_Gen II,2075,OM-var,0.66,Gen_II_LWR (seawater)
base load generation,nuclear,nuc_base_Gen II,2075,OM-var,0.66,Gen_II_LWR (recirculating)
base load generation,nuclear,nuc_base_Gen II,2075,OM-var,0.66,Gen_II_LWR (cooling pond)
base load generation,nuclear,nuc_base_large reactor,2075,OM-var,0.64,large reactor (once through)
base load generation,nuclear,nuc_base_large reactor,2075,OM-var,0.64,large reactor (seawater)
base load generation,nuclear,nuc_base_large reactor,2075,OM-var,0.64,large reactor (recirculating)
base load generation,nuclear,nuc_base_large reactor,2075,OM-var,0.64,large reactor (cooling pond)
base load generation,nuclear,nuc_base_SMR,2075,OM-var,0.6,SMR (once through)
base load generation,nuclear,nuc_base_SMR,2075,OM-var,0.6,SMR (seawater)
base load generation,nuclear,nuc_base_SMR,2075,OM-var,0.6,SMR (recirculating)
base load generation,nuclear,nuc_base_SMR,2075,OM-var,0.6,SMR (cooling pond)
base load generation,refined liquids,refined liquids_base_steam/CT,2075,OM-var,1.59,refined liquids (steam/CT) (once through)
base load generation,refined liquids,refined liquids_base_steam/CT,2075,OM-var,1.59,refined liquids (steam/CT) (seawater)
base load generation,refined liquids,refined liquids_base_steam/CT,2075,OM-var,1.59,refined liquids (steam/CT) (recirculating)
base load generation,refined liquids,refined liquids_base_steam/CT,2075,OM-var,1.59,refined liquids (steam/CT) (cooling pond)
base load generation,refined liquids,refined liquids_base_steam/CT,2075,OM-var,1.59,refined liquids (steam/CT) (dry cooling)
base load generation,refined liquids,refined liquids_base_CC,2075,OM-var,0.41,refined liquids (CC) (once through)
base load generation,refined liquids,refined liquids_base_CC,2075,OM-var,0.41,refined liquids (CC) (seawater)
base load generation,refined liquids,refined liquids_base_CC,2075,OM-var,0.41,refined liquids (CC) (recirculating)
base load generation,refined liquids,refined liquids_base_CC,2075,OM-var,0.41,refined liquids (CC) (dry cooling)
base load generation,refined liquids,refined liquids_base_CC_CCS,2075,OM-var,0.84,refined liquids (CC CCS) (once through)
base load generation,refined liquids,refined liquids_base_CC_CCS,2075,OM-var,0.84,refined liquids (CC CCS) (seawater)
base load generation,refined liquids,refined liquids_base_CC_CCS,2075,OM-var,0.84,refined liquids (CC CCS) (recirculating)
base load generation,refined liquids,refined liquids_base_CC_CCS,2075,OM-var,0.84,refined liquids (CC CCS) (dry cooling)
base load generation,solar,PV_base_storage,2075,OM-var,0,PV_base_storage
base load generation,solar,CSP_base_storage,2075,OM-var,0.69,CSP_base_storage
base load generation,wind,wind_base_storage,2075,OM-var,0,wind_base_storage
base load generation,coal,coal_base_conv pul 1951-1955,2075,OM-var,1.92,coal (conv pul) (once through)
base load generation,coal,coal_base_conv pul 1951-1955,2075,OM-var,1.92,coal (conv pul) (seawater)
base load generation,coal,coal_base_conv pul 1951-1955,2075,OM-var,1.92,coal (conv pul) (recirculating)
base load generation,coal,coal_base_conv pul 1951-1955,2075,OM-var,1.92,coal (conv pul) (cooling pond)
base load generation,coal,coal_base_conv pul 1951-1955,2075,OM-var,1.92,coal (conv pul) (dry cooling)
base load generation,coal,coal_base_conv pul 1956-1960,2075,OM-var,1.92,coal (conv pul) (once through)
base load generation,coal,coal_base_conv pul 1956-1960,2075,OM-var,1.92,coal (conv pul) (seawater)
base load generation,coal,coal_base_conv pul 1956-1960,2075,OM-var,1.92,coal (conv pul) (recirculating)
base load generation,coal,coal_base_conv pul 1956-1960,2075,OM-var,1.92,coal (conv pul) (cooling pond)
base load generation,coal,coal_base_conv pul 1956-1960,2075,OM-var,1.92,coal (conv pul) (dry cooling)
base load generation,coal,coal_base_conv pul 1961-1965,2075,OM-var,1.92,coal (conv pul) (once through)
base load generation,coal,coal_base_conv pul 1961-1965,2075,OM-var,1.92,coal (conv pul) (seawater)
base load generation,coal,coal_base_conv pul 1961-1965,2075,OM-var,1.92,coal (conv pul) (recirculating)
base load generation,coal,coal_base_conv pul 1961-1965,2075,OM-var,1.92,coal (conv pul) (cooling pond)
base load generation,coal,coal_base_conv pul 1961-1965,2075,OM-var,1.92,coal (conv pul) (dry cooling)
base load generation,coal,coal_base_conv pul 1966-1970,2075,OM-var,1.92,coal (conv pul) (once through)
base load generation,coal,coal_base_conv pul 1966-1970,2075,OM-var,1.92,coal (conv pul) (seawater)
base load generation,coal,coal_base_conv pul 1966-1970,2075,OM-var,1.92,coal (conv pul) (recirculating)
base load generation,coal,coal_base_conv pul 1966-1970,2075,OM-var,1.92,coal (conv pul) (cooling pond)
base load generation,coal,coal_base_conv pul 1966-1970,2075,OM-var,1.92,coal (conv pul) (dry cooling)
base load generation,coal,coal_base_conv pul 1971-1975,2075,OM-var,1.92,coal (conv pul) (once through)
base load generation,coal,coal_base_conv pul 1971-1975,2075,OM-var,1.92,coal (conv pul) (seawater)
base load generation,coal,coal_base_conv pul 1971-1975,2075,OM-var,1.92,coal (conv pul) (recirculating)
base load generation,coal,coal_base_conv pul 1971-1975,2075,OM-var,1.92,coal (conv pul) (cooling pond)
base load generation,coal,coal_base_conv pul 1971-1975,2075,OM-var,1.92,coal (conv pul) (dry cooling)
base load generation,coal,coal_base_conv pul 1976-1980,2075,OM-var,1.92,coal (conv pul) (once through)
base load generation,coal,coal_base_conv pul 1976-1980,2075,OM-var,1.92,coal (conv pul) (seawater)
base load generation,coal,coal_base_conv pul 1976-1980,2075,OM-var,1.92,coal (conv pul) (recirculating)
base load generation,coal,coal_base_conv pul 1976-1980,2075,OM-var,1.92,coal (conv pul) (cooling pond)
base load generation,coal,coal_base_conv pul 1976-1980,2075,OM-var,1.92,coal (conv pul) (dry cooling)
base load generation,coal,coal_base_conv pul 1981-1985,2075,OM-var,1.92,coal (conv pul) (once through)
base load generation,coal,coal_base_conv pul 1981-1985,2075,OM-var,1.92,coal (conv pul) (seawater)
base load generation,coal,coal_base_conv pul 1981-1985,2075,OM-var,1.92,coal (conv pul) (recirculating)
base load generation,coal,coal_base_conv pul 1981-1985,2075,OM-var,1.92,coal (conv pul) (cooling pond)
base load generation,coal,coal_base_conv pul 1981-1985,2075,OM-var,1.92,coal (conv pul) (dry cooling)
base load generation,coal,coal_base_conv pul 1986-1990,2075,OM-var,1.92,coal (conv pul) (once through)
base load generation,coal,coal_base_conv pul 1986-1990,2075,OM-var,1.92,coal (conv pul) (seawater)
base load generation,coal,coal_base_conv pul 1986-1990,2075,OM-var,1.92,coal (conv pul) (recirculating)
base load generation,coal,coal_base_conv pul 1986-1990,2075,OM-var,1.92,coal (conv pul) (cooling pond)
base load generation,coal,coal_base_conv pul 1986-1990,2075,OM-var,1.92,coal (conv pul) (dry cooling)
base load generation,coal,coal_base_conv pul 1991-1995,2075,OM-var,1.92,coal (conv pul) (once through)
base load generation,coal,coal_base_conv pul 1991-1995,2075,OM-var,1.92,coal (conv pul) (seawater)
base load generation,coal,coal_base_conv pul 1991-1995,2075,OM-var,1.92,coal (conv pul) (recirculating)
base load generation,coal,coal_base_conv pul 1991-1995,2075,OM-var,1.92,coal (conv pul) (cooling pond)
base load generation,coal,coal_base_conv pul 1991-1995,2075,OM-var,1.92,coal (conv pul) (dry cooling)
base load generation,coal,coal_base_conv pul 1996-2000,2075,OM-var,1.92,coal (conv pul) (once through)
base load generation,coal,coal_base_conv pul 1996-2000,2075,OM-var,1.92,coal (conv pul) (seawater)
base load generation,coal,coal_base_conv pul 1996-2000,2075,OM-var,1.92,coal (conv pul) (recirculating)
base load generation,coal,coal_base_conv pul 1996-2000,2075,OM-var,1.92,coal (conv pul) (cooling pond)
base load generation,coal,coal_base_conv pul 1996-2000,2075,OM-var,1.92,coal (conv pul) (dry cooling)
base load generation,coal,coal_base_conv pul 2001-2005,2075,OM-var,1.92,coal (conv pul) (once through)
base load generation,coal,coal_base_conv pul 2001-2005,2075,OM-var,1.92,coal (conv pul) (seawater)
base load generation,coal,coal_base_conv pul 2001-2005,2075,OM-var,1.92,coal (conv pul) (recirculating)
base load generation,coal,coal_base_conv pul 2001-2005,2075,OM-var,1.92,coal (conv pul) (cooling pond)
base load generation,coal,coal_base_conv pul 2001-2005,2075,OM-var,1.92,coal (conv pul) (dry cooling)
base load generation,coal,coal_base_conv pul 2006-2010,2075,OM-var,1.92,coal (conv pul) (once through)
base load generation,coal,coal_base_conv pul 2006-2010,2075,OM-var,1.92,coal (conv pul) (seawater)
base load generation,coal,coal_base_conv pul 2006-2010,2075,OM-var,1.92,coal (conv pul) (recirculating)
base load generation,coal,coal_base_conv pul 2006-2010,2075,OM-var,1.92,coal (conv pul) (cooling pond)
base load generation,coal,coal_base_conv pul 2006-2010,2075,OM-var,1.92,coal (conv pul) (dry cooling)
base load generation,coal,coal_base_conv pul 2011-2015,2075,OM-var,1.92,coal (conv pul) (once through)
base load generation,coal,coal_base_conv pul 2011-2015,2075,OM-var,1.92,coal (conv pul) (seawater)
base load generation,coal,coal_base_conv pul 2011-2015,2075,OM-var,1.92,coal (conv pul) (recirculating)
base load generation,coal,coal_base_conv pul 2011-2015,2075,OM-var,1.92,coal (conv pul) (cooling pond)
base load generation,coal,coal_base_conv pul 2011-2015,2075,OM-var,1.92,coal (conv pul) (dry cooling)
base load generation,coal,coal_base_conv pul 2016-2021,2075,OM-var,1.92,coal (conv pul) (once through)
base load generation,coal,coal_base_conv pul 2016-2021,2075,OM-var,1.92,coal (conv pul) (seawater)
base load generation,coal,coal_base_conv pul 2016-2021,2075,OM-var,1.92,coal (conv pul) (recirculating)
base load generation,coal,coal_base_conv pul 2016-2021,2075,OM-var,1.92,coal (conv pul) (cooling pond)
base load generation,coal,coal_base_conv pul 2016-2021,2075,OM-var,1.92,coal (conv pul) (dry cooling)
base load generation,coal,coal_base_conv pul before 1950,2075,OM-var,1.92,coal (conv pul) (once through)
base load generation,coal,coal_base_conv pul before 1950,2075,OM-var,1.92,coal (conv pul) (seawater)
base load generation,coal,coal_base_conv pul before 1950,2075,OM-var,1.92,coal (conv pul) (recirculating)
base load generation,coal,coal_base_conv pul before 1950,2075,OM-var,1.92,coal (conv pul) (cooling pond)
base load generation,coal,coal_base_conv pul before 1950,2075,OM-var,1.92,coal (conv pul) (dry cooling)
base load generation,coal,coal_base_conv pul_retire_2023,2075,OM-var,1.92,coal (conv pul) (once through)
base load generation,coal,coal_base_conv pul_retire_2023,2075,OM-var,1.92,coal (conv pul) (seawater)
base load generation,coal,coal_base_conv pul_retire_2023,2075,OM-var,1.92,coal (conv pul) (recirculating)
base load generation,coal,coal_base_conv pul_retire_2023,2075,OM-var,1.92,coal (conv pul) (cooling pond)
base load generation,coal,coal_base_conv pul_retire_2023,2075,OM-var,1.92,coal (conv pul) (dry cooling)
base load generation,biomass,biomass_base_conv,2080,OM-var,1.2,biomass (conv) (once through)
base load generation,biomass,biomass_base_conv,2080,OM-var,1.2,biomass (conv) (seawater)
base load generation,biomass,biomass_base_conv,2080,OM-var,1.2,biomass (conv) (recirculating)
base load generation,biomass,biomass_base_conv,2080,OM-var,1.2,biomass (conv) (cooling pond)
base load generation,biomass,biomass_base_conv,2080,OM-var,1.2,biomass (conv) (dry cooling)
base load generation,biomass,biomass_base_conv_CCS,2080,OM-var,3.27,biomass (conv CCS) (once through)
base load generation,biomass,biomass_base_conv_CCS,2080,OM-var,3.27,biomass (conv CCS) (seawater)
base load generation,biomass,biomass_base_conv_CCS,2080,OM-var,3.27,biomass (conv CCS) (recirculating)
base load generation,biomass,biomass_base_conv_CCS,2080,OM-var,3.27,biomass (conv CCS) (dry cooling)
base load generation,biomass,biomass_base_IGCC,2080,OM-var,2.71,biomass (IGCC) (once through)
base load generation,biomass,biomass_base_IGCC,2080,OM-var,2.71,biomass (IGCC) (seawater)
base load generation,biomass,biomass_base_IGCC,2080,OM-var,2.71,biomass (IGCC) (recirculating)
base load generation,biomass,biomass_base_IGCC,2080,OM-var,2.71,biomass (IGCC) (dry cooling)
base load generation,biomass,biomass_base_IGCC_CCS,2080,OM-var,5.28,biomass (IGCC CCS) (once through)
base load generation,biomass,biomass_base_IGCC_CCS,2080,OM-var,5.28,biomass (IGCC CCS) (seawater)
base load generation,biomass,biomass_base_IGCC_CCS,2080,OM-var,5.28,biomass (IGCC CCS) (recirculating)
base load generation,biomass,biomass_base_IGCC_CCS,2080,OM-var,5.28,biomass (IGCC CCS) (dry cooling)
base load generation,coal,coal_base_conv pul,2080,OM-var,1.91,coal (conv pul) (once through)
base load generation,coal,coal_base_conv pul,2080,OM-var,1.91,coal (conv pul) (seawater)
base load generation,coal,coal_base_conv pul,2080,OM-var,1.91,coal (conv pul) (recirculating)
base load generation,coal,coal_base_conv pul,2080,OM-var,1.91,coal (conv pul) (cooling pond)
base load generation,coal,coal_base_conv pul,2080,OM-var,1.91,coal (conv pul) (dry cooling)
base load generation,coal,coal_base_conv pul_CCS,2080,OM-var,3.07,coal (conv pul CCS) (once through)
base load generation,coal,coal_base_conv pul_CCS,2080,OM-var,3.07,coal (conv pul CCS) (seawater)
base load generation,coal,coal_base_conv pul_CCS,2080,OM-var,3.07,coal (conv pul CCS) (recirculating)
base load generation,coal,coal_base_conv pul_CCS,2080,OM-var,3.07,coal (conv pul CCS) (dry cooling)
base load generation,coal,coal_base_IGCC,2080,OM-var,3.41,coal (IGCC) (once through)
base load generation,coal,coal_base_IGCC,2080,OM-var,3.41,coal (IGCC) (seawater)
base load generation,coal,coal_base_IGCC,2080,OM-var,3.41,coal (IGCC) (recirculating)
base load generation,coal,coal_base_IGCC,2080,OM-var,3.41,coal (IGCC) (dry cooling)
base load generation,coal,coal_base_IGCC_CCS,2080,OM-var,5.08,coal (IGCC CCS) (once through)
base load generation,coal,coal_base_IGCC_CCS,2080,OM-var,5.08,coal (IGCC CCS) (seawater)
base load generation,coal,coal_base_IGCC_CCS,2080,OM-var,5.08,coal (IGCC CCS) (recirculating)
base load generation,coal,coal_base_IGCC_CCS,2080,OM-var,5.08,coal (IGCC CCS) (dry cooling)
base load generation,gas,gas_base_CC,2080,OM-var,0.41,gas (CC) (once through)
base load generation,gas,gas_base_CC,2080,OM-var,0.41,gas (CC) (seawater)
base load generation,gas,gas_base_CC,2080,OM-var,0.41,gas (CC) (recirculating)
base load generation,gas,gas_base_CC,2080,OM-var,0.41,gas (CC) (cooling pond)
base load generation,gas,gas_base_CC,2080,OM-var,0.41,gas (CC) (dry cooling)
base load generation,gas,gas_base_CC_CCS,2080,OM-var,0.84,gas (CC CCS) (once through)
base load generation,gas,gas_base_CC_CCS,2080,OM-var,0.84,gas (CC CCS) (seawater)
base load generation,gas,gas_base_CC_CCS,2080,OM-var,0.84,gas (CC CCS) (recirculating)
base load generation,gas,gas_base_CC_CCS,2080,OM-var,0.84,gas (CC CCS) (dry cooling)
base load generation,geothermal,geo_base,2080,OM-var,0,geothermal (recirculating)
base load generation,geothermal,geo_base,2080,OM-var,0,geothermal (dry_hybrid)
base load generation,nuclear,nuc_base_Gen II,2080,OM-var,0.66,Gen_II_LWR (once through)
base load generation,nuclear,nuc_base_Gen II,2080,OM-var,0.66,Gen_II_LWR (seawater)
base load generation,nuclear,nuc_base_Gen II,2080,OM-var,0.66,Gen_II_LWR (recirculating)
base load generation,nuclear,nuc_base_Gen II,2080,OM-var,0.66,Gen_II_LWR (cooling pond)
base load generation,nuclear,nuc_base_large reactor,2080,OM-var,0.64,large reactor (once through)
base load generation,nuclear,nuc_base_large reactor,2080,OM-var,0.64,large reactor (seawater)
base load generation,nuclear,nuc_base_large reactor,2080,OM-var,0.64,large reactor (recirculating)
base load generation,nuclear,nuc_base_large reactor,2080,OM-var,0.64,large reactor (cooling pond)
base load generation,nuclear,nuc_base_SMR,2080,OM-var,0.59,SMR (once through)
base load generation,nuclear,nuc_base_SMR,2080,OM-var,0.59,SMR (seawater)
base load generation,nuclear,nuc_base_SMR,2080,OM-var,0.59,SMR (recirculating)
base load generation,nuclear,nuc_base_SMR,2080,OM-var,0.59,SMR (cooling pond)
base load generation,refined liquids,refined liquids_base_steam/CT,2080,OM-var,1.59,refined liquids (steam/CT) (once through)
base load generation,refined liquids,refined liquids_base_steam/CT,2080,OM-var,1.59,refined liquids (steam/CT) (seawater)
base load generation,refined liquids,refined liquids_base_steam/CT,2080,OM-var,1.59,refined liquids (steam/CT) (recirculating)
base load generation,refined liquids,refined liquids_base_steam/CT,2080,OM-var,1.59,refined liquids (steam/CT) (cooling pond)
base load generation,refined liquids,refined liquids_base_steam/CT,2080,OM-var,1.59,refined liquids (steam/CT) (dry cooling)
base load generation,refined liquids,refined liquids_base_CC,2080,OM-var,0.41,refined liquids (CC) (once through)
base load generation,refined liquids,refined liquids_base_CC,2080,OM-var,0.41,refined liquids (CC) (seawater)
base load generation,refined liquids,refined liquids_base_CC,2080,OM-var,0.41,refined liquids (CC) (recirculating)
base load generation,refined liquids,refined liquids_base_CC,2080,OM-var,0.41,refined liquids (CC) (dry cooling)
base load generation,refined liquids,refined liquids_base_CC_CCS,2080,OM-var,0.84,refined liquids (CC CCS) (once through)
base load generation,refined liquids,refined liquids_base_CC_CCS,2080,OM-var,0.84,refined liquids (CC CCS) (seawater)
base load generation,refined liquids,refined liquids_base_CC_CCS,2080,OM-var,0.84,refined liquids (CC CCS) (recirculating)
base load generation,refined liquids,refined liquids_base_CC_CCS,2080,OM-var,0.84,refined liquids (CC CCS) (dry cooling)
base load generation,solar,PV_base_storage,2080,OM-var,0,PV_base_storage
base load generation,solar,CSP_base_storage,2080,OM-var,0.69,CSP_base_storage
base load generation,wind,wind_base_storage,2080,OM-var,0,wind_base_storage
base load generation,coal,coal_base_conv pul 1951-1955,2080,OM-var,1.91,coal (conv pul) (once through)
base load generation,coal,coal_base_conv pul 1951-1955,2080,OM-var,1.91,coal (conv pul) (seawater)
base load generation,coal,coal_base_conv pul 1951-1955,2080,OM-var,1.91,coal (conv pul) (recirculating)
base load generation,coal,coal_base_conv pul 1951-1955,2080,OM-var,1.91,coal (conv pul) (cooling pond)
base load generation,coal,coal_base_conv pul 1951-1955,2080,OM-var,1.91,coal (conv pul) (dry cooling)
base load generation,coal,coal_base_conv pul 1956-1960,2080,OM-var,1.91,coal (conv pul) (once through)
base load generation,coal,coal_base_conv pul 1956-1960,2080,OM-var,1.91,coal (conv pul) (seawater)
base load generation,coal,coal_base_conv pul 1956-1960,2080,OM-var,1.91,coal (conv pul) (recirculating)
base load generation,coal,coal_base_conv pul 1956-1960,2080,OM-var,1.91,coal (conv pul) (cooling pond)
base load generation,coal,coal_base_conv pul 1956-1960,2080,OM-var,1.91,coal (conv pul) (dry cooling)
base load generation,coal,coal_base_conv pul 1961-1965,2080,OM-var,1.91,coal (conv pul) (once through)
base load generation,coal,coal_base_conv pul 1961-1965,2080,OM-var,1.91,coal (conv pul) (seawater)
base load generation,coal,coal_base_conv pul 1961-1965,2080,OM-var,1.91,coal (conv pul) (recirculating)
base load generation,coal,coal_base_conv pul 1961-1965,2080,OM-var,1.91,coal (conv pul) (cooling pond)
base load generation,coal,coal_base_conv pul 1961-1965,2080,OM-var,1.91,coal (conv pul) (dry cooling)
base load generation,coal,coal_base_conv pul 1966-1970,2080,OM-var,1.91,coal (conv pul) (once through)
base load generation,coal,coal_base_conv pul 1966-1970,2080,OM-var,1.91,coal (conv pul) (seawater)
base load generation,coal,coal_base_conv pul 1966-1970,2080,OM-var,1.91,coal (conv pul) (recirculating)
base load generation,coal,coal_base_conv pul 1966-1970,2080,OM-var,1.91,coal (conv pul) (cooling pond)
base load generation,coal,coal_base_conv pul 1966-1970,2080,OM-var,1.91,coal (conv pul) (dry cooling)
base load generation,coal,coal_base_conv pul 1971-1975,2080,OM-var,1.91,coal (conv pul) (once through)
base load generation,coal,coal_base_conv pul 1971-1975,2080,OM-var,1.91,coal (conv pul) (seawater)
base load generation,coal,coal_base_conv pul 1971-1975,2080,OM-var,1.91,coal (conv pul) (recirculating)
base load generation,coal,coal_base_conv pul 1971-1975,2080,OM-var,1.91,coal (conv pul) (cooling pond)
base load generation,coal,coal_base_conv pul 1971-1975,2080,OM-var,1.91,coal (conv pul) (dry cooling)
base load generation,coal,coal_base_conv pul 1976-1980,2080,OM-var,1.91,coal (conv pul) (once through)
base load generation,coal,coal_base_conv pul 1976-1980,2080,OM-var,1.91,coal (conv pul) (seawater)
base load generation,coal,coal_base_conv pul 1976-1980,2080,OM-var,1.91,coal (conv pul) (recirculating)
base load generation,coal,coal_base_conv pul 1976-1980,2080,OM-var,1.91,coal (conv pul) (cooling pond)
base load generation,coal,coal_base_conv pul 1976-1980,2080,OM-var,1.91,coal (conv pul) (dry cooling)
base load generation,coal,coal_base_conv pul 1981-1985,2080,OM-var,1.91,coal (conv pul) (once through)
base load generation,coal,coal_base_conv pul 1981-1985,2080,OM-var,1.91,coal (conv pul) (seawater)
base load generation,coal,coal_base_conv pul 1981-1985,2080,OM-var,1.91,coal (conv pul) (recirculating)
base load generation,coal,coal_base_conv pul 1981-1985,2080,OM-var,1.91,coal (conv pul) (cooling pond)
base load generation,coal,coal_base_conv pul 1981-1985,2080,OM-var,1.91,coal (conv pul) (dry cooling)
base load generation,coal,coal_base_conv pul 1986-1990,2080,OM-var,1.91,coal (conv pul) (once through)
base load generation,coal,coal_base_conv pul 1986-1990,2080,OM-var,1.91,coal (conv pul) (seawater)
base load generation,coal,coal_base_conv pul 1986-1990,2080,OM-var,1.91,coal (conv pul) (recirculating)
base load generation,coal,coal_base_conv pul 1986-1990,2080,OM-var,1.91,coal (conv pul) (cooling pond)
base load generation,coal,coal_base_conv pul 1986-1990,2080,OM-var,1.91,coal (conv pul) (dry cooling)
base load generation,coal,coal_base_conv pul 1991-1995,2080,OM-var,1.91,coal (conv pul) (once through)
base load generation,coal,coal_base_conv pul 1991-1995,2080,OM-var,1.91,coal (conv pul) (seawater)
base load generation,coal,coal_base_conv pul 1991-1995,2080,OM-var,1.91,coal (conv pul) (recirculating)
base load generation,coal,coal_base_conv pul 1991-1995,2080,OM-var,1.91,coal (conv pul) (cooling pond)
base load generation,coal,coal_base_conv pul 1991-1995,2080,OM-var,1.91,coal (conv pul) (dry cooling)
base load generation,coal,coal_base_conv pul 1996-2000,2080,OM-var,1.91,coal (conv pul) (once through)
base load generation,coal,coal_base_conv pul 1996-2000,2080,OM-var,1.91,coal (conv pul) (seawater)
base load generation,coal,coal_base_conv pul 1996-2000,2080,OM-var,1.91,coal (conv pul) (recirculating)
base load generation,coal,coal_base_conv pul 1996-2000,2080,OM-var,1.91,coal (conv pul) (cooling pond)
base load generation,coal,coal_base_conv pul 1996-2000,2080,OM-var,1.91,coal (conv pul) (dry cooling)
base load generation,coal,coal_base_conv pul 2001-2005,2080,OM-var,1.91,coal (conv pul) (once through)
base load generation,coal,coal_base_conv pul 2001-2005,2080,OM-var,1.91,coal (conv pul) (seawater)
base load generation,coal,coal_base_conv pul 2001-2005,2080,OM-var,1.91,coal (conv pul) (recirculating)
base load generation,coal,coal_base_conv pul 2001-2005,2080,OM-var,1.91,coal (conv pul) (cooling pond)
base load generation,coal,coal_base_conv pul 2001-2005,2080,OM-var,1.91,coal (conv pul) (dry cooling)
base load generation,coal,coal_base_conv pul 2006-2010,2080,OM-var,1.91,coal (conv pul) (once through)
base load generation,coal,coal_base_conv pul 2006-2010,2080,OM-var,1.91,coal (conv pul) (seawater)
base load generation,coal,coal_base_conv pul 2006-2010,2080,OM-var,1.91,coal (conv pul) (recirculating)
base load generation,coal,coal_base_conv pul 2006-2010,2080,OM-var,1.91,coal (conv pul) (cooling pond)
base load generation,coal,coal_base_conv pul 2006-2010,2080,OM-var,1.91,coal (conv pul) (dry cooling)
base load generation,coal,coal_base_conv pul 2011-2015,2080,OM-var,1.91,coal (conv pul) (once through)
base load generation,coal,coal_base_conv pul 2011-2015,2080,OM-var,1.91,coal (conv pul) (seawater)
base load generation,coal,coal_base_conv pul 2011-2015,2080,OM-var,1.91,coal (conv pul) (recirculating)
base load generation,coal,coal_base_conv pul 2011-2015,2080,OM-var,1.91,coal (conv pul) (cooling pond)
base load generation,coal,coal_base_conv pul 2011-2015,2080,OM-var,1.91,coal (conv pul) (dry cooling)
base load generation,coal,coal_base_conv pul 2016-2021,2080,OM-var,1.91,coal (conv pul) (once through)
base load generation,coal,coal_base_conv pul 2016-2021,2080,OM-var,1.91,coal (conv pul) (seawater)
base load generation,coal,coal_base_conv pul 2016-2021,2080,OM-var,1.91,coal (conv pul) (recirculating)
base load generation,coal,coal_base_conv pul 2016-2021,2080,OM-var,1.91,coal (conv pul) (cooling pond)
base load generation,coal,coal_base_conv pul 2016-2021,2080,OM-var,1.91,coal (conv pul) (dry cooling)
base load generation,coal,coal_base_conv pul before 1950,2080,OM-var,1.91,coal (conv pul) (once through)
base load generation,coal,coal_base_conv pul before 1950,2080,OM-var,1.91,coal (conv pul) (seawater)
base load generation,coal,coal_base_conv pul before 1950,2080,OM-var,1.91,coal (conv pul) (recirculating)
base load generation,coal,coal_base_conv pul before 1950,2080,OM-var,1.91,coal (conv pul) (cooling pond)
base load generation,coal,coal_base_conv pul before 1950,2080,OM-var,1.91,coal (conv pul) (dry cooling)
base load generation,coal,coal_base_conv pul_retire_2023,2080,OM-var,1.91,coal (conv pul) (once through)
base load generation,coal,coal_base_conv pul_retire_2023,2080,OM-var,1.91,coal (conv pul) (seawater)
base load generation,coal,coal_base_conv pul_retire_2023,2080,OM-var,1.91,coal (conv pul) (recirculating)
base load generation,coal,coal_base_conv pul_retire_2023,2080,OM-var,1.91,coal (conv pul) (cooling pond)
base load generation,coal,coal_base_conv pul_retire_2023,2080,OM-var,1.91,coal (conv pul) (dry cooling)
base load generation,biomass,biomass_base_conv,2085,OM-var,1.19,biomass (conv) (once through)
base load generation,biomass,biomass_base_conv,2085,OM-var,1.19,biomass (conv) (seawater)
base load generation,biomass,biomass_base_conv,2085,OM-var,1.19,biomass (conv) (recirculating)
base load generation,biomass,biomass_base_conv,2085,OM-var,1.19,biomass (conv) (cooling pond)
base load generation,biomass,biomass_base_conv,2085,OM-var,1.19,biomass (conv) (dry cooling)
base load generation,biomass,biomass_base_conv_CCS,2085,OM-var,3.26,biomass (conv CCS) (once through)
base load generation,biomass,biomass_base_conv_CCS,2085,OM-var,3.26,biomass (conv CCS) (seawater)
base load generation,biomass,biomass_base_conv_CCS,2085,OM-var,3.26,biomass (conv CCS) (recirculating)
base load generation,biomass,biomass_base_conv_CCS,2085,OM-var,3.26,biomass (conv CCS) (dry cooling)
base load generation,biomass,biomass_base_IGCC,2085,OM-var,2.69,biomass (IGCC) (once through)
base load generation,biomass,biomass_base_IGCC,2085,OM-var,2.69,biomass (IGCC) (seawater)
base load generation,biomass,biomass_base_IGCC,2085,OM-var,2.69,biomass (IGCC) (recirculating)
base load generation,biomass,biomass_base_IGCC,2085,OM-var,2.69,biomass (IGCC) (dry cooling)
base load generation,biomass,biomass_base_IGCC_CCS,2085,OM-var,5.26,biomass (IGCC CCS) (once through)
base load generation,biomass,biomass_base_IGCC_CCS,2085,OM-var,5.26,biomass (IGCC CCS) (seawater)
base load generation,biomass,biomass_base_IGCC_CCS,2085,OM-var,5.26,biomass (IGCC CCS) (recirculating)
base load generation,biomass,biomass_base_IGCC_CCS,2085,OM-var,5.26,biomass (IGCC CCS) (dry cooling)
base load generation,coal,coal_base_conv pul,2085,OM-var,1.9,coal (conv pul) (once through)
base load generation,coal,coal_base_conv pul,2085,OM-var,1.9,coal (conv pul) (seawater)
base load generation,coal,coal_base_conv pul,2085,OM-var,1.9,coal (conv pul) (recirculating)
base load generation,coal,coal_base_conv pul,2085,OM-var,1.9,coal (conv pul) (cooling pond)
base load generation,coal,coal_base_conv pul,2085,OM-var,1.9,coal (conv pul) (dry cooling)
base load generation,coal,coal_base_conv pul_CCS,2085,OM-var,3.06,coal (conv pul CCS) (once through)
base load generation,coal,coal_base_conv pul_CCS,2085,OM-var,3.06,coal (conv pul CCS) (seawater)
base load generation,coal,coal_base_conv pul_CCS,2085,OM-var,3.06,coal (conv pul CCS) (recirculating)
base load generation,coal,coal_base_conv pul_CCS,2085,OM-var,3.06,coal (conv pul CCS) (dry cooling)
base load generation,coal,coal_base_IGCC,2085,OM-var,3.4,coal (IGCC) (once through)
base load generation,coal,coal_base_IGCC,2085,OM-var,3.4,coal (IGCC) (seawater)
base load generation,coal,coal_base_IGCC,2085,OM-var,3.4,coal (IGCC) (recirculating)
base load generation,coal,coal_base_IGCC,2085,OM-var,3.4,coal (IGCC) (dry cooling)
base load generation,coal,coal_base_IGCC_CCS,2085,OM-var,5.06,coal (IGCC CCS) (once through)
base load generation,coal,coal_base_IGCC_CCS,2085,OM-var,5.06,coal (IGCC CCS) (seawater)
base load generation,coal,coal_base_IGCC_CCS,2085,OM-var,5.06,coal (IGCC CCS) (recirculating)
base load generation,coal,coal_base_IGCC_CCS,2085,OM-var,5.06,coal (IGCC CCS) (dry cooling)
base load generation,gas,gas_base_CC,2085,OM-var,0.41,gas (CC) (once through)
base load generation,gas,gas_base_CC,2085,OM-var,0.41,gas (CC) (seawater)
base load generation,gas,gas_base_CC,2085,OM-var,0.41,gas (CC) (recirculating)
base load generation,gas,gas_base_CC,2085,OM-var,0.41,gas (CC) (cooling pond)
base load generation,gas,gas_base_CC,2085,OM-var,0.41,gas (CC) (dry cooling)
base load generation,gas,gas_base_CC_CCS,2085,OM-var,0.83,gas (CC CCS) (once through)
base load generation,gas,gas_base_CC_CCS,2085,OM-var,0.83,gas (CC CCS) (seawater)
base load generation,gas,gas_base_CC_CCS,2085,OM-var,0.83,gas (CC CCS) (recirculating)
base load generation,gas,gas_base_CC_CCS,2085,OM-var,0.83,gas (CC CCS) (dry cooling)
base load generation,geothermal,geo_base,2085,OM-var,0,geothermal (recirculating)
base load generation,geothermal,geo_base,2085,OM-var,0,geothermal (dry_hybrid)
base load generation,nuclear,nuc_base_Gen II,2085,OM-var,0.66,Gen_II_LWR (once through)
base load generation,nuclear,nuc_base_Gen II,2085,OM-var,0.66,Gen_II_LWR (seawater)
base load generation,nuclear,nuc_base_Gen II,2085,OM-var,0.66,Gen_II_LWR (recirculating)
base load generation,nuclear,nuc_base_Gen II,2085,OM-var,0.66,Gen_II_LWR (cooling pond)
base load generation,nuclear,nuc_base_large reactor,2085,OM-var,0.64,large reactor (once through)
base load generation,nuclear,nuc_base_large reactor,2085,OM-var,0.64,large reactor (seawater)
base load generation,nuclear,nuc_base_large reactor,2085,OM-var,0.64,large reactor (recirculating)
base load generation,nuclear,nuc_base_large reactor,2085,OM-var,0.64,large reactor (cooling pond)
base load generation,nuclear,nuc_base_SMR,2085,OM-var,0.59,SMR (once through)
base load generation,nuclear,nuc_base_SMR,2085,OM-var,0.59,SMR (seawater)
base load generation,nuclear,nuc_base_SMR,2085,OM-var,0.59,SMR (recirculating)
base load generation,nuclear,nuc_base_SMR,2085,OM-var,0.59,SMR (cooling pond)
base load generation,refined liquids,refined liquids_base_steam/CT,2085,OM-var,1.58,refined liquids (steam/CT) (once through)
base load generation,refined liquids,refined liquids_base_steam/CT,2085,OM-var,1.58,refined liquids (steam/CT) (seawater)
base load generation,refined liquids,refined liquids_base_steam/CT,2085,OM-var,1.58,refined liquids (steam/CT) (recirculating)
base load generation,refined liquids,refined liquids_base_steam/CT,2085,OM-var,1.58,refined liquids (steam/CT) (cooling pond)
base load generation,refined liquids,refined liquids_base_steam/CT,2085,OM-var,1.58,refined liquids (steam/CT) (dry cooling)
base load generation,refined liquids,refined liquids_base_CC,2085,OM-var,0.41,refined liquids (CC) (once through)
base load generation,refined liquids,refined liquids_base_CC,2085,OM-var,0.41,refined liquids (CC) (seawater)
base load generation,refined liquids,refined liquids_base_CC,2085,OM-var,0.41,refined liquids (CC) (recirculating)
base load generation,refined liquids,refined liquids_base_CC,2085,OM-var,0.41,refined liquids (CC) (dry cooling)
base load generation,refined liquids,refined liquids_base_CC_CCS,2085,OM-var,0.83,refined liquids (CC CCS) (once through)
base load generation,refined liquids,refined liquids_base_CC_CCS,2085,OM-var,0.83,refined liquids (CC CCS) (seawater)
base load generation,refined liquids,refined liquids_base_CC_CCS,2085,OM-var,0.83,refined liquids (CC CCS) (recirculating)
base load generation,refined liquids,refined liquids_base_CC_CCS,2085,OM-var,0.83,refined liquids (CC CCS) (dry cooling)
base load generation,solar,PV_base_storage,2085,OM-var,0,PV_base_storage
base load generation,solar,CSP_base_storage,2085,OM-var,0.68,CSP_base_storage
base load generation,wind,wind_base_storage,2085,OM-var,0,wind_base_storage
base load generation,coal,coal_base_conv pul 1951-1955,2085,OM-var,1.9,coal (conv pul) (once through)
base load generation,coal,coal_base_conv pul 1951-1955,2085,OM-var,1.9,coal (conv pul) (seawater)
base load generation,coal,coal_base_conv pul 1951-1955,2085,OM-var,1.9,coal (conv pul) (recirculating)
base load generation,coal,coal_base_conv pul 1951-1955,2085,OM-var,1.9,coal (conv pul) (cooling pond)
base load generation,coal,coal_base_conv pul 1951-1955,2085,OM-var,1.9,coal (conv pul) (dry cooling)
base load generation,coal,coal_base_conv pul 1956-1960,2085,OM-var,1.9,coal (conv pul) (once through)
base load generation,coal,coal_base_conv pul 1956-1960,2085,OM-var,1.9,coal (conv pul) (seawater)
base load generation,coal,coal_base_conv pul 1956-1960,2085,OM-var,1.9,coal (conv pul) (recirculating)
base load generation,coal,coal_base_conv pul 1956-1960,2085,OM-var,1.9,coal (conv pul) (cooling pond)
base load generation,coal,coal_base_conv pul 1956-1960,2085,OM-var,1.9,coal (conv pul) (dry cooling)
base load generation,coal,coal_base_conv pul 1961-1965,2085,OM-var,1.9,coal (conv pul) (once through)
base load generation,coal,coal_base_conv pul 1961-1965,2085,OM-var,1.9,coal (conv pul) (seawater)
base load generation,coal,coal_base_conv pul 1961-1965,2085,OM-var,1.9,coal (conv pul) (recirculating)
base load generation,coal,coal_base_conv pul 1961-1965,2085,OM-var,1.9,coal (conv pul) (cooling pond)
base load generation,coal,coal_base_conv pul 1961-1965,2085,OM-var,1.9,coal (conv pul) (dry cooling)
base load generation,coal,coal_base_conv pul 1966-1970,2085,OM-var,1.9,coal (conv pul) (once through)
base load generation,coal,coal_base_conv pul 1966-1970,2085,OM-var,1.9,coal (conv pul) (seawater)
base load generation,coal,coal_base_conv pul 1966-1970,2085,OM-var,1.9,coal (conv pul) (recirculating)
base load generation,coal,coal_base_conv pul 1966-1970,2085,OM-var,1.9,coal (conv pul) (cooling pond)
base load generation,coal,coal_base_conv pul 1966-1970,2085,OM-var,1.9,coal (conv pul) (dry cooling)
base load generation,coal,coal_base_conv pul 1971-1975,2085,OM-var,1.9,coal (conv pul) (once through)
base load generation,coal,coal_base_conv pul 1971-1975,2085,OM-var,1.9,coal (conv pul) (seawater)
base load generation,coal,coal_base_conv pul 1971-1975,2085,OM-var,1.9,coal (conv pul) (recirculating)
base load generation,coal,coal_base_conv pul 1971-1975,2085,OM-var,1.9,coal (conv pul) (cooling pond)
base load generation,coal,coal_base_conv pul 1971-1975,2085,OM-var,1.9,coal (conv pul) (dry cooling)
base load generation,coal,coal_base_conv pul 1976-1980,2085,OM-var,1.9,coal (conv pul) (once through)
base load generation,coal,coal_base_conv pul 1976-1980,2085,OM-var,1.9,coal (conv pul) (seawater)
base load generation,coal,coal_base_conv pul 1976-1980,2085,OM-var,1.9,coal (conv pul) (recirculating)
base load generation,coal,coal_base_conv pul 1976-1980,2085,OM-var,1.9,coal (conv pul) (cooling pond)
base load generation,coal,coal_base_conv pul 1976-1980,2085,OM-var,1.9,coal (conv pul) (dry cooling)
base load generation,coal,coal_base_conv pul 1981-1985,2085,OM-var,1.9,coal (conv pul) (once through)
base load generation,coal,coal_base_conv pul 1981-1985,2085,OM-var,1.9,coal (conv pul) (seawater)
base load generation,coal,coal_base_conv pul 1981-1985,2085,OM-var,1.9,coal (conv pul) (recirculating)
base load generation,coal,coal_base_conv pul 1981-1985,2085,OM-var,1.9,coal (conv pul) (cooling pond)
base load generation,coal,coal_base_conv pul 1981-1985,2085,OM-var,1.9,coal (conv pul) (dry cooling)
base load generation,coal,coal_base_conv pul 1986-1990,2085,OM-var,1.9,coal (conv pul) (once through)
base load generation,coal,coal_base_conv pul 1986-1990,2085,OM-var,1.9,coal (conv pul) (seawater)
base load generation,coal,coal_base_conv pul 1986-1990,2085,OM-var,1.9,coal (conv pul) (recirculating)
base load generation,coal,coal_base_conv pul 1986-1990,2085,OM-var,1.9,coal (conv pul) (cooling pond)
base load generation,coal,coal_base_conv pul 1986-1990,2085,OM-var,1.9,coal (conv pul) (dry cooling)
base load generation,coal,coal_base_conv pul 1991-1995,2085,OM-var,1.9,coal (conv pul) (once through)
base load generation,coal,coal_base_conv pul 1991-1995,2085,OM-var,1.9,coal (conv pul) (seawater)
base load generation,coal,coal_base_conv pul 1991-1995,2085,OM-var,1.9,coal (conv pul) (recirculating)
base load generation,coal,coal_base_conv pul 1991-1995,2085,OM-var,1.9,coal (conv pul) (cooling pond)
base load generation,coal,coal_base_conv pul 1991-1995,2085,OM-var,1.9,coal (conv pul) (dry cooling)
base load generation,coal,coal_base_conv pul 1996-2000,2085,OM-var,1.9,coal (conv pul) (once through)
base load generation,coal,coal_base_conv pul 1996-2000,2085,OM-var,1.9,coal (conv pul) (seawater)
base load generation,coal,coal_base_conv pul 1996-2000,2085,OM-var,1.9,coal (conv pul) (recirculating)
base load generation,coal,coal_base_conv pul 1996-2000,2085,OM-var,1.9,coal (conv pul) (cooling pond)
base load generation,coal,coal_base_conv pul 1996-2000,2085,OM-var,1.9,coal (conv pul) (dry cooling)
base load generation,coal,coal_base_conv pul 2001-2005,2085,OM-var,1.9,coal (conv pul) (once through)
base load generation,coal,coal_base_conv pul 2001-2005,2085,OM-var,1.9,coal (conv pul) (seawater)
base load generation,coal,coal_base_conv pul 2001-2005,2085,OM-var,1.9,coal (conv pul) (recirculating)
base load generation,coal,coal_base_conv pul 2001-2005,2085,OM-var,1.9,coal (conv pul) (cooling pond)
base load generation,coal,coal_base_conv pul 2001-2005,2085,OM-var,1.9,coal (conv pul) (dry cooling)
base load generation,coal,coal_base_conv pul 2006-2010,2085,OM-var,1.9,coal (conv pul) (once through)
base load generation,coal,coal_base_conv pul 2006-2010,2085,OM-var,1.9,coal (conv pul) (seawater)
base load generation,coal,coal_base_conv pul 2006-2010,2085,OM-var,1.9,coal (conv pul) (recirculating)
base load generation,coal,coal_base_conv pul 2006-2010,2085,OM-var,1.9,coal (conv pul) (cooling pond)
base load generation,coal,coal_base_conv pul 2006-2010,2085,OM-var,1.9,coal (conv pul) (dry cooling)
base load generation,coal,coal_base_conv pul 2011-2015,2085,OM-var,1.9,coal (conv pul) (once through)
base load generation,coal,coal_base_conv pul 2011-2015,2085,OM-var,1.9,coal (conv pul) (seawater)
base load generation,coal,coal_base_conv pul 2011-2015,2085,OM-var,1.9,coal (conv pul) (recirculating)
base load generation,coal,coal_base_conv pul 2011-2015,2085,OM-var,1.9,coal (conv pul) (cooling pond)
base load generation,coal,coal_base_conv pul 2011-2015,2085,OM-var,1.9,coal (conv pul) (dry cooling)
base load generation,coal,coal_base_conv pul 2016-2021,2085,OM-var,1.9,coal (conv pul) (once through)
base load generation,coal,coal_base_conv pul 2016-2021,2085,OM-var,1.9,coal (conv pul) (seawater)
base load generation,coal,coal_base_conv pul 2016-2021,2085,OM-var,1.9,coal (conv pul) (recirculating)
base load generation,coal,coal_base_conv pul 2016-2021,2085,OM-var,1.9,coal (conv pul) (cooling pond)
base load generation,coal,coal_base_conv pul 2016-2021,2085,OM-var,1.9,coal (conv pul) (dry cooling)
base load generation,coal,coal_base_conv pul before 1950,2085,OM-var,1.9,coal (conv pul) (once through)
base load generation,coal,coal_base_conv pul before 1950,2085,OM-var,1.9,coal (conv pul) (seawater)
base load generation,coal,coal_base_conv pul before 1950,2085,OM-var,1.9,coal (conv pul) (recirculating)
base load generation,coal,coal_base_conv pul before 1950,2085,OM-var,1.9,coal (conv pul) (cooling pond)
base load generation,coal,coal_base_conv pul before 1950,2085,OM-var,1.9,coal (conv pul) (dry cooling)
base load generation,coal,coal_base_conv pul_retire_2023,2085,OM-var,1.9,coal (conv pul) (once through)
base load generation,coal,coal_base_conv pul_retire_2023,2085,OM-var,1.9,coal (conv pul) (seawater)
base load generation,coal,coal_base_conv pul_retire_2023,2085,OM-var,1.9,coal (conv pul) (recirculating)
base load generation,coal,coal_base_conv pul_retire_2023,2085,OM-var,1.9,coal (conv pul) (cooling pond)
base load generation,coal,coal_base_conv pul_retire_2023,2085,OM-var,1.9,coal (conv pul) (dry cooling)
base load generation,biomass,biomass_base_conv,2090,OM-var,1.19,biomass (conv) (once through)
base load generation,biomass,biomass_base_conv,2090,OM-var,1.19,biomass (conv) (seawater)
base load generation,biomass,biomass_base_conv,2090,OM-var,1.19,biomass (conv) (recirculating)
base load generation,biomass,biomass_base_conv,2090,OM-var,1.19,biomass (conv) (cooling pond)
base load generation,biomass,biomass_base_conv,2090,OM-var,1.19,biomass (conv) (dry cooling)
base load generation,biomass,biomass_base_conv_CCS,2090,OM-var,3.24,biomass (conv CCS) (once through)
base load generation,biomass,biomass_base_conv_CCS,2090,OM-var,3.24,biomass (conv CCS) (seawater)
base load generation,biomass,biomass_base_conv_CCS,2090,OM-var,3.24,biomass (conv CCS) (recirculating)
base load generation,biomass,biomass_base_conv_CCS,2090,OM-var,3.24,biomass (conv CCS) (dry cooling)
base load generation,biomass,biomass_base_IGCC,2090,OM-var,2.68,biomass (IGCC) (once through)
base load generation,biomass,biomass_base_IGCC,2090,OM-var,2.68,biomass (IGCC) (seawater)
base load generation,biomass,biomass_base_IGCC,2090,OM-var,2.68,biomass (IGCC) (recirculating)
base load generation,biomass,biomass_base_IGCC,2090,OM-var,2.68,biomass (IGCC) (dry cooling)
base load generation,biomass,biomass_base_IGCC_CCS,2090,OM-var,5.23,biomass (IGCC CCS) (once through)
base load generation,biomass,biomass_base_IGCC_CCS,2090,OM-var,5.23,biomass (IGCC CCS) (seawater)
base load generation,biomass,biomass_base_IGCC_CCS,2090,OM-var,5.23,biomass (IGCC CCS) (recirculating)
base load generation,biomass,biomass_base_IGCC_CCS,2090,OM-var,5.23,biomass (IGCC CCS) (dry cooling)
base load generation,coal,coal_base_conv pul,2090,OM-var,1.89,coal (conv pul) (once through)
base load generation,coal,coal_base_conv pul,2090,OM-var,1.89,coal (conv pul) (seawater)
base load generation,coal,coal_base_conv pul,2090,OM-var,1.89,coal (conv pul) (recirculating)
base load generation,coal,coal_base_conv pul,2090,OM-var,1.89,coal (conv pul) (cooling pond)
base load generation,coal,coal_base_conv pul,2090,OM-var,1.89,coal (conv pul) (dry cooling)
base load generation,coal,coal_base_conv pul_CCS,2090,OM-var,3.04,coal (conv pul CCS) (once through)
base load generation,coal,coal_base_conv pul_CCS,2090,OM-var,3.04,coal (conv pul CCS) (seawater)
base load generation,coal,coal_base_conv pul_CCS,2090,OM-var,3.04,coal (conv pul CCS) (recirculating)
base load generation,coal,coal_base_conv pul_CCS,2090,OM-var,3.04,coal (conv pul CCS) (dry cooling)
base load generation,coal,coal_base_IGCC,2090,OM-var,3.38,coal (IGCC) (once through)
base load generation,coal,coal_base_IGCC,2090,OM-var,3.38,coal (IGCC) (seawater)
base load generation,coal,coal_base_IGCC,2090,OM-var,3.38,coal (IGCC) (recirculating)
base load generation,coal,coal_base_IGCC,2090,OM-var,3.38,coal (IGCC) (dry cooling)
base load generation,coal,coal_base_IGCC_CCS,2090,OM-var,5.03,coal (IGCC CCS) (once through)
base load generation,coal,coal_base_IGCC_CCS,2090,OM-var,5.03,coal (IGCC CCS) (seawater)
base load generation,coal,coal_base_IGCC_CCS,2090,OM-var,5.03,coal (IGCC CCS) (recirculating)
base load generation,coal,coal_base_IGCC_CCS,2090,OM-var,5.03,coal (IGCC CCS) (dry cooling)
base load generation,gas,gas_base_CC,2090,OM-var,0.41,gas (CC) (once through)
base load generation,gas,gas_base_CC,2090,OM-var,0.41,gas (CC) (seawater)
base load generation,gas,gas_base_CC,2090,OM-var,0.41,gas (CC) (recirculating)
base load generation,gas,gas_base_CC,2090,OM-var,0.41,gas (CC) (cooling pond)
base load generation,gas,gas_base_CC,2090,OM-var,0.41,gas (CC) (dry cooling)
base load generation,gas,gas_base_CC_CCS,2090,OM-var,0.83,gas (CC CCS) (once through)
base load generation,gas,gas_base_CC_CCS,2090,OM-var,0.83,gas (CC CCS) (seawater)
base load generation,gas,gas_base_CC_CCS,2090,OM-var,0.83,gas (CC CCS) (recirculating)
base load generation,gas,gas_base_CC_CCS,2090,OM-var,0.83,gas (CC CCS) (dry cooling)
base load generation,geothermal,geo_base,2090,OM-var,0,geothermal (recirculating)
base load generation,geothermal,geo_base,2090,OM-var,0,geothermal (dry_hybrid)
base load generation,nuclear,nuc_base_Gen II,2090,OM-var,0.66,Gen_II_LWR (once through)
base load generation,nuclear,nuc_base_Gen II,2090,OM-var,0.66,Gen_II_LWR (seawater)
base load generation,nuclear,nuc_base_Gen II,2090,OM-var,0.66,Gen_II_LWR (recirculating)
base load generation,nuclear,nuc_base_Gen II,2090,OM-var,0.66,Gen_II_LWR (cooling pond)
base load generation,nuclear,nuc_base_large reactor,2090,OM-var,0.63,large reactor (once through)
base load generation,nuclear,nuc_base_large reactor,2090,OM-var,0.63,large reactor (seawater)
base load generation,nuclear,nuc_base_large reactor,2090,OM-var,0.63,large reactor (recirculating)
base load generation,nuclear,nuc_base_large reactor,2090,OM-var,0.63,large reactor (cooling pond)
base load generation,nuclear,nuc_base_SMR,2090,OM-var,0.59,SMR (once through)
base load generation,nuclear,nuc_base_SMR,2090,OM-var,0.59,SMR (seawater)
base load generation,nuclear,nuc_base_SMR,2090,OM-var,0.59,SMR (recirculating)
base load generation,nuclear,nuc_base_SMR,2090,OM-var,0.59,SMR (cooling pond)
base load generation,refined liquids,refined liquids_base_steam/CT,2090,OM-var,1.57,refined liquids (steam/CT) (once through)
base load generation,refined liquids,refined liquids_base_steam/CT,2090,OM-var,1.57,refined liquids (steam/CT) (seawater)
base load generation,refined liquids,refined liquids_base_steam/CT,2090,OM-var,1.57,refined liquids (steam/CT) (recirculating)
base load generation,refined liquids,refined liquids_base_steam/CT,2090,OM-var,1.57,refined liquids (steam/CT) (cooling pond)
base load generation,refined liquids,refined liquids_base_steam/CT,2090,OM-var,1.57,refined liquids (steam/CT) (dry cooling)
base load generation,refined liquids,refined liquids_base_CC,2090,OM-var,0.41,refined liquids (CC) (once through)
base load generation,refined liquids,refined liquids_base_CC,2090,OM-var,0.41,refined liquids (CC) (seawater)
base load generation,refined liquids,refined liquids_base_CC,2090,OM-var,0.41,refined liquids (CC) (recirculating)
base load generation,refined liquids,refined liquids_base_CC,2090,OM-var,0.41,refined liquids (CC) (dry cooling)
base load generation,refined liquids,refined liquids_base_CC_CCS,2090,OM-var,0.83,refined liquids (CC CCS) (once through)
base load generation,refined liquids,refined liquids_base_CC_CCS,2090,OM-var,0.83,refined liquids (CC CCS) (seawater)
base load generation,refined liquids,refined liquids_base_CC_CCS,2090,OM-var,0.83,refined liquids (CC CCS) (recirculating)
base load generation,refined liquids,refined liquids_base_CC_CCS,2090,OM-var,0.83,refined liquids (CC CCS) (dry cooling)
base load generation,solar,PV_base_storage,2090,OM-var,0,PV_base_storage
base load generation,solar,CSP_base_storage,2090,OM-var,0.68,CSP_base_storage
base load generation,wind,wind_base_storage,2090,OM-var,0,wind_base_storage
base load generation,coal,coal_base_conv pul 1951-1955,2090,OM-var,1.89,coal (conv pul) (once through)
base load generation,coal,coal_base_conv pul 1951-1955,2090,OM-var,1.89,coal (conv pul) (seawater)
base load generation,coal,coal_base_conv pul 1951-1955,2090,OM-var,1.89,coal (conv pul) (recirculating)
base load generation,coal,coal_base_conv pul 1951-1955,2090,OM-var,1.89,coal (conv pul) (cooling pond)
base load generation,coal,coal_base_conv pul 1951-1955,2090,OM-var,1.89,coal (conv pul) (dry cooling)
base load generation,coal,coal_base_conv pul 1956-1960,2090,OM-var,1.89,coal (conv pul) (once through)
base load generation,coal,coal_base_conv pul 1956-1960,2090,OM-var,1.89,coal (conv pul) (seawater)
base load generation,coal,coal_base_conv pul 1956-1960,2090,OM-var,1.89,coal (conv pul) (recirculating)
base load generation,coal,coal_base_conv pul 1956-1960,2090,OM-var,1.89,coal (conv pul) (cooling pond)
base load generation,coal,coal_base_conv pul 1956-1960,2090,OM-var,1.89,coal (conv pul) (dry cooling)
base load generation,coal,coal_base_conv pul 1961-1965,2090,OM-var,1.89,coal (conv pul) (once through)
base load generation,coal,coal_base_conv pul 1961-1965,2090,OM-var,1.89,coal (conv pul) (seawater)
base load generation,coal,coal_base_conv pul 1961-1965,2090,OM-var,1.89,coal (conv pul) (recirculating)
base load generation,coal,coal_base_conv pul 1961-1965,2090,OM-var,1.89,coal (conv pul) (cooling pond)
base load generation,coal,coal_base_conv pul 1961-1965,2090,OM-var,1.89,coal (conv pul) (dry cooling)
base load generation,coal,coal_base_conv pul 1966-1970,2090,OM-var,1.89,coal (conv pul) (once through)
base load generation,coal,coal_base_conv pul 1966-1970,2090,OM-var,1.89,coal (conv pul) (seawater)
base load generation,coal,coal_base_conv pul 1966-1970,2090,OM-var,1.89,coal (conv pul) (recirculating)
base load generation,coal,coal_base_conv pul 1966-1970,2090,OM-var,1.89,coal (conv pul) (cooling pond)
base load generation,coal,coal_base_conv pul 1966-1970,2090,OM-var,1.89,coal (conv pul) (dry cooling)
base load generation,coal,coal_base_conv pul 1971-1975,2090,OM-var,1.89,coal (conv pul) (once through)
base load generation,coal,coal_base_conv pul 1971-1975,2090,OM-var,1.89,coal (conv pul) (seawater)
base load generation,coal,coal_base_conv pul 1971-1975,2090,OM-var,1.89,coal (conv pul) (recirculating)
base load generation,coal,coal_base_conv pul 1971-1975,2090,OM-var,1.89,coal (conv pul) (cooling pond)
base load generation,coal,coal_base_conv pul 1971-1975,2090,OM-var,1.89,coal (conv pul) (dry cooling)
base load generation,coal,coal_base_conv pul 1976-1980,2090,OM-var,1.89,coal (conv pul) (once through)
base load generation,coal,coal_base_conv pul 1976-1980,2090,OM-var,1.89,coal (conv pul) (seawater)
base load generation,coal,coal_base_conv pul 1976-1980,2090,OM-var,1.89,coal (conv pul) (recirculating)
base load generation,coal,coal_base_conv pul 1976-1980,2090,OM-var,1.89,coal (conv pul) (cooling pond)
base load generation,coal,coal_base_conv pul 1976-1980,2090,OM-var,1.89,coal (conv pul) (dry cooling)
base load generation,coal,coal_base_conv pul 1981-1985,2090,OM-var,1.89,coal (conv pul) (once through)
base load generation,coal,coal_base_conv pul 1981-1985,2090,OM-var,1.89,coal (conv pul) (seawater)
base load generation,coal,coal_base_conv pul 1981-1985,2090,OM-var,1.89,coal (conv pul) (recirculating)
base load generation,coal,coal_base_conv pul 1981-1985,2090,OM-var,1.89,coal (conv pul) (cooling pond)
base load generation,coal,coal_base_conv pul 1981-1985,2090,OM-var,1.89,coal (conv pul) (dry cooling)
base load generation,coal,coal_base_conv pul 1986-1990,2090,OM-var,1.89,coal (conv pul) (once through)
base load generation,coal,coal_base_conv pul 1986-1990,2090,OM-var,1.89,coal (conv pul) (seawater)
base load generation,coal,coal_base_conv pul 1986-1990,2090,OM-var,1.89,coal (conv pul) (recirculating)
base load generation,coal,coal_base_conv pul 1986-1990,2090,OM-var,1.89,coal (conv pul) (cooling pond)
base load generation,coal,coal_base_conv pul 1986-1990,2090,OM-var,1.89,coal (conv pul) (dry cooling)
base load generation,coal,coal_base_conv pul 1991-1995,2090,OM-var,1.89,coal (conv pul) (once through)
base load generation,coal,coal_base_conv pul 1991-1995,2090,OM-var,1.89,coal (conv pul) (seawater)
base load generation,coal,coal_base_conv pul 1991-1995,2090,OM-var,1.89,coal (conv pul) (recirculating)
base load generation,coal,coal_base_conv pul 1991-1995,2090,OM-var,1.89,coal (conv pul) (cooling pond)
base load generation,coal,coal_base_conv pul 1991-1995,2090,OM-var,1.89,coal (conv pul) (dry cooling)
base load generation,coal,coal_base_conv pul 1996-2000,2090,OM-var,1.89,coal (conv pul) (once through)
base load generation,coal,coal_base_conv pul 1996-2000,2090,OM-var,1.89,coal (conv pul) (seawater)
base load generation,coal,coal_base_conv pul 1996-2000,2090,OM-var,1.89,coal (conv pul) (recirculating)
base load generation,coal,coal_base_conv pul 1996-2000,2090,OM-var,1.89,coal (conv pul) (cooling pond)
base load generation,coal,coal_base_conv pul 1996-2000,2090,OM-var,1.89,coal (conv pul) (dry cooling)
base load generation,coal,coal_base_conv pul 2001-2005,2090,OM-var,1.89,coal (conv pul) (once through)
base load generation,coal,coal_base_conv pul 2001-2005,2090,OM-var,1.89,coal (conv pul) (seawater)
base load generation,coal,coal_base_conv pul 2001-2005,2090,OM-var,1.89,coal (conv pul) (recirculating)
base load generation,coal,coal_base_conv pul 2001-2005,2090,OM-var,1.89,coal (conv pul) (cooling pond)
base load generation,coal,coal_base_conv pul 2001-2005,2090,OM-var,1.89,coal (conv pul) (dry cooling)
base load generation,coal,coal_base_conv pul 2006-2010,2090,OM-var,1.89,coal (conv pul) (once through)
base load generation,coal,coal_base_conv pul 2006-2010,2090,OM-var,1.89,coal (conv pul) (seawater)
base load generation,coal,coal_base_conv pul 2006-2010,2090,OM-var,1.89,coal (conv pul) (recirculating)
base load generation,coal,coal_base_conv pul 2006-2010,2090,OM-var,1.89,coal (conv pul) (cooling pond)
base load generation,coal,coal_base_conv pul 2006-2010,2090,OM-var,1.89,coal (conv pul) (dry cooling)
base load generation,coal,coal_base_conv pul 2011-2015,2090,OM-var,1.89,coal (conv pul) (once through)
base load generation,coal,coal_base_conv pul 2011-2015,2090,OM-var,1.89,coal (conv pul) (seawater)
base load generation,coal,coal_base_conv pul 2011-2015,2090,OM-var,1.89,coal (conv pul) (recirculating)
base load generation,coal,coal_base_conv pul 2011-2015,2090,OM-var,1.89,coal (conv pul) (cooling pond)
base load generation,coal,coal_base_conv pul 2011-2015,2090,OM-var,1.89,coal (conv pul) (dry cooling)
base load generation,coal,coal_base_conv pul 2016-2021,2090,OM-var,1.89,coal (conv pul) (once through)
base load generation,coal,coal_base_conv pul 2016-2021,2090,OM-var,1.89,coal (conv pul) (seawater)
base load generation,coal,coal_base_conv pul 2016-2021,2090,OM-var,1.89,coal (conv pul) (recirculating)
base load generation,coal,coal_base_conv pul 2016-2021,2090,OM-var,1.89,coal (conv pul) (cooling pond)
base load generation,coal,coal_base_conv pul 2016-2021,2090,OM-var,1.89,coal (conv pul) (dry cooling)
base load generation,coal,coal_base_conv pul before 1950,2090,OM-var,1.89,coal (conv pul) (once through)
base load generation,coal,coal_base_conv pul before 1950,2090,OM-var,1.89,coal (conv pul) (seawater)
base load generation,coal,coal_base_conv pul before 1950,2090,OM-var,1.89,coal (conv pul) (recirculating)
base load generation,coal,coal_base_conv pul before 1950,2090,OM-var,1.89,coal (conv pul) (cooling pond)
base load generation,coal,coal_base_conv pul before 1950,2090,OM-var,1.89,coal (conv pul) (dry cooling)
base load generation,coal,coal_base_conv pul_retire_2023,2090,OM-var,1.89,coal (conv pul) (once through)
base load generation,coal,coal_base_conv pul_retire_2023,2090,OM-var,1.89,coal (conv pul) (seawater)
base load generation,coal,coal_base_conv pul_retire_2023,2090,OM-var,1.89,coal (conv pul) (recirculating)
base load generation,coal,coal_base_conv pul_retire_2023,2090,OM-var,1.89,coal (conv pul) (cooling pond)
base load generation,coal,coal_base_conv pul_retire_2023,2090,OM-var,1.89,coal (conv pul) (dry cooling)
base load generation,biomass,biomass_base_conv,2095,OM-var,1.18,biomass (conv) (once through)
base load generation,biomass,biomass_base_conv,2095,OM-var,1.18,biomass (conv) (seawater)
base load generation,biomass,biomass_base_conv,2095,OM-var,1.18,biomass (conv) (recirculating)
base load generation,biomass,biomass_base_conv,2095,OM-var,1.18,biomass (conv) (cooling pond)
base load generation,biomass,biomass_base_conv,2095,OM-var,1.18,biomass (conv) (dry cooling)
base load generation,biomass,biomass_base_conv_CCS,2095,OM-var,3.22,biomass (conv CCS) (once through)
base load generation,biomass,biomass_base_conv_CCS,2095,OM-var,3.22,biomass (conv CCS) (seawater)
base load generation,biomass,biomass_base_conv_CCS,2095,OM-var,3.22,biomass (conv CCS) (recirculating)
base load generation,biomass,biomass_base_conv_CCS,2095,OM-var,3.22,biomass (conv CCS) (dry cooling)
base load generation,biomass,biomass_base_IGCC,2095,OM-var,2.67,biomass (IGCC) (once through)
base load generation,biomass,biomass_base_IGCC,2095,OM-var,2.67,biomass (IGCC) (seawater)
base load generation,biomass,biomass_base_IGCC,2095,OM-var,2.67,biomass (IGCC) (recirculating)
base load generation,biomass,biomass_base_IGCC,2095,OM-var,2.67,biomass (IGCC) (dry cooling)
base load generation,biomass,biomass_base_IGCC_CCS,2095,OM-var,5.2,biomass (IGCC CCS) (once through)
base load generation,biomass,biomass_base_IGCC_CCS,2095,OM-var,5.2,biomass (IGCC CCS) (seawater)
base load generation,biomass,biomass_base_IGCC_CCS,2095,OM-var,5.2,biomass (IGCC CCS) (recirculating)
base load generation,biomass,biomass_base_IGCC_CCS,2095,OM-var,5.2,biomass (IGCC CCS) (dry cooling)
base load generation,coal,coal_base_conv pul,2095,OM-var,1.88,coal (conv pul) (once through)
base load generation,coal,coal_base_conv pul,2095,OM-var,1.88,coal (conv pul) (seawater)
base load generation,coal,coal_base_conv pul,2095,OM-var,1.88,coal (conv pul) (recirculating)
base load generation,coal,coal_base_conv pul,2095,OM-var,1.88,coal (conv pul) (cooling pond)
base load generation,coal,coal_base_conv pul,2095,OM-var,1.88,coal (conv pul) (dry cooling)
base load generation,coal,coal_base_conv pul_CCS,2095,OM-var,3.03,coal (conv pul CCS) (once through)
base load generation,coal,coal_base_conv pul_CCS,2095,OM-var,3.03,coal (conv pul CCS) (seawater)
base load generation,coal,coal_base_conv pul_CCS,2095,OM-var,3.03,coal (conv pul CCS) (recirculating)
base load generation,coal,coal_base_conv pul_CCS,2095,OM-var,3.03,coal (conv pul CCS) (dry cooling)
base load generation,coal,coal_base_IGCC,2095,OM-var,3.36,coal (IGCC) (once through)
base load generation,coal,coal_base_IGCC,2095,OM-var,3.36,coal (IGCC) (seawater)
base load generation,coal,coal_base_IGCC,2095,OM-var,3.36,coal (IGCC) (recirculating)
base load generation,coal,coal_base_IGCC,2095,OM-var,3.36,coal (IGCC) (dry cooling)
base load generation,coal,coal_base_IGCC_CCS,2095,OM-var,5.01,coal (IGCC CCS) (once through)
base load generation,coal,coal_base_IGCC_CCS,2095,OM-var,5.01,coal (IGCC CCS) (seawater)
base load generation,coal,coal_base_IGCC_CCS,2095,OM-var,5.01,coal (IGCC CCS) (recirculating)
base load generation,coal,coal_base_IGCC_CCS,2095,OM-var,5.01,coal (IGCC CCS) (dry cooling)
base load generation,gas,gas_base_CC,2095,OM-var,0.4,gas (CC) (once through)
base load generation,gas,gas_base_CC,2095,OM-var,0.4,gas (CC) (seawater)
base load generation,gas,gas_base_CC,2095,OM-var,0.4,gas (CC) (recirculating)
base load generation,gas,gas_base_CC,2095,OM-var,0.4,gas (CC) (cooling pond)
base load generation,gas,gas_base_CC,2095,OM-var,0.4,gas (CC) (dry cooling)
base load generation,gas,gas_base_CC_CCS,2095,OM-var,0.82,gas (CC CCS) (once through)
base load generation,gas,gas_base_CC_CCS,2095,OM-var,0.82,gas (CC CCS) (seawater)
base load generation,gas,gas_base_CC_CCS,2095,OM-var,0.82,gas (CC CCS) (recirculating)
base load generation,gas,gas_base_CC_CCS,2095,OM-var,0.82,gas (CC CCS) (dry cooling)
base load generation,geothermal,geo_base,2095,OM-var,0,geothermal (recirculating)
base load generation,geothermal,geo_base,2095,OM-var,0,geothermal (dry_hybrid)
base load generation,nuclear,nuc_base_Gen II,2095,OM-var,0.66,Gen_II_LWR (once through)
base load generation,nuclear,nuc_base_Gen II,2095,OM-var,0.66,Gen_II_LWR (seawater)
base load generation,nuclear,nuc_base_Gen II,2095,OM-var,0.66,Gen_II_LWR (recirculating)
base load generation,nuclear,nuc_base_Gen II,2095,OM-var,0.66,Gen_II_LWR (cooling pond)
base load generation,nuclear,nuc_base_large reactor,2095,OM-var,0.63,large reactor (once through)
base load generation,nuclear,nuc_base_large reactor,2095,OM-var,0.63,large reactor (seawater)
base load generation,nuclear,nuc_base_large reactor,2095,OM-var,0.63,large reactor (recirculating)
base load generation,nuclear,nuc_base_large reactor,2095,OM-var,0.63,large reactor (cooling pond)
base load generation,nuclear,nuc_base_SMR,2095,OM-var,0.59,SMR (once through)
base load generation,nuclear,nuc_base_SMR,2095,OM-var,0.59,SMR (seawater)
base load generation,nuclear,nuc_base_SMR,2095,OM-var,0.59,SMR (recirculating)
base load generation,nuclear,nuc_base_SMR,2095,OM-var,0.59,SMR (cooling pond)
base load generation,refined liquids,refined liquids_base_steam/CT,2095,OM-var,1.56,refined liquids (steam/CT) (once through)
base load generation,refined liquids,refined liquids_base_steam/CT,2095,OM-var,1.56,refined liquids (steam/CT) (seawater)
base load generation,refined liquids,refined liquids_base_steam/CT,2095,OM-var,1.56,refined liquids (steam/CT) (recirculating)
base load generation,refined liquids,refined liquids_base_steam/CT,2095,OM-var,1.56,refined liquids (steam/CT) (cooling pond)
base load generation,refined liquids,refined liquids_base_steam/CT,2095,OM-var,1.56,refined liquids (steam/CT) (dry cooling)
base load generation,refined liquids,refined liquids_base_CC,2095,OM-var,0.4,refined liquids (CC) (once through)
base load generation,refined liquids,refined liquids_base_CC,2095,OM-var,0.4,refined liquids (CC) (seawater)
base load generation,refined liquids,refined liquids_base_CC,2095,OM-var,0.4,refined liquids (CC) (recirculating)
base load generation,refined liquids,refined liquids_base_CC,2095,OM-var,0.4,refined liquids (CC) (dry cooling)
base load generation,refined liquids,refined liquids_base_CC_CCS,2095,OM-var,0.82,refined liquids (CC CCS) (once through)
base load generation,refined liquids,refined liquids_base_CC_CCS,2095,OM-var,0.82,refined liquids (CC CCS) (seawater)
base load generation,refined liquids,refined liquids_base_CC_CCS,2095,OM-var,0.82,refined liquids (CC CCS) (recirculating)
base load generation,refined liquids,refined liquids_base_CC_CCS,2095,OM-var,0.82,refined liquids (CC CCS) (dry cooling)
base load generation,solar,PV_base_storage,2095,OM-var,0,PV_base_storage
base load generation,solar,CSP_base_storage,2095,OM-var,0.68,CSP_base_storage
base load generation,wind,wind_base_storage,2095,OM-var,0,wind_base_storage
base load generation,coal,coal_base_conv pul 1951-1955,2095,OM-var,1.88,coal (conv pul) (once through)
base load generation,coal,coal_base_conv pul 1951-1955,2095,OM-var,1.88,coal (conv pul) (seawater)
base load generation,coal,coal_base_conv pul 1951-1955,2095,OM-var,1.88,coal (conv pul) (recirculating)
base load generation,coal,coal_base_conv pul 1951-1955,2095,OM-var,1.88,coal (conv pul) (cooling pond)
base load generation,coal,coal_base_conv pul 1951-1955,2095,OM-var,1.88,coal (conv pul) (dry cooling)
base load generation,coal,coal_base_conv pul 1956-1960,2095,OM-var,1.88,coal (conv pul) (once through)
base load generation,coal,coal_base_conv pul 1956-1960,2095,OM-var,1.88,coal (conv pul) (seawater)
base load generation,coal,coal_base_conv pul 1956-1960,2095,OM-var,1.88,coal (conv pul) (recirculating)
base load generation,coal,coal_base_conv pul 1956-1960,2095,OM-var,1.88,coal (conv pul) (cooling pond)
base load generation,coal,coal_base_conv pul 1956-1960,2095,OM-var,1.88,coal (conv pul) (dry cooling)
base load generation,coal,coal_base_conv pul 1961-1965,2095,OM-var,1.88,coal (conv pul) (once through)
base load generation,coal,coal_base_conv pul 1961-1965,2095,OM-var,1.88,coal (conv pul) (seawater)
base load generation,coal,coal_base_conv pul 1961-1965,2095,OM-var,1.88,coal (conv pul) (recirculating)
base load generation,coal,coal_base_conv pul 1961-1965,2095,OM-var,1.88,coal (conv pul) (cooling pond)
base load generation,coal,coal_base_conv pul 1961-1965,2095,OM-var,1.88,coal (conv pul) (dry cooling)
base load generation,coal,coal_base_conv pul 1966-1970,2095,OM-var,1.88,coal (conv pul) (once through)
base load generation,coal,coal_base_conv pul 1966-1970,2095,OM-var,1.88,coal (conv pul) (seawater)
base load generation,coal,coal_base_conv pul 1966-1970,2095,OM-var,1.88,coal (conv pul) (recirculating)
base load generation,coal,coal_base_conv pul 1966-1970,2095,OM-var,1.88,coal (conv pul) (cooling pond)
base load generation,coal,coal_base_conv pul 1966-1970,2095,OM-var,1.88,coal (conv pul) (dry cooling)
base load generation,coal,coal_base_conv pul 1971-1975,2095,OM-var,1.88,coal (conv pul) (once through)
base load generation,coal,coal_base_conv pul 1971-1975,2095,OM-var,1.88,coal (conv pul) (seawater)
base load generation,coal,coal_base_conv pul 1971-1975,2095,OM-var,1.88,coal (conv pul) (recirculating)
base load generation,coal,coal_base_conv pul 1971-1975,2095,OM-var,1.88,coal (conv pul) (cooling pond)
base load generation,coal,coal_base_conv pul 1971-1975,2095,OM-var,1.88,coal (conv pul) (dry cooling)
base load generation,coal,coal_base_conv pul 1976-1980,2095,OM-var,1.88,coal (conv pul) (once through)
base load generation,coal,coal_base_conv pul 1976-1980,2095,OM-var,1.88,coal (conv pul) (seawater)
base load generation,coal,coal_base_conv pul 1976-1980,2095,OM-var,1.88,coal (conv pul) (recirculating)
base load generation,coal,coal_base_conv pul 1976-1980,2095,OM-var,1.88,coal (conv pul) (cooling pond)
base load generation,coal,coal_base_conv pul 1976-1980,2095,OM-var,1.88,coal (conv pul) (dry cooling)
base load generation,coal,coal_base_conv pul 1981-1985,2095,OM-var,1.88,coal (conv pul) (once through)
base load generation,coal,coal_base_conv pul 1981-1985,2095,OM-var,1.88,coal (conv pul) (seawater)
base load generation,coal,coal_base_conv pul 1981-1985,2095,OM-var,1.88,coal (conv pul) (recirculating)
base load generation,coal,coal_base_conv pul 1981-1985,2095,OM-var,1.88,coal (conv pul) (cooling pond)
base load generation,coal,coal_base_conv pul 1981-1985,2095,OM-var,1.88,coal (conv pul) (dry cooling)
base load generation,coal,coal_base_conv pul 1986-1990,2095,OM-var,1.88,coal (conv pul) (once through)
base load generation,coal,coal_base_conv pul 1986-1990,2095,OM-var,1.88,coal (conv pul) (seawater)
base load generation,coal,coal_base_conv pul 1986-1990,2095,OM-var,1.88,coal (conv pul) (recirculating)
base load generation,coal,coal_base_conv pul 1986-1990,2095,OM-var,1.88,coal (conv pul) (cooling pond)
base load generation,coal,coal_base_conv pul 1986-1990,2095,OM-var,1.88,coal (conv pul) (dry cooling)
base load generation,coal,coal_base_conv pul 1991-1995,2095,OM-var,1.88,coal (conv pul) (once through)
base load generation,coal,coal_base_conv pul 1991-1995,2095,OM-var,1.88,coal (conv pul) (seawater)
base load generation,coal,coal_base_conv pul 1991-1995,2095,OM-var,1.88,coal (conv pul) (recirculating)
base load generation,coal,coal_base_conv pul 1991-1995,2095,OM-var,1.88,coal (conv pul) (cooling pond)
base load generation,coal,coal_base_conv pul 1991-1995,2095,OM-var,1.88,coal (conv pul) (dry cooling)
base load generation,coal,coal_base_conv pul 1996-2000,2095,OM-var,1.88,coal (conv pul) (once through)
base load generation,coal,coal_base_conv pul 1996-2000,2095,OM-var,1.88,coal (conv pul) (seawater)
base load generation,coal,coal_base_conv pul 1996-2000,2095,OM-var,1.88,coal (conv pul) (recirculating)
base load generation,coal,coal_base_conv pul 1996-2000,2095,OM-var,1.88,coal (conv pul) (cooling pond)
base load generation,coal,coal_base_conv pul 1996-2000,2095,OM-var,1.88,coal (conv pul) (dry cooling)
base load generation,coal,coal_base_conv pul 2001-2005,2095,OM-var,1.88,coal (conv pul) (once through)
base load generation,coal,coal_base_conv pul 2001-2005,2095,OM-var,1.88,coal (conv pul) (seawater)
base load generation,coal,coal_base_conv pul 2001-2005,2095,OM-var,1.88,coal (conv pul) (recirculating)
base load generation,coal,coal_base_conv pul 2001-2005,2095,OM-var,1.88,coal (conv pul) (cooling pond)
base load generation,coal,coal_base_conv pul 2001-2005,2095,OM-var,1.88,coal (conv pul) (dry cooling)
base load generation,coal,coal_base_conv pul 2006-2010,2095,OM-var,1.88,coal (conv pul) (once through)
base load generation,coal,coal_base_conv pul 2006-2010,2095,OM-var,1.88,coal (conv pul) (seawater)
base load generation,coal,coal_base_conv pul 2006-2010,2095,OM-var,1.88,coal (conv pul) (recirculating)
base load generation,coal,coal_base_conv pul 2006-2010,2095,OM-var,1.88,coal (conv pul) (cooling pond)
base load generation,coal,coal_base_conv pul 2006-2010,2095,OM-var,1.88,coal (conv pul) (dry cooling)
base load generation,coal,coal_base_conv pul 2011-2015,2095,OM-var,1.88,coal (conv pul) (once through)
base load generation,coal,coal_base_conv pul 2011-2015,2095,OM-var,1.88,coal (conv pul) (seawater)
base load generation,coal,coal_base_conv pul 2011-2015,2095,OM-var,1.88,coal (conv pul) (recirculating)
base load generation,coal,coal_base_conv pul 2011-2015,2095,OM-var,1.88,coal (conv pul) (cooling pond)
base load generation,coal,coal_base_conv pul 2011-2015,2095,OM-var,1.88,coal (conv pul) (dry cooling)
base load generation,coal,coal_base_conv pul 2016-2021,2095,OM-var,1.88,coal (conv pul) (once through)
base load generation,coal,coal_base_conv pul 2016-2021,2095,OM-var,1.88,coal (conv pul) (seawater)
base load generation,coal,coal_base_conv pul 2016-2021,2095,OM-var,1.88,coal (conv pul) (recirculating)
base load generation,coal,coal_base_conv pul 2016-2021,2095,OM-var,1.88,coal (conv pul) (cooling pond)
base load generation,coal,coal_base_conv pul 2016-2021,2095,OM-var,1.88,coal (conv pul) (dry cooling)
base load generation,coal,coal_base_conv pul before 1950,2095,OM-var,1.88,coal (conv pul) (once through)
base load generation,coal,coal_base_conv pul before 1950,2095,OM-var,1.88,coal (conv pul) (seawater)
base load generation,coal,coal_base_conv pul before 1950,2095,OM-var,1.88,coal (conv pul) (recirculating)
base load generation,coal,coal_base_conv pul before 1950,2095,OM-var,1.88,coal (conv pul) (cooling pond)
base load generation,coal,coal_base_conv pul before 1950,2095,OM-var,1.88,coal (conv pul) (dry cooling)
base load generation,coal,coal_base_conv pul_retire_2023,2095,OM-var,1.88,coal (conv pul) (once through)
base load generation,coal,coal_base_conv pul_retire_2023,2095,OM-var,1.88,coal (conv pul) (seawater)
base load generation,coal,coal_base_conv pul_retire_2023,2095,OM-var,1.88,coal (conv pul) (recirculating)
base load generation,coal,coal_base_conv pul_retire_2023,2095,OM-var,1.88,coal (conv pul) (cooling pond)
base load generation,coal,coal_base_conv pul_retire_2023,2095,OM-var,1.88,coal (conv pul) (dry cooling)
base load generation,biomass,biomass_base_conv,2100,OM-var,1.18,biomass (conv) (once through)
base load generation,biomass,biomass_base_conv,2100,OM-var,1.18,biomass (conv) (seawater)
base load generation,biomass,biomass_base_conv,2100,OM-var,1.18,biomass (conv) (recirculating)
base load generation,biomass,biomass_base_conv,2100,OM-var,1.18,biomass (conv) (cooling pond)
base load generation,biomass,biomass_base_conv,2100,OM-var,1.18,biomass (conv) (dry cooling)
base load generation,biomass,biomass_base_conv_CCS,2100,OM-var,3.21,biomass (conv CCS) (once through)
base load generation,biomass,biomass_base_conv_CCS,2100,OM-var,3.21,biomass (conv CCS) (seawater)
base load generation,biomass,biomass_base_conv_CCS,2100,OM-var,3.21,biomass (conv CCS) (recirculating)
base load generation,biomass,biomass_base_conv_CCS,2100,OM-var,3.21,biomass (conv CCS) (dry cooling)
base load generation,biomass,biomass_base_IGCC,2100,OM-var,2.65,biomass (IGCC) (once through)
base load generation,biomass,biomass_base_IGCC,2100,OM-var,2.65,biomass (IGCC) (seawater)
base load generation,biomass,biomass_base_IGCC,2100,OM-var,2.65,biomass (IGCC) (recirculating)
base load generation,biomass,biomass_base_IGCC,2100,OM-var,2.65,biomass (IGCC) (dry cooling)
base load generation,biomass,biomass_base_IGCC_CCS,2100,OM-var,5.18,biomass (IGCC CCS) (once through)
base load generation,biomass,biomass_base_IGCC_CCS,2100,OM-var,5.18,biomass (IGCC CCS) (seawater)
base load generation,biomass,biomass_base_IGCC_CCS,2100,OM-var,5.18,biomass (IGCC CCS) (recirculating)
base load generation,biomass,biomass_base_IGCC_CCS,2100,OM-var,5.18,biomass (IGCC CCS) (dry cooling)
base load generation,coal,coal_base_conv pul,2100,OM-var,1.87,coal (conv pul) (once through)
base load generation,coal,coal_base_conv pul,2100,OM-var,1.87,coal (conv pul) (seawater)
base load generation,coal,coal_base_conv pul,2100,OM-var,1.87,coal (conv pul) (recirculating)
base load generation,coal,coal_base_conv pul,2100,OM-var,1.87,coal (conv pul) (cooling pond)
base load generation,coal,coal_base_conv pul,2100,OM-var,1.87,coal (conv pul) (dry cooling)
base load generation,coal,coal_base_conv pul_CCS,2100,OM-var,3.01,coal (conv pul CCS) (once through)
base load generation,coal,coal_base_conv pul_CCS,2100,OM-var,3.01,coal (conv pul CCS) (seawater)
base load generation,coal,coal_base_conv pul_CCS,2100,OM-var,3.01,coal (conv pul CCS) (recirculating)
base load generation,coal,coal_base_conv pul_CCS,2100,OM-var,3.01,coal (conv pul CCS) (dry cooling)
base load generation,coal,coal_base_IGCC,2100,OM-var,3.35,coal (IGCC) (once through)
base load generation,coal,coal_base_IGCC,2100,OM-var,3.35,coal (IGCC) (seawater)
base load generation,coal,coal_base_IGCC,2100,OM-var,3.35,coal (IGCC) (recirculating)
base load generation,coal,coal_base_IGCC,2100,OM-var,3.35,coal (IGCC) (dry cooling)
base load generation,coal,coal_base_IGCC_CCS,2100,OM-var,4.98,coal (IGCC CCS) (once through)
base load generation,coal,coal_base_IGCC_CCS,2100,OM-var,4.98,coal (IGCC CCS) (seawater)
base load generation,coal,coal_base_IGCC_CCS,2100,OM-var,4.98,coal (IGCC CCS) (recirculating)
base load generation,coal,coal_base_IGCC_CCS,2100,OM-var,4.98,coal (IGCC CCS) (dry cooling)
base load generation,gas,gas_base_CC,2100,OM-var,0.4,gas (CC) (once through)
base load generation,gas,gas_base_CC,2100,OM-var,0.4,gas (CC) (seawater)
base load generation,gas,gas_base_CC,2100,OM-var,0.4,gas (CC) (recirculating)
base load generation,gas,gas_base_CC,2100,OM-var,0.4,gas (CC) (cooling pond)
base load generation,gas,gas_base_CC,2100,OM-var,0.4,gas (CC) (dry cooling)
base load generation,gas,gas_base_CC_CCS,2100,OM-var,0.82,gas (CC CCS) (once through)
base load generation,gas,gas_base_CC_CCS,2100,OM-var,0.82,gas (CC CCS) (seawater)
base load generation,gas,gas_base_CC_CCS,2100,OM-var,0.82,gas (CC CCS) (recirculating)
base load generation,gas,gas_base_CC_CCS,2100,OM-var,0.82,gas (CC CCS) (dry cooling)
base load generation,geothermal,geo_base,2100,OM-var,0,geothermal (recirculating)
base load generation,geothermal,geo_base,2100,OM-var,0,geothermal (dry_hybrid)
base load generation,nuclear,nuc_base_Gen II,2100,OM-var,0.66,Gen_II_LWR (once through)
base load generation,nuclear,nuc_base_Gen II,2100,OM-var,0.66,Gen_II_LWR (seawater)
base load generation,nuclear,nuc_base_Gen II,2100,OM-var,0.66,Gen_II_LWR (recirculating)
base load generation,nuclear,nuc_base_Gen II,2100,OM-var,0.66,Gen_II_LWR (cooling pond)
base load generation,nuclear,nuc_base_large reactor,2100,OM-var,0.63,large reactor (once through)
base load generation,nuclear,nuc_base_large reactor,2100,OM-var,0.63,large reactor (seawater)
base load generation,nuclear,nuc_base_large reactor,2100,OM-var,0.63,large reactor (recirculating)
base load generation,nuclear,nuc_base_large reactor,2100,OM-var,0.63,large reactor (cooling pond)
base load generation,nuclear,nuc_base_SMR,2100,OM-var,0.58,SMR (once through)
base load generation,nuclear,nuc_base_SMR,2100,OM-var,0.58,SMR (seawater)
base load generation,nuclear,nuc_base_SMR,2100,OM-var,0.58,SMR (recirculating)
base load generation,nuclear,nuc_base_SMR,2100,OM-var,0.58,SMR (cooling pond)
base load generation,refined liquids,refined liquids_base_steam/CT,2100,OM-var,1.56,refined liquids (steam/CT) (once through)
base load generation,refined liquids,refined liquids_base_steam/CT,2100,OM-var,1.56,refined liquids (steam/CT) (seawater)
base load generation,refined liquids,refined liquids_base_steam/CT,2100,OM-var,1.56,refined liquids (steam/CT) (recirculating)
base load generation,refined liquids,refined liquids_base_steam/CT,2100,OM-var,1.56,refined liquids (steam/CT) (cooling pond)
base load generation,refined liquids,refined liquids_base_steam/CT,2100,OM-var,1.56,refined liquids (steam/CT) (dry cooling)
base load generation,refined liquids,refined liquids_base_CC,2100,OM-var,0.4,refined liquids (CC) (once through)
base load generation,refined liquids,refined liquids_base_CC,2100,OM-var,0.4,refined liquids (CC) (seawater)
base load generation,refined liquids,refined liquids_base_CC,2100,OM-var,0.4,refined liquids (CC) (recirculating)
base load generation,refined liquids,refined liquids_base_CC,2100,OM-var,0.4,refined liquids (CC) (dry cooling)
base load generation,refined liquids,refined liquids_base_CC_CCS,2100,OM-var,0.82,refined liquids (CC CCS) (once through)
base load generation,refined liquids,refined liquids_base_CC_CCS,2100,OM-var,0.82,refined liquids (CC CCS) (seawater)
base load generation,refined liquids,refined liquids_base_CC_CCS,2100,OM-var,0.82,refined liquids (CC CCS) (recirculating)
base load generation,refined liquids,refined liquids_base_CC_CCS,2100,OM-var,0.82,refined liquids (CC CCS) (dry cooling)
base load generation,solar,PV_base_storage,2100,OM-var,0,PV_base_storage
base load generation,solar,CSP_base_storage,2100,OM-var,0.67,CSP_base_storage
base load generation,wind,wind_base_storage,2100,OM-var,0,wind_base_storage
base load generation,coal,coal_base_conv pul 1951-1955,2100,OM-var,1.87,coal (conv pul) (once through)
base load generation,coal,coal_base_conv pul 1951-1955,2100,OM-var,1.87,coal (conv pul) (seawater)
base load generation,coal,coal_base_conv pul 1951-1955,2100,OM-var,1.87,coal (conv pul) (recirculating)
base load generation,coal,coal_base_conv pul 1951-1955,2100,OM-var,1.87,coal (conv pul) (cooling pond)
base load generation,coal,coal_base_conv pul 1951-1955,2100,OM-var,1.87,coal (conv pul) (dry cooling)
base load generation,coal,coal_base_conv pul 1956-1960,2100,OM-var,1.87,coal (conv pul) (once through)
base load generation,coal,coal_base_conv pul 1956-1960,2100,OM-var,1.87,coal (conv pul) (seawater)
base load generation,coal,coal_base_conv pul 1956-1960,2100,OM-var,1.87,coal (conv pul) (recirculating)
base load generation,coal,coal_base_conv pul 1956-1960,2100,OM-var,1.87,coal (conv pul) (cooling pond)
base load generation,coal,coal_base_conv pul 1956-1960,2100,OM-var,1.87,coal (conv pul) (dry cooling)
base load generation,coal,coal_base_conv pul 1961-1965,2100,OM-var,1.87,coal (conv pul) (once through)
base load generation,coal,coal_base_conv pul 1961-1965,2100,OM-var,1.87,coal (conv pul) (seawater)
base load generation,coal,coal_base_conv pul 1961-1965,2100,OM-var,1.87,coal (conv pul) (recirculating)
base load generation,coal,coal_base_conv pul 1961-1965,2100,OM-var,1.87,coal (conv pul) (cooling pond)
base load generation,coal,coal_base_conv pul 1961-1965,2100,OM-var,1.87,coal (conv pul) (dry cooling)
base load generation,coal,coal_base_conv pul 1966-1970,2100,OM-var,1.87,coal (conv pul) (once through)
base load generation,coal,coal_base_conv pul 1966-1970,2100,OM-var,1.87,coal (conv pul) (seawater)
base load generation,coal,coal_base_conv pul 1966-1970,2100,OM-var,1.87,coal (conv pul) (recirculating)
base load generation,coal,coal_base_conv pul 1966-1970,2100,OM-var,1.87,coal (conv pul) (cooling pond)
base load generation,coal,coal_base_conv pul 1966-1970,2100,OM-var,1.87,coal (conv pul) (dry cooling)
base load generation,coal,coal_base_conv pul 1971-1975,2100,OM-var,1.87,coal (conv pul) (once through)
base load generation,coal,coal_base_conv pul 1971-1975,2100,OM-var,1.87,coal (conv pul) (seawater)
base load generation,coal,coal_base_conv pul 1971-1975,2100,OM-var,1.87,coal (conv pul) (recirculating)
base load generation,coal,coal_base_conv pul 1971-1975,2100,OM-var,1.87,coal (conv pul) (cooling pond)
base load generation,coal,coal_base_conv pul 1971-1975,2100,OM-var,1.87,coal (conv pul) (dry cooling)
base load generation,coal,coal_base_conv pul 1976-1980,2100,OM-var,1.87,coal (conv pul) (once through)
base load generation,coal,coal_base_conv pul 1976-1980,2100,OM-var,1.87,coal (conv pul) (seawater)
base load generation,coal,coal_base_conv pul 1976-1980,2100,OM-var,1.87,coal (conv pul) (recirculating)
base load generation,coal,coal_base_conv pul 1976-1980,2100,OM-var,1.87,coal (conv pul) (cooling pond)
base load generation,coal,coal_base_conv pul 1976-1980,2100,OM-var,1.87,coal (conv pul) (dry cooling)
base load generation,coal,coal_base_conv pul 1981-1985,2100,OM-var,1.87,coal (conv pul) (once through)
base load generation,coal,coal_base_conv pul 1981-1985,2100,OM-var,1.87,coal (conv pul) (seawater)
base load generation,coal,coal_base_conv pul 1981-1985,2100,OM-var,1.87,coal (conv pul) (recirculating)
base load generation,coal,coal_base_conv pul 1981-1985,2100,OM-var,1.87,coal (conv pul) (cooling pond)
base load generation,coal,coal_base_conv pul 1981-1985,2100,OM-var,1.87,coal (conv pul) (dry cooling)
base load generation,coal,coal_base_conv pul 1986-1990,2100,OM-var,1.87,coal (conv pul) (once through)
base load generation,coal,coal_base_conv pul 1986-1990,2100,OM-var,1.87,coal (conv pul) (seawater)
base load generation,coal,coal_base_conv pul 1986-1990,2100,OM-var,1.87,coal (conv pul) (recirculating)
base load generation,coal,coal_base_conv pul 1986-1990,2100,OM-var,1.87,coal (conv pul) (cooling pond)
base load generation,coal,coal_base_conv pul 1986-1990,2100,OM-var,1.87,coal (conv pul) (dry cooling)
base load generation,coal,coal_base_conv pul 1991-1995,2100,OM-var,1.87,coal (conv pul) (once through)
base load generation,coal,coal_base_conv pul 1991-1995,2100,OM-var,1.87,coal (conv pul) (seawater)
base load generation,coal,coal_base_conv pul 1991-1995,2100,OM-var,1.87,coal (conv pul) (recirculating)
base load generation,coal,coal_base_conv pul 1991-1995,2100,OM-var,1.87,coal (conv pul) (cooling pond)
base load generation,coal,coal_base_conv pul 1991-1995,2100,OM-var,1.87,coal (conv pul) (dry cooling)
base load generation,coal,coal_base_conv pul 1996-2000,2100,OM-var,1.87,coal (conv pul) (once through)
base load generation,coal,coal_base_conv pul 1996-2000,2100,OM-var,1.87,coal (conv pul) (seawater)
base load generation,coal,coal_base_conv pul 1996-2000,2100,OM-var,1.87,coal (conv pul) (recirculating)
base load generation,coal,coal_base_conv pul 1996-2000,2100,OM-var,1.87,coal (conv pul) (cooling pond)
base load generation,coal,coal_base_conv pul 1996-2000,2100,OM-var,1.87,coal (conv pul) (dry cooling)
base load generation,coal,coal_base_conv pul 2001-2005,2100,OM-var,1.87,coal (conv pul) (once through)
base load generation,coal,coal_base_conv pul 2001-2005,2100,OM-var,1.87,coal (conv pul) (seawater)
base load generation,coal,coal_base_conv pul 2001-2005,2100,OM-var,1.87,coal (conv pul) (recirculating)
base load generation,coal,coal_base_conv pul 2001-2005,2100,OM-var,1.87,coal (conv pul) (cooling pond)
base load generation,coal,coal_base_conv pul 2001-2005,2100,OM-var,1.87,coal (conv pul) (dry cooling)
base load generation,coal,coal_base_conv pul 2006-2010,2100,OM-var,1.87,coal (conv pul) (once through)
base load generation,coal,coal_base_conv pul 2006-2010,2100,OM-var,1.87,coal (conv pul) (seawater)
base load generation,coal,coal_base_conv pul 2006-2010,2100,OM-var,1.87,coal (conv pul) (recirculating)
base load generation,coal,coal_base_conv pul 2006-2010,2100,OM-var,1.87,coal (conv pul) (cooling pond)
base load generation,coal,coal_base_conv pul 2006-2010,2100,OM-var,1.87,coal (conv pul) (dry cooling)
base load generation,coal,coal_base_conv pul 2011-2015,2100,OM-var,1.87,coal (conv pul) (once through)
base load generation,coal,coal_base_conv pul 2011-2015,2100,OM-var,1.87,coal (conv pul) (seawater)
base load generation,coal,coal_base_conv pul 2011-2015,2100,OM-var,1.87,coal (conv pul) (recirculating)
base load generation,coal,coal_base_conv pul 2011-2015,2100,OM-var,1.87,coal (conv pul) (cooling pond)
base load generation,coal,coal_base_conv pul 2011-2015,2100,OM-var,1.87,coal (conv pul) (dry cooling)
base load generation,coal,coal_base_conv pul 2016-2021,2100,OM-var,1.87,coal (conv pul) (once through)
base load generation,coal,coal_base_conv pul 2016-2021,2100,OM-var,1.87,coal (conv pul) (seawater)
base load generation,coal,coal_base_conv pul 2016-2021,2100,OM-var,1.87,coal (conv pul) (recirculating)
base load generation,coal,coal_base_conv pul 2016-2021,2100,OM-var,1.87,coal (conv pul) (cooling pond)
base load generation,coal,coal_base_conv pul 2016-2021,2100,OM-var,1.87,coal (conv pul) (dry cooling)
base load generation,coal,coal_base_conv pul before 1950,2100,OM-var,1.87,coal (conv pul) (once through)
base load generation,coal,coal_base_conv pul before 1950,2100,OM-var,1.87,coal (conv pul) (seawater)
base load generation,coal,coal_base_conv pul before 1950,2100,OM-var,1.87,coal (conv pul) (recirculating)
base load generation,coal,coal_base_conv pul before 1950,2100,OM-var,1.87,coal (conv pul) (cooling pond)
base load generation,coal,coal_base_conv pul before 1950,2100,OM-var,1.87,coal (conv pul) (dry cooling)
base load generation,coal,coal_base_conv pul_retire_2023,2100,OM-var,1.87,coal (conv pul) (once through)
base load generation,coal,coal_base_conv pul_retire_2023,2100,OM-var,1.87,coal (conv pul) (seawater)
base load generation,coal,coal_base_conv pul_retire_2023,2100,OM-var,1.87,coal (conv pul) (recirculating)
base load generation,coal,coal_base_conv pul_retire_2023,2100,OM-var,1.87,coal (conv pul) (cooling pond)
base load generation,coal,coal_base_conv pul_retire_2023,2100,OM-var,1.87,coal (conv pul) (dry cooling)
intermediate generation,biomass,biomass_int_conv,1975,OM-var,1.29,biomass (conv) (once through)
intermediate generation,biomass,biomass_int_conv,1975,OM-var,1.29,biomass (conv) (seawater)
intermediate generation,biomass,biomass_int_conv,1975,OM-var,1.29,biomass (conv) (recirculating)
intermediate generation,biomass,biomass_int_conv,1975,OM-var,1.29,biomass (conv) (cooling pond)
intermediate generation,biomass,biomass_int_conv,1975,OM-var,1.29,biomass (conv) (dry cooling)
intermediate generation,biomass,biomass_int_conv_CCS,1975,OM-var,3.96,biomass (conv CCS) (once through)
intermediate generation,biomass,biomass_int_conv_CCS,1975,OM-var,3.96,biomass (conv CCS) (seawater)
intermediate generation,biomass,biomass_int_conv_CCS,1975,OM-var,3.96,biomass (conv CCS) (recirculating)
intermediate generation,biomass,biomass_int_conv_CCS,1975,OM-var,3.96,biomass (conv CCS) (dry cooling)
intermediate generation,biomass,biomass_int_IGCC,1975,OM-var,3.05,biomass (IGCC) (once through)
intermediate generation,biomass,biomass_int_IGCC,1975,OM-var,3.05,biomass (IGCC) (seawater)
intermediate generation,biomass,biomass_int_IGCC,1975,OM-var,3.05,biomass (IGCC) (recirculating)
intermediate generation,biomass,biomass_int_IGCC,1975,OM-var,3.05,biomass (IGCC) (dry cooling)
intermediate generation,biomass,biomass_int_IGCC_CCS,1975,OM-var,5.98,biomass (IGCC CCS) (once through)
intermediate generation,biomass,biomass_int_IGCC_CCS,1975,OM-var,5.98,biomass (IGCC CCS) (seawater)
intermediate generation,biomass,biomass_int_IGCC_CCS,1975,OM-var,5.98,biomass (IGCC CCS) (recirculating)
intermediate generation,biomass,biomass_int_IGCC_CCS,1975,OM-var,5.98,biomass (IGCC CCS) (dry cooling)
intermediate generation,coal,coal_int_conv pul,1975,OM-var,2.12,coal (conv pul) (once through)
intermediate generation,coal,coal_int_conv pul,1975,OM-var,2.12,coal (conv pul) (seawater)
intermediate generation,coal,coal_int_conv pul,1975,OM-var,2.12,coal (conv pul) (recirculating)
intermediate generation,coal,coal_int_conv pul,1975,OM-var,2.12,coal (conv pul) (cooling pond)
intermediate generation,coal,coal_int_conv pul,1975,OM-var,2.12,coal (conv pul) (dry cooling)
intermediate generation,coal,coal_int_conv pul_CCS,1975,OM-var,3.74,coal (conv pul CCS) (once through)
intermediate generation,coal,coal_int_conv pul_CCS,1975,OM-var,3.74,coal (conv pul CCS) (seawater)
intermediate generation,coal,coal_int_conv pul_CCS,1975,OM-var,3.74,coal (conv pul CCS) (recirculating)
intermediate generation,coal,coal_int_conv pul_CCS,1975,OM-var,3.74,coal (conv pul CCS) (dry cooling)
intermediate generation,coal,coal_int_IGCC,1975,OM-var,3.87,coal (IGCC) (once through)
intermediate generation,coal,coal_int_IGCC,1975,OM-var,3.87,coal (IGCC) (seawater)
intermediate generation,coal,coal_int_IGCC,1975,OM-var,3.87,coal (IGCC) (recirculating)
intermediate generation,coal,coal_int_IGCC,1975,OM-var,3.87,coal (IGCC) (dry cooling)
intermediate generation,coal,coal_int_IGCC_CCS,1975,OM-var,5.76,coal (IGCC CCS) (once through)
intermediate generation,coal,coal_int_IGCC_CCS,1975,OM-var,5.76,coal (IGCC CCS) (seawater)
intermediate generation,coal,coal_int_IGCC_CCS,1975,OM-var,5.76,coal (IGCC CCS) (recirculating)
intermediate generation,coal,coal_int_IGCC_CCS,1975,OM-var,5.76,coal (IGCC CCS) (dry cooling)
intermediate generation,gas,gas_int_CC,1975,OM-var,0.47,gas (CC) (once through)
intermediate generation,gas,gas_int_CC,1975,OM-var,0.47,gas (CC) (seawater)
intermediate generation,gas,gas_int_CC,1975,OM-var,0.47,gas (CC) (recirculating)
intermediate generation,gas,gas_int_CC,1975,OM-var,0.47,gas (CC) (cooling pond)
intermediate generation,gas,gas_int_CC,1975,OM-var,0.47,gas (CC) (dry cooling)
intermediate generation,gas,gas_int_CC_CCS,1975,OM-var,1.18,gas (CC CCS) (once through)
intermediate generation,gas,gas_int_CC_CCS,1975,OM-var,1.18,gas (CC CCS) (seawater)
intermediate generation,gas,gas_int_CC_CCS,1975,OM-var,1.18,gas (CC CCS) (recirculating)
intermediate generation,gas,gas_int_CC_CCS,1975,OM-var,1.18,gas (CC CCS) (dry cooling)
intermediate generation,refined liquids,refined liquids_int_steam/CT,1975,OM-var,1.33,refined liquids (steam/CT) (once through)
intermediate generation,refined liquids,refined liquids_int_steam/CT,1975,OM-var,1.33,refined liquids (steam/CT) (seawater)
intermediate generation,refined liquids,refined liquids_int_steam/CT,1975,OM-var,1.33,refined liquids (steam/CT) (recirculating)
intermediate generation,refined liquids,refined liquids_int_steam/CT,1975,OM-var,1.33,refined liquids (steam/CT) (cooling pond)
intermediate generation,refined liquids,refined liquids_int_steam/CT,1975,OM-var,1.33,refined liquids (steam/CT) (dry cooling)
intermediate generation,refined liquids,refined liquids_int_CC,1975,OM-var,0.47,refined liquids (CC) (once through)
intermediate generation,refined liquids,refined liquids_int_CC,1975,OM-var,0.47,refined liquids (CC) (seawater)
intermediate generation,refined liquids,refined liquids_int_CC,1975,OM-var,0.47,refined liquids (CC) (recirculating)
intermediate generation,refined liquids,refined liquids_int_CC,1975,OM-var,0.47,refined liquids (CC) (dry cooling)
intermediate generation,refined liquids,refined liquids_int_CC_CCS,1975,OM-var,1.18,refined liquids (CC CCS) (once through)
intermediate generation,refined liquids,refined liquids_int_CC_CCS,1975,OM-var,1.18,refined liquids (CC CCS) (seawater)
intermediate generation,refined liquids,refined liquids_int_CC_CCS,1975,OM-var,1.18,refined liquids (CC CCS) (recirculating)
intermediate generation,refined liquids,refined liquids_int_CC_CCS,1975,OM-var,1.18,refined liquids (CC CCS) (dry cooling)
intermediate generation,coal,coal_int_conv pul 1951-1955,1975,OM-var,2.12,coal (conv pul) (once through)
intermediate generation,coal,coal_int_conv pul 1951-1955,1975,OM-var,2.12,coal (conv pul) (seawater)
intermediate generation,coal,coal_int_conv pul 1951-1955,1975,OM-var,2.12,coal (conv pul) (recirculating)
intermediate generation,coal,coal_int_conv pul 1951-1955,1975,OM-var,2.12,coal (conv pul) (cooling pond)
intermediate generation,coal,coal_int_conv pul 1951-1955,1975,OM-var,2.12,coal (conv pul) (dry cooling)
intermediate generation,coal,coal_int_conv pul 1956-1960,1975,OM-var,2.12,coal (conv pul) (once through)
intermediate generation,coal,coal_int_conv pul 1956-1960,1975,OM-var,2.12,coal (conv pul) (seawater)
intermediate generation,coal,coal_int_conv pul 1956-1960,1975,OM-var,2.12,coal (conv pul) (recirculating)
intermediate generation,coal,coal_int_conv pul 1956-1960,1975,OM-var,2.12,coal (conv pul) (cooling pond)
intermediate generation,coal,coal_int_conv pul 1956-1960,1975,OM-var,2.12,coal (conv pul) (dry cooling)
intermediate generation,coal,coal_int_conv pul 1961-1965,1975,OM-var,2.12,coal (conv pul) (once through)
intermediate generation,coal,coal_int_conv pul 1961-1965,1975,OM-var,2.12,coal (conv pul) (seawater)
intermediate generation,coal,coal_int_conv pul 1961-1965,1975,OM-var,2.12,coal (conv pul) (recirculating)
intermediate generation,coal,coal_int_conv pul 1961-1965,1975,OM-var,2.12,coal (conv pul) (cooling pond)
intermediate generation,coal,coal_int_conv pul 1961-1965,1975,OM-var,2.12,coal (conv pul) (dry cooling)
intermediate generation,coal,coal_int_conv pul 1966-1970,1975,OM-var,2.12,coal (conv pul) (once through)
intermediate generation,coal,coal_int_conv pul 1966-1970,1975,OM-var,2.12,coal (conv pul) (seawater)
intermediate generation,coal,coal_int_conv pul 1966-1970,1975,OM-var,2.12,coal (conv pul) (recirculating)
intermediate generation,coal,coal_int_conv pul 1966-1970,1975,OM-var,2.12,coal (conv pul) (cooling pond)
intermediate generation,coal,coal_int_conv pul 1966-1970,1975,OM-var,2.12,coal (conv pul) (dry cooling)
intermediate generation,coal,coal_int_conv pul 1971-1975,1975,OM-var,2.12,coal (conv pul) (once through)
intermediate generation,coal,coal_int_conv pul 1971-1975,1975,OM-var,2.12,coal (conv pul) (seawater)
intermediate generation,coal,coal_int_conv pul 1971-1975,1975,OM-var,2.12,coal (conv pul) (recirculating)
intermediate generation,coal,coal_int_conv pul 1971-1975,1975,OM-var,2.12,coal (conv pul) (cooling pond)
intermediate generation,coal,coal_int_conv pul 1971-1975,1975,OM-var,2.12,coal (conv pul) (dry cooling)
intermediate generation,coal,coal_int_conv pul 1976-1980,1975,OM-var,2.12,coal (conv pul) (once through)
intermediate generation,coal,coal_int_conv pul 1976-1980,1975,OM-var,2.12,coal (conv pul) (seawater)
intermediate generation,coal,coal_int_conv pul 1976-1980,1975,OM-var,2.12,coal (conv pul) (recirculating)
intermediate generation,coal,coal_int_conv pul 1976-1980,1975,OM-var,2.12,coal (conv pul) (cooling pond)
intermediate generation,coal,coal_int_conv pul 1976-1980,1975,OM-var,2.12,coal (conv pul) (dry cooling)
intermediate generation,coal,coal_int_conv pul 1981-1985,1975,OM-var,2.12,coal (conv pul) (once through)
intermediate generation,coal,coal_int_conv pul 1981-1985,1975,OM-var,2.12,coal (conv pul) (seawater)
intermediate generation,coal,coal_int_conv pul 1981-1985,1975,OM-var,2.12,coal (conv pul) (recirculating)
intermediate generation,coal,coal_int_conv pul 1981-1985,1975,OM-var,2.12,coal (conv pul) (cooling pond)
intermediate generation,coal,coal_int_conv pul 1981-1985,1975,OM-var,2.12,coal (conv pul) (dry cooling)
intermediate generation,coal,coal_int_conv pul 1986-1990,1975,OM-var,2.12,coal (conv pul) (once through)
intermediate generation,coal,coal_int_conv pul 1986-1990,1975,OM-var,2.12,coal (conv pul) (seawater)
intermediate generation,coal,coal_int_conv pul 1986-1990,1975,OM-var,2.12,coal (conv pul) (recirculating)
intermediate generation,coal,coal_int_conv pul 1986-1990,1975,OM-var,2.12,coal (conv pul) (cooling pond)
intermediate generation,coal,coal_int_conv pul 1986-1990,1975,OM-var,2.12,coal (conv pul) (dry cooling)
intermediate generation,coal,coal_int_conv pul 1991-1995,1975,OM-var,2.12,coal (conv pul) (once through)
intermediate generation,coal,coal_int_conv pul 1991-1995,1975,OM-var,2.12,coal (conv pul) (seawater)
intermediate generation,coal,coal_int_conv pul 1991-1995,1975,OM-var,2.12,coal (conv pul) (recirculating)
intermediate generation,coal,coal_int_conv pul 1991-1995,1975,OM-var,2.12,coal (conv pul) (cooling pond)
intermediate generation,coal,coal_int_conv pul 1991-1995,1975,OM-var,2.12,coal (conv pul) (dry cooling)
intermediate generation,coal,coal_int_conv pul 1996-2000,1975,OM-var,2.12,coal (conv pul) (once through)
intermediate generation,coal,coal_int_conv pul 1996-2000,1975,OM-var,2.12,coal (conv pul) (seawater)
intermediate generation,coal,coal_int_conv pul 1996-2000,1975,OM-var,2.12,coal (conv pul) (recirculating)
intermediate generation,coal,coal_int_conv pul 1996-2000,1975,OM-var,2.12,coal (conv pul) (cooling pond)
intermediate generation,coal,coal_int_conv pul 1996-2000,1975,OM-var,2.12,coal (conv pul) (dry cooling)
intermediate generation,coal,coal_int_conv pul 2001-2005,1975,OM-var,2.12,coal (conv pul) (once through)
intermediate generation,coal,coal_int_conv pul 2001-2005,1975,OM-var,2.12,coal (conv pul) (seawater)
intermediate generation,coal,coal_int_conv pul 2001-2005,1975,OM-var,2.12,coal (conv pul) (recirculating)
intermediate generation,coal,coal_int_conv pul 2001-2005,1975,OM-var,2.12,coal (conv pul) (cooling pond)
intermediate generation,coal,coal_int_conv pul 2001-2005,1975,OM-var,2.12,coal (conv pul) (dry cooling)
intermediate generation,coal,coal_int_conv pul 2006-2010,1975,OM-var,2.12,coal (conv pul) (once through)
intermediate generation,coal,coal_int_conv pul 2006-2010,1975,OM-var,2.12,coal (conv pul) (seawater)
intermediate generation,coal,coal_int_conv pul 2006-2010,1975,OM-var,2.12,coal (conv pul) (recirculating)
intermediate generation,coal,coal_int_conv pul 2006-2010,1975,OM-var,2.12,coal (conv pul) (cooling pond)
intermediate generation,coal,coal_int_conv pul 2006-2010,1975,OM-var,2.12,coal (conv pul) (dry cooling)
intermediate generation,coal,coal_int_conv pul 2011-2015,1975,OM-var,2.12,coal (conv pul) (once through)
intermediate generation,coal,coal_int_conv pul 2011-2015,1975,OM-var,2.12,coal (conv pul) (seawater)
intermediate generation,coal,coal_int_conv pul 2011-2015,1975,OM-var,2.12,coal (conv pul) (recirculating)
intermediate generation,coal,coal_int_conv pul 2011-2015,1975,OM-var,2.12,coal (conv pul) (cooling pond)
intermediate generation,coal,coal_int_conv pul 2011-2015,1975,OM-var,2.12,coal (conv pul) (dry cooling)
intermediate generation,coal,coal_int_conv pul 2016-2021,1975,OM-var,2.12,coal (conv pul) (once through)
intermediate generation,coal,coal_int_conv pul 2016-2021,1975,OM-var,2.12,coal (conv pul) (seawater)
intermediate generation,coal,coal_int_conv pul 2016-2021,1975,OM-var,2.12,coal (conv pul) (recirculating)
intermediate generation,coal,coal_int_conv pul 2016-2021,1975,OM-var,2.12,coal (conv pul) (cooling pond)
intermediate generation,coal,coal_int_conv pul 2016-2021,1975,OM-var,2.12,coal (conv pul) (dry cooling)
intermediate generation,coal,coal_int_conv pul before 1950,1975,OM-var,2.12,coal (conv pul) (once through)
intermediate generation,coal,coal_int_conv pul before 1950,1975,OM-var,2.12,coal (conv pul) (seawater)
intermediate generation,coal,coal_int_conv pul before 1950,1975,OM-var,2.12,coal (conv pul) (recirculating)
intermediate generation,coal,coal_int_conv pul before 1950,1975,OM-var,2.12,coal (conv pul) (cooling pond)
intermediate generation,coal,coal_int_conv pul before 1950,1975,OM-var,2.12,coal (conv pul) (dry cooling)
intermediate generation,coal,coal_int_conv pul_retire_2023,1975,OM-var,2.12,coal (conv pul) (once through)
intermediate generation,coal,coal_int_conv pul_retire_2023,1975,OM-var,2.12,coal (conv pul) (seawater)
intermediate generation,coal,coal_int_conv pul_retire_2023,1975,OM-var,2.12,coal (conv pul) (recirculating)
intermediate generation,coal,coal_int_conv pul_retire_2023,1975,OM-var,2.12,coal (conv pul) (cooling pond)
intermediate generation,coal,coal_int_conv pul_retire_2023,1975,OM-var,2.12,coal (conv pul) (dry cooling)
intermediate generation,biomass,biomass_int_conv,1990,OM-var,1.29,biomass (conv) (once through)
intermediate generation,biomass,biomass_int_conv,1990,OM-var,1.29,biomass (conv) (seawater)
intermediate generation,biomass,biomass_int_conv,1990,OM-var,1.29,biomass (conv) (recirculating)
intermediate generation,biomass,biomass_int_conv,1990,OM-var,1.29,biomass (conv) (cooling pond)
intermediate generation,biomass,biomass_int_conv,1990,OM-var,1.29,biomass (conv) (dry cooling)
intermediate generation,biomass,biomass_int_conv_CCS,1990,OM-var,3.96,biomass (conv CCS) (once through)
intermediate generation,biomass,biomass_int_conv_CCS,1990,OM-var,3.96,biomass (conv CCS) (seawater)
intermediate generation,biomass,biomass_int_conv_CCS,1990,OM-var,3.96,biomass (conv CCS) (recirculating)
intermediate generation,biomass,biomass_int_conv_CCS,1990,OM-var,3.96,biomass (conv CCS) (dry cooling)
intermediate generation,biomass,biomass_int_IGCC,1990,OM-var,3.05,biomass (IGCC) (once through)
intermediate generation,biomass,biomass_int_IGCC,1990,OM-var,3.05,biomass (IGCC) (seawater)
intermediate generation,biomass,biomass_int_IGCC,1990,OM-var,3.05,biomass (IGCC) (recirculating)
intermediate generation,biomass,biomass_int_IGCC,1990,OM-var,3.05,biomass (IGCC) (dry cooling)
intermediate generation,biomass,biomass_int_IGCC_CCS,1990,OM-var,5.98,biomass (IGCC CCS) (once through)
intermediate generation,biomass,biomass_int_IGCC_CCS,1990,OM-var,5.98,biomass (IGCC CCS) (seawater)
intermediate generation,biomass,biomass_int_IGCC_CCS,1990,OM-var,5.98,biomass (IGCC CCS) (recirculating)
intermediate generation,biomass,biomass_int_IGCC_CCS,1990,OM-var,5.98,biomass (IGCC CCS) (dry cooling)
intermediate generation,coal,coal_int_conv pul,1990,OM-var,2.12,coal (conv pul) (once through)
intermediate generation,coal,coal_int_conv pul,1990,OM-var,2.12,coal (conv pul) (seawater)
intermediate generation,coal,coal_int_conv pul,1990,OM-var,2.12,coal (conv pul) (recirculating)
intermediate generation,coal,coal_int_conv pul,1990,OM-var,2.12,coal (conv pul) (cooling pond)
intermediate generation,coal,coal_int_conv pul,1990,OM-var,2.12,coal (conv pul) (dry cooling)
intermediate generation,coal,coal_int_conv pul_CCS,1990,OM-var,3.74,coal (conv pul CCS) (once through)
intermediate generation,coal,coal_int_conv pul_CCS,1990,OM-var,3.74,coal (conv pul CCS) (seawater)
intermediate generation,coal,coal_int_conv pul_CCS,1990,OM-var,3.74,coal (conv pul CCS) (recirculating)
intermediate generation,coal,coal_int_conv pul_CCS,1990,OM-var,3.74,coal (conv pul CCS) (dry cooling)
intermediate generation,coal,coal_int_IGCC,1990,OM-var,3.87,coal (IGCC) (once through)
intermediate generation,coal,coal_int_IGCC,1990,OM-var,3.87,coal (IGCC) (seawater)
intermediate generation,coal,coal_int_IGCC,1990,OM-var,3.87,coal (IGCC) (recirculating)
intermediate generation,coal,coal_int_IGCC,1990,OM-var,3.87,coal (IGCC) (dry cooling)
intermediate generation,coal,coal_int_IGCC_CCS,1990,OM-var,5.76,coal (IGCC CCS) (once through)
intermediate generation,coal,coal_int_IGCC_CCS,1990,OM-var,5.76,coal (IGCC CCS) (seawater)
intermediate generation,coal,coal_int_IGCC_CCS,1990,OM-var,5.76,coal (IGCC CCS) (recirculating)
intermediate generation,coal,coal_int_IGCC_CCS,1990,OM-var,5.76,coal (IGCC CCS) (dry cooling)
intermediate generation,gas,gas_int_CC,1990,OM-var,0.47,gas (CC) (once through)
intermediate generation,gas,gas_int_CC,1990,OM-var,0.47,gas (CC) (seawater)
intermediate generation,gas,gas_int_CC,1990,OM-var,0.47,gas (CC) (recirculating)
intermediate generation,gas,gas_int_CC,1990,OM-var,0.47,gas (CC) (cooling pond)
intermediate generation,gas,gas_int_CC,1990,OM-var,0.47,gas (CC) (dry cooling)
intermediate generation,gas,gas_int_CC_CCS,1990,OM-var,1.18,gas (CC CCS) (once through)
intermediate generation,gas,gas_int_CC_CCS,1990,OM-var,1.18,gas (CC CCS) (seawater)
intermediate generation,gas,gas_int_CC_CCS,1990,OM-var,1.18,gas (CC CCS) (recirculating)
intermediate generation,gas,gas_int_CC_CCS,1990,OM-var,1.18,gas (CC CCS) (dry cooling)
intermediate generation,refined liquids,refined liquids_int_steam/CT,1990,OM-var,1.33,refined liquids (steam/CT) (once through)
intermediate generation,refined liquids,refined liquids_int_steam/CT,1990,OM-var,1.33,refined liquids (steam/CT) (seawater)
intermediate generation,refined liquids,refined liquids_int_steam/CT,1990,OM-var,1.33,refined liquids (steam/CT) (recirculating)
intermediate generation,refined liquids,refined liquids_int_steam/CT,1990,OM-var,1.33,refined liquids (steam/CT) (cooling pond)
intermediate generation,refined liquids,refined liquids_int_steam/CT,1990,OM-var,1.33,refined liquids (steam/CT) (dry cooling)
intermediate generation,refined liquids,refined liquids_int_CC,1990,OM-var,0.47,refined liquids (CC) (once through)
intermediate generation,refined liquids,refined liquids_int_CC,1990,OM-var,0.47,refined liquids (CC) (seawater)
intermediate generation,refined liquids,refined liquids_int_CC,1990,OM-var,0.47,refined liquids (CC) (recirculating)
intermediate generation,refined liquids,refined liquids_int_CC,1990,OM-var,0.47,refined liquids (CC) (dry cooling)
intermediate generation,refined liquids,refined liquids_int_CC_CCS,1990,OM-var,1.18,refined liquids (CC CCS) (once through)
intermediate generation,refined liquids,refined liquids_int_CC_CCS,1990,OM-var,1.18,refined liquids (CC CCS) (seawater)
intermediate generation,refined liquids,refined liquids_int_CC_CCS,1990,OM-var,1.18,refined liquids (CC CCS) (recirculating)
intermediate generation,refined liquids,refined liquids_int_CC_CCS,1990,OM-var,1.18,refined liquids (CC CCS) (dry cooling)
intermediate generation,coal,coal_int_conv pul 1951-1955,1990,OM-var,2.12,coal (conv pul) (once through)
intermediate generation,coal,coal_int_conv pul 1951-1955,1990,OM-var,2.12,coal (conv pul) (seawater)
intermediate generation,coal,coal_int_conv pul 1951-1955,1990,OM-var,2.12,coal (conv pul) (recirculating)
intermediate generation,coal,coal_int_conv pul 1951-1955,1990,OM-var,2.12,coal (conv pul) (cooling pond)
intermediate generation,coal,coal_int_conv pul 1951-1955,1990,OM-var,2.12,coal (conv pul) (dry cooling)
intermediate generation,coal,coal_int_conv pul 1956-1960,1990,OM-var,2.12,coal (conv pul) (once through)
intermediate generation,coal,coal_int_conv pul 1956-1960,1990,OM-var,2.12,coal (conv pul) (seawater)
intermediate generation,coal,coal_int_conv pul 1956-1960,1990,OM-var,2.12,coal (conv pul) (recirculating)
intermediate generation,coal,coal_int_conv pul 1956-1960,1990,OM-var,2.12,coal (conv pul) (cooling pond)
intermediate generation,coal,coal_int_conv pul 1956-1960,1990,OM-var,2.12,coal (conv pul) (dry cooling)
intermediate generation,coal,coal_int_conv pul 1961-1965,1990,OM-var,2.12,coal (conv pul) (once through)
intermediate generation,coal,coal_int_conv pul 1961-1965,1990,OM-var,2.12,coal (conv pul) (seawater)
intermediate generation,coal,coal_int_conv pul 1961-1965,1990,OM-var,2.12,coal (conv pul) (recirculating)
intermediate generation,coal,coal_int_conv pul 1961-1965,1990,OM-var,2.12,coal (conv pul) (cooling pond)
intermediate generation,coal,coal_int_conv pul 1961-1965,1990,OM-var,2.12,coal (conv pul) (dry cooling)
intermediate generation,coal,coal_int_conv pul 1966-1970,1990,OM-var,2.12,coal (conv pul) (once through)
intermediate generation,coal,coal_int_conv pul 1966-1970,1990,OM-var,2.12,coal (conv pul) (seawater)
intermediate generation,coal,coal_int_conv pul 1966-1970,1990,OM-var,2.12,coal (conv pul) (recirculating)
intermediate generation,coal,coal_int_conv pul 1966-1970,1990,OM-var,2.12,coal (conv pul) (cooling pond)
intermediate generation,coal,coal_int_conv pul 1966-1970,1990,OM-var,2.12,coal (conv pul) (dry cooling)
intermediate generation,coal,coal_int_conv pul 1971-1975,1990,OM-var,2.12,coal (conv pul) (once through)
intermediate generation,coal,coal_int_conv pul 1971-1975,1990,OM-var,2.12,coal (conv pul) (seawater)
intermediate generation,coal,coal_int_conv pul 1971-1975,1990,OM-var,2.12,coal (conv pul) (recirculating)
intermediate generation,coal,coal_int_conv pul 1971-1975,1990,OM-var,2.12,coal (conv pul) (cooling pond)
intermediate generation,coal,coal_int_conv pul 1971-1975,1990,OM-var,2.12,coal (conv pul) (dry cooling)
intermediate generation,coal,coal_int_conv pul 1976-1980,1990,OM-var,2.12,coal (conv pul) (once through)
intermediate generation,coal,coal_int_conv pul 1976-1980,1990,OM-var,2.12,coal (conv pul) (seawater)
intermediate generation,coal,coal_int_conv pul 1976-1980,1990,OM-var,2.12,coal (conv pul) (recirculating)
intermediate generation,coal,coal_int_conv pul 1976-1980,1990,OM-var,2.12,coal (conv pul) (cooling pond)
intermediate generation,coal,coal_int_conv pul 1976-1980,1990,OM-var,2.12,coal (conv pul) (dry cooling)
intermediate generation,coal,coal_int_conv pul 1981-1985,1990,OM-var,2.12,coal (conv pul) (once through)
intermediate generation,coal,coal_int_conv pul 1981-1985,1990,OM-var,2.12,coal (conv pul) (seawater)
intermediate generation,coal,coal_int_conv pul 1981-1985,1990,OM-var,2.12,coal (conv pul) (recirculating)
intermediate generation,coal,coal_int_conv pul 1981-1985,1990,OM-var,2.12,coal (conv pul) (cooling pond)
intermediate generation,coal,coal_int_conv pul 1981-1985,1990,OM-var,2.12,coal (conv pul) (dry cooling)
intermediate generation,coal,coal_int_conv pul 1986-1990,1990,OM-var,2.12,coal (conv pul) (once through)
intermediate generation,coal,coal_int_conv pul 1986-1990,1990,OM-var,2.12,coal (conv pul) (seawater)
intermediate generation,coal,coal_int_conv pul 1986-1990,1990,OM-var,2.12,coal (conv pul) (recirculating)
intermediate generation,coal,coal_int_conv pul 1986-1990,1990,OM-var,2.12,coal (conv pul) (cooling pond)
intermediate generation,coal,coal_int_conv pul 1986-1990,1990,OM-var,2.12,coal (conv pul) (dry cooling)
intermediate generation,coal,coal_int_conv pul 1991-1995,1990,OM-var,2.12,coal (conv pul) (once through)
intermediate generation,coal,coal_int_conv pul 1991-1995,1990,OM-var,2.12,coal (conv pul) (seawater)
intermediate generation,coal,coal_int_conv pul 1991-1995,1990,OM-var,2.12,coal (conv pul) (recirculating)
intermediate generation,coal,coal_int_conv pul 1991-1995,1990,OM-var,2.12,coal (conv pul) (cooling pond)
intermediate generation,coal,coal_int_conv pul 1991-1995,1990,OM-var,2.12,coal (conv pul) (dry cooling)
intermediate generation,coal,coal_int_conv pul 1996-2000,1990,OM-var,2.12,coal (conv pul) (once through)
intermediate generation,coal,coal_int_conv pul 1996-2000,1990,OM-var,2.12,coal (conv pul) (seawater)
intermediate generation,coal,coal_int_conv pul 1996-2000,1990,OM-var,2.12,coal (conv pul) (recirculating)
intermediate generation,coal,coal_int_conv pul 1996-2000,1990,OM-var,2.12,coal (conv pul) (cooling pond)
intermediate generation,coal,coal_int_conv pul 1996-2000,1990,OM-var,2.12,coal (conv pul) (dry cooling)
intermediate generation,coal,coal_int_conv pul 2001-2005,1990,OM-var,2.12,coal (conv pul) (once through)
intermediate generation,coal,coal_int_conv pul 2001-2005,1990,OM-var,2.12,coal (conv pul) (seawater)
intermediate generation,coal,coal_int_conv pul 2001-2005,1990,OM-var,2.12,coal (conv pul) (recirculating)
intermediate generation,coal,coal_int_conv pul 2001-2005,1990,OM-var,2.12,coal (conv pul) (cooling pond)
intermediate generation,coal,coal_int_conv pul 2001-2005,1990,OM-var,2.12,coal (conv pul) (dry cooling)
intermediate generation,coal,coal_int_conv pul 2006-2010,1990,OM-var,2.12,coal (conv pul) (once through)
intermediate generation,coal,coal_int_conv pul 2006-2010,1990,OM-var,2.12,coal (conv pul) (seawater)
intermediate generation,coal,coal_int_conv pul 2006-2010,1990,OM-var,2.12,coal (conv pul) (recirculating)
intermediate generation,coal,coal_int_conv pul 2006-2010,1990,OM-var,2.12,coal (conv pul) (cooling pond)
intermediate generation,coal,coal_int_conv pul 2006-2010,1990,OM-var,2.12,coal (conv pul) (dry cooling)
intermediate generation,coal,coal_int_conv pul 2011-2015,1990,OM-var,2.12,coal (conv pul) (once through)
intermediate generation,coal,coal_int_conv pul 2011-2015,1990,OM-var,2.12,coal (conv pul) (seawater)
intermediate generation,coal,coal_int_conv pul 2011-2015,1990,OM-var,2.12,coal (conv pul) (recirculating)
intermediate generation,coal,coal_int_conv pul 2011-2015,1990,OM-var,2.12,coal (conv pul) (cooling pond)
intermediate generation,coal,coal_int_conv pul 2011-2015,1990,OM-var,2.12,coal (conv pul) (dry cooling)
intermediate generation,coal,coal_int_conv pul 2016-2021,1990,OM-var,2.12,coal (conv pul) (once through)
intermediate generation,coal,coal_int_conv pul 2016-2021,1990,OM-var,2.12,coal (conv pul) (seawater)
intermediate generation,coal,coal_int_conv pul 2016-2021,1990,OM-var,2.12,coal (conv pul) (recirculating)
intermediate generation,coal,coal_int_conv pul 2016-2021,1990,OM-var,2.12,coal (conv pul) (cooling pond)
intermediate generation,coal,coal_int_conv pul 2016-2021,1990,OM-var,2.12,coal (conv pul) (dry cooling)
intermediate generation,coal,coal_int_conv pul before 1950,1990,OM-var,2.12,coal (conv pul) (once through)
intermediate generation,coal,coal_int_conv pul before 1950,1990,OM-var,2.12,coal (conv pul) (seawater)
intermediate generation,coal,coal_int_conv pul before 1950,1990,OM-var,2.12,coal (conv pul) (recirculating)
intermediate generation,coal,coal_int_conv pul before 1950,1990,OM-var,2.12,coal (conv pul) (cooling pond)
intermediate generation,coal,coal_int_conv pul before 1950,1990,OM-var,2.12,coal (conv pul) (dry cooling)
intermediate generation,coal,coal_int_conv pul_retire_2023,1990,OM-var,2.12,coal (conv pul) (once through)
intermediate generation,coal,coal_int_conv pul_retire_2023,1990,OM-var,2.12,coal (conv pul) (seawater)
intermediate generation,coal,coal_int_conv pul_retire_2023,1990,OM-var,2.12,coal (conv pul) (recirculating)
intermediate generation,coal,coal_int_conv pul_retire_2023,1990,OM-var,2.12,coal (conv pul) (cooling pond)
intermediate generation,coal,coal_int_conv pul_retire_2023,1990,OM-var,2.12,coal (conv pul) (dry cooling)
intermediate generation,biomass,biomass_int_conv,2005,OM-var,1.29,biomass (conv) (once through)
intermediate generation,biomass,biomass_int_conv,2005,OM-var,1.29,biomass (conv) (seawater)
intermediate generation,biomass,biomass_int_conv,2005,OM-var,1.29,biomass (conv) (recirculating)
intermediate generation,biomass,biomass_int_conv,2005,OM-var,1.29,biomass (conv) (cooling pond)
intermediate generation,biomass,biomass_int_conv,2005,OM-var,1.29,biomass (conv) (dry cooling)
intermediate generation,biomass,biomass_int_conv_CCS,2005,OM-var,3.96,biomass (conv CCS) (once through)
intermediate generation,biomass,biomass_int_conv_CCS,2005,OM-var,3.96,biomass (conv CCS) (seawater)
intermediate generation,biomass,biomass_int_conv_CCS,2005,OM-var,3.96,biomass (conv CCS) (recirculating)
intermediate generation,biomass,biomass_int_conv_CCS,2005,OM-var,3.96,biomass (conv CCS) (dry cooling)
intermediate generation,biomass,biomass_int_IGCC,2005,OM-var,3.05,biomass (IGCC) (once through)
intermediate generation,biomass,biomass_int_IGCC,2005,OM-var,3.05,biomass (IGCC) (seawater)
intermediate generation,biomass,biomass_int_IGCC,2005,OM-var,3.05,biomass (IGCC) (recirculating)
intermediate generation,biomass,biomass_int_IGCC,2005,OM-var,3.05,biomass (IGCC) (dry cooling)
intermediate generation,biomass,biomass_int_IGCC_CCS,2005,OM-var,5.98,biomass (IGCC CCS) (once through)
intermediate generation,biomass,biomass_int_IGCC_CCS,2005,OM-var,5.98,biomass (IGCC CCS) (seawater)
intermediate generation,biomass,biomass_int_IGCC_CCS,2005,OM-var,5.98,biomass (IGCC CCS) (recirculating)
intermediate generation,biomass,biomass_int_IGCC_CCS,2005,OM-var,5.98,biomass (IGCC CCS) (dry cooling)
intermediate generation,coal,coal_int_conv pul,2005,OM-var,2.12,coal (conv pul) (once through)
intermediate generation,coal,coal_int_conv pul,2005,OM-var,2.12,coal (conv pul) (seawater)
intermediate generation,coal,coal_int_conv pul,2005,OM-var,2.12,coal (conv pul) (recirculating)
intermediate generation,coal,coal_int_conv pul,2005,OM-var,2.12,coal (conv pul) (cooling pond)
intermediate generation,coal,coal_int_conv pul,2005,OM-var,2.12,coal (conv pul) (dry cooling)
intermediate generation,coal,coal_int_conv pul_CCS,2005,OM-var,3.74,coal (conv pul CCS) (once through)
intermediate generation,coal,coal_int_conv pul_CCS,2005,OM-var,3.74,coal (conv pul CCS) (seawater)
intermediate generation,coal,coal_int_conv pul_CCS,2005,OM-var,3.74,coal (conv pul CCS) (recirculating)
intermediate generation,coal,coal_int_conv pul_CCS,2005,OM-var,3.74,coal (conv pul CCS) (dry cooling)
intermediate generation,coal,coal_int_IGCC,2005,OM-var,3.87,coal (IGCC) (once through)
intermediate generation,coal,coal_int_IGCC,2005,OM-var,3.87,coal (IGCC) (seawater)
intermediate generation,coal,coal_int_IGCC,2005,OM-var,3.87,coal (IGCC) (recirculating)
intermediate generation,coal,coal_int_IGCC,2005,OM-var,3.87,coal (IGCC) (dry cooling)
intermediate generation,coal,coal_int_IGCC_CCS,2005,OM-var,5.76,coal (IGCC CCS) (once through)
intermediate generation,coal,coal_int_IGCC_CCS,2005,OM-var,5.76,coal (IGCC CCS) (seawater)
intermediate generation,coal,coal_int_IGCC_CCS,2005,OM-var,5.76,coal (IGCC CCS) (recirculating)
intermediate generation,coal,coal_int_IGCC_CCS,2005,OM-var,5.76,coal (IGCC CCS) (dry cooling)
intermediate generation,gas,gas_int_CC,2005,OM-var,0.47,gas (CC) (once through)
intermediate generation,gas,gas_int_CC,2005,OM-var,0.47,gas (CC) (seawater)
intermediate generation,gas,gas_int_CC,2005,OM-var,0.47,gas (CC) (recirculating)
intermediate generation,gas,gas_int_CC,2005,OM-var,0.47,gas (CC) (cooling pond)
intermediate generation,gas,gas_int_CC,2005,OM-var,0.47,gas (CC) (dry cooling)
intermediate generation,gas,gas_int_CC_CCS,2005,OM-var,1.18,gas (CC CCS) (once through)
intermediate generation,gas,gas_int_CC_CCS,2005,OM-var,1.18,gas (CC CCS) (seawater)
intermediate generation,gas,gas_int_CC_CCS,2005,OM-var,1.18,gas (CC CCS) (recirculating)
intermediate generation,gas,gas_int_CC_CCS,2005,OM-var,1.18,gas (CC CCS) (dry cooling)
intermediate generation,refined liquids,refined liquids_int_steam/CT,2005,OM-var,1.33,refined liquids (steam/CT) (once through)
intermediate generation,refined liquids,refined liquids_int_steam/CT,2005,OM-var,1.33,refined liquids (steam/CT) (seawater)
intermediate generation,refined liquids,refined liquids_int_steam/CT,2005,OM-var,1.33,refined liquids (steam/CT) (recirculating)
intermediate generation,refined liquids,refined liquids_int_steam/CT,2005,OM-var,1.33,refined liquids (steam/CT) (cooling pond)
intermediate generation,refined liquids,refined liquids_int_steam/CT,2005,OM-var,1.33,refined liquids (steam/CT) (dry cooling)
intermediate generation,refined liquids,refined liquids_int_CC,2005,OM-var,0.47,refined liquids (CC) (once through)
intermediate generation,refined liquids,refined liquids_int_CC,2005,OM-var,0.47,refined liquids (CC) (seawater)
intermediate generation,refined liquids,refined liquids_int_CC,2005,OM-var,0.47,refined liquids (CC) (recirculating)
intermediate generation,refined liquids,refined liquids_int_CC,2005,OM-var,0.47,refined liquids (CC) (dry cooling)
intermediate generation,refined liquids,refined liquids_int_CC_CCS,2005,OM-var,1.18,refined liquids (CC CCS) (once through)
intermediate generation,refined liquids,refined liquids_int_CC_CCS,2005,OM-var,1.18,refined liquids (CC CCS) (seawater)
intermediate generation,refined liquids,refined liquids_int_CC_CCS,2005,OM-var,1.18,refined liquids (CC CCS) (recirculating)
intermediate generation,refined liquids,refined liquids_int_CC_CCS,2005,OM-var,1.18,refined liquids (CC CCS) (dry cooling)
intermediate generation,coal,coal_int_conv pul 1951-1955,2005,OM-var,2.12,coal (conv pul) (once through)
intermediate generation,coal,coal_int_conv pul 1951-1955,2005,OM-var,2.12,coal (conv pul) (seawater)
intermediate generation,coal,coal_int_conv pul 1951-1955,2005,OM-var,2.12,coal (conv pul) (recirculating)
intermediate generation,coal,coal_int_conv pul 1951-1955,2005,OM-var,2.12,coal (conv pul) (cooling pond)
intermediate generation,coal,coal_int_conv pul 1951-1955,2005,OM-var,2.12,coal (conv pul) (dry cooling)
intermediate generation,coal,coal_int_conv pul 1956-1960,2005,OM-var,2.12,coal (conv pul) (once through)
intermediate generation,coal,coal_int_conv pul 1956-1960,2005,OM-var,2.12,coal (conv pul) (seawater)
intermediate generation,coal,coal_int_conv pul 1956-1960,2005,OM-var,2.12,coal (conv pul) (recirculating)
intermediate generation,coal,coal_int_conv pul 1956-1960,2005,OM-var,2.12,coal (conv pul) (cooling pond)
intermediate generation,coal,coal_int_conv pul 1956-1960,2005,OM-var,2.12,coal (conv pul) (dry cooling)
intermediate generation,coal,coal_int_conv pul 1961-1965,2005,OM-var,2.12,coal (conv pul) (once through)
intermediate generation,coal,coal_int_conv pul 1961-1965,2005,OM-var,2.12,coal (conv pul) (seawater)
intermediate generation,coal,coal_int_conv pul 1961-1965,2005,OM-var,2.12,coal (conv pul) (recirculating)
intermediate generation,coal,coal_int_conv pul 1961-1965,2005,OM-var,2.12,coal (conv pul) (cooling pond)
intermediate generation,coal,coal_int_conv pul 1961-1965,2005,OM-var,2.12,coal (conv pul) (dry cooling)
intermediate generation,coal,coal_int_conv pul 1966-1970,2005,OM-var,2.12,coal (conv pul) (once through)
intermediate generation,coal,coal_int_conv pul 1966-1970,2005,OM-var,2.12,coal (conv pul) (seawater)
intermediate generation,coal,coal_int_conv pul 1966-1970,2005,OM-var,2.12,coal (conv pul) (recirculating)
intermediate generation,coal,coal_int_conv pul 1966-1970,2005,OM-var,2.12,coal (conv pul) (cooling pond)
intermediate generation,coal,coal_int_conv pul 1966-1970,2005,OM-var,2.12,coal (conv pul) (dry cooling)
intermediate generation,coal,coal_int_conv pul 1971-1975,2005,OM-var,2.12,coal (conv pul) (once through)
intermediate generation,coal,coal_int_conv pul 1971-1975,2005,OM-var,2.12,coal (conv pul) (seawater)
intermediate generation,coal,coal_int_conv pul 1971-1975,2005,OM-var,2.12,coal (conv pul) (recirculating)
intermediate generation,coal,coal_int_conv pul 1971-1975,2005,OM-var,2.12,coal (conv pul) (cooling pond)
intermediate generation,coal,coal_int_conv pul 1971-1975,2005,OM-var,2.12,coal (conv pul) (dry cooling)
intermediate generation,coal,coal_int_conv pul 1976-1980,2005,OM-var,2.12,coal (conv pul) (once through)
intermediate generation,coal,coal_int_conv pul 1976-1980,2005,OM-var,2.12,coal (conv pul) (seawater)
intermediate generation,coal,coal_int_conv pul 1976-1980,2005,OM-var,2.12,coal (conv pul) (recirculating)
intermediate generation,coal,coal_int_conv pul 1976-1980,2005,OM-var,2.12,coal (conv pul) (cooling pond)
intermediate generation,coal,coal_int_conv pul 1976-1980,2005,OM-var,2.12,coal (conv pul) (dry cooling)
intermediate generation,coal,coal_int_conv pul 1981-1985,2005,OM-var,2.12,coal (conv pul) (once through)
intermediate generation,coal,coal_int_conv pul 1981-1985,2005,OM-var,2.12,coal (conv pul) (seawater)
intermediate generation,coal,coal_int_conv pul 1981-1985,2005,OM-var,2.12,coal (conv pul) (recirculating)
intermediate generation,coal,coal_int_conv pul 1981-1985,2005,OM-var,2.12,coal (conv pul) (cooling pond)
intermediate generation,coal,coal_int_conv pul 1981-1985,2005,OM-var,2.12,coal (conv pul) (dry cooling)
intermediate generation,coal,coal_int_conv pul 1986-1990,2005,OM-var,2.12,coal (conv pul) (once through)
intermediate generation,coal,coal_int_conv pul 1986-1990,2005,OM-var,2.12,coal (conv pul) (seawater)
intermediate generation,coal,coal_int_conv pul 1986-1990,2005,OM-var,2.12,coal (conv pul) (recirculating)
intermediate generation,coal,coal_int_conv pul 1986-1990,2005,OM-var,2.12,coal (conv pul) (cooling pond)
intermediate generation,coal,coal_int_conv pul 1986-1990,2005,OM-var,2.12,coal (conv pul) (dry cooling)
intermediate generation,coal,coal_int_conv pul 1991-1995,2005,OM-var,2.12,coal (conv pul) (once through)
intermediate generation,coal,coal_int_conv pul 1991-1995,2005,OM-var,2.12,coal (conv pul) (seawater)
intermediate generation,coal,coal_int_conv pul 1991-1995,2005,OM-var,2.12,coal (conv pul) (recirculating)
intermediate generation,coal,coal_int_conv pul 1991-1995,2005,OM-var,2.12,coal (conv pul) (cooling pond)
intermediate generation,coal,coal_int_conv pul 1991-1995,2005,OM-var,2.12,coal (conv pul) (dry cooling)
intermediate generation,coal,coal_int_conv pul 1996-2000,2005,OM-var,2.12,coal (conv pul) (once through)
intermediate generation,coal,coal_int_conv pul 1996-2000,2005,OM-var,2.12,coal (conv pul) (seawater)
intermediate generation,coal,coal_int_conv pul 1996-2000,2005,OM-var,2.12,coal (conv pul) (recirculating)
intermediate generation,coal,coal_int_conv pul 1996-2000,2005,OM-var,2.12,coal (conv pul) (cooling pond)
intermediate generation,coal,coal_int_conv pul 1996-2000,2005,OM-var,2.12,coal (conv pul) (dry cooling)
intermediate generation,coal,coal_int_conv pul 2001-2005,2005,OM-var,2.12,coal (conv pul) (once through)
intermediate generation,coal,coal_int_conv pul 2001-2005,2005,OM-var,2.12,coal (conv pul) (seawater)
intermediate generation,coal,coal_int_conv pul 2001-2005,2005,OM-var,2.12,coal (conv pul) (recirculating)
intermediate generation,coal,coal_int_conv pul 2001-2005,2005,OM-var,2.12,coal (conv pul) (cooling pond)
intermediate generation,coal,coal_int_conv pul 2001-2005,2005,OM-var,2.12,coal (conv pul) (dry cooling)
intermediate generation,coal,coal_int_conv pul 2006-2010,2005,OM-var,2.12,coal (conv pul) (once through)
intermediate generation,coal,coal_int_conv pul 2006-2010,2005,OM-var,2.12,coal (conv pul) (seawater)
intermediate generation,coal,coal_int_conv pul 2006-2010,2005,OM-var,2.12,coal (conv pul) (recirculating)
intermediate generation,coal,coal_int_conv pul 2006-2010,2005,OM-var,2.12,coal (conv pul) (cooling pond)
intermediate generation,coal,coal_int_conv pul 2006-2010,2005,OM-var,2.12,coal (conv pul) (dry cooling)
intermediate generation,coal,coal_int_conv pul 2011-2015,2005,OM-var,2.12,coal (conv pul) (once through)
intermediate generation,coal,coal_int_conv pul 2011-2015,2005,OM-var,2.12,coal (conv pul) (seawater)
intermediate generation,coal,coal_int_conv pul 2011-2015,2005,OM-var,2.12,coal (conv pul) (recirculating)
intermediate generation,coal,coal_int_conv pul 2011-2015,2005,OM-var,2.12,coal (conv pul) (cooling pond)
intermediate generation,coal,coal_int_conv pul 2011-2015,2005,OM-var,2.12,coal (conv pul) (dry cooling)
intermediate generation,coal,coal_int_conv pul 2016-2021,2005,OM-var,2.12,coal (conv pul) (once through)
intermediate generation,coal,coal_int_conv pul 2016-2021,2005,OM-var,2.12,coal (conv pul) (seawater)
intermediate generation,coal,coal_int_conv pul 2016-2021,2005,OM-var,2.12,coal (conv pul) (recirculating)
intermediate generation,coal,coal_int_conv pul 2016-2021,2005,OM-var,2.12,coal (conv pul) (cooling pond)
intermediate generation,coal,coal_int_conv pul 2016-2021,2005,OM-var,2.12,coal (conv pul) (dry cooling)
intermediate generation,coal,coal_int_conv pul before 1950,2005,OM-var,2.12,coal (conv pul) (once through)
intermediate generation,coal,coal_int_conv pul before 1950,2005,OM-var,2.12,coal (conv pul) (seawater)
intermediate generation,coal,coal_int_conv pul before 1950,2005,OM-var,2.12,coal (conv pul) (recirculating)
intermediate generation,coal,coal_int_conv pul before 1950,2005,OM-var,2.12,coal (conv pul) (cooling pond)
intermediate generation,coal,coal_int_conv pul before 1950,2005,OM-var,2.12,coal (conv pul) (dry cooling)
intermediate generation,coal,coal_int_conv pul_retire_2023,2005,OM-var,2.12,coal (conv pul) (once through)
intermediate generation,coal,coal_int_conv pul_retire_2023,2005,OM-var,2.12,coal (conv pul) (seawater)
intermediate generation,coal,coal_int_conv pul_retire_2023,2005,OM-var,2.12,coal (conv pul) (recirculating)
intermediate generation,coal,coal_int_conv pul_retire_2023,2005,OM-var,2.12,coal (conv pul) (cooling pond)
intermediate generation,coal,coal_int_conv pul_retire_2023,2005,OM-var,2.12,coal (conv pul) (dry cooling)
intermediate generation,biomass,biomass_int_conv,2010,OM-var,1.29,biomass (conv) (once through)
intermediate generation,biomass,biomass_int_conv,2010,OM-var,1.29,biomass (conv) (seawater)
intermediate generation,biomass,biomass_int_conv,2010,OM-var,1.29,biomass (conv) (recirculating)
intermediate generation,biomass,biomass_int_conv,2010,OM-var,1.29,biomass (conv) (cooling pond)
intermediate generation,biomass,biomass_int_conv,2010,OM-var,1.29,biomass (conv) (dry cooling)
intermediate generation,biomass,biomass_int_conv_CCS,2010,OM-var,3.96,biomass (conv CCS) (once through)
intermediate generation,biomass,biomass_int_conv_CCS,2010,OM-var,3.96,biomass (conv CCS) (seawater)
intermediate generation,biomass,biomass_int_conv_CCS,2010,OM-var,3.96,biomass (conv CCS) (recirculating)
intermediate generation,biomass,biomass_int_conv_CCS,2010,OM-var,3.96,biomass (conv CCS) (dry cooling)
intermediate generation,biomass,biomass_int_IGCC,2010,OM-var,3.05,biomass (IGCC) (once through)
intermediate generation,biomass,biomass_int_IGCC,2010,OM-var,3.05,biomass (IGCC) (seawater)
intermediate generation,biomass,biomass_int_IGCC,2010,OM-var,3.05,biomass (IGCC) (recirculating)
intermediate generation,biomass,biomass_int_IGCC,2010,OM-var,3.05,biomass (IGCC) (dry cooling)
intermediate generation,biomass,biomass_int_IGCC_CCS,2010,OM-var,5.98,biomass (IGCC CCS) (once through)
intermediate generation,biomass,biomass_int_IGCC_CCS,2010,OM-var,5.98,biomass (IGCC CCS) (seawater)
intermediate generation,biomass,biomass_int_IGCC_CCS,2010,OM-var,5.98,biomass (IGCC CCS) (recirculating)
intermediate generation,biomass,biomass_int_IGCC_CCS,2010,OM-var,5.98,biomass (IGCC CCS) (dry cooling)
intermediate generation,coal,coal_int_conv pul,2010,OM-var,2.12,coal (conv pul) (once through)
intermediate generation,coal,coal_int_conv pul,2010,OM-var,2.12,coal (conv pul) (seawater)
intermediate generation,coal,coal_int_conv pul,2010,OM-var,2.12,coal (conv pul) (recirculating)
intermediate generation,coal,coal_int_conv pul,2010,OM-var,2.12,coal (conv pul) (cooling pond)
intermediate generation,coal,coal_int_conv pul,2010,OM-var,2.12,coal (conv pul) (dry cooling)
intermediate generation,coal,coal_int_conv pul_CCS,2010,OM-var,3.74,coal (conv pul CCS) (once through)
intermediate generation,coal,coal_int_conv pul_CCS,2010,OM-var,3.74,coal (conv pul CCS) (seawater)
intermediate generation,coal,coal_int_conv pul_CCS,2010,OM-var,3.74,coal (conv pul CCS) (recirculating)
intermediate generation,coal,coal_int_conv pul_CCS,2010,OM-var,3.74,coal (conv pul CCS) (dry cooling)
intermediate generation,coal,coal_int_IGCC,2010,OM-var,3.87,coal (IGCC) (once through)
intermediate generation,coal,coal_int_IGCC,2010,OM-var,3.87,coal (IGCC) (seawater)
intermediate generation,coal,coal_int_IGCC,2010,OM-var,3.87,coal (IGCC) (recirculating)
intermediate generation,coal,coal_int_IGCC,2010,OM-var,3.87,coal (IGCC) (dry cooling)
intermediate generation,coal,coal_int_IGCC_CCS,2010,OM-var,5.76,coal (IGCC CCS) (once through)
intermediate generation,coal,coal_int_IGCC_CCS,2010,OM-var,5.76,coal (IGCC CCS) (seawater)
intermediate generation,coal,coal_int_IGCC_CCS,2010,OM-var,5.76,coal (IGCC CCS) (recirculating)
intermediate generation,coal,coal_int_IGCC_CCS,2010,OM-var,5.76,coal (IGCC CCS) (dry cooling)
intermediate generation,gas,gas_int_CC,2010,OM-var,0.47,gas (CC) (once through)
intermediate generation,gas,gas_int_CC,2010,OM-var,0.47,gas (CC) (seawater)
intermediate generation,gas,gas_int_CC,2010,OM-var,0.47,gas (CC) (recirculating)
intermediate generation,gas,gas_int_CC,2010,OM-var,0.47,gas (CC) (cooling pond)
intermediate generation,gas,gas_int_CC,2010,OM-var,0.47,gas (CC) (dry cooling)
intermediate generation,gas,gas_int_CC_CCS,2010,OM-var,1.18,gas (CC CCS) (once through)
intermediate generation,gas,gas_int_CC_CCS,2010,OM-var,1.18,gas (CC CCS) (seawater)
intermediate generation,gas,gas_int_CC_CCS,2010,OM-var,1.18,gas (CC CCS) (recirculating)
intermediate generation,gas,gas_int_CC_CCS,2010,OM-var,1.18,gas (CC CCS) (dry cooling)
intermediate generation,refined liquids,refined liquids_int_steam/CT,2010,OM-var,1.33,refined liquids (steam/CT) (once through)
intermediate generation,refined liquids,refined liquids_int_steam/CT,2010,OM-var,1.33,refined liquids (steam/CT) (seawater)
intermediate generation,refined liquids,refined liquids_int_steam/CT,2010,OM-var,1.33,refined liquids (steam/CT) (recirculating)
intermediate generation,refined liquids,refined liquids_int_steam/CT,2010,OM-var,1.33,refined liquids (steam/CT) (cooling pond)
intermediate generation,refined liquids,refined liquids_int_steam/CT,2010,OM-var,1.33,refined liquids (steam/CT) (dry cooling)
intermediate generation,refined liquids,refined liquids_int_CC,2010,OM-var,0.47,refined liquids (CC) (once through)
intermediate generation,refined liquids,refined liquids_int_CC,2010,OM-var,0.47,refined liquids (CC) (seawater)
intermediate generation,refined liquids,refined liquids_int_CC,2010,OM-var,0.47,refined liquids (CC) (recirculating)
intermediate generation,refined liquids,refined liquids_int_CC,2010,OM-var,0.47,refined liquids (CC) (dry cooling)
intermediate generation,refined liquids,refined liquids_int_CC_CCS,2010,OM-var,1.18,refined liquids (CC CCS) (once through)
intermediate generation,refined liquids,refined liquids_int_CC_CCS,2010,OM-var,1.18,refined liquids (CC CCS) (seawater)
intermediate generation,refined liquids,refined liquids_int_CC_CCS,2010,OM-var,1.18,refined liquids (CC CCS) (recirculating)
intermediate generation,refined liquids,refined liquids_int_CC_CCS,2010,OM-var,1.18,refined liquids (CC CCS) (dry cooling)
intermediate generation,coal,coal_int_conv pul 1951-1955,2010,OM-var,2.12,coal (conv pul) (once through)
intermediate generation,coal,coal_int_conv pul 1951-1955,2010,OM-var,2.12,coal (conv pul) (seawater)
intermediate generation,coal,coal_int_conv pul 1951-1955,2010,OM-var,2.12,coal (conv pul) (recirculating)
intermediate generation,coal,coal_int_conv pul 1951-1955,2010,OM-var,2.12,coal (conv pul) (cooling pond)
intermediate generation,coal,coal_int_conv pul 1951-1955,2010,OM-var,2.12,coal (conv pul) (dry cooling)
intermediate generation,coal,coal_int_conv pul 1956-1960,2010,OM-var,2.12,coal (conv pul) (once through)
intermediate generation,coal,coal_int_conv pul 1956-1960,2010,OM-var,2.12,coal (conv pul) (seawater)
intermediate generation,coal,coal_int_conv pul 1956-1960,2010,OM-var,2.12,coal (conv pul) (recirculating)
intermediate generation,coal,coal_int_conv pul 1956-1960,2010,OM-var,2.12,coal (conv pul) (cooling pond)
intermediate generation,coal,coal_int_conv pul 1956-1960,2010,OM-var,2.12,coal (conv pul) (dry cooling)
intermediate generation,coal,coal_int_conv pul 1961-1965,2010,OM-var,2.12,coal (conv pul) (once through)
intermediate generation,coal,coal_int_conv pul 1961-1965,2010,OM-var,2.12,coal (conv pul) (seawater)
intermediate generation,coal,coal_int_conv pul 1961-1965,2010,OM-var,2.12,coal (conv pul) (recirculating)
intermediate generation,coal,coal_int_conv pul 1961-1965,2010,OM-var,2.12,coal (conv pul) (cooling pond)
intermediate generation,coal,coal_int_conv pul 1961-1965,2010,OM-var,2.12,coal (conv pul) (dry cooling)
intermediate generation,coal,coal_int_conv pul 1966-1970,2010,OM-var,2.12,coal (conv pul) (once through)
intermediate generation,coal,coal_int_conv pul 1966-1970,2010,OM-var,2.12,coal (conv pul) (seawater)
intermediate generation,coal,coal_int_conv pul 1966-1970,2010,OM-var,2.12,coal (conv pul) (recirculating)
intermediate generation,coal,coal_int_conv pul 1966-1970,2010,OM-var,2.12,coal (conv pul) (cooling pond)
intermediate generation,coal,coal_int_conv pul 1966-1970,2010,OM-var,2.12,coal (conv pul) (dry cooling)
intermediate generation,coal,coal_int_conv pul 1971-1975,2010,OM-var,2.12,coal (conv pul) (once through)
intermediate generation,coal,coal_int_conv pul 1971-1975,2010,OM-var,2.12,coal (conv pul) (seawater)
intermediate generation,coal,coal_int_conv pul 1971-1975,2010,OM-var,2.12,coal (conv pul) (recirculating)
intermediate generation,coal,coal_int_conv pul 1971-1975,2010,OM-var,2.12,coal (conv pul) (cooling pond)
intermediate generation,coal,coal_int_conv pul 1971-1975,2010,OM-var,2.12,coal (conv pul) (dry cooling)
intermediate generation,coal,coal_int_conv pul 1976-1980,2010,OM-var,2.12,coal (conv pul) (once through)
intermediate generation,coal,coal_int_conv pul 1976-1980,2010,OM-var,2.12,coal (conv pul) (seawater)
intermediate generation,coal,coal_int_conv pul 1976-1980,2010,OM-var,2.12,coal (conv pul) (recirculating)
intermediate generation,coal,coal_int_conv pul 1976-1980,2010,OM-var,2.12,coal (conv pul) (cooling pond)
intermediate generation,coal,coal_int_conv pul 1976-1980,2010,OM-var,2.12,coal (conv pul) (dry cooling)
intermediate generation,coal,coal_int_conv pul 1981-1985,2010,OM-var,2.12,coal (conv pul) (once through)
intermediate generation,coal,coal_int_conv pul 1981-1985,2010,OM-var,2.12,coal (conv pul) (seawater)
intermediate generation,coal,coal_int_conv pul 1981-1985,2010,OM-var,2.12,coal (conv pul) (recirculating)
intermediate generation,coal,coal_int_conv pul 1981-1985,2010,OM-var,2.12,coal (conv pul) (cooling pond)
intermediate generation,coal,coal_int_conv pul 1981-1985,2010,OM-var,2.12,coal (conv pul) (dry cooling)
intermediate generation,coal,coal_int_conv pul 1986-1990,2010,OM-var,2.12,coal (conv pul) (once through)
intermediate generation,coal,coal_int_conv pul 1986-1990,2010,OM-var,2.12,coal (conv pul) (seawater)
intermediate generation,coal,coal_int_conv pul 1986-1990,2010,OM-var,2.12,coal (conv pul) (recirculating)
intermediate generation,coal,coal_int_conv pul 1986-1990,2010,OM-var,2.12,coal (conv pul) (cooling pond)
intermediate generation,coal,coal_int_conv pul 1986-1990,2010,OM-var,2.12,coal (conv pul) (dry cooling)
intermediate generation,coal,coal_int_conv pul 1991-1995,2010,OM-var,2.12,coal (conv pul) (once through)
intermediate generation,coal,coal_int_conv pul 1991-1995,2010,OM-var,2.12,coal (conv pul) (seawater)
intermediate generation,coal,coal_int_conv pul 1991-1995,2010,OM-var,2.12,coal (conv pul) (recirculating)
intermediate generation,coal,coal_int_conv pul 1991-1995,2010,OM-var,2.12,coal (conv pul) (cooling pond)
intermediate generation,coal,coal_int_conv pul 1991-1995,2010,OM-var,2.12,coal (conv pul) (dry cooling)
intermediate generation,coal,coal_int_conv pul 1996-2000,2010,OM-var,2.12,coal (conv pul) (once through)
intermediate generation,coal,coal_int_conv pul 1996-2000,2010,OM-var,2.12,coal (conv pul) (seawater)
intermediate generation,coal,coal_int_conv pul 1996-2000,2010,OM-var,2.12,coal (conv pul) (recirculating)
intermediate generation,coal,coal_int_conv pul 1996-2000,2010,OM-var,2.12,coal (conv pul) (cooling pond)
intermediate generation,coal,coal_int_conv pul 1996-2000,2010,OM-var,2.12,coal (conv pul) (dry cooling)
intermediate generation,coal,coal_int_conv pul 2001-2005,2010,OM-var,2.12,coal (conv pul) (once through)
intermediate generation,coal,coal_int_conv pul 2001-2005,2010,OM-var,2.12,coal (conv pul) (seawater)
intermediate generation,coal,coal_int_conv pul 2001-2005,2010,OM-var,2.12,coal (conv pul) (recirculating)
intermediate generation,coal,coal_int_conv pul 2001-2005,2010,OM-var,2.12,coal (conv pul) (cooling pond)
intermediate generation,coal,coal_int_conv pul 2001-2005,2010,OM-var,2.12,coal (conv pul) (dry cooling)
intermediate generation,coal,coal_int_conv pul 2006-2010,2010,OM-var,2.12,coal (conv pul) (once through)
intermediate generation,coal,coal_int_conv pul 2006-2010,2010,OM-var,2.12,coal (conv pul) (seawater)
intermediate generation,coal,coal_int_conv pul 2006-2010,2010,OM-var,2.12,coal (conv pul) (recirculating)
intermediate generation,coal,coal_int_conv pul 2006-2010,2010,OM-var,2.12,coal (conv pul) (cooling pond)
intermediate generation,coal,coal_int_conv pul 2006-2010,2010,OM-var,2.12,coal (conv pul) (dry cooling)
intermediate generation,coal,coal_int_conv pul 2011-2015,2010,OM-var,2.12,coal (conv pul) (once through)
intermediate generation,coal,coal_int_conv pul 2011-2015,2010,OM-var,2.12,coal (conv pul) (seawater)
intermediate generation,coal,coal_int_conv pul 2011-2015,2010,OM-var,2.12,coal (conv pul) (recirculating)
intermediate generation,coal,coal_int_conv pul 2011-2015,2010,OM-var,2.12,coal (conv pul) (cooling pond)
intermediate generation,coal,coal_int_conv pul 2011-2015,2010,OM-var,2.12,coal (conv pul) (dry cooling)
intermediate generation,coal,coal_int_conv pul 2016-2021,2010,OM-var,2.12,coal (conv pul) (once through)
intermediate generation,coal,coal_int_conv pul 2016-2021,2010,OM-var,2.12,coal (conv pul) (seawater)
intermediate generation,coal,coal_int_conv pul 2016-2021,2010,OM-var,2.12,coal (conv pul) (recirculating)
intermediate generation,coal,coal_int_conv pul 2016-2021,2010,OM-var,2.12,coal (conv pul) (cooling pond)
intermediate generation,coal,coal_int_conv pul 2016-2021,2010,OM-var,2.12,coal (conv pul) (dry cooling)
intermediate generation,coal,coal_int_conv pul before 1950,2010,OM-var,2.12,coal (conv pul) (once through)
intermediate generation,coal,coal_int_conv pul before 1950,2010,OM-var,2.12,coal (conv pul) (seawater)
intermediate generation,coal,coal_int_conv pul before 1950,2010,OM-var,2.12,coal (conv pul) (recirculating)
intermediate generation,coal,coal_int_conv pul before 1950,2010,OM-var,2.12,coal (conv pul) (cooling pond)
intermediate generation,coal,coal_int_conv pul before 1950,2010,OM-var,2.12,coal (conv pul) (dry cooling)
intermediate generation,coal,coal_int_conv pul_retire_2023,2010,OM-var,2.12,coal (conv pul) (once through)
intermediate generation,coal,coal_int_conv pul_retire_2023,2010,OM-var,2.12,coal (conv pul) (seawater)
intermediate generation,coal,coal_int_conv pul_retire_2023,2010,OM-var,2.12,coal (conv pul) (recirculating)
intermediate generation,coal,coal_int_conv pul_retire_2023,2010,OM-var,2.12,coal (conv pul) (cooling pond)
intermediate generation,coal,coal_int_conv pul_retire_2023,2010,OM-var,2.12,coal (conv pul) (dry cooling)
intermediate generation,biomass,biomass_int_conv,2015,OM-var,1.29,biomass (conv) (once through)
intermediate generation,biomass,biomass_int_conv,2015,OM-var,1.29,biomass (conv) (seawater)
intermediate generation,biomass,biomass_int_conv,2015,OM-var,1.29,biomass (conv) (recirculating)
intermediate generation,biomass,biomass_int_conv,2015,OM-var,1.29,biomass (conv) (cooling pond)
intermediate generation,biomass,biomass_int_conv,2015,OM-var,1.29,biomass (conv) (dry cooling)
intermediate generation,biomass,biomass_int_conv_CCS,2015,OM-var,3.96,biomass (conv CCS) (once through)
intermediate generation,biomass,biomass_int_conv_CCS,2015,OM-var,3.96,biomass (conv CCS) (seawater)
intermediate generation,biomass,biomass_int_conv_CCS,2015,OM-var,3.96,biomass (conv CCS) (recirculating)
intermediate generation,biomass,biomass_int_conv_CCS,2015,OM-var,3.96,biomass (conv CCS) (dry cooling)
intermediate generation,biomass,biomass_int_IGCC,2015,OM-var,3.05,biomass (IGCC) (once through)
intermediate generation,biomass,biomass_int_IGCC,2015,OM-var,3.05,biomass (IGCC) (seawater)
intermediate generation,biomass,biomass_int_IGCC,2015,OM-var,3.05,biomass (IGCC) (recirculating)
intermediate generation,biomass,biomass_int_IGCC,2015,OM-var,3.05,biomass (IGCC) (dry cooling)
intermediate generation,biomass,biomass_int_IGCC_CCS,2015,OM-var,5.98,biomass (IGCC CCS) (once through)
intermediate generation,biomass,biomass_int_IGCC_CCS,2015,OM-var,5.98,biomass (IGCC CCS) (seawater)
intermediate generation,biomass,biomass_int_IGCC_CCS,2015,OM-var,5.98,biomass (IGCC CCS) (recirculating)
intermediate generation,biomass,biomass_int_IGCC_CCS,2015,OM-var,5.98,biomass (IGCC CCS) (dry cooling)
intermediate generation,coal,coal_int_conv pul,2015,OM-var,2.12,coal (conv pul) (once through)
intermediate generation,coal,coal_int_conv pul,2015,OM-var,2.12,coal (conv pul) (seawater)
intermediate generation,coal,coal_int_conv pul,2015,OM-var,2.12,coal (conv pul) (recirculating)
intermediate generation,coal,coal_int_conv pul,2015,OM-var,2.12,coal (conv pul) (cooling pond)
intermediate generation,coal,coal_int_conv pul,2015,OM-var,2.12,coal (conv pul) (dry cooling)
intermediate generation,coal,coal_int_conv pul_CCS,2015,OM-var,3.74,coal (conv pul CCS) (once through)
intermediate generation,coal,coal_int_conv pul_CCS,2015,OM-var,3.74,coal (conv pul CCS) (seawater)
intermediate generation,coal,coal_int_conv pul_CCS,2015,OM-var,3.74,coal (conv pul CCS) (recirculating)
intermediate generation,coal,coal_int_conv pul_CCS,2015,OM-var,3.74,coal (conv pul CCS) (dry cooling)
intermediate generation,coal,coal_int_IGCC,2015,OM-var,3.87,coal (IGCC) (once through)
intermediate generation,coal,coal_int_IGCC,2015,OM-var,3.87,coal (IGCC) (seawater)
intermediate generation,coal,coal_int_IGCC,2015,OM-var,3.87,coal (IGCC) (recirculating)
intermediate generation,coal,coal_int_IGCC,2015,OM-var,3.87,coal (IGCC) (dry cooling)
intermediate generation,coal,coal_int_IGCC_CCS,2015,OM-var,5.76,coal (IGCC CCS) (once through)
intermediate generation,coal,coal_int_IGCC_CCS,2015,OM-var,5.76,coal (IGCC CCS) (seawater)
intermediate generation,coal,coal_int_IGCC_CCS,2015,OM-var,5.76,coal (IGCC CCS) (recirculating)
intermediate generation,coal,coal_int_IGCC_CCS,2015,OM-var,5.76,coal (IGCC CCS) (dry cooling)
intermediate generation,gas,gas_int_CC,2015,OM-var,0.47,gas (CC) (once through)
intermediate generation,gas,gas_int_CC,2015,OM-var,0.47,gas (CC) (seawater)
intermediate generation,gas,gas_int_CC,2015,OM-var,0.47,gas (CC) (recirculating)
intermediate generation,gas,gas_int_CC,2015,OM-var,0.47,gas (CC) (cooling pond)
intermediate generation,gas,gas_int_CC,2015,OM-var,0.47,gas (CC) (dry cooling)
intermediate generation,gas,gas_int_CC_CCS,2015,OM-var,1.18,gas (CC CCS) (once through)
intermediate generation,gas,gas_int_CC_CCS,2015,OM-var,1.18,gas (CC CCS) (seawater)
intermediate generation,gas,gas_int_CC_CCS,2015,OM-var,1.18,gas (CC CCS) (recirculating)
intermediate generation,gas,gas_int_CC_CCS,2015,OM-var,1.18,gas (CC CCS) (dry cooling)
intermediate generation,refined liquids,refined liquids_int_steam/CT,2015,OM-var,1.33,refined liquids (steam/CT) (once through)
intermediate generation,refined liquids,refined liquids_int_steam/CT,2015,OM-var,1.33,refined liquids (steam/CT) (seawater)
intermediate generation,refined liquids,refined liquids_int_steam/CT,2015,OM-var,1.33,refined liquids (steam/CT) (recirculating)
intermediate generation,refined liquids,refined liquids_int_steam/CT,2015,OM-var,1.33,refined liquids (steam/CT) (cooling pond)
intermediate generation,refined liquids,refined liquids_int_steam/CT,2015,OM-var,1.33,refined liquids (steam/CT) (dry cooling)
intermediate generation,refined liquids,refined liquids_int_CC,2015,OM-var,0.47,refined liquids (CC) (once through)
intermediate generation,refined liquids,refined liquids_int_CC,2015,OM-var,0.47,refined liquids (CC) (seawater)
intermediate generation,refined liquids,refined liquids_int_CC,2015,OM-var,0.47,refined liquids (CC) (recirculating)
intermediate generation,refined liquids,refined liquids_int_CC,2015,OM-var,0.47,refined liquids (CC) (dry cooling)
intermediate generation,refined liquids,refined liquids_int_CC_CCS,2015,OM-var,1.18,refined liquids (CC CCS) (once through)
intermediate generation,refined liquids,refined liquids_int_CC_CCS,2015,OM-var,1.18,refined liquids (CC CCS) (seawater)
intermediate generation,refined liquids,refined liquids_int_CC_CCS,2015,OM-var,1.18,refined liquids (CC CCS) (recirculating)
intermediate generation,refined liquids,refined liquids_int_CC_CCS,2015,OM-var,1.18,refined liquids (CC CCS) (dry cooling)
intermediate generation,coal,coal_int_conv pul 1951-1955,2015,OM-var,2.12,coal (conv pul) (once through)
intermediate generation,coal,coal_int_conv pul 1951-1955,2015,OM-var,2.12,coal (conv pul) (seawater)
intermediate generation,coal,coal_int_conv pul 1951-1955,2015,OM-var,2.12,coal (conv pul) (recirculating)
intermediate generation,coal,coal_int_conv pul 1951-1955,2015,OM-var,2.12,coal (conv pul) (cooling pond)
intermediate generation,coal,coal_int_conv pul 1951-1955,2015,OM-var,2.12,coal (conv pul) (dry cooling)
intermediate generation,coal,coal_int_conv pul 1956-1960,2015,OM-var,2.12,coal (conv pul) (once through)
intermediate generation,coal,coal_int_conv pul 1956-1960,2015,OM-var,2.12,coal (conv pul) (seawater)
intermediate generation,coal,coal_int_conv pul 1956-1960,2015,OM-var,2.12,coal (conv pul) (recirculating)
intermediate generation,coal,coal_int_conv pul 1956-1960,2015,OM-var,2.12,coal (conv pul) (cooling pond)
intermediate generation,coal,coal_int_conv pul 1956-1960,2015,OM-var,2.12,coal (conv pul) (dry cooling)
intermediate generation,coal,coal_int_conv pul 1961-1965,2015,OM-var,2.12,coal (conv pul) (once through)
intermediate generation,coal,coal_int_conv pul 1961-1965,2015,OM-var,2.12,coal (conv pul) (seawater)
intermediate generation,coal,coal_int_conv pul 1961-1965,2015,OM-var,2.12,coal (conv pul) (recirculating)
intermediate generation,coal,coal_int_conv pul 1961-1965,2015,OM-var,2.12,coal (conv pul) (cooling pond)
intermediate generation,coal,coal_int_conv pul 1961-1965,2015,OM-var,2.12,coal (conv pul) (dry cooling)
intermediate generation,coal,coal_int_conv pul 1966-1970,2015,OM-var,2.12,coal (conv pul) (once through)
intermediate generation,coal,coal_int_conv pul 1966-1970,2015,OM-var,2.12,coal (conv pul) (seawater)
intermediate generation,coal,coal_int_conv pul 1966-1970,2015,OM-var,2.12,coal (conv pul) (recirculating)
intermediate generation,coal,coal_int_conv pul 1966-1970,2015,OM-var,2.12,coal (conv pul) (cooling pond)
intermediate generation,coal,coal_int_conv pul 1966-1970,2015,OM-var,2.12,coal (conv pul) (dry cooling)
intermediate generation,coal,coal_int_conv pul 1971-1975,2015,OM-var,2.12,coal (conv pul) (once through)
intermediate generation,coal,coal_int_conv pul 1971-1975,2015,OM-var,2.12,coal (conv pul) (seawater)
intermediate generation,coal,coal_int_conv pul 1971-1975,2015,OM-var,2.12,coal (conv pul) (recirculating)
intermediate generation,coal,coal_int_conv pul 1971-1975,2015,OM-var,2.12,coal (conv pul) (cooling pond)
intermediate generation,coal,coal_int_conv pul 1971-1975,2015,OM-var,2.12,coal (conv pul) (dry cooling)
intermediate generation,coal,coal_int_conv pul 1976-1980,2015,OM-var,2.12,coal (conv pul) (once through)
intermediate generation,coal,coal_int_conv pul 1976-1980,2015,OM-var,2.12,coal (conv pul) (seawater)
intermediate generation,coal,coal_int_conv pul 1976-1980,2015,OM-var,2.12,coal (conv pul) (recirculating)
intermediate generation,coal,coal_int_conv pul 1976-1980,2015,OM-var,2.12,coal (conv pul) (cooling pond)
intermediate generation,coal,coal_int_conv pul 1976-1980,2015,OM-var,2.12,coal (conv pul) (dry cooling)
intermediate generation,coal,coal_int_conv pul 1981-1985,2015,OM-var,2.12,coal (conv pul) (once through)
intermediate generation,coal,coal_int_conv pul 1981-1985,2015,OM-var,2.12,coal (conv pul) (seawater)
intermediate generation,coal,coal_int_conv pul 1981-1985,2015,OM-var,2.12,coal (conv pul) (recirculating)
intermediate generation,coal,coal_int_conv pul 1981-1985,2015,OM-var,2.12,coal (conv pul) (cooling pond)
intermediate generation,coal,coal_int_conv pul 1981-1985,2015,OM-var,2.12,coal (conv pul) (dry cooling)
intermediate generation,coal,coal_int_conv pul 1986-1990,2015,OM-var,2.12,coal (conv pul) (once through)
intermediate generation,coal,coal_int_conv pul 1986-1990,2015,OM-var,2.12,coal (conv pul) (seawater)
intermediate generation,coal,coal_int_conv pul 1986-1990,2015,OM-var,2.12,coal (conv pul) (recirculating)
intermediate generation,coal,coal_int_conv pul 1986-1990,2015,OM-var,2.12,coal (conv pul) (cooling pond)
intermediate generation,coal,coal_int_conv pul 1986-1990,2015,OM-var,2.12,coal (conv pul) (dry cooling)
intermediate generation,coal,coal_int_conv pul 1991-1995,2015,OM-var,2.12,coal (conv pul) (once through)
intermediate generation,coal,coal_int_conv pul 1991-1995,2015,OM-var,2.12,coal (conv pul) (seawater)
intermediate generation,coal,coal_int_conv pul 1991-1995,2015,OM-var,2.12,coal (conv pul) (recirculating)
intermediate generation,coal,coal_int_conv pul 1991-1995,2015,OM-var,2.12,coal (conv pul) (cooling pond)
intermediate generation,coal,coal_int_conv pul 1991-1995,2015,OM-var,2.12,coal (conv pul) (dry cooling)
intermediate generation,coal,coal_int_conv pul 1996-2000,2015,OM-var,2.12,coal (conv pul) (once through)
intermediate generation,coal,coal_int_conv pul 1996-2000,2015,OM-var,2.12,coal (conv pul) (seawater)
intermediate generation,coal,coal_int_conv pul 1996-2000,2015,OM-var,2.12,coal (conv pul) (recirculating)
intermediate generation,coal,coal_int_conv pul 1996-2000,2015,OM-var,2.12,coal (conv pul) (cooling pond)
intermediate generation,coal,coal_int_conv pul 1996-2000,2015,OM-var,2.12,coal (conv pul) (dry cooling)
intermediate generation,coal,coal_int_conv pul 2001-2005,2015,OM-var,2.12,coal (conv pul) (once through)
intermediate generation,coal,coal_int_conv pul 2001-2005,2015,OM-var,2.12,coal (conv pul) (seawater)
intermediate generation,coal,coal_int_conv pul 2001-2005,2015,OM-var,2.12,coal (conv pul) (recirculating)
intermediate generation,coal,coal_int_conv pul 2001-2005,2015,OM-var,2.12,coal (conv pul) (cooling pond)
intermediate generation,coal,coal_int_conv pul 2001-2005,2015,OM-var,2.12,coal (conv pul) (dry cooling)
intermediate generation,coal,coal_int_conv pul 2006-2010,2015,OM-var,2.12,coal (conv pul) (once through)
intermediate generation,coal,coal_int_conv pul 2006-2010,2015,OM-var,2.12,coal (conv pul) (seawater)
intermediate generation,coal,coal_int_conv pul 2006-2010,2015,OM-var,2.12,coal (conv pul) (recirculating)
intermediate generation,coal,coal_int_conv pul 2006-2010,2015,OM-var,2.12,coal (conv pul) (cooling pond)
intermediate generation,coal,coal_int_conv pul 2006-2010,2015,OM-var,2.12,coal (conv pul) (dry cooling)
intermediate generation,coal,coal_int_conv pul 2011-2015,2015,OM-var,2.12,coal (conv pul) (once through)
intermediate generation,coal,coal_int_conv pul 2011-2015,2015,OM-var,2.12,coal (conv pul) (seawater)
intermediate generation,coal,coal_int_conv pul 2011-2015,2015,OM-var,2.12,coal (conv pul) (recirculating)
intermediate generation,coal,coal_int_conv pul 2011-2015,2015,OM-var,2.12,coal (conv pul) (cooling pond)
intermediate generation,coal,coal_int_conv pul 2011-2015,2015,OM-var,2.12,coal (conv pul) (dry cooling)
intermediate generation,coal,coal_int_conv pul 2016-2021,2015,OM-var,2.12,coal (conv pul) (once through)
intermediate generation,coal,coal_int_conv pul 2016-2021,2015,OM-var,2.12,coal (conv pul) (seawater)
intermediate generation,coal,coal_int_conv pul 2016-2021,2015,OM-var,2.12,coal (conv pul) (recirculating)
intermediate generation,coal,coal_int_conv pul 2016-2021,2015,OM-var,2.12,coal (conv pul) (cooling pond)
intermediate generation,coal,coal_int_conv pul 2016-2021,2015,OM-var,2.12,coal (conv pul) (dry cooling)
intermediate generation,coal,coal_int_conv pul before 1950,2015,OM-var,2.12,coal (conv pul) (once through)
intermediate generation,coal,coal_int_conv pul before 1950,2015,OM-var,2.12,coal (conv pul) (seawater)
intermediate generation,coal,coal_int_conv pul before 1950,2015,OM-var,2.12,coal (conv pul) (recirculating)
intermediate generation,coal,coal_int_conv pul before 1950,2015,OM-var,2.12,coal (conv pul) (cooling pond)
intermediate generation,coal,coal_int_conv pul before 1950,2015,OM-var,2.12,coal (conv pul) (dry cooling)
intermediate generation,coal,coal_int_conv pul_retire_2023,2015,OM-var,2.12,coal (conv pul) (once through)
intermediate generation,coal,coal_int_conv pul_retire_2023,2015,OM-var,2.12,coal (conv pul) (seawater)
intermediate generation,coal,coal_int_conv pul_retire_2023,2015,OM-var,2.12,coal (conv pul) (recirculating)
intermediate generation,coal,coal_int_conv pul_retire_2023,2015,OM-var,2.12,coal (conv pul) (cooling pond)
intermediate generation,coal,coal_int_conv pul_retire_2023,2015,OM-var,2.12,coal (conv pul) (dry cooling)
intermediate generation,biomass,biomass_int_conv,2021,OM-var,1.28,biomass (conv) (once through)
intermediate generation,biomass,biomass_int_conv,2021,OM-var,1.28,biomass (conv) (seawater)
intermediate generation,biomass,biomass_int_conv,2021,OM-var,1.28,biomass (conv) (recirculating)
intermediate generation,biomass,biomass_int_conv,2021,OM-var,1.28,biomass (conv) (cooling pond)
intermediate generation,biomass,biomass_int_conv,2021,OM-var,1.28,biomass (conv) (dry cooling)
intermediate generation,biomass,biomass_int_conv_CCS,2021,OM-var,3.95,biomass (conv CCS) (once through)
intermediate generation,biomass,biomass_int_conv_CCS,2021,OM-var,3.95,biomass (conv CCS) (seawater)
intermediate generation,biomass,biomass_int_conv_CCS,2021,OM-var,3.95,biomass (conv CCS) (recirculating)
intermediate generation,biomass,biomass_int_conv_CCS,2021,OM-var,3.95,biomass (conv CCS) (dry cooling)
intermediate generation,biomass,biomass_int_IGCC,2021,OM-var,2.89,biomass (IGCC) (once through)
intermediate generation,biomass,biomass_int_IGCC,2021,OM-var,2.89,biomass (IGCC) (seawater)
intermediate generation,biomass,biomass_int_IGCC,2021,OM-var,2.89,biomass (IGCC) (recirculating)
intermediate generation,biomass,biomass_int_IGCC,2021,OM-var,2.89,biomass (IGCC) (dry cooling)
intermediate generation,biomass,biomass_int_IGCC_CCS,2021,OM-var,5.97,biomass (IGCC CCS) (once through)
intermediate generation,biomass,biomass_int_IGCC_CCS,2021,OM-var,5.97,biomass (IGCC CCS) (seawater)
intermediate generation,biomass,biomass_int_IGCC_CCS,2021,OM-var,5.97,biomass (IGCC CCS) (recirculating)
intermediate generation,biomass,biomass_int_IGCC_CCS,2021,OM-var,5.97,biomass (IGCC CCS) (dry cooling)
intermediate generation,coal,coal_int_conv pul,2021,OM-var,2.15,coal (conv pul) (once through)
intermediate generation,coal,coal_int_conv pul,2021,OM-var,2.15,coal (conv pul) (seawater)
intermediate generation,coal,coal_int_conv pul,2021,OM-var,2.15,coal (conv pul) (recirculating)
intermediate generation,coal,coal_int_conv pul,2021,OM-var,2.15,coal (conv pul) (cooling pond)
intermediate generation,coal,coal_int_conv pul,2021,OM-var,2.15,coal (conv pul) (dry cooling)
intermediate generation,coal,coal_int_conv pul_CCS,2021,OM-var,3.74,coal (conv pul CCS) (once through)
intermediate generation,coal,coal_int_conv pul_CCS,2021,OM-var,3.74,coal (conv pul CCS) (seawater)
intermediate generation,coal,coal_int_conv pul_CCS,2021,OM-var,3.74,coal (conv pul CCS) (recirculating)
intermediate generation,coal,coal_int_conv pul_CCS,2021,OM-var,3.74,coal (conv pul CCS) (dry cooling)
intermediate generation,coal,coal_int_IGCC,2021,OM-var,3.76,coal (IGCC) (once through)
intermediate generation,coal,coal_int_IGCC,2021,OM-var,3.76,coal (IGCC) (seawater)
intermediate generation,coal,coal_int_IGCC,2021,OM-var,3.76,coal (IGCC) (recirculating)
intermediate generation,coal,coal_int_IGCC,2021,OM-var,3.76,coal (IGCC) (dry cooling)
intermediate generation,coal,coal_int_IGCC_CCS,2021,OM-var,5.76,coal (IGCC CCS) (once through)
intermediate generation,coal,coal_int_IGCC_CCS,2021,OM-var,5.76,coal (IGCC CCS) (seawater)
intermediate generation,coal,coal_int_IGCC_CCS,2021,OM-var,5.76,coal (IGCC CCS) (recirculating)
intermediate generation,coal,coal_int_IGCC_CCS,2021,OM-var,5.76,coal (IGCC CCS) (dry cooling)
intermediate generation,gas,gas_int_CC,2021,OM-var,0.5,gas (CC) (once through)
intermediate generation,gas,gas_int_CC,2021,OM-var,0.5,gas (CC) (seawater)
intermediate generation,gas,gas_int_CC,2021,OM-var,0.5,gas (CC) (recirculating)
intermediate generation,gas,gas_int_CC,2021,OM-var,0.5,gas (CC) (cooling pond)
intermediate generation,gas,gas_int_CC,2021,OM-var,0.5,gas (CC) (dry cooling)
intermediate generation,gas,gas_int_CC_CCS,2021,OM-var,1.18,gas (CC CCS) (once through)
intermediate generation,gas,gas_int_CC_CCS,2021,OM-var,1.18,gas (CC CCS) (seawater)
intermediate generation,gas,gas_int_CC_CCS,2021,OM-var,1.18,gas (CC CCS) (recirculating)
intermediate generation,gas,gas_int_CC_CCS,2021,OM-var,1.18,gas (CC CCS) (dry cooling)
intermediate generation,refined liquids,refined liquids_int_steam/CT,2021,OM-var,1.64,refined liquids (steam/CT) (once through)
intermediate generation,refined liquids,refined liquids_int_steam/CT,2021,OM-var,1.64,refined liquids (steam/CT) (seawater)
intermediate generation,refined liquids,refined liquids_int_steam/CT,2021,OM-var,1.64,refined liquids (steam/CT) (recirculating)
intermediate generation,refined liquids,refined liquids_int_steam/CT,2021,OM-var,1.64,refined liquids (steam/CT) (cooling pond)
intermediate generation,refined liquids,refined liquids_int_steam/CT,2021,OM-var,1.64,refined liquids (steam/CT) (dry cooling)
intermediate generation,refined liquids,refined liquids_int_CC,2021,OM-var,0.5,refined liquids (CC) (once through)
intermediate generation,refined liquids,refined liquids_int_CC,2021,OM-var,0.5,refined liquids (CC) (seawater)
intermediate generation,refined liquids,refined liquids_int_CC,2021,OM-var,0.5,refined liquids (CC) (recirculating)
intermediate generation,refined liquids,refined liquids_int_CC,2021,OM-var,0.5,refined liquids (CC) (dry cooling)
intermediate generation,refined liquids,refined liquids_int_CC_CCS,2021,OM-var,1.18,refined liquids (CC CCS) (once through)
intermediate generation,refined liquids,refined liquids_int_CC_CCS,2021,OM-var,1.18,refined liquids (CC CCS) (seawater)
intermediate generation,refined liquids,refined liquids_int_CC_CCS,2021,OM-var,1.18,refined liquids (CC CCS) (recirculating)
intermediate generation,refined liquids,refined liquids_int_CC_CCS,2021,OM-var,1.18,refined liquids (CC CCS) (dry cooling)
intermediate generation,coal,coal_int_conv pul 1951-1955,2021,OM-var,2.15,coal (conv pul) (once through)
intermediate generation,coal,coal_int_conv pul 1951-1955,2021,OM-var,2.15,coal (conv pul) (seawater)
intermediate generation,coal,coal_int_conv pul 1951-1955,2021,OM-var,2.15,coal (conv pul) (recirculating)
intermediate generation,coal,coal_int_conv pul 1951-1955,2021,OM-var,2.15,coal (conv pul) (cooling pond)
intermediate generation,coal,coal_int_conv pul 1951-1955,2021,OM-var,2.15,coal (conv pul) (dry cooling)
intermediate generation,coal,coal_int_conv pul 1956-1960,2021,OM-var,2.15,coal (conv pul) (once through)
intermediate generation,coal,coal_int_conv pul 1956-1960,2021,OM-var,2.15,coal (conv pul) (seawater)
intermediate generation,coal,coal_int_conv pul 1956-1960,2021,OM-var,2.15,coal (conv pul) (recirculating)
intermediate generation,coal,coal_int_conv pul 1956-1960,2021,OM-var,2.15,coal (conv pul) (cooling pond)
intermediate generation,coal,coal_int_conv pul 1956-1960,2021,OM-var,2.15,coal (conv pul) (dry cooling)
intermediate generation,coal,coal_int_conv pul 1961-1965,2021,OM-var,2.15,coal (conv pul) (once through)
intermediate generation,coal,coal_int_conv pul 1961-1965,2021,OM-var,2.15,coal (conv pul) (seawater)
intermediate generation,coal,coal_int_conv pul 1961-1965,2021,OM-var,2.15,coal (conv pul) (recirculating)
intermediate generation,coal,coal_int_conv pul 1961-1965,2021,OM-var,2.15,coal (conv pul) (cooling pond)
intermediate generation,coal,coal_int_conv pul 1961-1965,2021,OM-var,2.15,coal (conv pul) (dry cooling)
intermediate generation,coal,coal_int_conv pul 1966-1970,2021,OM-var,2.15,coal (conv pul) (once through)
intermediate generation,coal,coal_int_conv pul 1966-1970,2021,OM-var,2.15,coal (conv pul) (seawater)
intermediate generation,coal,coal_int_conv pul 1966-1970,2021,OM-var,2.15,coal (conv pul) (recirculating)
intermediate generation,coal,coal_int_conv pul 1966-1970,2021,OM-var,2.15,coal (conv pul) (cooling pond)
intermediate generation,coal,coal_int_conv pul 1966-1970,2021,OM-var,2.15,coal (conv pul) (dry cooling)
intermediate generation,coal,coal_int_conv pul 1971-1975,2021,OM-var,2.15,coal (conv pul) (once through)
intermediate generation,coal,coal_int_conv pul 1971-1975,2021,OM-var,2.15,coal (conv pul) (seawater)
intermediate generation,coal,coal_int_conv pul 1971-1975,2021,OM-var,2.15,coal (conv pul) (recirculating)
intermediate generation,coal,coal_int_conv pul 1971-1975,2021,OM-var,2.15,coal (conv pul) (cooling pond)
intermediate generation,coal,coal_int_conv pul 1971-1975,2021,OM-var,2.15,coal (conv pul) (dry cooling)
intermediate generation,coal,coal_int_conv pul 1976-1980,2021,OM-var,2.15,coal (conv pul) (once through)
intermediate generation,coal,coal_int_conv pul 1976-1980,2021,OM-var,2.15,coal (conv pul) (seawater)
intermediate generation,coal,coal_int_conv pul 1976-1980,2021,OM-var,2.15,coal (conv pul) (recirculating)
intermediate generation,coal,coal_int_conv pul 1976-1980,2021,OM-var,2.15,coal (conv pul) (cooling pond)
intermediate generation,coal,coal_int_conv pul 1976-1980,2021,OM-var,2.15,coal (conv pul) (dry cooling)
intermediate generation,coal,coal_int_conv pul 1981-1985,2021,OM-var,2.15,coal (conv pul) (once through)
intermediate generation,coal,coal_int_conv pul 1981-1985,2021,OM-var,2.15,coal (conv pul) (seawater)
intermediate generation,coal,coal_int_conv pul 1981-1985,2021,OM-var,2.15,coal (conv pul) (recirculating)
intermediate generation,coal,coal_int_conv pul 1981-1985,2021,OM-var,2.15,coal (conv pul) (cooling pond)
intermediate generation,coal,coal_int_conv pul 1981-1985,2021,OM-var,2.15,coal (conv pul) (dry cooling)
intermediate generation,coal,coal_int_conv pul 1986-1990,2021,OM-var,2.15,coal (conv pul) (once through)
intermediate generation,coal,coal_int_conv pul 1986-1990,2021,OM-var,2.15,coal (conv pul) (seawater)
intermediate generation,coal,coal_int_conv pul 1986-1990,2021,OM-var,2.15,coal (conv pul) (recirculating)
intermediate generation,coal,coal_int_conv pul 1986-1990,2021,OM-var,2.15,coal (conv pul) (cooling pond)
intermediate generation,coal,coal_int_conv pul 1986-1990,2021,OM-var,2.15,coal (conv pul) (dry cooling)
intermediate generation,coal,coal_int_conv pul 1991-1995,2021,OM-var,2.15,coal (conv pul) (once through)
intermediate generation,coal,coal_int_conv pul 1991-1995,2021,OM-var,2.15,coal (conv pul) (seawater)
intermediate generation,coal,coal_int_conv pul 1991-1995,2021,OM-var,2.15,coal (conv pul) (recirculating)
intermediate generation,coal,coal_int_conv pul 1991-1995,2021,OM-var,2.15,coal (conv pul) (cooling pond)
intermediate generation,coal,coal_int_conv pul 1991-1995,2021,OM-var,2.15,coal (conv pul) (dry cooling)
intermediate generation,coal,coal_int_conv pul 1996-2000,2021,OM-var,2.15,coal (conv pul) (once through)
intermediate generation,coal,coal_int_conv pul 1996-2000,2021,OM-var,2.15,coal (conv pul) (seawater)
intermediate generation,coal,coal_int_conv pul 1996-2000,2021,OM-var,2.15,coal (conv pul) (recirculating)
intermediate generation,coal,coal_int_conv pul 1996-2000,2021,OM-var,2.15,coal (conv pul) (cooling pond)
intermediate generation,coal,coal_int_conv pul 1996-2000,2021,OM-var,2.15,coal (conv pul) (dry cooling)
intermediate generation,coal,coal_int_conv pul 2001-2005,2021,OM-var,2.15,coal (conv pul) (once through)
intermediate generation,coal,coal_int_conv pul 2001-2005,2021,OM-var,2.15,coal (conv pul) (seawater)
intermediate generation,coal,coal_int_conv pul 2001-2005,2021,OM-var,2.15,coal (conv pul) (recirculating)
intermediate generation,coal,coal_int_conv pul 2001-2005,2021,OM-var,2.15,coal (conv pul) (cooling pond)
intermediate generation,coal,coal_int_conv pul 2001-2005,2021,OM-var,2.15,coal (conv pul) (dry cooling)
intermediate generation,coal,coal_int_conv pul 2006-2010,2021,OM-var,2.15,coal (conv pul) (once through)
intermediate generation,coal,coal_int_conv pul 2006-2010,2021,OM-var,2.15,coal (conv pul) (seawater)
intermediate generation,coal,coal_int_conv pul 2006-2010,2021,OM-var,2.15,coal (conv pul) (recirculating)
intermediate generation,coal,coal_int_conv pul 2006-2010,2021,OM-var,2.15,coal (conv pul) (cooling pond)
intermediate generation,coal,coal_int_conv pul 2006-2010,2021,OM-var,2.15,coal (conv pul) (dry cooling)
intermediate generation,coal,coal_int_conv pul 2011-2015,2021,OM-var,2.15,coal (conv pul) (once through)
intermediate generation,coal,coal_int_conv pul 2011-2015,2021,OM-var,2.15,coal (conv pul) (seawater)
intermediate generation,coal,coal_int_conv pul 2011-2015,2021,OM-var,2.15,coal (conv pul) (recirculating)
intermediate generation,coal,coal_int_conv pul 2011-2015,2021,OM-var,2.15,coal (conv pul) (cooling pond)
intermediate generation,coal,coal_int_conv pul 2011-2015,2021,OM-var,2.15,coal (conv pul) (dry cooling)
intermediate generation,coal,coal_int_conv pul 2016-2021,2021,OM-var,2.15,coal (conv pul) (once through)
intermediate generation,coal,coal_int_conv pul 2016-2021,2021,OM-var,2.15,coal (conv pul) (seawater)
intermediate generation,coal,coal_int_conv pul 2016-2021,2021,OM-var,2.15,coal (conv pul) (recirculating)
intermediate generation,coal,coal_int_conv pul 2016-2021,2021,OM-var,2.15,coal (conv pul) (cooling pond)
intermediate generation,coal,coal_int_conv pul 2016-2021,2021,OM-var,2.15,coal (conv pul) (dry cooling)
intermediate generation,coal,coal_int_conv pul before 1950,2021,OM-var,2.15,coal (conv pul) (once through)
intermediate generation,coal,coal_int_conv pul before 1950,2021,OM-var,2.15,coal (conv pul) (seawater)
intermediate generation,coal,coal_int_conv pul before 1950,2021,OM-var,2.15,coal (conv pul) (recirculating)
intermediate generation,coal,coal_int_conv pul before 1950,2021,OM-var,2.15,coal (conv pul) (cooling pond)
intermediate generation,coal,coal_int_conv pul before 1950,2021,OM-var,2.15,coal (conv pul) (dry cooling)
intermediate generation,coal,coal_int_conv pul_retire_2023,2021,OM-var,2.15,coal (conv pul) (once through)
intermediate generation,coal,coal_int_conv pul_retire_2023,2021,OM-var,2.15,coal (conv pul) (seawater)
intermediate generation,coal,coal_int_conv pul_retire_2023,2021,OM-var,2.15,coal (conv pul) (recirculating)
intermediate generation,coal,coal_int_conv pul_retire_2023,2021,OM-var,2.15,coal (conv pul) (cooling pond)
intermediate generation,coal,coal_int_conv pul_retire_2023,2021,OM-var,2.15,coal (conv pul) (dry cooling)
intermediate generation,biomass,biomass_int_conv,2025,OM-var,1.24,biomass (conv) (once through)
intermediate generation,biomass,biomass_int_conv,2025,OM-var,1.24,biomass (conv) (seawater)
intermediate generation,biomass,biomass_int_conv,2025,OM-var,1.24,biomass (conv) (recirculating)
intermediate generation,biomass,biomass_int_conv,2025,OM-var,1.24,biomass (conv) (cooling pond)
intermediate generation,biomass,biomass_int_conv,2025,OM-var,1.24,biomass (conv) (dry cooling)
intermediate generation,biomass,biomass_int_conv_CCS,2025,OM-var,3.94,biomass (conv CCS) (once through)
intermediate generation,biomass,biomass_int_conv_CCS,2025,OM-var,3.94,biomass (conv CCS) (seawater)
intermediate generation,biomass,biomass_int_conv_CCS,2025,OM-var,3.94,biomass (conv CCS) (recirculating)
intermediate generation,biomass,biomass_int_conv_CCS,2025,OM-var,3.94,biomass (conv CCS) (dry cooling)
intermediate generation,biomass,biomass_int_IGCC,2025,OM-var,2.91,biomass (IGCC) (once through)
intermediate generation,biomass,biomass_int_IGCC,2025,OM-var,2.91,biomass (IGCC) (seawater)
intermediate generation,biomass,biomass_int_IGCC,2025,OM-var,2.91,biomass (IGCC) (recirculating)
intermediate generation,biomass,biomass_int_IGCC,2025,OM-var,2.91,biomass (IGCC) (dry cooling)
intermediate generation,biomass,biomass_int_IGCC_CCS,2025,OM-var,5.95,biomass (IGCC CCS) (once through)
intermediate generation,biomass,biomass_int_IGCC_CCS,2025,OM-var,5.95,biomass (IGCC CCS) (seawater)
intermediate generation,biomass,biomass_int_IGCC_CCS,2025,OM-var,5.95,biomass (IGCC CCS) (recirculating)
intermediate generation,biomass,biomass_int_IGCC_CCS,2025,OM-var,5.95,biomass (IGCC CCS) (dry cooling)
intermediate generation,coal,coal_int_conv pul,2025,OM-var,2.16,coal (conv pul) (once through)
intermediate generation,coal,coal_int_conv pul,2025,OM-var,2.16,coal (conv pul) (seawater)
intermediate generation,coal,coal_int_conv pul,2025,OM-var,2.16,coal (conv pul) (recirculating)
intermediate generation,coal,coal_int_conv pul,2025,OM-var,2.16,coal (conv pul) (cooling pond)
intermediate generation,coal,coal_int_conv pul,2025,OM-var,2.16,coal (conv pul) (dry cooling)
intermediate generation,coal,coal_int_conv pul_CCS,2025,OM-var,3.69,coal (conv pul CCS) (once through)
intermediate generation,coal,coal_int_conv pul_CCS,2025,OM-var,3.69,coal (conv pul CCS) (seawater)
intermediate generation,coal,coal_int_conv pul_CCS,2025,OM-var,3.69,coal (conv pul CCS) (recirculating)
intermediate generation,coal,coal_int_conv pul_CCS,2025,OM-var,3.69,coal (conv pul CCS) (dry cooling)
intermediate generation,coal,coal_int_IGCC,2025,OM-var,3.84,coal (IGCC) (once through)
intermediate generation,coal,coal_int_IGCC,2025,OM-var,3.84,coal (IGCC) (seawater)
intermediate generation,coal,coal_int_IGCC,2025,OM-var,3.84,coal (IGCC) (recirculating)
intermediate generation,coal,coal_int_IGCC,2025,OM-var,3.84,coal (IGCC) (dry cooling)
intermediate generation,coal,coal_int_IGCC_CCS,2025,OM-var,5.7,coal (IGCC CCS) (once through)
intermediate generation,coal,coal_int_IGCC_CCS,2025,OM-var,5.7,coal (IGCC CCS) (seawater)
intermediate generation,coal,coal_int_IGCC_CCS,2025,OM-var,5.7,coal (IGCC CCS) (recirculating)
intermediate generation,coal,coal_int_IGCC_CCS,2025,OM-var,5.7,coal (IGCC CCS) (dry cooling)
intermediate generation,gas,gas_int_CC,2025,OM-var,0.5,gas (CC) (once through)
intermediate generation,gas,gas_int_CC,2025,OM-var,0.5,gas (CC) (seawater)
intermediate generation,gas,gas_int_CC,2025,OM-var,0.5,gas (CC) (recirculating)
intermediate generation,gas,gas_int_CC,2025,OM-var,0.5,gas (CC) (cooling pond)
intermediate generation,gas,gas_int_CC,2025,OM-var,0.5,gas (CC) (dry cooling)
intermediate generation,gas,gas_int_CC_CCS,2025,OM-var,1.15,gas (CC CCS) (once through)
intermediate generation,gas,gas_int_CC_CCS,2025,OM-var,1.15,gas (CC CCS) (seawater)
intermediate generation,gas,gas_int_CC_CCS,2025,OM-var,1.15,gas (CC CCS) (recirculating)
intermediate generation,gas,gas_int_CC_CCS,2025,OM-var,1.15,gas (CC CCS) (dry cooling)
intermediate generation,refined liquids,refined liquids_int_steam/CT,2025,OM-var,1.64,refined liquids (steam/CT) (once through)
intermediate generation,refined liquids,refined liquids_int_steam/CT,2025,OM-var,1.64,refined liquids (steam/CT) (seawater)
intermediate generation,refined liquids,refined liquids_int_steam/CT,2025,OM-var,1.64,refined liquids (steam/CT) (recirculating)
intermediate generation,refined liquids,refined liquids_int_steam/CT,2025,OM-var,1.64,refined liquids (steam/CT) (cooling pond)
intermediate generation,refined liquids,refined liquids_int_steam/CT,2025,OM-var,1.64,refined liquids (steam/CT) (dry cooling)
intermediate generation,refined liquids,refined liquids_int_CC,2025,OM-var,0.5,refined liquids (CC) (once through)
intermediate generation,refined liquids,refined liquids_int_CC,2025,OM-var,0.5,refined liquids (CC) (seawater)
intermediate generation,refined liquids,refined liquids_int_CC,2025,OM-var,0.5,refined liquids (CC) (recirculating)
intermediate generation,refined liquids,refined liquids_int_CC,2025,OM-var,0.5,refined liquids (CC) (dry cooling)
intermediate generation,refined liquids,refined liquids_int_CC_CCS,2025,OM-var,1.15,refined liquids (CC CCS) (once through)
intermediate generation,refined liquids,refined liquids_int_CC_CCS,2025,OM-var,1.15,refined liquids (CC CCS) (seawater)
intermediate generation,refined liquids,refined liquids_int_CC_CCS,2025,OM-var,1.15,refined liquids (CC CCS) (recirculating)
intermediate generation,refined liquids,refined liquids_int_CC_CCS,2025,OM-var,1.15,refined liquids (CC CCS) (dry cooling)
intermediate generation,coal,coal_int_conv pul 1951-1955,2025,OM-var,2.16,coal (conv pul) (once through)
intermediate generation,coal,coal_int_conv pul 1951-1955,2025,OM-var,2.16,coal (conv pul) (seawater)
intermediate generation,coal,coal_int_conv pul 1951-1955,2025,OM-var,2.16,coal (conv pul) (recirculating)
intermediate generation,coal,coal_int_conv pul 1951-1955,2025,OM-var,2.16,coal (conv pul) (cooling pond)
intermediate generation,coal,coal_int_conv pul 1951-1955,2025,OM-var,2.16,coal (conv pul) (dry cooling)
intermediate generation,coal,coal_int_conv pul 1956-1960,2025,OM-var,2.16,coal (conv pul) (once through)
intermediate generation,coal,coal_int_conv pul 1956-1960,2025,OM-var,2.16,coal (conv pul) (seawater)
intermediate generation,coal,coal_int_conv pul 1956-1960,2025,OM-var,2.16,coal (conv pul) (recirculating)
intermediate generation,coal,coal_int_conv pul 1956-1960,2025,OM-var,2.16,coal (conv pul) (cooling pond)
intermediate generation,coal,coal_int_conv pul 1956-1960,2025,OM-var,2.16,coal (conv pul) (dry cooling)
intermediate generation,coal,coal_int_conv pul 1961-1965,2025,OM-var,2.16,coal (conv pul) (once through)
intermediate generation,coal,coal_int_conv pul 1961-1965,2025,OM-var,2.16,coal (conv pul) (seawater)
intermediate generation,coal,coal_int_conv pul 1961-1965,2025,OM-var,2.16,coal (conv pul) (recirculating)
intermediate generation,coal,coal_int_conv pul 1961-1965,2025,OM-var,2.16,coal (conv pul) (cooling pond)
intermediate generation,coal,coal_int_conv pul 1961-1965,2025,OM-var,2.16,coal (conv pul) (dry cooling)
intermediate generation,coal,coal_int_conv pul 1966-1970,2025,OM-var,2.16,coal (conv pul) (once through)
intermediate generation,coal,coal_int_conv pul 1966-1970,2025,OM-var,2.16,coal (conv pul) (seawater)
intermediate generation,coal,coal_int_conv pul 1966-1970,2025,OM-var,2.16,coal (conv pul) (recirculating)
intermediate generation,coal,coal_int_conv pul 1966-1970,2025,OM-var,2.16,coal (conv pul) (cooling pond)
intermediate generation,coal,coal_int_conv pul 1966-1970,2025,OM-var,2.16,coal (conv pul) (dry cooling)
intermediate generation,coal,coal_int_conv pul 1971-1975,2025,OM-var,2.16,coal (conv pul) (once through)
intermediate generation,coal,coal_int_conv pul 1971-1975,2025,OM-var,2.16,coal (conv pul) (seawater)
intermediate generation,coal,coal_int_conv pul 1971-1975,2025,OM-var,2.16,coal (conv pul) (recirculating)
intermediate generation,coal,coal_int_conv pul 1971-1975,2025,OM-var,2.16,coal (conv pul) (cooling pond)
intermediate generation,coal,coal_int_conv pul 1971-1975,2025,OM-var,2.16,coal (conv pul) (dry cooling)
intermediate generation,coal,coal_int_conv pul 1976-1980,2025,OM-var,2.16,coal (conv pul) (once through)
intermediate generation,coal,coal_int_conv pul 1976-1980,2025,OM-var,2.16,coal (conv pul) (seawater)
intermediate generation,coal,coal_int_conv pul 1976-1980,2025,OM-var,2.16,coal (conv pul) (recirculating)
intermediate generation,coal,coal_int_conv pul 1976-1980,2025,OM-var,2.16,coal (conv pul) (cooling pond)
intermediate generation,coal,coal_int_conv pul 1976-1980,2025,OM-var,2.16,coal (conv pul) (dry cooling)
intermediate generation,coal,coal_int_conv pul 1981-1985,2025,OM-var,2.16,coal (conv pul) (once through)
intermediate generation,coal,coal_int_conv pul 1981-1985,2025,OM-var,2.16,coal (conv pul) (seawater)
intermediate generation,coal,coal_int_conv pul 1981-1985,2025,OM-var,2.16,coal (conv pul) (recirculating)
intermediate generation,coal,coal_int_conv pul 1981-1985,2025,OM-var,2.16,coal (conv pul) (cooling pond)
intermediate generation,coal,coal_int_conv pul 1981-1985,2025,OM-var,2.16,coal (conv pul) (dry cooling)
intermediate generation,coal,coal_int_conv pul 1986-1990,2025,OM-var,2.16,coal (conv pul) (once through)
intermediate generation,coal,coal_int_conv pul 1986-1990,2025,OM-var,2.16,coal (conv pul) (seawater)
intermediate generation,coal,coal_int_conv pul 1986-1990,2025,OM-var,2.16,coal (conv pul) (recirculating)
intermediate generation,coal,coal_int_conv pul 1986-1990,2025,OM-var,2.16,coal (conv pul) (cooling pond)
intermediate generation,coal,coal_int_conv pul 1986-1990,2025,OM-var,2.16,coal (conv pul) (dry cooling)
intermediate generation,coal,coal_int_conv pul 1991-1995,2025,OM-var,2.16,coal (conv pul) (once through)
intermediate generation,coal,coal_int_conv pul 1991-1995,2025,OM-var,2.16,coal (conv pul) (seawater)
intermediate generation,coal,coal_int_conv pul 1991-1995,2025,OM-var,2.16,coal (conv pul) (recirculating)
intermediate generation,coal,coal_int_conv pul 1991-1995,2025,OM-var,2.16,coal (conv pul) (cooling pond)
intermediate generation,coal,coal_int_conv pul 1991-1995,2025,OM-var,2.16,coal (conv pul) (dry cooling)
intermediate generation,coal,coal_int_conv pul 1996-2000,2025,OM-var,2.16,coal (conv pul) (once through)
intermediate generation,coal,coal_int_conv pul 1996-2000,2025,OM-var,2.16,coal (conv pul) (seawater)
intermediate generation,coal,coal_int_conv pul 1996-2000,2025,OM-var,2.16,coal (conv pul) (recirculating)
intermediate generation,coal,coal_int_conv pul 1996-2000,2025,OM-var,2.16,coal (conv pul) (cooling pond)
intermediate generation,coal,coal_int_conv pul 1996-2000,2025,OM-var,2.16,coal (conv pul) (dry cooling)
intermediate generation,coal,coal_int_conv pul 2001-2005,2025,OM-var,2.16,coal (conv pul) (once through)
intermediate generation,coal,coal_int_conv pul 2001-2005,2025,OM-var,2.16,coal (conv pul) (seawater)
intermediate generation,coal,coal_int_conv pul 2001-2005,2025,OM-var,2.16,coal (conv pul) (recirculating)
intermediate generation,coal,coal_int_conv pul 2001-2005,2025,OM-var,2.16,coal (conv pul) (cooling pond)
intermediate generation,coal,coal_int_conv pul 2001-2005,2025,OM-var,2.16,coal (conv pul) (dry cooling)
intermediate generation,coal,coal_int_conv pul 2006-2010,2025,OM-var,2.16,coal (conv pul) (once through)
intermediate generation,coal,coal_int_conv pul 2006-2010,2025,OM-var,2.16,coal (conv pul) (seawater)
intermediate generation,coal,coal_int_conv pul 2006-2010,2025,OM-var,2.16,coal (conv pul) (recirculating)
intermediate generation,coal,coal_int_conv pul 2006-2010,2025,OM-var,2.16,coal (conv pul) (cooling pond)
intermediate generation,coal,coal_int_conv pul 2006-2010,2025,OM-var,2.16,coal (conv pul) (dry cooling)
intermediate generation,coal,coal_int_conv pul 2011-2015,2025,OM-var,2.16,coal (conv pul) (once through)
intermediate generation,coal,coal_int_conv pul 2011-2015,2025,OM-var,2.16,coal (conv pul) (seawater)
intermediate generation,coal,coal_int_conv pul 2011-2015,2025,OM-var,2.16,coal (conv pul) (recirculating)
intermediate generation,coal,coal_int_conv pul 2011-2015,2025,OM-var,2.16,coal (conv pul) (cooling pond)
intermediate generation,coal,coal_int_conv pul 2011-2015,2025,OM-var,2.16,coal (conv pul) (dry cooling)
intermediate generation,coal,coal_int_conv pul 2016-2021,2025,OM-var,2.16,coal (conv pul) (once through)
intermediate generation,coal,coal_int_conv pul 2016-2021,2025,OM-var,2.16,coal (conv pul) (seawater)
intermediate generation,coal,coal_int_conv pul 2016-2021,2025,OM-var,2.16,coal (conv pul) (recirculating)
intermediate generation,coal,coal_int_conv pul 2016-2021,2025,OM-var,2.16,coal (conv pul) (cooling pond)
intermediate generation,coal,coal_int_conv pul 2016-2021,2025,OM-var,2.16,coal (conv pul) (dry cooling)
intermediate generation,coal,coal_int_conv pul before 1950,2025,OM-var,2.16,coal (conv pul) (once through)
intermediate generation,coal,coal_int_conv pul before 1950,2025,OM-var,2.16,coal (conv pul) (seawater)
intermediate generation,coal,coal_int_conv pul before 1950,2025,OM-var,2.16,coal (conv pul) (recirculating)
intermediate generation,coal,coal_int_conv pul before 1950,2025,OM-var,2.16,coal (conv pul) (cooling pond)
intermediate generation,coal,coal_int_conv pul before 1950,2025,OM-var,2.16,coal (conv pul) (dry cooling)
intermediate generation,coal,coal_int_conv pul_retire_2023,2025,OM-var,2.16,coal (conv pul) (once through)
intermediate generation,coal,coal_int_conv pul_retire_2023,2025,OM-var,2.16,coal (conv pul) (seawater)
intermediate generation,coal,coal_int_conv pul_retire_2023,2025,OM-var,2.16,coal (conv pul) (recirculating)
intermediate generation,coal,coal_int_conv pul_retire_2023,2025,OM-var,2.16,coal (conv pul) (cooling pond)
intermediate generation,coal,coal_int_conv pul_retire_2023,2025,OM-var,2.16,coal (conv pul) (dry cooling)
intermediate generation,biomass,biomass_int_conv,2030,OM-var,1.24,biomass (conv) (once through)
intermediate generation,biomass,biomass_int_conv,2030,OM-var,1.24,biomass (conv) (seawater)
intermediate generation,biomass,biomass_int_conv,2030,OM-var,1.24,biomass (conv) (recirculating)
intermediate generation,biomass,biomass_int_conv,2030,OM-var,1.24,biomass (conv) (cooling pond)
intermediate generation,biomass,biomass_int_conv,2030,OM-var,1.24,biomass (conv) (dry cooling)
intermediate generation,biomass,biomass_int_conv_CCS,2030,OM-var,3.67,biomass (conv CCS) (once through)
intermediate generation,biomass,biomass_int_conv_CCS,2030,OM-var,3.67,biomass (conv CCS) (seawater)
intermediate generation,biomass,biomass_int_conv_CCS,2030,OM-var,3.67,biomass (conv CCS) (recirculating)
intermediate generation,biomass,biomass_int_conv_CCS,2030,OM-var,3.67,biomass (conv CCS) (dry cooling)
intermediate generation,biomass,biomass_int_IGCC,2030,OM-var,2.89,biomass (IGCC) (once through)
intermediate generation,biomass,biomass_int_IGCC,2030,OM-var,2.89,biomass (IGCC) (seawater)
intermediate generation,biomass,biomass_int_IGCC,2030,OM-var,2.89,biomass (IGCC) (recirculating)
intermediate generation,biomass,biomass_int_IGCC,2030,OM-var,2.89,biomass (IGCC) (dry cooling)
intermediate generation,biomass,biomass_int_IGCC_CCS,2030,OM-var,5.76,biomass (IGCC CCS) (once through)
intermediate generation,biomass,biomass_int_IGCC_CCS,2030,OM-var,5.76,biomass (IGCC CCS) (seawater)
intermediate generation,biomass,biomass_int_IGCC_CCS,2030,OM-var,5.76,biomass (IGCC CCS) (recirculating)
intermediate generation,biomass,biomass_int_IGCC_CCS,2030,OM-var,5.76,biomass (IGCC CCS) (dry cooling)
intermediate generation,coal,coal_int_conv pul,2030,OM-var,2.12,coal (conv pul) (once through)
intermediate generation,coal,coal_int_conv pul,2030,OM-var,2.12,coal (conv pul) (seawater)
intermediate generation,coal,coal_int_conv pul,2030,OM-var,2.12,coal (conv pul) (recirculating)
intermediate generation,coal,coal_int_conv pul,2030,OM-var,2.12,coal (conv pul) (cooling pond)
intermediate generation,coal,coal_int_conv pul,2030,OM-var,2.12,coal (conv pul) (dry cooling)
intermediate generation,coal,coal_int_conv pul_CCS,2030,OM-var,3.52,coal (conv pul CCS) (once through)
intermediate generation,coal,coal_int_conv pul_CCS,2030,OM-var,3.52,coal (conv pul CCS) (seawater)
intermediate generation,coal,coal_int_conv pul_CCS,2030,OM-var,3.52,coal (conv pul CCS) (recirculating)
intermediate generation,coal,coal_int_conv pul_CCS,2030,OM-var,3.52,coal (conv pul CCS) (dry cooling)
intermediate generation,coal,coal_int_IGCC,2030,OM-var,3.77,coal (IGCC) (once through)
intermediate generation,coal,coal_int_IGCC,2030,OM-var,3.77,coal (IGCC) (seawater)
intermediate generation,coal,coal_int_IGCC,2030,OM-var,3.77,coal (IGCC) (recirculating)
intermediate generation,coal,coal_int_IGCC,2030,OM-var,3.77,coal (IGCC) (dry cooling)
intermediate generation,coal,coal_int_IGCC_CCS,2030,OM-var,5.61,coal (IGCC CCS) (once through)
intermediate generation,coal,coal_int_IGCC_CCS,2030,OM-var,5.61,coal (IGCC CCS) (seawater)
intermediate generation,coal,coal_int_IGCC_CCS,2030,OM-var,5.61,coal (IGCC CCS) (recirculating)
intermediate generation,coal,coal_int_IGCC_CCS,2030,OM-var,5.61,coal (IGCC CCS) (dry cooling)
intermediate generation,gas,gas_int_CC,2030,OM-var,0.48,gas (CC) (once through)
intermediate generation,gas,gas_int_CC,2030,OM-var,0.48,gas (CC) (seawater)
intermediate generation,gas,gas_int_CC,2030,OM-var,0.48,gas (CC) (recirculating)
intermediate generation,gas,gas_int_CC,2030,OM-var,0.48,gas (CC) (cooling pond)
intermediate generation,gas,gas_int_CC,2030,OM-var,0.48,gas (CC) (dry cooling)
intermediate generation,gas,gas_int_CC_CCS,2030,OM-var,1.06,gas (CC CCS) (once through)
intermediate generation,gas,gas_int_CC_CCS,2030,OM-var,1.06,gas (CC CCS) (seawater)
intermediate generation,gas,gas_int_CC_CCS,2030,OM-var,1.06,gas (CC CCS) (recirculating)
intermediate generation,gas,gas_int_CC_CCS,2030,OM-var,1.06,gas (CC CCS) (dry cooling)
intermediate generation,refined liquids,refined liquids_int_steam/CT,2030,OM-var,1.64,refined liquids (steam/CT) (once through)
intermediate generation,refined liquids,refined liquids_int_steam/CT,2030,OM-var,1.64,refined liquids (steam/CT) (seawater)
intermediate generation,refined liquids,refined liquids_int_steam/CT,2030,OM-var,1.64,refined liquids (steam/CT) (recirculating)
intermediate generation,refined liquids,refined liquids_int_steam/CT,2030,OM-var,1.64,refined liquids (steam/CT) (cooling pond)
intermediate generation,refined liquids,refined liquids_int_steam/CT,2030,OM-var,1.64,refined liquids (steam/CT) (dry cooling)
intermediate generation,refined liquids,refined liquids_int_CC,2030,OM-var,0.48,refined liquids (CC) (once through)
intermediate generation,refined liquids,refined liquids_int_CC,2030,OM-var,0.48,refined liquids (CC) (seawater)
intermediate generation,refined liquids,refined liquids_int_CC,2030,OM-var,0.48,refined liquids (CC) (recirculating)
intermediate generation,refined liquids,refined liquids_int_CC,2030,OM-var,0.48,refined liquids (CC) (dry cooling)
intermediate generation,refined liquids,refined liquids_int_CC_CCS,2030,OM-var,1.06,refined liquids (CC CCS) (once through)
intermediate generation,refined liquids,refined liquids_int_CC_CCS,2030,OM-var,1.06,refined liquids (CC CCS) (seawater)
intermediate generation,refined liquids,refined liquids_int_CC_CCS,2030,OM-var,1.06,refined liquids (CC CCS) (recirculating)
intermediate generation,refined liquids,refined liquids_int_CC_CCS,2030,OM-var,1.06,refined liquids (CC CCS) (dry cooling)
intermediate generation,coal,coal_int_conv pul 1951-1955,2030,OM-var,2.12,coal (conv pul) (once through)
intermediate generation,coal,coal_int_conv pul 1951-1955,2030,OM-var,2.12,coal (conv pul) (seawater)
intermediate generation,coal,coal_int_conv pul 1951-1955,2030,OM-var,2.12,coal (conv pul) (recirculating)
intermediate generation,coal,coal_int_conv pul 1951-1955,2030,OM-var,2.12,coal (conv pul) (cooling pond)
intermediate generation,coal,coal_int_conv pul 1951-1955,2030,OM-var,2.12,coal (conv pul) (dry cooling)
intermediate generation,coal,coal_int_conv pul 1956-1960,2030,OM-var,2.12,coal (conv pul) (once through)
intermediate generation,coal,coal_int_conv pul 1956-1960,2030,OM-var,2.12,coal (conv pul) (seawater)
intermediate generation,coal,coal_int_conv pul 1956-1960,2030,OM-var,2.12,coal (conv pul) (recirculating)
intermediate generation,coal,coal_int_conv pul 1956-1960,2030,OM-var,2.12,coal (conv pul) (cooling pond)
intermediate generation,coal,coal_int_conv pul 1956-1960,2030,OM-var,2.12,coal (conv pul) (dry cooling)
intermediate generation,coal,coal_int_conv pul 1961-1965,2030,OM-var,2.12,coal (conv pul) (once through)
intermediate generation,coal,coal_int_conv pul 1961-1965,2030,OM-var,2.12,coal (conv pul) (seawater)
intermediate generation,coal,coal_int_conv pul 1961-1965,2030,OM-var,2.12,coal (conv pul) (recirculating)
intermediate generation,coal,coal_int_conv pul 1961-1965,2030,OM-var,2.12,coal (conv pul) (cooling pond)
intermediate generation,coal,coal_int_conv pul 1961-1965,2030,OM-var,2.12,coal (conv pul) (dry cooling)
intermediate generation,coal,coal_int_conv pul 1966-1970,2030,OM-var,2.12,coal (conv pul) (once through)
intermediate generation,coal,coal_int_conv pul 1966-1970,2030,OM-var,2.12,coal (conv pul) (seawater)
intermediate generation,coal,coal_int_conv pul 1966-1970,2030,OM-var,2.12,coal (conv pul) (recirculating)
intermediate generation,coal,coal_int_conv pul 1966-1970,2030,OM-var,2.12,coal (conv pul) (cooling pond)
intermediate generation,coal,coal_int_conv pul 1966-1970,2030,OM-var,2.12,coal (conv pul) (dry cooling)
intermediate generation,coal,coal_int_conv pul 1971-1975,2030,OM-var,2.12,coal (conv pul) (once through)
intermediate generation,coal,coal_int_conv pul 1971-1975,2030,OM-var,2.12,coal (conv pul) (seawater)
intermediate generation,coal,coal_int_conv pul 1971-1975,2030,OM-var,2.12,coal (conv pul) (recirculating)
intermediate generation,coal,coal_int_conv pul 1971-1975,2030,OM-var,2.12,coal (conv pul) (cooling pond)
intermediate generation,coal,coal_int_conv pul 1971-1975,2030,OM-var,2.12,coal (conv pul) (dry cooling)
intermediate generation,coal,coal_int_conv pul 1976-1980,2030,OM-var,2.12,coal (conv pul) (once through)
intermediate generation,coal,coal_int_conv pul 1976-1980,2030,OM-var,2.12,coal (conv pul) (seawater)
intermediate generation,coal,coal_int_conv pul 1976-1980,2030,OM-var,2.12,coal (conv pul) (recirculating)
intermediate generation,coal,coal_int_conv pul 1976-1980,2030,OM-var,2.12,coal (conv pul) (cooling pond)
intermediate generation,coal,coal_int_conv pul 1976-1980,2030,OM-var,2.12,coal (conv pul) (dry cooling)
intermediate generation,coal,coal_int_conv pul 1981-1985,2030,OM-var,2.12,coal (conv pul) (once through)
intermediate generation,coal,coal_int_conv pul 1981-1985,2030,OM-var,2.12,coal (conv pul) (seawater)
intermediate generation,coal,coal_int_conv pul 1981-1985,2030,OM-var,2.12,coal (conv pul) (recirculating)
intermediate generation,coal,coal_int_conv pul 1981-1985,2030,OM-var,2.12,coal (conv pul) (cooling pond)
intermediate generation,coal,coal_int_conv pul 1981-1985,2030,OM-var,2.12,coal (conv pul) (dry cooling)
intermediate generation,coal,coal_int_conv pul 1986-1990,2030,OM-var,2.12,coal (conv pul) (once through)
intermediate generation,coal,coal_int_conv pul 1986-1990,2030,OM-var,2.12,coal (conv pul) (seawater)
intermediate generation,coal,coal_int_conv pul 1986-1990,2030,OM-var,2.12,coal (conv pul) (recirculating)
intermediate generation,coal,coal_int_conv pul 1986-1990,2030,OM-var,2.12,coal (conv pul) (cooling pond)
intermediate generation,coal,coal_int_conv pul 1986-1990,2030,OM-var,2.12,coal (conv pul) (dry cooling)
intermediate generation,coal,coal_int_conv pul 1991-1995,2030,OM-var,2.12,coal (conv pul) (once through)
intermediate generation,coal,coal_int_conv pul 1991-1995,2030,OM-var,2.12,coal (conv pul) (seawater)
intermediate generation,coal,coal_int_conv pul 1991-1995,2030,OM-var,2.12,coal (conv pul) (recirculating)
intermediate generation,coal,coal_int_conv pul 1991-1995,2030,OM-var,2.12,coal (conv pul) (cooling pond)
intermediate generation,coal,coal_int_conv pul 1991-1995,2030,OM-var,2.12,coal (conv pul) (dry cooling)
intermediate generation,coal,coal_int_conv pul 1996-2000,2030,OM-var,2.12,coal (conv pul) (once through)
intermediate generation,coal,coal_int_conv pul 1996-2000,2030,OM-var,2.12,coal (conv pul) (seawater)
intermediate generation,coal,coal_int_conv pul 1996-2000,2030,OM-var,2.12,coal (conv pul) (recirculating)
intermediate generation,coal,coal_int_conv pul 1996-2000,2030,OM-var,2.12,coal (conv pul) (cooling pond)
intermediate generation,coal,coal_int_conv pul 1996-2000,2030,OM-var,2.12,coal (conv pul) (dry cooling)
intermediate generation,coal,coal_int_conv pul 2001-2005,2030,OM-var,2.12,coal (conv pul) (once through)
intermediate generation,coal,coal_int_conv pul 2001-2005,2030,OM-var,2.12,coal (conv pul) (seawater)
intermediate generation,coal,coal_int_conv pul 2001-2005,2030,OM-var,2.12,coal (conv pul) (recirculating)
intermediate generation,coal,coal_int_conv pul 2001-2005,2030,OM-var,2.12,coal (conv pul) (cooling pond)
intermediate generation,coal,coal_int_conv pul 2001-2005,2030,OM-var,2.12,coal (conv pul) (dry cooling)
intermediate generation,coal,coal_int_conv pul 2006-2010,2030,OM-var,2.12,coal (conv pul) (once through)
intermediate generation,coal,coal_int_conv pul 2006-2010,2030,OM-var,2.12,coal (conv pul) (seawater)
intermediate generation,coal,coal_int_conv pul 2006-2010,2030,OM-var,2.12,coal (conv pul) (recirculating)
intermediate generation,coal,coal_int_conv pul 2006-2010,2030,OM-var,2.12,coal (conv pul) (cooling pond)
intermediate generation,coal,coal_int_conv pul 2006-2010,2030,OM-var,2.12,coal (conv pul) (dry cooling)
intermediate generation,coal,coal_int_conv pul 2011-2015,2030,OM-var,2.12,coal (conv pul) (once through)
intermediate generation,coal,coal_int_conv pul 2011-2015,2030,OM-var,2.12,coal (conv pul) (seawater)
intermediate generation,coal,coal_int_conv pul 2011-2015,2030,OM-var,2.12,coal (conv pul) (recirculating)
intermediate generation,coal,coal_int_conv pul 2011-2015,2030,OM-var,2.12,coal (conv pul) (cooling pond)
intermediate generation,coal,coal_int_conv pul 2011-2015,2030,OM-var,2.12,coal (conv pul) (dry cooling)
intermediate generation,coal,coal_int_conv pul 2016-2021,2030,OM-var,2.12,coal (conv pul) (once through)
intermediate generation,coal,coal_int_conv pul 2016-2021,2030,OM-var,2.12,coal (conv pul) (seawater)
intermediate generation,coal,coal_int_conv pul 2016-2021,2030,OM-var,2.12,coal (conv pul) (recirculating)
intermediate generation,coal,coal_int_conv pul 2016-2021,2030,OM-var,2.12,coal (conv pul) (cooling pond)
intermediate generation,coal,coal_int_conv pul 2016-2021,2030,OM-var,2.12,coal (conv pul) (dry cooling)
intermediate generation,coal,coal_int_conv pul before 1950,2030,OM-var,2.12,coal (conv pul) (once through)
intermediate generation,coal,coal_int_conv pul before 1950,2030,OM-var,2.12,coal (conv pul) (seawater)
intermediate generation,coal,coal_int_conv pul before 1950,2030,OM-var,2.12,coal (conv pul) (recirculating)
intermediate generation,coal,coal_int_conv pul before 1950,2030,OM-var,2.12,coal (conv pul) (cooling pond)
intermediate generation,coal,coal_int_conv pul before 1950,2030,OM-var,2.12,coal (conv pul) (dry cooling)
intermediate generation,coal,coal_int_conv pul_retire_2023,2030,OM-var,2.12,coal (conv pul) (once through)
intermediate generation,coal,coal_int_conv pul_retire_2023,2030,OM-var,2.12,coal (conv pul) (seawater)
intermediate generation,coal,coal_int_conv pul_retire_2023,2030,OM-var,2.12,coal (conv pul) (recirculating)
intermediate generation,coal,coal_int_conv pul_retire_2023,2030,OM-var,2.12,coal (conv pul) (cooling pond)
intermediate generation,coal,coal_int_conv pul_retire_2023,2030,OM-var,2.12,coal (conv pul) (dry cooling)
intermediate generation,biomass,biomass_int_conv,2035,OM-var,1.24,biomass (conv) (once through)
intermediate generation,biomass,biomass_int_conv,2035,OM-var,1.24,biomass (conv) (seawater)
intermediate generation,biomass,biomass_int_conv,2035,OM-var,1.24,biomass (conv) (recirculating)
intermediate generation,biomass,biomass_int_conv,2035,OM-var,1.24,biomass (conv) (cooling pond)
intermediate generation,biomass,biomass_int_conv,2035,OM-var,1.24,biomass (conv) (dry cooling)
intermediate generation,biomass,biomass_int_conv_CCS,2035,OM-var,3.42,biomass (conv CCS) (once through)
intermediate generation,biomass,biomass_int_conv_CCS,2035,OM-var,3.42,biomass (conv CCS) (seawater)
intermediate generation,biomass,biomass_int_conv_CCS,2035,OM-var,3.42,biomass (conv CCS) (recirculating)
intermediate generation,biomass,biomass_int_conv_CCS,2035,OM-var,3.42,biomass (conv CCS) (dry cooling)
intermediate generation,biomass,biomass_int_IGCC,2035,OM-var,2.87,biomass (IGCC) (once through)
intermediate generation,biomass,biomass_int_IGCC,2035,OM-var,2.87,biomass (IGCC) (seawater)
intermediate generation,biomass,biomass_int_IGCC,2035,OM-var,2.87,biomass (IGCC) (recirculating)
intermediate generation,biomass,biomass_int_IGCC,2035,OM-var,2.87,biomass (IGCC) (dry cooling)
intermediate generation,biomass,biomass_int_IGCC_CCS,2035,OM-var,5.59,biomass (IGCC CCS) (once through)
intermediate generation,biomass,biomass_int_IGCC_CCS,2035,OM-var,5.59,biomass (IGCC CCS) (seawater)
intermediate generation,biomass,biomass_int_IGCC_CCS,2035,OM-var,5.59,biomass (IGCC CCS) (recirculating)
intermediate generation,biomass,biomass_int_IGCC_CCS,2035,OM-var,5.59,biomass (IGCC CCS) (dry cooling)
intermediate generation,coal,coal_int_conv pul,2035,OM-var,2.07,coal (conv pul) (once through)
intermediate generation,coal,coal_int_conv pul,2035,OM-var,2.07,coal (conv pul) (seawater)
intermediate generation,coal,coal_int_conv pul,2035,OM-var,2.07,coal (conv pul) (recirculating)
intermediate generation,coal,coal_int_conv pul,2035,OM-var,2.07,coal (conv pul) (cooling pond)
intermediate generation,coal,coal_int_conv pul,2035,OM-var,2.07,coal (conv pul) (dry cooling)
intermediate generation,coal,coal_int_conv pul_CCS,2035,OM-var,3.35,coal (conv pul CCS) (once through)
intermediate generation,coal,coal_int_conv pul_CCS,2035,OM-var,3.35,coal (conv pul CCS) (seawater)
intermediate generation,coal,coal_int_conv pul_CCS,2035,OM-var,3.35,coal (conv pul CCS) (recirculating)
intermediate generation,coal,coal_int_conv pul_CCS,2035,OM-var,3.35,coal (conv pul CCS) (dry cooling)
intermediate generation,coal,coal_int_IGCC,2035,OM-var,3.71,coal (IGCC) (once through)
intermediate generation,coal,coal_int_IGCC,2035,OM-var,3.71,coal (IGCC) (seawater)
intermediate generation,coal,coal_int_IGCC,2035,OM-var,3.71,coal (IGCC) (recirculating)
intermediate generation,coal,coal_int_IGCC,2035,OM-var,3.71,coal (IGCC) (dry cooling)
intermediate generation,coal,coal_int_IGCC_CCS,2035,OM-var,5.51,coal (IGCC CCS) (once through)
intermediate generation,coal,coal_int_IGCC_CCS,2035,OM-var,5.51,coal (IGCC CCS) (seawater)
intermediate generation,coal,coal_int_IGCC_CCS,2035,OM-var,5.51,coal (IGCC CCS) (recirculating)
intermediate generation,coal,coal_int_IGCC_CCS,2035,OM-var,5.51,coal (IGCC CCS) (dry cooling)
intermediate generation,gas,gas_int_CC,2035,OM-var,0.46,gas (CC) (once through)
intermediate generation,gas,gas_int_CC,2035,OM-var,0.46,gas (CC) (seawater)
intermediate generation,gas,gas_int_CC,2035,OM-var,0.46,gas (CC) (recirculating)
intermediate generation,gas,gas_int_CC,2035,OM-var,0.46,gas (CC) (cooling pond)
intermediate generation,gas,gas_int_CC,2035,OM-var,0.46,gas (CC) (dry cooling)
intermediate generation,gas,gas_int_CC_CCS,2035,OM-var,0.97,gas (CC CCS) (once through)
intermediate generation,gas,gas_int_CC_CCS,2035,OM-var,0.97,gas (CC CCS) (seawater)
intermediate generation,gas,gas_int_CC_CCS,2035,OM-var,0.97,gas (CC CCS) (recirculating)
intermediate generation,gas,gas_int_CC_CCS,2035,OM-var,0.97,gas (CC CCS) (dry cooling)
intermediate generation,refined liquids,refined liquids_int_steam/CT,2035,OM-var,1.64,refined liquids (steam/CT) (once through)
intermediate generation,refined liquids,refined liquids_int_steam/CT,2035,OM-var,1.64,refined liquids (steam/CT) (seawater)
intermediate generation,refined liquids,refined liquids_int_steam/CT,2035,OM-var,1.64,refined liquids (steam/CT) (recirculating)
intermediate generation,refined liquids,refined liquids_int_steam/CT,2035,OM-var,1.64,refined liquids (steam/CT) (cooling pond)
intermediate generation,refined liquids,refined liquids_int_steam/CT,2035,OM-var,1.64,refined liquids (steam/CT) (dry cooling)
intermediate generation,refined liquids,refined liquids_int_CC,2035,OM-var,0.46,refined liquids (CC) (once through)
intermediate generation,refined liquids,refined liquids_int_CC,2035,OM-var,0.46,refined liquids (CC) (seawater)
intermediate generation,refined liquids,refined liquids_int_CC,2035,OM-var,0.46,refined liquids (CC) (recirculating)
intermediate generation,refined liquids,refined liquids_int_CC,2035,OM-var,0.46,refined liquids (CC) (dry cooling)
intermediate generation,refined liquids,refined liquids_int_CC_CCS,2035,OM-var,0.97,refined liquids (CC CCS) (once through)
intermediate generation,refined liquids,refined liquids_int_CC_CCS,2035,OM-var,0.97,refined liquids (CC CCS) (seawater)
intermediate generation,refined liquids,refined liquids_int_CC_CCS,2035,OM-var,0.97,refined liquids (CC CCS) (recirculating)
intermediate generation,refined liquids,refined liquids_int_CC_CCS,2035,OM-var,0.97,refined liquids (CC CCS) (dry cooling)
intermediate generation,coal,coal_int_conv pul 1951-1955,2035,OM-var,2.07,coal (conv pul) (once through)
intermediate generation,coal,coal_int_conv pul 1951-1955,2035,OM-var,2.07,coal (conv pul) (seawater)
intermediate generation,coal,coal_int_conv pul 1951-1955,2035,OM-var,2.07,coal (conv pul) (recirculating)
intermediate generation,coal,coal_int_conv pul 1951-1955,2035,OM-var,2.07,coal (conv pul) (cooling pond)
intermediate generation,coal,coal_int_conv pul 1951-1955,2035,OM-var,2.07,coal (conv pul) (dry cooling)
intermediate generation,coal,coal_int_conv pul 1956-1960,2035,OM-var,2.07,coal (conv pul) (once through)
intermediate generation,coal,coal_int_conv pul 1956-1960,2035,OM-var,2.07,coal (conv pul) (seawater)
intermediate generation,coal,coal_int_conv pul 1956-1960,2035,OM-var,2.07,coal (conv pul) (recirculating)
intermediate generation,coal,coal_int_conv pul 1956-1960,2035,OM-var,2.07,coal (conv pul) (cooling pond)
intermediate generation,coal,coal_int_conv pul 1956-1960,2035,OM-var,2.07,coal (conv pul) (dry cooling)
intermediate generation,coal,coal_int_conv pul 1961-1965,2035,OM-var,2.07,coal (conv pul) (once through)
intermediate generation,coal,coal_int_conv pul 1961-1965,2035,OM-var,2.07,coal (conv pul) (seawater)
intermediate generation,coal,coal_int_conv pul 1961-1965,2035,OM-var,2.07,coal (conv pul) (recirculating)
intermediate generation,coal,coal_int_conv pul 1961-1965,2035,OM-var,2.07,coal (conv pul) (cooling pond)
intermediate generation,coal,coal_int_conv pul 1961-1965,2035,OM-var,2.07,coal (conv pul) (dry cooling)
intermediate generation,coal,coal_int_conv pul 1966-1970,2035,OM-var,2.07,coal (conv pul) (once through)
intermediate generation,coal,coal_int_conv pul 1966-1970,2035,OM-var,2.07,coal (conv pul) (seawater)
intermediate generation,coal,coal_int_conv pul 1966-1970,2035,OM-var,2.07,coal (conv pul) (recirculating)
intermediate generation,coal,coal_int_conv pul 1966-1970,2035,OM-var,2.07,coal (conv pul) (cooling pond)
intermediate generation,coal,coal_int_conv pul 1966-1970,2035,OM-var,2.07,coal (conv pul) (dry cooling)
intermediate generation,coal,coal_int_conv pul 1971-1975,2035,OM-var,2.07,coal (conv pul) (once through)
intermediate generation,coal,coal_int_conv pul 1971-1975,2035,OM-var,2.07,coal (conv pul) (seawater)
intermediate generation,coal,coal_int_conv pul 1971-1975,2035,OM-var,2.07,coal (conv pul) (recirculating)
intermediate generation,coal,coal_int_conv pul 1971-1975,2035,OM-var,2.07,coal (conv pul) (cooling pond)
intermediate generation,coal,coal_int_conv pul 1971-1975,2035,OM-var,2.07,coal (conv pul) (dry cooling)
intermediate generation,coal,coal_int_conv pul 1976-1980,2035,OM-var,2.07,coal (conv pul) (once through)
intermediate generation,coal,coal_int_conv pul 1976-1980,2035,OM-var,2.07,coal (conv pul) (seawater)
intermediate generation,coal,coal_int_conv pul 1976-1980,2035,OM-var,2.07,coal (conv pul) (recirculating)
intermediate generation,coal,coal_int_conv pul 1976-1980,2035,OM-var,2.07,coal (conv pul) (cooling pond)
intermediate generation,coal,coal_int_conv pul 1976-1980,2035,OM-var,2.07,coal (conv pul) (dry cooling)
intermediate generation,coal,coal_int_conv pul 1981-1985,2035,OM-var,2.07,coal (conv pul) (once through)
intermediate generation,coal,coal_int_conv pul 1981-1985,2035,OM-var,2.07,coal (conv pul) (seawater)
intermediate generation,coal,coal_int_conv pul 1981-1985,2035,OM-var,2.07,coal (conv pul) (recirculating)
intermediate generation,coal,coal_int_conv pul 1981-1985,2035,OM-var,2.07,coal (conv pul) (cooling pond)
intermediate generation,coal,coal_int_conv pul 1981-1985,2035,OM-var,2.07,coal (conv pul) (dry cooling)
intermediate generation,coal,coal_int_conv pul 1986-1990,2035,OM-var,2.07,coal (conv pul) (once through)
intermediate generation,coal,coal_int_conv pul 1986-1990,2035,OM-var,2.07,coal (conv pul) (seawater)
intermediate generation,coal,coal_int_conv pul 1986-1990,2035,OM-var,2.07,coal (conv pul) (recirculating)
intermediate generation,coal,coal_int_conv pul 1986-1990,2035,OM-var,2.07,coal (conv pul) (cooling pond)
intermediate generation,coal,coal_int_conv pul 1986-1990,2035,OM-var,2.07,coal (conv pul) (dry cooling)
intermediate generation,coal,coal_int_conv pul 1991-1995,2035,OM-var,2.07,coal (conv pul) (once through)
intermediate generation,coal,coal_int_conv pul 1991-1995,2035,OM-var,2.07,coal (conv pul) (seawater)
intermediate generation,coal,coal_int_conv pul 1991-1995,2035,OM-var,2.07,coal (conv pul) (recirculating)
intermediate generation,coal,coal_int_conv pul 1991-1995,2035,OM-var,2.07,coal (conv pul) (cooling pond)
intermediate generation,coal,coal_int_conv pul 1991-1995,2035,OM-var,2.07,coal (conv pul) (dry cooling)
intermediate generation,coal,coal_int_conv pul 1996-2000,2035,OM-var,2.07,coal (conv pul) (once through)
intermediate generation,coal,coal_int_conv pul 1996-2000,2035,OM-var,2.07,coal (conv pul) (seawater)
intermediate generation,coal,coal_int_conv pul 1996-2000,2035,OM-var,2.07,coal (conv pul) (recirculating)
intermediate generation,coal,coal_int_conv pul 1996-2000,2035,OM-var,2.07,coal (conv pul) (cooling pond)
intermediate generation,coal,coal_int_conv pul 1996-2000,2035,OM-var,2.07,coal (conv pul) (dry cooling)
intermediate generation,coal,coal_int_conv pul 2001-2005,2035,OM-var,2.07,coal (conv pul) (once through)
intermediate generation,coal,coal_int_conv pul 2001-2005,2035,OM-var,2.07,coal (conv pul) (seawater)
intermediate generation,coal,coal_int_conv pul 2001-2005,2035,OM-var,2.07,coal (conv pul) (recirculating)
intermediate generation,coal,coal_int_conv pul 2001-2005,2035,OM-var,2.07,coal (conv pul) (cooling pond)
intermediate generation,coal,coal_int_conv pul 2001-2005,2035,OM-var,2.07,coal (conv pul) (dry cooling)
intermediate generation,coal,coal_int_conv pul 2006-2010,2035,OM-var,2.07,coal (conv pul) (once through)
intermediate generation,coal,coal_int_conv pul 2006-2010,2035,OM-var,2.07,coal (conv pul) (seawater)
intermediate generation,coal,coal_int_conv pul 2006-2010,2035,OM-var,2.07,coal (conv pul) (recirculating)
intermediate generation,coal,coal_int_conv pul 2006-2010,2035,OM-var,2.07,coal (conv pul) (cooling pond)
intermediate generation,coal,coal_int_conv pul 2006-2010,2035,OM-var,2.07,coal (conv pul) (dry cooling)
intermediate generation,coal,coal_int_conv pul 2011-2015,2035,OM-var,2.07,coal (conv pul) (once through)
intermediate generation,coal,coal_int_conv pul 2011-2015,2035,OM-var,2.07,coal (conv pul) (seawater)
intermediate generation,coal,coal_int_conv pul 2011-2015,2035,OM-var,2.07,coal (conv pul) (recirculating)
intermediate generation,coal,coal_int_conv pul 2011-2015,2035,OM-var,2.07,coal (conv pul) (cooling pond)
intermediate generation,coal,coal_int_conv pul 2011-2015,2035,OM-var,2.07,coal (conv pul) (dry cooling)
intermediate generation,coal,coal_int_conv pul 2016-2021,2035,OM-var,2.07,coal (conv pul) (once through)
intermediate generation,coal,coal_int_conv pul 2016-2021,2035,OM-var,2.07,coal (conv pul) (seawater)
intermediate generation,coal,coal_int_conv pul 2016-2021,2035,OM-var,2.07,coal (conv pul) (recirculating)
intermediate generation,coal,coal_int_conv pul 2016-2021,2035,OM-var,2.07,coal (conv pul) (cooling pond)
intermediate generation,coal,coal_int_conv pul 2016-2021,2035,OM-var,2.07,coal (conv pul) (dry cooling)
intermediate generation,coal,coal_int_conv pul before 1950,2035,OM-var,2.07,coal (conv pul) (once through)
intermediate generation,coal,coal_int_conv pul before 1950,2035,OM-var,2.07,coal (conv pul) (seawater)
intermediate generation,coal,coal_int_conv pul before 1950,2035,OM-var,2.07,coal (conv pul) (recirculating)
intermediate generation,coal,coal_int_conv pul before 1950,2035,OM-var,2.07,coal (conv pul) (cooling pond)
intermediate generation,coal,coal_int_conv pul before 1950,2035,OM-var,2.07,coal (conv pul) (dry cooling)
intermediate generation,coal,coal_int_conv pul_retire_2023,2035,OM-var,2.07,coal (conv pul) (once through)
intermediate generation,coal,coal_int_conv pul_retire_2023,2035,OM-var,2.07,coal (conv pul) (seawater)
intermediate generation,coal,coal_int_conv pul_retire_2023,2035,OM-var,2.07,coal (conv pul) (recirculating)
intermediate generation,coal,coal_int_conv pul_retire_2023,2035,OM-var,2.07,coal (conv pul) (cooling pond)
intermediate generation,coal,coal_int_conv pul_retire_2023,2035,OM-var,2.07,coal (conv pul) (dry cooling)
intermediate generation,biomass,biomass_int_conv,2040,OM-var,1.24,biomass (conv) (once through)
intermediate generation,biomass,biomass_int_conv,2040,OM-var,1.24,biomass (conv) (seawater)
intermediate generation,biomass,biomass_int_conv,2040,OM-var,1.24,biomass (conv) (recirculating)
intermediate generation,biomass,biomass_int_conv,2040,OM-var,1.24,biomass (conv) (cooling pond)
intermediate generation,biomass,biomass_int_conv,2040,OM-var,1.24,biomass (conv) (dry cooling)
intermediate generation,biomass,biomass_int_conv_CCS,2040,OM-var,3.41,biomass (conv CCS) (once through)
intermediate generation,biomass,biomass_int_conv_CCS,2040,OM-var,3.41,biomass (conv CCS) (seawater)
intermediate generation,biomass,biomass_int_conv_CCS,2040,OM-var,3.41,biomass (conv CCS) (recirculating)
intermediate generation,biomass,biomass_int_conv_CCS,2040,OM-var,3.41,biomass (conv CCS) (dry cooling)
intermediate generation,biomass,biomass_int_IGCC,2040,OM-var,2.85,biomass (IGCC) (once through)
intermediate generation,biomass,biomass_int_IGCC,2040,OM-var,2.85,biomass (IGCC) (seawater)
intermediate generation,biomass,biomass_int_IGCC,2040,OM-var,2.85,biomass (IGCC) (recirculating)
intermediate generation,biomass,biomass_int_IGCC,2040,OM-var,2.85,biomass (IGCC) (dry cooling)
intermediate generation,biomass,biomass_int_IGCC_CCS,2040,OM-var,5.54,biomass (IGCC CCS) (once through)
intermediate generation,biomass,biomass_int_IGCC_CCS,2040,OM-var,5.54,biomass (IGCC CCS) (seawater)
intermediate generation,biomass,biomass_int_IGCC_CCS,2040,OM-var,5.54,biomass (IGCC CCS) (recirculating)
intermediate generation,biomass,biomass_int_IGCC_CCS,2040,OM-var,5.54,biomass (IGCC CCS) (dry cooling)
intermediate generation,coal,coal_int_conv pul,2040,OM-var,2.04,coal (conv pul) (once through)
intermediate generation,coal,coal_int_conv pul,2040,OM-var,2.04,coal (conv pul) (seawater)
intermediate generation,coal,coal_int_conv pul,2040,OM-var,2.04,coal (conv pul) (recirculating)
intermediate generation,coal,coal_int_conv pul,2040,OM-var,2.04,coal (conv pul) (cooling pond)
intermediate generation,coal,coal_int_conv pul,2040,OM-var,2.04,coal (conv pul) (dry cooling)
intermediate generation,coal,coal_int_conv pul_CCS,2040,OM-var,3.29,coal (conv pul CCS) (once through)
intermediate generation,coal,coal_int_conv pul_CCS,2040,OM-var,3.29,coal (conv pul CCS) (seawater)
intermediate generation,coal,coal_int_conv pul_CCS,2040,OM-var,3.29,coal (conv pul CCS) (recirculating)
intermediate generation,coal,coal_int_conv pul_CCS,2040,OM-var,3.29,coal (conv pul CCS) (dry cooling)
intermediate generation,coal,coal_int_IGCC,2040,OM-var,3.65,coal (IGCC) (once through)
intermediate generation,coal,coal_int_IGCC,2040,OM-var,3.65,coal (IGCC) (seawater)
intermediate generation,coal,coal_int_IGCC,2040,OM-var,3.65,coal (IGCC) (recirculating)
intermediate generation,coal,coal_int_IGCC,2040,OM-var,3.65,coal (IGCC) (dry cooling)
intermediate generation,coal,coal_int_IGCC_CCS,2040,OM-var,5.42,coal (IGCC CCS) (once through)
intermediate generation,coal,coal_int_IGCC_CCS,2040,OM-var,5.42,coal (IGCC CCS) (seawater)
intermediate generation,coal,coal_int_IGCC_CCS,2040,OM-var,5.42,coal (IGCC CCS) (recirculating)
intermediate generation,coal,coal_int_IGCC_CCS,2040,OM-var,5.42,coal (IGCC CCS) (dry cooling)
intermediate generation,gas,gas_int_CC,2040,OM-var,0.45,gas (CC) (once through)
intermediate generation,gas,gas_int_CC,2040,OM-var,0.45,gas (CC) (seawater)
intermediate generation,gas,gas_int_CC,2040,OM-var,0.45,gas (CC) (recirculating)
intermediate generation,gas,gas_int_CC,2040,OM-var,0.45,gas (CC) (cooling pond)
intermediate generation,gas,gas_int_CC,2040,OM-var,0.45,gas (CC) (dry cooling)
intermediate generation,gas,gas_int_CC_CCS,2040,OM-var,0.93,gas (CC CCS) (once through)
intermediate generation,gas,gas_int_CC_CCS,2040,OM-var,0.93,gas (CC CCS) (seawater)
intermediate generation,gas,gas_int_CC_CCS,2040,OM-var,0.93,gas (CC CCS) (recirculating)
intermediate generation,gas,gas_int_CC_CCS,2040,OM-var,0.93,gas (CC CCS) (dry cooling)
intermediate generation,refined liquids,refined liquids_int_steam/CT,2040,OM-var,1.64,refined liquids (steam/CT) (once through)
intermediate generation,refined liquids,refined liquids_int_steam/CT,2040,OM-var,1.64,refined liquids (steam/CT) (seawater)
intermediate generation,refined liquids,refined liquids_int_steam/CT,2040,OM-var,1.64,refined liquids (steam/CT) (recirculating)
intermediate generation,refined liquids,refined liquids_int_steam/CT,2040,OM-var,1.64,refined liquids (steam/CT) (cooling pond)
intermediate generation,refined liquids,refined liquids_int_steam/CT,2040,OM-var,1.64,refined liquids (steam/CT) (dry cooling)
intermediate generation,refined liquids,refined liquids_int_CC,2040,OM-var,0.45,refined liquids (CC) (once through)
intermediate generation,refined liquids,refined liquids_int_CC,2040,OM-var,0.45,refined liquids (CC) (seawater)
intermediate generation,refined liquids,refined liquids_int_CC,2040,OM-var,0.45,refined liquids (CC) (recirculating)
intermediate generation,refined liquids,refined liquids_int_CC,2040,OM-var,0.45,refined liquids (CC) (dry cooling)
intermediate generation,refined liquids,refined liquids_int_CC_CCS,2040,OM-var,0.93,refined liquids (CC CCS) (once through)
intermediate generation,refined liquids,refined liquids_int_CC_CCS,2040,OM-var,0.93,refined liquids (CC CCS) (seawater)
intermediate generation,refined liquids,refined liquids_int_CC_CCS,2040,OM-var,0.93,refined liquids (CC CCS) (recirculating)
intermediate generation,refined liquids,refined liquids_int_CC_CCS,2040,OM-var,0.93,refined liquids (CC CCS) (dry cooling)
intermediate generation,coal,coal_int_conv pul 1951-1955,2040,OM-var,2.04,coal (conv pul) (once through)
intermediate generation,coal,coal_int_conv pul 1951-1955,2040,OM-var,2.04,coal (conv pul) (seawater)
intermediate generation,coal,coal_int_conv pul 1951-1955,2040,OM-var,2.04,coal (conv pul) (recirculating)
intermediate generation,coal,coal_int_conv pul 1951-1955,2040,OM-var,2.04,coal (conv pul) (cooling pond)
intermediate generation,coal,coal_int_conv pul 1951-1955,2040,OM-var,2.04,coal (conv pul) (dry cooling)
intermediate generation,coal,coal_int_conv pul 1956-1960,2040,OM-var,2.04,coal (conv pul) (once through)
intermediate generation,coal,coal_int_conv pul 1956-1960,2040,OM-var,2.04,coal (conv pul) (seawater)
intermediate generation,coal,coal_int_conv pul 1956-1960,2040,OM-var,2.04,coal (conv pul) (recirculating)
intermediate generation,coal,coal_int_conv pul 1956-1960,2040,OM-var,2.04,coal (conv pul) (cooling pond)
intermediate generation,coal,coal_int_conv pul 1956-1960,2040,OM-var,2.04,coal (conv pul) (dry cooling)
intermediate generation,coal,coal_int_conv pul 1961-1965,2040,OM-var,2.04,coal (conv pul) (once through)
intermediate generation,coal,coal_int_conv pul 1961-1965,2040,OM-var,2.04,coal (conv pul) (seawater)
intermediate generation,coal,coal_int_conv pul 1961-1965,2040,OM-var,2.04,coal (conv pul) (recirculating)
intermediate generation,coal,coal_int_conv pul 1961-1965,2040,OM-var,2.04,coal (conv pul) (cooling pond)
intermediate generation,coal,coal_int_conv pul 1961-1965,2040,OM-var,2.04,coal (conv pul) (dry cooling)
intermediate generation,coal,coal_int_conv pul 1966-1970,2040,OM-var,2.04,coal (conv pul) (once through)
intermediate generation,coal,coal_int_conv pul 1966-1970,2040,OM-var,2.04,coal (conv pul) (seawater)
intermediate generation,coal,coal_int_conv pul 1966-1970,2040,OM-var,2.04,coal (conv pul) (recirculating)
intermediate generation,coal,coal_int_conv pul 1966-1970,2040,OM-var,2.04,coal (conv pul) (cooling pond)
intermediate generation,coal,coal_int_conv pul 1966-1970,2040,OM-var,2.04,coal (conv pul) (dry cooling)
intermediate generation,coal,coal_int_conv pul 1971-1975,2040,OM-var,2.04,coal (conv pul) (once through)
intermediate generation,coal,coal_int_conv pul 1971-1975,2040,OM-var,2.04,coal (conv pul) (seawater)
intermediate generation,coal,coal_int_conv pul 1971-1975,2040,OM-var,2.04,coal (conv pul) (recirculating)
intermediate generation,coal,coal_int_conv pul 1971-1975,2040,OM-var,2.04,coal (conv pul) (cooling pond)
intermediate generation,coal,coal_int_conv pul 1971-1975,2040,OM-var,2.04,coal (conv pul) (dry cooling)
intermediate generation,coal,coal_int_conv pul 1976-1980,2040,OM-var,2.04,coal (conv pul) (once through)
intermediate generation,coal,coal_int_conv pul 1976-1980,2040,OM-var,2.04,coal (conv pul) (seawater)
intermediate generation,coal,coal_int_conv pul 1976-1980,2040,OM-var,2.04,coal (conv pul) (recirculating)
intermediate generation,coal,coal_int_conv pul 1976-1980,2040,OM-var,2.04,coal (conv pul) (cooling pond)
intermediate generation,coal,coal_int_conv pul 1976-1980,2040,OM-var,2.04,coal (conv pul) (dry cooling)
intermediate generation,coal,coal_int_conv pul 1981-1985,2040,OM-var,2.04,coal (conv pul) (once through)
intermediate generation,coal,coal_int_conv pul 1981-1985,2040,OM-var,2.04,coal (conv pul) (seawater)
intermediate generation,coal,coal_int_conv pul 1981-1985,2040,OM-var,2.04,coal (conv pul) (recirculating)
intermediate generation,coal,coal_int_conv pul 1981-1985,2040,OM-var,2.04,coal (conv pul) (cooling pond)
intermediate generation,coal,coal_int_conv pul 1981-1985,2040,OM-var,2.04,coal (conv pul) (dry cooling)
intermediate generation,coal,coal_int_conv pul 1986-1990,2040,OM-var,2.04,coal (conv pul) (once through)
intermediate generation,coal,coal_int_conv pul 1986-1990,2040,OM-var,2.04,coal (conv pul) (seawater)
intermediate generation,coal,coal_int_conv pul 1986-1990,2040,OM-var,2.04,coal (conv pul) (recirculating)
intermediate generation,coal,coal_int_conv pul 1986-1990,2040,OM-var,2.04,coal (conv pul) (cooling pond)
intermediate generation,coal,coal_int_conv pul 1986-1990,2040,OM-var,2.04,coal (conv pul) (dry cooling)
intermediate generation,coal,coal_int_conv pul 1991-1995,2040,OM-var,2.04,coal (conv pul) (once through)
intermediate generation,coal,coal_int_conv pul 1991-1995,2040,OM-var,2.04,coal (conv pul) (seawater)
intermediate generation,coal,coal_int_conv pul 1991-1995,2040,OM-var,2.04,coal (conv pul) (recirculating)
intermediate generation,coal,coal_int_conv pul 1991-1995,2040,OM-var,2.04,coal (conv pul) (cooling pond)
intermediate generation,coal,coal_int_conv pul 1991-1995,2040,OM-var,2.04,coal (conv pul) (dry cooling)
intermediate generation,coal,coal_int_conv pul 1996-2000,2040,OM-var,2.04,coal (conv pul) (once through)
intermediate generation,coal,coal_int_conv pul 1996-2000,2040,OM-var,2.04,coal (conv pul) (seawater)
intermediate generation,coal,coal_int_conv pul 1996-2000,2040,OM-var,2.04,coal (conv pul) (recirculating)
intermediate generation,coal,coal_int_conv pul 1996-2000,2040,OM-var,2.04,coal (conv pul) (cooling pond)
intermediate generation,coal,coal_int_conv pul 1996-2000,2040,OM-var,2.04,coal (conv pul) (dry cooling)
intermediate generation,coal,coal_int_conv pul 2001-2005,2040,OM-var,2.04,coal (conv pul) (once through)
intermediate generation,coal,coal_int_conv pul 2001-2005,2040,OM-var,2.04,coal (conv pul) (seawater)
intermediate generation,coal,coal_int_conv pul 2001-2005,2040,OM-var,2.04,coal (conv pul) (recirculating)
intermediate generation,coal,coal_int_conv pul 2001-2005,2040,OM-var,2.04,coal (conv pul) (cooling pond)
intermediate generation,coal,coal_int_conv pul 2001-2005,2040,OM-var,2.04,coal (conv pul) (dry cooling)
intermediate generation,coal,coal_int_conv pul 2006-2010,2040,OM-var,2.04,coal (conv pul) (once through)
intermediate generation,coal,coal_int_conv pul 2006-2010,2040,OM-var,2.04,coal (conv pul) (seawater)
intermediate generation,coal,coal_int_conv pul 2006-2010,2040,OM-var,2.04,coal (conv pul) (recirculating)
intermediate generation,coal,coal_int_conv pul 2006-2010,2040,OM-var,2.04,coal (conv pul) (cooling pond)
intermediate generation,coal,coal_int_conv pul 2006-2010,2040,OM-var,2.04,coal (conv pul) (dry cooling)
intermediate generation,coal,coal_int_conv pul 2011-2015,2040,OM-var,2.04,coal (conv pul) (once through)
intermediate generation,coal,coal_int_conv pul 2011-2015,2040,OM-var,2.04,coal (conv pul) (seawater)
intermediate generation,coal,coal_int_conv pul 2011-2015,2040,OM-var,2.04,coal (conv pul) (recirculating)
intermediate generation,coal,coal_int_conv pul 2011-2015,2040,OM-var,2.04,coal (conv pul) (cooling pond)
intermediate generation,coal,coal_int_conv pul 2011-2015,2040,OM-var,2.04,coal (conv pul) (dry cooling)
intermediate generation,coal,coal_int_conv pul 2016-2021,2040,OM-var,2.04,coal (conv pul) (once through)
intermediate generation,coal,coal_int_conv pul 2016-2021,2040,OM-var,2.04,coal (conv pul) (seawater)
intermediate generation,coal,coal_int_conv pul 2016-2021,2040,OM-var,2.04,coal (conv pul) (recirculating)
intermediate generation,coal,coal_int_conv pul 2016-2021,2040,OM-var,2.04,coal (conv pul) (cooling pond)
intermediate generation,coal,coal_int_conv pul 2016-2021,2040,OM-var,2.04,coal (conv pul) (dry cooling)
intermediate generation,coal,coal_int_conv pul before 1950,2040,OM-var,2.04,coal (conv pul) (once through)
intermediate generation,coal,coal_int_conv pul before 1950,2040,OM-var,2.04,coal (conv pul) (seawater)
intermediate generation,coal,coal_int_conv pul before 1950,2040,OM-var,2.04,coal (conv pul) (recirculating)
intermediate generation,coal,coal_int_conv pul before 1950,2040,OM-var,2.04,coal (conv pul) (cooling pond)
intermediate generation,coal,coal_int_conv pul before 1950,2040,OM-var,2.04,coal (conv pul) (dry cooling)
intermediate generation,coal,coal_int_conv pul_retire_2023,2040,OM-var,2.04,coal (conv pul) (once through)
intermediate generation,coal,coal_int_conv pul_retire_2023,2040,OM-var,2.04,coal (conv pul) (seawater)
intermediate generation,coal,coal_int_conv pul_retire_2023,2040,OM-var,2.04,coal (conv pul) (recirculating)
intermediate generation,coal,coal_int_conv pul_retire_2023,2040,OM-var,2.04,coal (conv pul) (cooling pond)
intermediate generation,coal,coal_int_conv pul_retire_2023,2040,OM-var,2.04,coal (conv pul) (dry cooling)
intermediate generation,biomass,biomass_int_conv,2045,OM-var,1.24,biomass (conv) (once through)
intermediate generation,biomass,biomass_int_conv,2045,OM-var,1.24,biomass (conv) (seawater)
intermediate generation,biomass,biomass_int_conv,2045,OM-var,1.24,biomass (conv) (recirculating)
intermediate generation,biomass,biomass_int_conv,2045,OM-var,1.24,biomass (conv) (cooling pond)
intermediate generation,biomass,biomass_int_conv,2045,OM-var,1.24,biomass (conv) (dry cooling)
intermediate generation,biomass,biomass_int_conv_CCS,2045,OM-var,3.39,biomass (conv CCS) (once through)
intermediate generation,biomass,biomass_int_conv_CCS,2045,OM-var,3.39,biomass (conv CCS) (seawater)
intermediate generation,biomass,biomass_int_conv_CCS,2045,OM-var,3.39,biomass (conv CCS) (recirculating)
intermediate generation,biomass,biomass_int_conv_CCS,2045,OM-var,3.39,biomass (conv CCS) (dry cooling)
intermediate generation,biomass,biomass_int_IGCC,2045,OM-var,2.82,biomass (IGCC) (once through)
intermediate generation,biomass,biomass_int_IGCC,2045,OM-var,2.82,biomass (IGCC) (seawater)
intermediate generation,biomass,biomass_int_IGCC,2045,OM-var,2.82,biomass (IGCC) (recirculating)
intermediate generation,biomass,biomass_int_IGCC,2045,OM-var,2.82,biomass (IGCC) (dry cooling)
intermediate generation,biomass,biomass_int_IGCC_CCS,2045,OM-var,5.49,biomass (IGCC CCS) (once through)
intermediate generation,biomass,biomass_int_IGCC_CCS,2045,OM-var,5.49,biomass (IGCC CCS) (seawater)
intermediate generation,biomass,biomass_int_IGCC_CCS,2045,OM-var,5.49,biomass (IGCC CCS) (recirculating)
intermediate generation,biomass,biomass_int_IGCC_CCS,2045,OM-var,5.49,biomass (IGCC CCS) (dry cooling)
intermediate generation,coal,coal_int_conv pul,2045,OM-var,2,coal (conv pul) (once through)
intermediate generation,coal,coal_int_conv pul,2045,OM-var,2,coal (conv pul) (seawater)
intermediate generation,coal,coal_int_conv pul,2045,OM-var,2,coal (conv pul) (recirculating)
intermediate generation,coal,coal_int_conv pul,2045,OM-var,2,coal (conv pul) (cooling pond)
intermediate generation,coal,coal_int_conv pul,2045,OM-var,2,coal (conv pul) (dry cooling)
intermediate generation,coal,coal_int_conv pul_CCS,2045,OM-var,3.23,coal (conv pul CCS) (once through)
intermediate generation,coal,coal_int_conv pul_CCS,2045,OM-var,3.23,coal (conv pul CCS) (seawater)
intermediate generation,coal,coal_int_conv pul_CCS,2045,OM-var,3.23,coal (conv pul CCS) (recirculating)
intermediate generation,coal,coal_int_conv pul_CCS,2045,OM-var,3.23,coal (conv pul CCS) (dry cooling)
intermediate generation,coal,coal_int_IGCC,2045,OM-var,3.58,coal (IGCC) (once through)
intermediate generation,coal,coal_int_IGCC,2045,OM-var,3.58,coal (IGCC) (seawater)
intermediate generation,coal,coal_int_IGCC,2045,OM-var,3.58,coal (IGCC) (recirculating)
intermediate generation,coal,coal_int_IGCC,2045,OM-var,3.58,coal (IGCC) (dry cooling)
intermediate generation,coal,coal_int_IGCC_CCS,2045,OM-var,5.33,coal (IGCC CCS) (once through)
intermediate generation,coal,coal_int_IGCC_CCS,2045,OM-var,5.33,coal (IGCC CCS) (seawater)
intermediate generation,coal,coal_int_IGCC_CCS,2045,OM-var,5.33,coal (IGCC CCS) (recirculating)
intermediate generation,coal,coal_int_IGCC_CCS,2045,OM-var,5.33,coal (IGCC CCS) (dry cooling)
intermediate generation,gas,gas_int_CC,2045,OM-var,0.44,gas (CC) (once through)
intermediate generation,gas,gas_int_CC,2045,OM-var,0.44,gas (CC) (seawater)
intermediate generation,gas,gas_int_CC,2045,OM-var,0.44,gas (CC) (recirculating)
intermediate generation,gas,gas_int_CC,2045,OM-var,0.44,gas (CC) (cooling pond)
intermediate generation,gas,gas_int_CC,2045,OM-var,0.44,gas (CC) (dry cooling)
intermediate generation,gas,gas_int_CC_CCS,2045,OM-var,0.9,gas (CC CCS) (once through)
intermediate generation,gas,gas_int_CC_CCS,2045,OM-var,0.9,gas (CC CCS) (seawater)
intermediate generation,gas,gas_int_CC_CCS,2045,OM-var,0.9,gas (CC CCS) (recirculating)
intermediate generation,gas,gas_int_CC_CCS,2045,OM-var,0.9,gas (CC CCS) (dry cooling)
intermediate generation,refined liquids,refined liquids_int_steam/CT,2045,OM-var,1.64,refined liquids (steam/CT) (once through)
intermediate generation,refined liquids,refined liquids_int_steam/CT,2045,OM-var,1.64,refined liquids (steam/CT) (seawater)
intermediate generation,refined liquids,refined liquids_int_steam/CT,2045,OM-var,1.64,refined liquids (steam/CT) (recirculating)
intermediate generation,refined liquids,refined liquids_int_steam/CT,2045,OM-var,1.64,refined liquids (steam/CT) (cooling pond)
intermediate generation,refined liquids,refined liquids_int_steam/CT,2045,OM-var,1.64,refined liquids (steam/CT) (dry cooling)
intermediate generation,refined liquids,refined liquids_int_CC,2045,OM-var,0.44,refined liquids (CC) (once through)
intermediate generation,refined liquids,refined liquids_int_CC,2045,OM-var,0.44,refined liquids (CC) (seawater)
intermediate generation,refined liquids,refined liquids_int_CC,2045,OM-var,0.44,refined liquids (CC) (recirculating)
intermediate generation,refined liquids,refined liquids_int_CC,2045,OM-var,0.44,refined liquids (CC) (dry cooling)
intermediate generation,refined liquids,refined liquids_int_CC_CCS,2045,OM-var,0.9,refined liquids (CC CCS) (once through)
intermediate generation,refined liquids,refined liquids_int_CC_CCS,2045,OM-var,0.9,refined liquids (CC CCS) (seawater)
intermediate generation,refined liquids,refined liquids_int_CC_CCS,2045,OM-var,0.9,refined liquids (CC CCS) (recirculating)
intermediate generation,refined liquids,refined liquids_int_CC_CCS,2045,OM-var,0.9,refined liquids (CC CCS) (dry cooling)
intermediate generation,coal,coal_int_conv pul 1951-1955,2045,OM-var,2,coal (conv pul) (once through)
intermediate generation,coal,coal_int_conv pul 1951-1955,2045,OM-var,2,coal (conv pul) (seawater)
intermediate generation,coal,coal_int_conv pul 1951-1955,2045,OM-var,2,coal (conv pul) (recirculating)
intermediate generation,coal,coal_int_conv pul 1951-1955,2045,OM-var,2,coal (conv pul) (cooling pond)
intermediate generation,coal,coal_int_conv pul 1951-1955,2045,OM-var,2,coal (conv pul) (dry cooling)
intermediate generation,coal,coal_int_conv pul 1956-1960,2045,OM-var,2,coal (conv pul) (once through)
intermediate generation,coal,coal_int_conv pul 1956-1960,2045,OM-var,2,coal (conv pul) (seawater)
intermediate generation,coal,coal_int_conv pul 1956-1960,2045,OM-var,2,coal (conv pul) (recirculating)
intermediate generation,coal,coal_int_conv pul 1956-1960,2045,OM-var,2,coal (conv pul) (cooling pond)
intermediate generation,coal,coal_int_conv pul 1956-1960,2045,OM-var,2,coal (conv pul) (dry cooling)
intermediate generation,coal,coal_int_conv pul 1961-1965,2045,OM-var,2,coal (conv pul) (once through)
intermediate generation,coal,coal_int_conv pul 1961-1965,2045,OM-var,2,coal (conv pul) (seawater)
intermediate generation,coal,coal_int_conv pul 1961-1965,2045,OM-var,2,coal (conv pul) (recirculating)
intermediate generation,coal,coal_int_conv pul 1961-1965,2045,OM-var,2,coal (conv pul) (cooling pond)
intermediate generation,coal,coal_int_conv pul 1961-1965,2045,OM-var,2,coal (conv pul) (dry cooling)
intermediate generation,coal,coal_int_conv pul 1966-1970,2045,OM-var,2,coal (conv pul) (once through)
intermediate generation,coal,coal_int_conv pul 1966-1970,2045,OM-var,2,coal (conv pul) (seawater)
intermediate generation,coal,coal_int_conv pul 1966-1970,2045,OM-var,2,coal (conv pul) (recirculating)
intermediate generation,coal,coal_int_conv pul 1966-1970,2045,OM-var,2,coal (conv pul) (cooling pond)
intermediate generation,coal,coal_int_conv pul 1966-1970,2045,OM-var,2,coal (conv pul) (dry cooling)
intermediate generation,coal,coal_int_conv pul 1971-1975,2045,OM-var,2,coal (conv pul) (once through)
intermediate generation,coal,coal_int_conv pul 1971-1975,2045,OM-var,2,coal (conv pul) (seawater)
intermediate generation,coal,coal_int_conv pul 1971-1975,2045,OM-var,2,coal (conv pul) (recirculating)
intermediate generation,coal,coal_int_conv pul 1971-1975,2045,OM-var,2,coal (conv pul) (cooling pond)
intermediate generation,coal,coal_int_conv pul 1971-1975,2045,OM-var,2,coal (conv pul) (dry cooling)
intermediate generation,coal,coal_int_conv pul 1976-1980,2045,OM-var,2,coal (conv pul) (once through)
intermediate generation,coal,coal_int_conv pul 1976-1980,2045,OM-var,2,coal (conv pul) (seawater)
intermediate generation,coal,coal_int_conv pul 1976-1980,2045,OM-var,2,coal (conv pul) (recirculating)
intermediate generation,coal,coal_int_conv pul 1976-1980,2045,OM-var,2,coal (conv pul) (cooling pond)
intermediate generation,coal,coal_int_conv pul 1976-1980,2045,OM-var,2,coal (conv pul) (dry cooling)
intermediate generation,coal,coal_int_conv pul 1981-1985,2045,OM-var,2,coal (conv pul) (once through)
intermediate generation,coal,coal_int_conv pul 1981-1985,2045,OM-var,2,coal (conv pul) (seawater)
intermediate generation,coal,coal_int_conv pul 1981-1985,2045,OM-var,2,coal (conv pul) (recirculating)
intermediate generation,coal,coal_int_conv pul 1981-1985,2045,OM-var,2,coal (conv pul) (cooling pond)
intermediate generation,coal,coal_int_conv pul 1981-1985,2045,OM-var,2,coal (conv pul) (dry cooling)
intermediate generation,coal,coal_int_conv pul 1986-1990,2045,OM-var,2,coal (conv pul) (once through)
intermediate generation,coal,coal_int_conv pul 1986-1990,2045,OM-var,2,coal (conv pul) (seawater)
intermediate generation,coal,coal_int_conv pul 1986-1990,2045,OM-var,2,coal (conv pul) (recirculating)
intermediate generation,coal,coal_int_conv pul 1986-1990,2045,OM-var,2,coal (conv pul) (cooling pond)
intermediate generation,coal,coal_int_conv pul 1986-1990,2045,OM-var,2,coal (conv pul) (dry cooling)
intermediate generation,coal,coal_int_conv pul 1991-1995,2045,OM-var,2,coal (conv pul) (once through)
intermediate generation,coal,coal_int_conv pul 1991-1995,2045,OM-var,2,coal (conv pul) (seawater)
intermediate generation,coal,coal_int_conv pul 1991-1995,2045,OM-var,2,coal (conv pul) (recirculating)
intermediate generation,coal,coal_int_conv pul 1991-1995,2045,OM-var,2,coal (conv pul) (cooling pond)
intermediate generation,coal,coal_int_conv pul 1991-1995,2045,OM-var,2,coal (conv pul) (dry cooling)
intermediate generation,coal,coal_int_conv pul 1996-2000,2045,OM-var,2,coal (conv pul) (once through)
intermediate generation,coal,coal_int_conv pul 1996-2000,2045,OM-var,2,coal (conv pul) (seawater)
intermediate generation,coal,coal_int_conv pul 1996-2000,2045,OM-var,2,coal (conv pul) (recirculating)
intermediate generation,coal,coal_int_conv pul 1996-2000,2045,OM-var,2,coal (conv pul) (cooling pond)
intermediate generation,coal,coal_int_conv pul 1996-2000,2045,OM-var,2,coal (conv pul) (dry cooling)
intermediate generation,coal,coal_int_conv pul 2001-2005,2045,OM-var,2,coal (conv pul) (once through)
intermediate generation,coal,coal_int_conv pul 2001-2005,2045,OM-var,2,coal (conv pul) (seawater)
intermediate generation,coal,coal_int_conv pul 2001-2005,2045,OM-var,2,coal (conv pul) (recirculating)
intermediate generation,coal,coal_int_conv pul 2001-2005,2045,OM-var,2,coal (conv pul) (cooling pond)
intermediate generation,coal,coal_int_conv pul 2001-2005,2045,OM-var,2,coal (conv pul) (dry cooling)
intermediate generation,coal,coal_int_conv pul 2006-2010,2045,OM-var,2,coal (conv pul) (once through)
intermediate generation,coal,coal_int_conv pul 2006-2010,2045,OM-var,2,coal (conv pul) (seawater)
intermediate generation,coal,coal_int_conv pul 2006-2010,2045,OM-var,2,coal (conv pul) (recirculating)
intermediate generation,coal,coal_int_conv pul 2006-2010,2045,OM-var,2,coal (conv pul) (cooling pond)
intermediate generation,coal,coal_int_conv pul 2006-2010,2045,OM-var,2,coal (conv pul) (dry cooling)
intermediate generation,coal,coal_int_conv pul 2011-2015,2045,OM-var,2,coal (conv pul) (once through)
intermediate generation,coal,coal_int_conv pul 2011-2015,2045,OM-var,2,coal (conv pul) (seawater)
intermediate generation,coal,coal_int_conv pul 2011-2015,2045,OM-var,2,coal (conv pul) (recirculating)
intermediate generation,coal,coal_int_conv pul 2011-2015,2045,OM-var,2,coal (conv pul) (cooling pond)
intermediate generation,coal,coal_int_conv pul 2011-2015,2045,OM-var,2,coal (conv pul) (dry cooling)
intermediate generation,coal,coal_int_conv pul 2016-2021,2045,OM-var,2,coal (conv pul) (once through)
intermediate generation,coal,coal_int_conv pul 2016-2021,2045,OM-var,2,coal (conv pul) (seawater)
intermediate generation,coal,coal_int_conv pul 2016-2021,2045,OM-var,2,coal (conv pul) (recirculating)
intermediate generation,coal,coal_int_conv pul 2016-2021,2045,OM-var,2,coal (conv pul) (cooling pond)
intermediate generation,coal,coal_int_conv pul 2016-2021,2045,OM-var,2,coal (conv pul) (dry cooling)
intermediate generation,coal,coal_int_conv pul before 1950,2045,OM-var,2,coal (conv pul) (once through)
intermediate generation,coal,coal_int_conv pul before 1950,2045,OM-var,2,coal (conv pul) (seawater)
intermediate generation,coal,coal_int_conv pul before 1950,2045,OM-var,2,coal (conv pul) (recirculating)
intermediate generation,coal,coal_int_conv pul before 1950,2045,OM-var,2,coal (conv pul) (cooling pond)
intermediate generation,coal,coal_int_conv pul before 1950,2045,OM-var,2,coal (conv pul) (dry cooling)
intermediate generation,coal,coal_int_conv pul_retire_2023,2045,OM-var,2,coal (conv pul) (once through)
intermediate generation,coal,coal_int_conv pul_retire_2023,2045,OM-var,2,coal (conv pul) (seawater)
intermediate generation,coal,coal_int_conv pul_retire_2023,2045,OM-var,2,coal (conv pul) (recirculating)
intermediate generation,coal,coal_int_conv pul_retire_2023,2045,OM-var,2,coal (conv pul) (cooling pond)
intermediate generation,coal,coal_int_conv pul_retire_2023,2045,OM-var,2,coal (conv pul) (dry cooling)
intermediate generation,biomass,biomass_int_conv,2050,OM-var,1.24,biomass (conv) (once through)
intermediate generation,biomass,biomass_int_conv,2050,OM-var,1.24,biomass (conv) (seawater)
intermediate generation,biomass,biomass_int_conv,2050,OM-var,1.24,biomass (conv) (recirculating)
intermediate generation,biomass,biomass_int_conv,2050,OM-var,1.24,biomass (conv) (cooling pond)
intermediate generation,biomass,biomass_int_conv,2050,OM-var,1.24,biomass (conv) (dry cooling)
intermediate generation,biomass,biomass_int_conv_CCS,2050,OM-var,3.37,biomass (conv CCS) (once through)
intermediate generation,biomass,biomass_int_conv_CCS,2050,OM-var,3.37,biomass (conv CCS) (seawater)
intermediate generation,biomass,biomass_int_conv_CCS,2050,OM-var,3.37,biomass (conv CCS) (recirculating)
intermediate generation,biomass,biomass_int_conv_CCS,2050,OM-var,3.37,biomass (conv CCS) (dry cooling)
intermediate generation,biomass,biomass_int_IGCC,2050,OM-var,2.79,biomass (IGCC) (once through)
intermediate generation,biomass,biomass_int_IGCC,2050,OM-var,2.79,biomass (IGCC) (seawater)
intermediate generation,biomass,biomass_int_IGCC,2050,OM-var,2.79,biomass (IGCC) (recirculating)
intermediate generation,biomass,biomass_int_IGCC,2050,OM-var,2.79,biomass (IGCC) (dry cooling)
intermediate generation,biomass,biomass_int_IGCC_CCS,2050,OM-var,5.44,biomass (IGCC CCS) (once through)
intermediate generation,biomass,biomass_int_IGCC_CCS,2050,OM-var,5.44,biomass (IGCC CCS) (seawater)
intermediate generation,biomass,biomass_int_IGCC_CCS,2050,OM-var,5.44,biomass (IGCC CCS) (recirculating)
intermediate generation,biomass,biomass_int_IGCC_CCS,2050,OM-var,5.44,biomass (IGCC CCS) (dry cooling)
intermediate generation,coal,coal_int_conv pul,2050,OM-var,1.97,coal (conv pul) (once through)
intermediate generation,coal,coal_int_conv pul,2050,OM-var,1.97,coal (conv pul) (seawater)
intermediate generation,coal,coal_int_conv pul,2050,OM-var,1.97,coal (conv pul) (recirculating)
intermediate generation,coal,coal_int_conv pul,2050,OM-var,1.97,coal (conv pul) (cooling pond)
intermediate generation,coal,coal_int_conv pul,2050,OM-var,1.97,coal (conv pul) (dry cooling)
intermediate generation,coal,coal_int_conv pul_CCS,2050,OM-var,3.16,coal (conv pul CCS) (once through)
intermediate generation,coal,coal_int_conv pul_CCS,2050,OM-var,3.16,coal (conv pul CCS) (seawater)
intermediate generation,coal,coal_int_conv pul_CCS,2050,OM-var,3.16,coal (conv pul CCS) (recirculating)
intermediate generation,coal,coal_int_conv pul_CCS,2050,OM-var,3.16,coal (conv pul CCS) (dry cooling)
intermediate generation,coal,coal_int_IGCC,2050,OM-var,3.52,coal (IGCC) (once through)
intermediate generation,coal,coal_int_IGCC,2050,OM-var,3.52,coal (IGCC) (seawater)
intermediate generation,coal,coal_int_IGCC,2050,OM-var,3.52,coal (IGCC) (recirculating)
intermediate generation,coal,coal_int_IGCC,2050,OM-var,3.52,coal (IGCC) (dry cooling)
intermediate generation,coal,coal_int_IGCC_CCS,2050,OM-var,5.24,coal (IGCC CCS) (once through)
intermediate generation,coal,coal_int_IGCC_CCS,2050,OM-var,5.24,coal (IGCC CCS) (seawater)
intermediate generation,coal,coal_int_IGCC_CCS,2050,OM-var,5.24,coal (IGCC CCS) (recirculating)
intermediate generation,coal,coal_int_IGCC_CCS,2050,OM-var,5.24,coal (IGCC CCS) (dry cooling)
intermediate generation,gas,gas_int_CC,2050,OM-var,0.42,gas (CC) (once through)
intermediate generation,gas,gas_int_CC,2050,OM-var,0.42,gas (CC) (seawater)
intermediate generation,gas,gas_int_CC,2050,OM-var,0.42,gas (CC) (recirculating)
intermediate generation,gas,gas_int_CC,2050,OM-var,0.42,gas (CC) (cooling pond)
intermediate generation,gas,gas_int_CC,2050,OM-var,0.42,gas (CC) (dry cooling)
intermediate generation,gas,gas_int_CC_CCS,2050,OM-var,0.86,gas (CC CCS) (once through)
intermediate generation,gas,gas_int_CC_CCS,2050,OM-var,0.86,gas (CC CCS) (seawater)
intermediate generation,gas,gas_int_CC_CCS,2050,OM-var,0.86,gas (CC CCS) (recirculating)
intermediate generation,gas,gas_int_CC_CCS,2050,OM-var,0.86,gas (CC CCS) (dry cooling)
intermediate generation,refined liquids,refined liquids_int_steam/CT,2050,OM-var,1.64,refined liquids (steam/CT) (once through)
intermediate generation,refined liquids,refined liquids_int_steam/CT,2050,OM-var,1.64,refined liquids (steam/CT) (seawater)
intermediate generation,refined liquids,refined liquids_int_steam/CT,2050,OM-var,1.64,refined liquids (steam/CT) (recirculating)
intermediate generation,refined liquids,refined liquids_int_steam/CT,2050,OM-var,1.64,refined liquids (steam/CT) (cooling pond)
intermediate generation,refined liquids,refined liquids_int_steam/CT,2050,OM-var,1.64,refined liquids (steam/CT) (dry cooling)
intermediate generation,refined liquids,refined liquids_int_CC,2050,OM-var,0.42,refined liquids (CC) (once through)
intermediate generation,refined liquids,refined liquids_int_CC,2050,OM-var,0.42,refined liquids (CC) (seawater)
intermediate generation,refined liquids,refined liquids_int_CC,2050,OM-var,0.42,refined liquids (CC) (recirculating)
intermediate generation,refined liquids,refined liquids_int_CC,2050,OM-var,0.42,refined liquids (CC) (dry cooling)
intermediate generation,refined liquids,refined liquids_int_CC_CCS,2050,OM-var,0.86,refined liquids (CC CCS) (once through)
intermediate generation,refined liquids,refined liquids_int_CC_CCS,2050,OM-var,0.86,refined liquids (CC CCS) (seawater)
intermediate generation,refined liquids,refined liquids_int_CC_CCS,2050,OM-var,0.86,refined liquids (CC CCS) (recirculating)
intermediate generation,refined liquids,refined liquids_int_CC_CCS,2050,OM-var,0.86,refined liquids (CC CCS) (dry cooling)
intermediate generation,coal,coal_int_conv pul 1951-1955,2050,OM-var,1.97,coal (conv pul) (once through)
intermediate generation,coal,coal_int_conv pul 1951-1955,2050,OM-var,1.97,coal (conv pul) (seawater)
intermediate generation,coal,coal_int_conv pul 1951-1955,2050,OM-var,1.97,coal (conv pul) (recirculating)
intermediate generation,coal,coal_int_conv pul 1951-1955,2050,OM-var,1.97,coal (conv pul) (cooling pond)
intermediate generation,coal,coal_int_conv pul 1951-1955,2050,OM-var,1.97,coal (conv pul) (dry cooling)
intermediate generation,coal,coal_int_conv pul 1956-1960,2050,OM-var,1.97,coal (conv pul) (once through)
intermediate generation,coal,coal_int_conv pul 1956-1960,2050,OM-var,1.97,coal (conv pul) (seawater)
intermediate generation,coal,coal_int_conv pul 1956-1960,2050,OM-var,1.97,coal (conv pul) (recirculating)
intermediate generation,coal,coal_int_conv pul 1956-1960,2050,OM-var,1.97,coal (conv pul) (cooling pond)
intermediate generation,coal,coal_int_conv pul 1956-1960,2050,OM-var,1.97,coal (conv pul) (dry cooling)
intermediate generation,coal,coal_int_conv pul 1961-1965,2050,OM-var,1.97,coal (conv pul) (once through)
intermediate generation,coal,coal_int_conv pul 1961-1965,2050,OM-var,1.97,coal (conv pul) (seawater)
intermediate generation,coal,coal_int_conv pul 1961-1965,2050,OM-var,1.97,coal (conv pul) (recirculating)
intermediate generation,coal,coal_int_conv pul 1961-1965,2050,OM-var,1.97,coal (conv pul) (cooling pond)
intermediate generation,coal,coal_int_conv pul 1961-1965,2050,OM-var,1.97,coal (conv pul) (dry cooling)
intermediate generation,coal,coal_int_conv pul 1966-1970,2050,OM-var,1.97,coal (conv pul) (once through)
intermediate generation,coal,coal_int_conv pul 1966-1970,2050,OM-var,1.97,coal (conv pul) (seawater)
intermediate generation,coal,coal_int_conv pul 1966-1970,2050,OM-var,1.97,coal (conv pul) (recirculating)
intermediate generation,coal,coal_int_conv pul 1966-1970,2050,OM-var,1.97,coal (conv pul) (cooling pond)
intermediate generation,coal,coal_int_conv pul 1966-1970,2050,OM-var,1.97,coal (conv pul) (dry cooling)
intermediate generation,coal,coal_int_conv pul 1971-1975,2050,OM-var,1.97,coal (conv pul) (once through)
intermediate generation,coal,coal_int_conv pul 1971-1975,2050,OM-var,1.97,coal (conv pul) (seawater)
intermediate generation,coal,coal_int_conv pul 1971-1975,2050,OM-var,1.97,coal (conv pul) (recirculating)
intermediate generation,coal,coal_int_conv pul 1971-1975,2050,OM-var,1.97,coal (conv pul) (cooling pond)
intermediate generation,coal,coal_int_conv pul 1971-1975,2050,OM-var,1.97,coal (conv pul) (dry cooling)
intermediate generation,coal,coal_int_conv pul 1976-1980,2050,OM-var,1.97,coal (conv pul) (once through)
intermediate generation,coal,coal_int_conv pul 1976-1980,2050,OM-var,1.97,coal (conv pul) (seawater)
intermediate generation,coal,coal_int_conv pul 1976-1980,2050,OM-var,1.97,coal (conv pul) (recirculating)
intermediate generation,coal,coal_int_conv pul 1976-1980,2050,OM-var,1.97,coal (conv pul) (cooling pond)
intermediate generation,coal,coal_int_conv pul 1976-1980,2050,OM-var,1.97,coal (conv pul) (dry cooling)
intermediate generation,coal,coal_int_conv pul 1981-1985,2050,OM-var,1.97,coal (conv pul) (once through)
intermediate generation,coal,coal_int_conv pul 1981-1985,2050,OM-var,1.97,coal (conv pul) (seawater)
intermediate generation,coal,coal_int_conv pul 1981-1985,2050,OM-var,1.97,coal (conv pul) (recirculating)
intermediate generation,coal,coal_int_conv pul 1981-1985,2050,OM-var,1.97,coal (conv pul) (cooling pond)
intermediate generation,coal,coal_int_conv pul 1981-1985,2050,OM-var,1.97,coal (conv pul) (dry cooling)
intermediate generation,coal,coal_int_conv pul 1986-1990,2050,OM-var,1.97,coal (conv pul) (once through)
intermediate generation,coal,coal_int_conv pul 1986-1990,2050,OM-var,1.97,coal (conv pul) (seawater)
intermediate generation,coal,coal_int_conv pul 1986-1990,2050,OM-var,1.97,coal (conv pul) (recirculating)
intermediate generation,coal,coal_int_conv pul 1986-1990,2050,OM-var,1.97,coal (conv pul) (cooling pond)
intermediate generation,coal,coal_int_conv pul 1986-1990,2050,OM-var,1.97,coal (conv pul) (dry cooling)
intermediate generation,coal,coal_int_conv pul 1991-1995,2050,OM-var,1.97,coal (conv pul) (once through)
intermediate generation,coal,coal_int_conv pul 1991-1995,2050,OM-var,1.97,coal (conv pul) (seawater)
intermediate generation,coal,coal_int_conv pul 1991-1995,2050,OM-var,1.97,coal (conv pul) (recirculating)
intermediate generation,coal,coal_int_conv pul 1991-1995,2050,OM-var,1.97,coal (conv pul) (cooling pond)
intermediate generation,coal,coal_int_conv pul 1991-1995,2050,OM-var,1.97,coal (conv pul) (dry cooling)
intermediate generation,coal,coal_int_conv pul 1996-2000,2050,OM-var,1.97,coal (conv pul) (once through)
intermediate generation,coal,coal_int_conv pul 1996-2000,2050,OM-var,1.97,coal (conv pul) (seawater)
intermediate generation,coal,coal_int_conv pul 1996-2000,2050,OM-var,1.97,coal (conv pul) (recirculating)
intermediate generation,coal,coal_int_conv pul 1996-2000,2050,OM-var,1.97,coal (conv pul) (cooling pond)
intermediate generation,coal,coal_int_conv pul 1996-2000,2050,OM-var,1.97,coal (conv pul) (dry cooling)
intermediate generation,coal,coal_int_conv pul 2001-2005,2050,OM-var,1.97,coal (conv pul) (once through)
intermediate generation,coal,coal_int_conv pul 2001-2005,2050,OM-var,1.97,coal (conv pul) (seawater)
intermediate generation,coal,coal_int_conv pul 2001-2005,2050,OM-var,1.97,coal (conv pul) (recirculating)
intermediate generation,coal,coal_int_conv pul 2001-2005,2050,OM-var,1.97,coal (conv pul) (cooling pond)
intermediate generation,coal,coal_int_conv pul 2001-2005,2050,OM-var,1.97,coal (conv pul) (dry cooling)
intermediate generation,coal,coal_int_conv pul 2006-2010,2050,OM-var,1.97,coal (conv pul) (once through)
intermediate generation,coal,coal_int_conv pul 2006-2010,2050,OM-var,1.97,coal (conv pul) (seawater)
intermediate generation,coal,coal_int_conv pul 2006-2010,2050,OM-var,1.97,coal (conv pul) (recirculating)
intermediate generation,coal,coal_int_conv pul 2006-2010,2050,OM-var,1.97,coal (conv pul) (cooling pond)
intermediate generation,coal,coal_int_conv pul 2006-2010,2050,OM-var,1.97,coal (conv pul) (dry cooling)
intermediate generation,coal,coal_int_conv pul 2011-2015,2050,OM-var,1.97,coal (conv pul) (once through)
intermediate generation,coal,coal_int_conv pul 2011-2015,2050,OM-var,1.97,coal (conv pul) (seawater)
intermediate generation,coal,coal_int_conv pul 2011-2015,2050,OM-var,1.97,coal (conv pul) (recirculating)
intermediate generation,coal,coal_int_conv pul 2011-2015,2050,OM-var,1.97,coal (conv pul) (cooling pond)
intermediate generation,coal,coal_int_conv pul 2011-2015,2050,OM-var,1.97,coal (conv pul) (dry cooling)
intermediate generation,coal,coal_int_conv pul 2016-2021,2050,OM-var,1.97,coal (conv pul) (once through)
intermediate generation,coal,coal_int_conv pul 2016-2021,2050,OM-var,1.97,coal (conv pul) (seawater)
intermediate generation,coal,coal_int_conv pul 2016-2021,2050,OM-var,1.97,coal (conv pul) (recirculating)
intermediate generation,coal,coal_int_conv pul 2016-2021,2050,OM-var,1.97,coal (conv pul) (cooling pond)
intermediate generation,coal,coal_int_conv pul 2016-2021,2050,OM-var,1.97,coal (conv pul) (dry cooling)
intermediate generation,coal,coal_int_conv pul before 1950,2050,OM-var,1.97,coal (conv pul) (once through)
intermediate generation,coal,coal_int_conv pul before 1950,2050,OM-var,1.97,coal (conv pul) (seawater)
intermediate generation,coal,coal_int_conv pul before 1950,2050,OM-var,1.97,coal (conv pul) (recirculating)
intermediate generation,coal,coal_int_conv pul before 1950,2050,OM-var,1.97,coal (conv pul) (cooling pond)
intermediate generation,coal,coal_int_conv pul before 1950,2050,OM-var,1.97,coal (conv pul) (dry cooling)
intermediate generation,coal,coal_int_conv pul_retire_2023,2050,OM-var,1.97,coal (conv pul) (once through)
intermediate generation,coal,coal_int_conv pul_retire_2023,2050,OM-var,1.97,coal (conv pul) (seawater)
intermediate generation,coal,coal_int_conv pul_retire_2023,2050,OM-var,1.97,coal (conv pul) (recirculating)
intermediate generation,coal,coal_int_conv pul_retire_2023,2050,OM-var,1.97,coal (conv pul) (cooling pond)
intermediate generation,coal,coal_int_conv pul_retire_2023,2050,OM-var,1.97,coal (conv pul) (dry cooling)
intermediate generation,biomass,biomass_int_conv,2055,OM-var,1.23,biomass (conv) (once through)
intermediate generation,biomass,biomass_int_conv,2055,OM-var,1.23,biomass (conv) (seawater)
intermediate generation,biomass,biomass_int_conv,2055,OM-var,1.23,biomass (conv) (recirculating)
intermediate generation,biomass,biomass_int_conv,2055,OM-var,1.23,biomass (conv) (cooling pond)
intermediate generation,biomass,biomass_int_conv,2055,OM-var,1.23,biomass (conv) (dry cooling)
intermediate generation,biomass,biomass_int_conv_CCS,2055,OM-var,3.36,biomass (conv CCS) (once through)
intermediate generation,biomass,biomass_int_conv_CCS,2055,OM-var,3.36,biomass (conv CCS) (seawater)
intermediate generation,biomass,biomass_int_conv_CCS,2055,OM-var,3.36,biomass (conv CCS) (recirculating)
intermediate generation,biomass,biomass_int_conv_CCS,2055,OM-var,3.36,biomass (conv CCS) (dry cooling)
intermediate generation,biomass,biomass_int_IGCC,2055,OM-var,2.78,biomass (IGCC) (once through)
intermediate generation,biomass,biomass_int_IGCC,2055,OM-var,2.78,biomass (IGCC) (seawater)
intermediate generation,biomass,biomass_int_IGCC,2055,OM-var,2.78,biomass (IGCC) (recirculating)
intermediate generation,biomass,biomass_int_IGCC,2055,OM-var,2.78,biomass (IGCC) (dry cooling)
intermediate generation,biomass,biomass_int_IGCC_CCS,2055,OM-var,5.42,biomass (IGCC CCS) (once through)
intermediate generation,biomass,biomass_int_IGCC_CCS,2055,OM-var,5.42,biomass (IGCC CCS) (seawater)
intermediate generation,biomass,biomass_int_IGCC_CCS,2055,OM-var,5.42,biomass (IGCC CCS) (recirculating)
intermediate generation,biomass,biomass_int_IGCC_CCS,2055,OM-var,5.42,biomass (IGCC CCS) (dry cooling)
intermediate generation,coal,coal_int_conv pul,2055,OM-var,1.96,coal (conv pul) (once through)
intermediate generation,coal,coal_int_conv pul,2055,OM-var,1.96,coal (conv pul) (seawater)
intermediate generation,coal,coal_int_conv pul,2055,OM-var,1.96,coal (conv pul) (recirculating)
intermediate generation,coal,coal_int_conv pul,2055,OM-var,1.96,coal (conv pul) (cooling pond)
intermediate generation,coal,coal_int_conv pul,2055,OM-var,1.96,coal (conv pul) (dry cooling)
intermediate generation,coal,coal_int_conv pul_CCS,2055,OM-var,3.15,coal (conv pul CCS) (once through)
intermediate generation,coal,coal_int_conv pul_CCS,2055,OM-var,3.15,coal (conv pul CCS) (seawater)
intermediate generation,coal,coal_int_conv pul_CCS,2055,OM-var,3.15,coal (conv pul CCS) (recirculating)
intermediate generation,coal,coal_int_conv pul_CCS,2055,OM-var,3.15,coal (conv pul CCS) (dry cooling)
intermediate generation,coal,coal_int_IGCC,2055,OM-var,3.5,coal (IGCC) (once through)
intermediate generation,coal,coal_int_IGCC,2055,OM-var,3.5,coal (IGCC) (seawater)
intermediate generation,coal,coal_int_IGCC,2055,OM-var,3.5,coal (IGCC) (recirculating)
intermediate generation,coal,coal_int_IGCC,2055,OM-var,3.5,coal (IGCC) (dry cooling)
intermediate generation,coal,coal_int_IGCC_CCS,2055,OM-var,5.21,coal (IGCC CCS) (once through)
intermediate generation,coal,coal_int_IGCC_CCS,2055,OM-var,5.21,coal (IGCC CCS) (seawater)
intermediate generation,coal,coal_int_IGCC_CCS,2055,OM-var,5.21,coal (IGCC CCS) (recirculating)
intermediate generation,coal,coal_int_IGCC_CCS,2055,OM-var,5.21,coal (IGCC CCS) (dry cooling)
intermediate generation,gas,gas_int_CC,2055,OM-var,0.42,gas (CC) (once through)
intermediate generation,gas,gas_int_CC,2055,OM-var,0.42,gas (CC) (seawater)
intermediate generation,gas,gas_int_CC,2055,OM-var,0.42,gas (CC) (recirculating)
intermediate generation,gas,gas_int_CC,2055,OM-var,0.42,gas (CC) (cooling pond)
intermediate generation,gas,gas_int_CC,2055,OM-var,0.42,gas (CC) (dry cooling)
intermediate generation,gas,gas_int_CC_CCS,2055,OM-var,0.86,gas (CC CCS) (once through)
intermediate generation,gas,gas_int_CC_CCS,2055,OM-var,0.86,gas (CC CCS) (seawater)
intermediate generation,gas,gas_int_CC_CCS,2055,OM-var,0.86,gas (CC CCS) (recirculating)
intermediate generation,gas,gas_int_CC_CCS,2055,OM-var,0.86,gas (CC CCS) (dry cooling)
intermediate generation,refined liquids,refined liquids_int_steam/CT,2055,OM-var,1.63,refined liquids (steam/CT) (once through)
intermediate generation,refined liquids,refined liquids_int_steam/CT,2055,OM-var,1.63,refined liquids (steam/CT) (seawater)
intermediate generation,refined liquids,refined liquids_int_steam/CT,2055,OM-var,1.63,refined liquids (steam/CT) (recirculating)
intermediate generation,refined liquids,refined liquids_int_steam/CT,2055,OM-var,1.63,refined liquids (steam/CT) (cooling pond)
intermediate generation,refined liquids,refined liquids_int_steam/CT,2055,OM-var,1.63,refined liquids (steam/CT) (dry cooling)
intermediate generation,refined liquids,refined liquids_int_CC,2055,OM-var,0.42,refined liquids (CC) (once through)
intermediate generation,refined liquids,refined liquids_int_CC,2055,OM-var,0.42,refined liquids (CC) (seawater)
intermediate generation,refined liquids,refined liquids_int_CC,2055,OM-var,0.42,refined liquids (CC) (recirculating)
intermediate generation,refined liquids,refined liquids_int_CC,2055,OM-var,0.42,refined liquids (CC) (dry cooling)
intermediate generation,refined liquids,refined liquids_int_CC_CCS,2055,OM-var,0.86,refined liquids (CC CCS) (once through)
intermediate generation,refined liquids,refined liquids_int_CC_CCS,2055,OM-var,0.86,refined liquids (CC CCS) (seawater)
intermediate generation,refined liquids,refined liquids_int_CC_CCS,2055,OM-var,0.86,refined liquids (CC CCS) (recirculating)
intermediate generation,refined liquids,refined liquids_int_CC_CCS,2055,OM-var,0.86,refined liquids (CC CCS) (dry cooling)
intermediate generation,coal,coal_int_conv pul 1951-1955,2055,OM-var,1.96,coal (conv pul) (once through)
intermediate generation,coal,coal_int_conv pul 1951-1955,2055,OM-var,1.96,coal (conv pul) (seawater)
intermediate generation,coal,coal_int_conv pul 1951-1955,2055,OM-var,1.96,coal (conv pul) (recirculating)
intermediate generation,coal,coal_int_conv pul 1951-1955,2055,OM-var,1.96,coal (conv pul) (cooling pond)
intermediate generation,coal,coal_int_conv pul 1951-1955,2055,OM-var,1.96,coal (conv pul) (dry cooling)
intermediate generation,coal,coal_int_conv pul 1956-1960,2055,OM-var,1.96,coal (conv pul) (once through)
intermediate generation,coal,coal_int_conv pul 1956-1960,2055,OM-var,1.96,coal (conv pul) (seawater)
intermediate generation,coal,coal_int_conv pul 1956-1960,2055,OM-var,1.96,coal (conv pul) (recirculating)
intermediate generation,coal,coal_int_conv pul 1956-1960,2055,OM-var,1.96,coal (conv pul) (cooling pond)
intermediate generation,coal,coal_int_conv pul 1956-1960,2055,OM-var,1.96,coal (conv pul) (dry cooling)
intermediate generation,coal,coal_int_conv pul 1961-1965,2055,OM-var,1.96,coal (conv pul) (once through)
intermediate generation,coal,coal_int_conv pul 1961-1965,2055,OM-var,1.96,coal (conv pul) (seawater)
intermediate generation,coal,coal_int_conv pul 1961-1965,2055,OM-var,1.96,coal (conv pul) (recirculating)
intermediate generation,coal,coal_int_conv pul 1961-1965,2055,OM-var,1.96,coal (conv pul) (cooling pond)
intermediate generation,coal,coal_int_conv pul 1961-1965,2055,OM-var,1.96,coal (conv pul) (dry cooling)
intermediate generation,coal,coal_int_conv pul 1966-1970,2055,OM-var,1.96,coal (conv pul) (once through)
intermediate generation,coal,coal_int_conv pul 1966-1970,2055,OM-var,1.96,coal (conv pul) (seawater)
intermediate generation,coal,coal_int_conv pul 1966-1970,2055,OM-var,1.96,coal (conv pul) (recirculating)
intermediate generation,coal,coal_int_conv pul 1966-1970,2055,OM-var,1.96,coal (conv pul) (cooling pond)
intermediate generation,coal,coal_int_conv pul 1966-1970,2055,OM-var,1.96,coal (conv pul) (dry cooling)
intermediate generation,coal,coal_int_conv pul 1971-1975,2055,OM-var,1.96,coal (conv pul) (once through)
intermediate generation,coal,coal_int_conv pul 1971-1975,2055,OM-var,1.96,coal (conv pul) (seawater)
intermediate generation,coal,coal_int_conv pul 1971-1975,2055,OM-var,1.96,coal (conv pul) (recirculating)
intermediate generation,coal,coal_int_conv pul 1971-1975,2055,OM-var,1.96,coal (conv pul) (cooling pond)
intermediate generation,coal,coal_int_conv pul 1971-1975,2055,OM-var,1.96,coal (conv pul) (dry cooling)
intermediate generation,coal,coal_int_conv pul 1976-1980,2055,OM-var,1.96,coal (conv pul) (once through)
intermediate generation,coal,coal_int_conv pul 1976-1980,2055,OM-var,1.96,coal (conv pul) (seawater)
intermediate generation,coal,coal_int_conv pul 1976-1980,2055,OM-var,1.96,coal (conv pul) (recirculating)
intermediate generation,coal,coal_int_conv pul 1976-1980,2055,OM-var,1.96,coal (conv pul) (cooling pond)
intermediate generation,coal,coal_int_conv pul 1976-1980,2055,OM-var,1.96,coal (conv pul) (dry cooling)
intermediate generation,coal,coal_int_conv pul 1981-1985,2055,OM-var,1.96,coal (conv pul) (once through)
intermediate generation,coal,coal_int_conv pul 1981-1985,2055,OM-var,1.96,coal (conv pul) (seawater)
intermediate generation,coal,coal_int_conv pul 1981-1985,2055,OM-var,1.96,coal (conv pul) (recirculating)
intermediate generation,coal,coal_int_conv pul 1981-1985,2055,OM-var,1.96,coal (conv pul) (cooling pond)
intermediate generation,coal,coal_int_conv pul 1981-1985,2055,OM-var,1.96,coal (conv pul) (dry cooling)
intermediate generation,coal,coal_int_conv pul 1986-1990,2055,OM-var,1.96,coal (conv pul) (once through)
intermediate generation,coal,coal_int_conv pul 1986-1990,2055,OM-var,1.96,coal (conv pul) (seawater)
intermediate generation,coal,coal_int_conv pul 1986-1990,2055,OM-var,1.96,coal (conv pul) (recirculating)
intermediate generation,coal,coal_int_conv pul 1986-1990,2055,OM-var,1.96,coal (conv pul) (cooling pond)
intermediate generation,coal,coal_int_conv pul 1986-1990,2055,OM-var,1.96,coal (conv pul) (dry cooling)
intermediate generation,coal,coal_int_conv pul 1991-1995,2055,OM-var,1.96,coal (conv pul) (once through)
intermediate generation,coal,coal_int_conv pul 1991-1995,2055,OM-var,1.96,coal (conv pul) (seawater)
intermediate generation,coal,coal_int_conv pul 1991-1995,2055,OM-var,1.96,coal (conv pul) (recirculating)
intermediate generation,coal,coal_int_conv pul 1991-1995,2055,OM-var,1.96,coal (conv pul) (cooling pond)
intermediate generation,coal,coal_int_conv pul 1991-1995,2055,OM-var,1.96,coal (conv pul) (dry cooling)
intermediate generation,coal,coal_int_conv pul 1996-2000,2055,OM-var,1.96,coal (conv pul) (once through)
intermediate generation,coal,coal_int_conv pul 1996-2000,2055,OM-var,1.96,coal (conv pul) (seawater)
intermediate generation,coal,coal_int_conv pul 1996-2000,2055,OM-var,1.96,coal (conv pul) (recirculating)
intermediate generation,coal,coal_int_conv pul 1996-2000,2055,OM-var,1.96,coal (conv pul) (cooling pond)
intermediate generation,coal,coal_int_conv pul 1996-2000,2055,OM-var,1.96,coal (conv pul) (dry cooling)
intermediate generation,coal,coal_int_conv pul 2001-2005,2055,OM-var,1.96,coal (conv pul) (once through)
intermediate generation,coal,coal_int_conv pul 2001-2005,2055,OM-var,1.96,coal (conv pul) (seawater)
intermediate generation,coal,coal_int_conv pul 2001-2005,2055,OM-var,1.96,coal (conv pul) (recirculating)
intermediate generation,coal,coal_int_conv pul 2001-2005,2055,OM-var,1.96,coal (conv pul) (cooling pond)
intermediate generation,coal,coal_int_conv pul 2001-2005,2055,OM-var,1.96,coal (conv pul) (dry cooling)
intermediate generation,coal,coal_int_conv pul 2006-2010,2055,OM-var,1.96,coal (conv pul) (once through)
intermediate generation,coal,coal_int_conv pul 2006-2010,2055,OM-var,1.96,coal (conv pul) (seawater)
intermediate generation,coal,coal_int_conv pul 2006-2010,2055,OM-var,1.96,coal (conv pul) (recirculating)
intermediate generation,coal,coal_int_conv pul 2006-2010,2055,OM-var,1.96,coal (conv pul) (cooling pond)
intermediate generation,coal,coal_int_conv pul 2006-2010,2055,OM-var,1.96,coal (conv pul) (dry cooling)
intermediate generation,coal,coal_int_conv pul 2011-2015,2055,OM-var,1.96,coal (conv pul) (once through)
intermediate generation,coal,coal_int_conv pul 2011-2015,2055,OM-var,1.96,coal (conv pul) (seawater)
intermediate generation,coal,coal_int_conv pul 2011-2015,2055,OM-var,1.96,coal (conv pul) (recirculating)
intermediate generation,coal,coal_int_conv pul 2011-2015,2055,OM-var,1.96,coal (conv pul) (cooling pond)
intermediate generation,coal,coal_int_conv pul 2011-2015,2055,OM-var,1.96,coal (conv pul) (dry cooling)
intermediate generation,coal,coal_int_conv pul 2016-2021,2055,OM-var,1.96,coal (conv pul) (once through)
intermediate generation,coal,coal_int_conv pul 2016-2021,2055,OM-var,1.96,coal (conv pul) (seawater)
intermediate generation,coal,coal_int_conv pul 2016-2021,2055,OM-var,1.96,coal (conv pul) (recirculating)
intermediate generation,coal,coal_int_conv pul 2016-2021,2055,OM-var,1.96,coal (conv pul) (cooling pond)
intermediate generation,coal,coal_int_conv pul 2016-2021,2055,OM-var,1.96,coal (conv pul) (dry cooling)
intermediate generation,coal,coal_int_conv pul before 1950,2055,OM-var,1.96,coal (conv pul) (once through)
intermediate generation,coal,coal_int_conv pul before 1950,2055,OM-var,1.96,coal (conv pul) (seawater)
intermediate generation,coal,coal_int_conv pul before 1950,2055,OM-var,1.96,coal (conv pul) (recirculating)
intermediate generation,coal,coal_int_conv pul before 1950,2055,OM-var,1.96,coal (conv pul) (cooling pond)
intermediate generation,coal,coal_int_conv pul before 1950,2055,OM-var,1.96,coal (conv pul) (dry cooling)
intermediate generation,coal,coal_int_conv pul_retire_2023,2055,OM-var,1.96,coal (conv pul) (once through)
intermediate generation,coal,coal_int_conv pul_retire_2023,2055,OM-var,1.96,coal (conv pul) (seawater)
intermediate generation,coal,coal_int_conv pul_retire_2023,2055,OM-var,1.96,coal (conv pul) (recirculating)
intermediate generation,coal,coal_int_conv pul_retire_2023,2055,OM-var,1.96,coal (conv pul) (cooling pond)
intermediate generation,coal,coal_int_conv pul_retire_2023,2055,OM-var,1.96,coal (conv pul) (dry cooling)
intermediate generation,biomass,biomass_int_conv,2060,OM-var,1.22,biomass (conv) (once through)
intermediate generation,biomass,biomass_int_conv,2060,OM-var,1.22,biomass (conv) (seawater)
intermediate generation,biomass,biomass_int_conv,2060,OM-var,1.22,biomass (conv) (recirculating)
intermediate generation,biomass,biomass_int_conv,2060,OM-var,1.22,biomass (conv) (cooling pond)
intermediate generation,biomass,biomass_int_conv,2060,OM-var,1.22,biomass (conv) (dry cooling)
intermediate generation,biomass,biomass_int_conv_CCS,2060,OM-var,3.34,biomass (conv CCS) (once through)
intermediate generation,biomass,biomass_int_conv_CCS,2060,OM-var,3.34,biomass (conv CCS) (seawater)
intermediate generation,biomass,biomass_int_conv_CCS,2060,OM-var,3.34,biomass (conv CCS) (recirculating)
intermediate generation,biomass,biomass_int_conv_CCS,2060,OM-var,3.34,biomass (conv CCS) (dry cooling)
intermediate generation,biomass,biomass_int_IGCC,2060,OM-var,2.76,biomass (IGCC) (once through)
intermediate generation,biomass,biomass_int_IGCC,2060,OM-var,2.76,biomass (IGCC) (seawater)
intermediate generation,biomass,biomass_int_IGCC,2060,OM-var,2.76,biomass (IGCC) (recirculating)
intermediate generation,biomass,biomass_int_IGCC,2060,OM-var,2.76,biomass (IGCC) (dry cooling)
intermediate generation,biomass,biomass_int_IGCC_CCS,2060,OM-var,5.39,biomass (IGCC CCS) (once through)
intermediate generation,biomass,biomass_int_IGCC_CCS,2060,OM-var,5.39,biomass (IGCC CCS) (seawater)
intermediate generation,biomass,biomass_int_IGCC_CCS,2060,OM-var,5.39,biomass (IGCC CCS) (recirculating)
intermediate generation,biomass,biomass_int_IGCC_CCS,2060,OM-var,5.39,biomass (IGCC CCS) (dry cooling)
intermediate generation,coal,coal_int_conv pul,2060,OM-var,1.95,coal (conv pul) (once through)
intermediate generation,coal,coal_int_conv pul,2060,OM-var,1.95,coal (conv pul) (seawater)
intermediate generation,coal,coal_int_conv pul,2060,OM-var,1.95,coal (conv pul) (recirculating)
intermediate generation,coal,coal_int_conv pul,2060,OM-var,1.95,coal (conv pul) (cooling pond)
intermediate generation,coal,coal_int_conv pul,2060,OM-var,1.95,coal (conv pul) (dry cooling)
intermediate generation,coal,coal_int_conv pul_CCS,2060,OM-var,3.13,coal (conv pul CCS) (once through)
intermediate generation,coal,coal_int_conv pul_CCS,2060,OM-var,3.13,coal (conv pul CCS) (seawater)
intermediate generation,coal,coal_int_conv pul_CCS,2060,OM-var,3.13,coal (conv pul CCS) (recirculating)
intermediate generation,coal,coal_int_conv pul_CCS,2060,OM-var,3.13,coal (conv pul CCS) (dry cooling)
intermediate generation,coal,coal_int_IGCC,2060,OM-var,3.48,coal (IGCC) (once through)
intermediate generation,coal,coal_int_IGCC,2060,OM-var,3.48,coal (IGCC) (seawater)
intermediate generation,coal,coal_int_IGCC,2060,OM-var,3.48,coal (IGCC) (recirculating)
intermediate generation,coal,coal_int_IGCC,2060,OM-var,3.48,coal (IGCC) (dry cooling)
intermediate generation,coal,coal_int_IGCC_CCS,2060,OM-var,5.18,coal (IGCC CCS) (once through)
intermediate generation,coal,coal_int_IGCC_CCS,2060,OM-var,5.18,coal (IGCC CCS) (seawater)
intermediate generation,coal,coal_int_IGCC_CCS,2060,OM-var,5.18,coal (IGCC CCS) (recirculating)
intermediate generation,coal,coal_int_IGCC_CCS,2060,OM-var,5.18,coal (IGCC CCS) (dry cooling)
intermediate generation,gas,gas_int_CC,2060,OM-var,0.42,gas (CC) (once through)
intermediate generation,gas,gas_int_CC,2060,OM-var,0.42,gas (CC) (seawater)
intermediate generation,gas,gas_int_CC,2060,OM-var,0.42,gas (CC) (recirculating)
intermediate generation,gas,gas_int_CC,2060,OM-var,0.42,gas (CC) (cooling pond)
intermediate generation,gas,gas_int_CC,2060,OM-var,0.42,gas (CC) (dry cooling)
intermediate generation,gas,gas_int_CC_CCS,2060,OM-var,0.85,gas (CC CCS) (once through)
intermediate generation,gas,gas_int_CC_CCS,2060,OM-var,0.85,gas (CC CCS) (seawater)
intermediate generation,gas,gas_int_CC_CCS,2060,OM-var,0.85,gas (CC CCS) (recirculating)
intermediate generation,gas,gas_int_CC_CCS,2060,OM-var,0.85,gas (CC CCS) (dry cooling)
intermediate generation,refined liquids,refined liquids_int_steam/CT,2060,OM-var,1.62,refined liquids (steam/CT) (once through)
intermediate generation,refined liquids,refined liquids_int_steam/CT,2060,OM-var,1.62,refined liquids (steam/CT) (seawater)
intermediate generation,refined liquids,refined liquids_int_steam/CT,2060,OM-var,1.62,refined liquids (steam/CT) (recirculating)
intermediate generation,refined liquids,refined liquids_int_steam/CT,2060,OM-var,1.62,refined liquids (steam/CT) (cooling pond)
intermediate generation,refined liquids,refined liquids_int_steam/CT,2060,OM-var,1.62,refined liquids (steam/CT) (dry cooling)
intermediate generation,refined liquids,refined liquids_int_CC,2060,OM-var,0.42,refined liquids (CC) (once through)
intermediate generation,refined liquids,refined liquids_int_CC,2060,OM-var,0.42,refined liquids (CC) (seawater)
intermediate generation,refined liquids,refined liquids_int_CC,2060,OM-var,0.42,refined liquids (CC) (recirculating)
intermediate generation,refined liquids,refined liquids_int_CC,2060,OM-var,0.42,refined liquids (CC) (dry cooling)
intermediate generation,refined liquids,refined liquids_int_CC_CCS,2060,OM-var,0.85,refined liquids (CC CCS) (once through)
intermediate generation,refined liquids,refined liquids_int_CC_CCS,2060,OM-var,0.85,refined liquids (CC CCS) (seawater)
intermediate generation,refined liquids,refined liquids_int_CC_CCS,2060,OM-var,0.85,refined liquids (CC CCS) (recirculating)
intermediate generation,refined liquids,refined liquids_int_CC_CCS,2060,OM-var,0.85,refined liquids (CC CCS) (dry cooling)
intermediate generation,coal,coal_int_conv pul 1951-1955,2060,OM-var,1.95,coal (conv pul) (once through)
intermediate generation,coal,coal_int_conv pul 1951-1955,2060,OM-var,1.95,coal (conv pul) (seawater)
intermediate generation,coal,coal_int_conv pul 1951-1955,2060,OM-var,1.95,coal (conv pul) (recirculating)
intermediate generation,coal,coal_int_conv pul 1951-1955,2060,OM-var,1.95,coal (conv pul) (cooling pond)
intermediate generation,coal,coal_int_conv pul 1951-1955,2060,OM-var,1.95,coal (conv pul) (dry cooling)
intermediate generation,coal,coal_int_conv pul 1956-1960,2060,OM-var,1.95,coal (conv pul) (once through)
intermediate generation,coal,coal_int_conv pul 1956-1960,2060,OM-var,1.95,coal (conv pul) (seawater)
intermediate generation,coal,coal_int_conv pul 1956-1960,2060,OM-var,1.95,coal (conv pul) (recirculating)
intermediate generation,coal,coal_int_conv pul 1956-1960,2060,OM-var,1.95,coal (conv pul) (cooling pond)
intermediate generation,coal,coal_int_conv pul 1956-1960,2060,OM-var,1.95,coal (conv pul) (dry cooling)
intermediate generation,coal,coal_int_conv pul 1961-1965,2060,OM-var,1.95,coal (conv pul) (once through)
intermediate generation,coal,coal_int_conv pul 1961-1965,2060,OM-var,1.95,coal (conv pul) (seawater)
intermediate generation,coal,coal_int_conv pul 1961-1965,2060,OM-var,1.95,coal (conv pul) (recirculating)
intermediate generation,coal,coal_int_conv pul 1961-1965,2060,OM-var,1.95,coal (conv pul) (cooling pond)
intermediate generation,coal,coal_int_conv pul 1961-1965,2060,OM-var,1.95,coal (conv pul) (dry cooling)
intermediate generation,coal,coal_int_conv pul 1966-1970,2060,OM-var,1.95,coal (conv pul) (once through)
intermediate generation,coal,coal_int_conv pul 1966-1970,2060,OM-var,1.95,coal (conv pul) (seawater)
intermediate generation,coal,coal_int_conv pul 1966-1970,2060,OM-var,1.95,coal (conv pul) (recirculating)
intermediate generation,coal,coal_int_conv pul 1966-1970,2060,OM-var,1.95,coal (conv pul) (cooling pond)
intermediate generation,coal,coal_int_conv pul 1966-1970,2060,OM-var,1.95,coal (conv pul) (dry cooling)
intermediate generation,coal,coal_int_conv pul 1971-1975,2060,OM-var,1.95,coal (conv pul) (once through)
intermediate generation,coal,coal_int_conv pul 1971-1975,2060,OM-var,1.95,coal (conv pul) (seawater)
intermediate generation,coal,coal_int_conv pul 1971-1975,2060,OM-var,1.95,coal (conv pul) (recirculating)
intermediate generation,coal,coal_int_conv pul 1971-1975,2060,OM-var,1.95,coal (conv pul) (cooling pond)
intermediate generation,coal,coal_int_conv pul 1971-1975,2060,OM-var,1.95,coal (conv pul) (dry cooling)
intermediate generation,coal,coal_int_conv pul 1976-1980,2060,OM-var,1.95,coal (conv pul) (once through)
intermediate generation,coal,coal_int_conv pul 1976-1980,2060,OM-var,1.95,coal (conv pul) (seawater)
intermediate generation,coal,coal_int_conv pul 1976-1980,2060,OM-var,1.95,coal (conv pul) (recirculating)
intermediate generation,coal,coal_int_conv pul 1976-1980,2060,OM-var,1.95,coal (conv pul) (cooling pond)
intermediate generation,coal,coal_int_conv pul 1976-1980,2060,OM-var,1.95,coal (conv pul) (dry cooling)
intermediate generation,coal,coal_int_conv pul 1981-1985,2060,OM-var,1.95,coal (conv pul) (once through)
intermediate generation,coal,coal_int_conv pul 1981-1985,2060,OM-var,1.95,coal (conv pul) (seawater)
intermediate generation,coal,coal_int_conv pul 1981-1985,2060,OM-var,1.95,coal (conv pul) (recirculating)
intermediate generation,coal,coal_int_conv pul 1981-1985,2060,OM-var,1.95,coal (conv pul) (cooling pond)
intermediate generation,coal,coal_int_conv pul 1981-1985,2060,OM-var,1.95,coal (conv pul) (dry cooling)
intermediate generation,coal,coal_int_conv pul 1986-1990,2060,OM-var,1.95,coal (conv pul) (once through)
intermediate generation,coal,coal_int_conv pul 1986-1990,2060,OM-var,1.95,coal (conv pul) (seawater)
intermediate generation,coal,coal_int_conv pul 1986-1990,2060,OM-var,1.95,coal (conv pul) (recirculating)
intermediate generation,coal,coal_int_conv pul 1986-1990,2060,OM-var,1.95,coal (conv pul) (cooling pond)
intermediate generation,coal,coal_int_conv pul 1986-1990,2060,OM-var,1.95,coal (conv pul) (dry cooling)
intermediate generation,coal,coal_int_conv pul 1991-1995,2060,OM-var,1.95,coal (conv pul) (once through)
intermediate generation,coal,coal_int_conv pul 1991-1995,2060,OM-var,1.95,coal (conv pul) (seawater)
intermediate generation,coal,coal_int_conv pul 1991-1995,2060,OM-var,1.95,coal (conv pul) (recirculating)
intermediate generation,coal,coal_int_conv pul 1991-1995,2060,OM-var,1.95,coal (conv pul) (cooling pond)
intermediate generation,coal,coal_int_conv pul 1991-1995,2060,OM-var,1.95,coal (conv pul) (dry cooling)
intermediate generation,coal,coal_int_conv pul 1996-2000,2060,OM-var,1.95,coal (conv pul) (once through)
intermediate generation,coal,coal_int_conv pul 1996-2000,2060,OM-var,1.95,coal (conv pul) (seawater)
intermediate generation,coal,coal_int_conv pul 1996-2000,2060,OM-var,1.95,coal (conv pul) (recirculating)
intermediate generation,coal,coal_int_conv pul 1996-2000,2060,OM-var,1.95,coal (conv pul) (cooling pond)
intermediate generation,coal,coal_int_conv pul 1996-2000,2060,OM-var,1.95,coal (conv pul) (dry cooling)
intermediate generation,coal,coal_int_conv pul 2001-2005,2060,OM-var,1.95,coal (conv pul) (once through)
intermediate generation,coal,coal_int_conv pul 2001-2005,2060,OM-var,1.95,coal (conv pul) (seawater)
intermediate generation,coal,coal_int_conv pul 2001-2005,2060,OM-var,1.95,coal (conv pul) (recirculating)
intermediate generation,coal,coal_int_conv pul 2001-2005,2060,OM-var,1.95,coal (conv pul) (cooling pond)
intermediate generation,coal,coal_int_conv pul 2001-2005,2060,OM-var,1.95,coal (conv pul) (dry cooling)
intermediate generation,coal,coal_int_conv pul 2006-2010,2060,OM-var,1.95,coal (conv pul) (once through)
intermediate generation,coal,coal_int_conv pul 2006-2010,2060,OM-var,1.95,coal (conv pul) (seawater)
intermediate generation,coal,coal_int_conv pul 2006-2010,2060,OM-var,1.95,coal (conv pul) (recirculating)
intermediate generation,coal,coal_int_conv pul 2006-2010,2060,OM-var,1.95,coal (conv pul) (cooling pond)
intermediate generation,coal,coal_int_conv pul 2006-2010,2060,OM-var,1.95,coal (conv pul) (dry cooling)
intermediate generation,coal,coal_int_conv pul 2011-2015,2060,OM-var,1.95,coal (conv pul) (once through)
intermediate generation,coal,coal_int_conv pul 2011-2015,2060,OM-var,1.95,coal (conv pul) (seawater)
intermediate generation,coal,coal_int_conv pul 2011-2015,2060,OM-var,1.95,coal (conv pul) (recirculating)
intermediate generation,coal,coal_int_conv pul 2011-2015,2060,OM-var,1.95,coal (conv pul) (cooling pond)
intermediate generation,coal,coal_int_conv pul 2011-2015,2060,OM-var,1.95,coal (conv pul) (dry cooling)
intermediate generation,coal,coal_int_conv pul 2016-2021,2060,OM-var,1.95,coal (conv pul) (once through)
intermediate generation,coal,coal_int_conv pul 2016-2021,2060,OM-var,1.95,coal (conv pul) (seawater)
intermediate generation,coal,coal_int_conv pul 2016-2021,2060,OM-var,1.95,coal (conv pul) (recirculating)
intermediate generation,coal,coal_int_conv pul 2016-2021,2060,OM-var,1.95,coal (conv pul) (cooling pond)
intermediate generation,coal,coal_int_conv pul 2016-2021,2060,OM-var,1.95,coal (conv pul) (dry cooling)
intermediate generation,coal,coal_int_conv pul before 1950,2060,OM-var,1.95,coal (conv pul) (once through)
intermediate generation,coal,coal_int_conv pul before 1950,2060,OM-var,1.95,coal (conv pul) (seawater)
intermediate generation,coal,coal_int_conv pul before 1950,2060,OM-var,1.95,coal (conv pul) (recirculating)
intermediate generation,coal,coal_int_conv pul before 1950,2060,OM-var,1.95,coal (conv pul) (cooling pond)
intermediate generation,coal,coal_int_conv pul before 1950,2060,OM-var,1.95,coal (conv pul) (dry cooling)
intermediate generation,coal,coal_int_conv pul_retire_2023,2060,OM-var,1.95,coal (conv pul) (once through)
intermediate generation,coal,coal_int_conv pul_retire_2023,2060,OM-var,1.95,coal (conv pul) (seawater)
intermediate generation,coal,coal_int_conv pul_retire_2023,2060,OM-var,1.95,coal (conv pul) (recirculating)
intermediate generation,coal,coal_int_conv pul_retire_2023,2060,OM-var,1.95,coal (conv pul) (cooling pond)
intermediate generation,coal,coal_int_conv pul_retire_2023,2060,OM-var,1.95,coal (conv pul) (dry cooling)
intermediate generation,biomass,biomass_int_conv,2065,OM-var,1.22,biomass (conv) (once through)
intermediate generation,biomass,biomass_int_conv,2065,OM-var,1.22,biomass (conv) (seawater)
intermediate generation,biomass,biomass_int_conv,2065,OM-var,1.22,biomass (conv) (recirculating)
intermediate generation,biomass,biomass_int_conv,2065,OM-var,1.22,biomass (conv) (cooling pond)
intermediate generation,biomass,biomass_int_conv,2065,OM-var,1.22,biomass (conv) (dry cooling)
intermediate generation,biomass,biomass_int_conv_CCS,2065,OM-var,3.32,biomass (conv CCS) (once through)
intermediate generation,biomass,biomass_int_conv_CCS,2065,OM-var,3.32,biomass (conv CCS) (seawater)
intermediate generation,biomass,biomass_int_conv_CCS,2065,OM-var,3.32,biomass (conv CCS) (recirculating)
intermediate generation,biomass,biomass_int_conv_CCS,2065,OM-var,3.32,biomass (conv CCS) (dry cooling)
intermediate generation,biomass,biomass_int_IGCC,2065,OM-var,2.75,biomass (IGCC) (once through)
intermediate generation,biomass,biomass_int_IGCC,2065,OM-var,2.75,biomass (IGCC) (seawater)
intermediate generation,biomass,biomass_int_IGCC,2065,OM-var,2.75,biomass (IGCC) (recirculating)
intermediate generation,biomass,biomass_int_IGCC,2065,OM-var,2.75,biomass (IGCC) (dry cooling)
intermediate generation,biomass,biomass_int_IGCC_CCS,2065,OM-var,5.36,biomass (IGCC CCS) (once through)
intermediate generation,biomass,biomass_int_IGCC_CCS,2065,OM-var,5.36,biomass (IGCC CCS) (seawater)
intermediate generation,biomass,biomass_int_IGCC_CCS,2065,OM-var,5.36,biomass (IGCC CCS) (recirculating)
intermediate generation,biomass,biomass_int_IGCC_CCS,2065,OM-var,5.36,biomass (IGCC CCS) (dry cooling)
intermediate generation,coal,coal_int_conv pul,2065,OM-var,1.94,coal (conv pul) (once through)
intermediate generation,coal,coal_int_conv pul,2065,OM-var,1.94,coal (conv pul) (seawater)
intermediate generation,coal,coal_int_conv pul,2065,OM-var,1.94,coal (conv pul) (recirculating)
intermediate generation,coal,coal_int_conv pul,2065,OM-var,1.94,coal (conv pul) (cooling pond)
intermediate generation,coal,coal_int_conv pul,2065,OM-var,1.94,coal (conv pul) (dry cooling)
intermediate generation,coal,coal_int_conv pul_CCS,2065,OM-var,3.12,coal (conv pul CCS) (once through)
intermediate generation,coal,coal_int_conv pul_CCS,2065,OM-var,3.12,coal (conv pul CCS) (seawater)
intermediate generation,coal,coal_int_conv pul_CCS,2065,OM-var,3.12,coal (conv pul CCS) (recirculating)
intermediate generation,coal,coal_int_conv pul_CCS,2065,OM-var,3.12,coal (conv pul CCS) (dry cooling)
intermediate generation,coal,coal_int_IGCC,2065,OM-var,3.47,coal (IGCC) (once through)
intermediate generation,coal,coal_int_IGCC,2065,OM-var,3.47,coal (IGCC) (seawater)
intermediate generation,coal,coal_int_IGCC,2065,OM-var,3.47,coal (IGCC) (recirculating)
intermediate generation,coal,coal_int_IGCC,2065,OM-var,3.47,coal (IGCC) (dry cooling)
intermediate generation,coal,coal_int_IGCC_CCS,2065,OM-var,5.16,coal (IGCC CCS) (once through)
intermediate generation,coal,coal_int_IGCC_CCS,2065,OM-var,5.16,coal (IGCC CCS) (seawater)
intermediate generation,coal,coal_int_IGCC_CCS,2065,OM-var,5.16,coal (IGCC CCS) (recirculating)
intermediate generation,coal,coal_int_IGCC_CCS,2065,OM-var,5.16,coal (IGCC CCS) (dry cooling)
intermediate generation,gas,gas_int_CC,2065,OM-var,0.42,gas (CC) (once through)
intermediate generation,gas,gas_int_CC,2065,OM-var,0.42,gas (CC) (seawater)
intermediate generation,gas,gas_int_CC,2065,OM-var,0.42,gas (CC) (recirculating)
intermediate generation,gas,gas_int_CC,2065,OM-var,0.42,gas (CC) (cooling pond)
intermediate generation,gas,gas_int_CC,2065,OM-var,0.42,gas (CC) (dry cooling)
intermediate generation,gas,gas_int_CC_CCS,2065,OM-var,0.85,gas (CC CCS) (once through)
intermediate generation,gas,gas_int_CC_CCS,2065,OM-var,0.85,gas (CC CCS) (seawater)
intermediate generation,gas,gas_int_CC_CCS,2065,OM-var,0.85,gas (CC CCS) (recirculating)
intermediate generation,gas,gas_int_CC_CCS,2065,OM-var,0.85,gas (CC CCS) (dry cooling)
intermediate generation,refined liquids,refined liquids_int_steam/CT,2065,OM-var,1.61,refined liquids (steam/CT) (once through)
intermediate generation,refined liquids,refined liquids_int_steam/CT,2065,OM-var,1.61,refined liquids (steam/CT) (seawater)
intermediate generation,refined liquids,refined liquids_int_steam/CT,2065,OM-var,1.61,refined liquids (steam/CT) (recirculating)
intermediate generation,refined liquids,refined liquids_int_steam/CT,2065,OM-var,1.61,refined liquids (steam/CT) (cooling pond)
intermediate generation,refined liquids,refined liquids_int_steam/CT,2065,OM-var,1.61,refined liquids (steam/CT) (dry cooling)
intermediate generation,refined liquids,refined liquids_int_CC,2065,OM-var,0.42,refined liquids (CC) (once through)
intermediate generation,refined liquids,refined liquids_int_CC,2065,OM-var,0.42,refined liquids (CC) (seawater)
intermediate generation,refined liquids,refined liquids_int_CC,2065,OM-var,0.42,refined liquids (CC) (recirculating)
intermediate generation,refined liquids,refined liquids_int_CC,2065,OM-var,0.42,refined liquids (CC) (dry cooling)
intermediate generation,refined liquids,refined liquids_int_CC_CCS,2065,OM-var,0.85,refined liquids (CC CCS) (once through)
intermediate generation,refined liquids,refined liquids_int_CC_CCS,2065,OM-var,0.85,refined liquids (CC CCS) (seawater)
intermediate generation,refined liquids,refined liquids_int_CC_CCS,2065,OM-var,0.85,refined liquids (CC CCS) (recirculating)
intermediate generation,refined liquids,refined liquids_int_CC_CCS,2065,OM-var,0.85,refined liquids (CC CCS) (dry cooling)
intermediate generation,coal,coal_int_conv pul 1951-1955,2065,OM-var,1.94,coal (conv pul) (once through)
intermediate generation,coal,coal_int_conv pul 1951-1955,2065,OM-var,1.94,coal (conv pul) (seawater)
intermediate generation,coal,coal_int_conv pul 1951-1955,2065,OM-var,1.94,coal (conv pul) (recirculating)
intermediate generation,coal,coal_int_conv pul 1951-1955,2065,OM-var,1.94,coal (conv pul) (cooling pond)
intermediate generation,coal,coal_int_conv pul 1951-1955,2065,OM-var,1.94,coal (conv pul) (dry cooling)
intermediate generation,coal,coal_int_conv pul 1956-1960,2065,OM-var,1.94,coal (conv pul) (once through)
intermediate generation,coal,coal_int_conv pul 1956-1960,2065,OM-var,1.94,coal (conv pul) (seawater)
intermediate generation,coal,coal_int_conv pul 1956-1960,2065,OM-var,1.94,coal (conv pul) (recirculating)
intermediate generation,coal,coal_int_conv pul 1956-1960,2065,OM-var,1.94,coal (conv pul) (cooling pond)
intermediate generation,coal,coal_int_conv pul 1956-1960,2065,OM-var,1.94,coal (conv pul) (dry cooling)
intermediate generation,coal,coal_int_conv pul 1961-1965,2065,OM-var,1.94,coal (conv pul) (once through)
intermediate generation,coal,coal_int_conv pul 1961-1965,2065,OM-var,1.94,coal (conv pul) (seawater)
intermediate generation,coal,coal_int_conv pul 1961-1965,2065,OM-var,1.94,coal (conv pul) (recirculating)
intermediate generation,coal,coal_int_conv pul 1961-1965,2065,OM-var,1.94,coal (conv pul) (cooling pond)
intermediate generation,coal,coal_int_conv pul 1961-1965,2065,OM-var,1.94,coal (conv pul) (dry cooling)
intermediate generation,coal,coal_int_conv pul 1966-1970,2065,OM-var,1.94,coal (conv pul) (once through)
intermediate generation,coal,coal_int_conv pul 1966-1970,2065,OM-var,1.94,coal (conv pul) (seawater)
intermediate generation,coal,coal_int_conv pul 1966-1970,2065,OM-var,1.94,coal (conv pul) (recirculating)
intermediate generation,coal,coal_int_conv pul 1966-1970,2065,OM-var,1.94,coal (conv pul) (cooling pond)
intermediate generation,coal,coal_int_conv pul 1966-1970,2065,OM-var,1.94,coal (conv pul) (dry cooling)
intermediate generation,coal,coal_int_conv pul 1971-1975,2065,OM-var,1.94,coal (conv pul) (once through)
intermediate generation,coal,coal_int_conv pul 1971-1975,2065,OM-var,1.94,coal (conv pul) (seawater)
intermediate generation,coal,coal_int_conv pul 1971-1975,2065,OM-var,1.94,coal (conv pul) (recirculating)
intermediate generation,coal,coal_int_conv pul 1971-1975,2065,OM-var,1.94,coal (conv pul) (cooling pond)
intermediate generation,coal,coal_int_conv pul 1971-1975,2065,OM-var,1.94,coal (conv pul) (dry cooling)
intermediate generation,coal,coal_int_conv pul 1976-1980,2065,OM-var,1.94,coal (conv pul) (once through)
intermediate generation,coal,coal_int_conv pul 1976-1980,2065,OM-var,1.94,coal (conv pul) (seawater)
intermediate generation,coal,coal_int_conv pul 1976-1980,2065,OM-var,1.94,coal (conv pul) (recirculating)
intermediate generation,coal,coal_int_conv pul 1976-1980,2065,OM-var,1.94,coal (conv pul) (cooling pond)
intermediate generation,coal,coal_int_conv pul 1976-1980,2065,OM-var,1.94,coal (conv pul) (dry cooling)
intermediate generation,coal,coal_int_conv pul 1981-1985,2065,OM-var,1.94,coal (conv pul) (once through)
intermediate generation,coal,coal_int_conv pul 1981-1985,2065,OM-var,1.94,coal (conv pul) (seawater)
intermediate generation,coal,coal_int_conv pul 1981-1985,2065,OM-var,1.94,coal (conv pul) (recirculating)
intermediate generation,coal,coal_int_conv pul 1981-1985,2065,OM-var,1.94,coal (conv pul) (cooling pond)
intermediate generation,coal,coal_int_conv pul 1981-1985,2065,OM-var,1.94,coal (conv pul) (dry cooling)
intermediate generation,coal,coal_int_conv pul 1986-1990,2065,OM-var,1.94,coal (conv pul) (once through)
intermediate generation,coal,coal_int_conv pul 1986-1990,2065,OM-var,1.94,coal (conv pul) (seawater)
intermediate generation,coal,coal_int_conv pul 1986-1990,2065,OM-var,1.94,coal (conv pul) (recirculating)
intermediate generation,coal,coal_int_conv pul 1986-1990,2065,OM-var,1.94,coal (conv pul) (cooling pond)
intermediate generation,coal,coal_int_conv pul 1986-1990,2065,OM-var,1.94,coal (conv pul) (dry cooling)
intermediate generation,coal,coal_int_conv pul 1991-1995,2065,OM-var,1.94,coal (conv pul) (once through)
intermediate generation,coal,coal_int_conv pul 1991-1995,2065,OM-var,1.94,coal (conv pul) (seawater)
intermediate generation,coal,coal_int_conv pul 1991-1995,2065,OM-var,1.94,coal (conv pul) (recirculating)
intermediate generation,coal,coal_int_conv pul 1991-1995,2065,OM-var,1.94,coal (conv pul) (cooling pond)
intermediate generation,coal,coal_int_conv pul 1991-1995,2065,OM-var,1.94,coal (conv pul) (dry cooling)
intermediate generation,coal,coal_int_conv pul 1996-2000,2065,OM-var,1.94,coal (conv pul) (once through)
intermediate generation,coal,coal_int_conv pul 1996-2000,2065,OM-var,1.94,coal (conv pul) (seawater)
intermediate generation,coal,coal_int_conv pul 1996-2000,2065,OM-var,1.94,coal (conv pul) (recirculating)
intermediate generation,coal,coal_int_conv pul 1996-2000,2065,OM-var,1.94,coal (conv pul) (cooling pond)
intermediate generation,coal,coal_int_conv pul 1996-2000,2065,OM-var,1.94,coal (conv pul) (dry cooling)
intermediate generation,coal,coal_int_conv pul 2001-2005,2065,OM-var,1.94,coal (conv pul) (once through)
intermediate generation,coal,coal_int_conv pul 2001-2005,2065,OM-var,1.94,coal (conv pul) (seawater)
intermediate generation,coal,coal_int_conv pul 2001-2005,2065,OM-var,1.94,coal (conv pul) (recirculating)
intermediate generation,coal,coal_int_conv pul 2001-2005,2065,OM-var,1.94,coal (conv pul) (cooling pond)
intermediate generation,coal,coal_int_conv pul 2001-2005,2065,OM-var,1.94,coal (conv pul) (dry cooling)
intermediate generation,coal,coal_int_conv pul 2006-2010,2065,OM-var,1.94,coal (conv pul) (once through)
intermediate generation,coal,coal_int_conv pul 2006-2010,2065,OM-var,1.94,coal (conv pul) (seawater)
intermediate generation,coal,coal_int_conv pul 2006-2010,2065,OM-var,1.94,coal (conv pul) (recirculating)
intermediate generation,coal,coal_int_conv pul 2006-2010,2065,OM-var,1.94,coal (conv pul) (cooling pond)
intermediate generation,coal,coal_int_conv pul 2006-2010,2065,OM-var,1.94,coal (conv pul) (dry cooling)
intermediate generation,coal,coal_int_conv pul 2011-2015,2065,OM-var,1.94,coal (conv pul) (once through)
intermediate generation,coal,coal_int_conv pul 2011-2015,2065,OM-var,1.94,coal (conv pul) (seawater)
intermediate generation,coal,coal_int_conv pul 2011-2015,2065,OM-var,1.94,coal (conv pul) (recirculating)
intermediate generation,coal,coal_int_conv pul 2011-2015,2065,OM-var,1.94,coal (conv pul) (cooling pond)
intermediate generation,coal,coal_int_conv pul 2011-2015,2065,OM-var,1.94,coal (conv pul) (dry cooling)
intermediate generation,coal,coal_int_conv pul 2016-2021,2065,OM-var,1.94,coal (conv pul) (once through)
intermediate generation,coal,coal_int_conv pul 2016-2021,2065,OM-var,1.94,coal (conv pul) (seawater)
intermediate generation,coal,coal_int_conv pul 2016-2021,2065,OM-var,1.94,coal (conv pul) (recirculating)
intermediate generation,coal,coal_int_conv pul 2016-2021,2065,OM-var,1.94,coal (conv pul) (cooling pond)
intermediate generation,coal,coal_int_conv pul 2016-2021,2065,OM-var,1.94,coal (conv pul) (dry cooling)
intermediate generation,coal,coal_int_conv pul before 1950,2065,OM-var,1.94,coal (conv pul) (once through)
intermediate generation,coal,coal_int_conv pul before 1950,2065,OM-var,1.94,coal (conv pul) (seawater)
intermediate generation,coal,coal_int_conv pul before 1950,2065,OM-var,1.94,coal (conv pul) (recirculating)
intermediate generation,coal,coal_int_conv pul before 1950,2065,OM-var,1.94,coal (conv pul) (cooling pond)
intermediate generation,coal,coal_int_conv pul before 1950,2065,OM-var,1.94,coal (conv pul) (dry cooling)
intermediate generation,coal,coal_int_conv pul_retire_2023,2065,OM-var,1.94,coal (conv pul) (once through)
intermediate generation,coal,coal_int_conv pul_retire_2023,2065,OM-var,1.94,coal (conv pul) (seawater)
intermediate generation,coal,coal_int_conv pul_retire_2023,2065,OM-var,1.94,coal (conv pul) (recirculating)
intermediate generation,coal,coal_int_conv pul_retire_2023,2065,OM-var,1.94,coal (conv pul) (cooling pond)
intermediate generation,coal,coal_int_conv pul_retire_2023,2065,OM-var,1.94,coal (conv pul) (dry cooling)
intermediate generation,biomass,biomass_int_conv,2070,OM-var,1.21,biomass (conv) (once through)
intermediate generation,biomass,biomass_int_conv,2070,OM-var,1.21,biomass (conv) (seawater)
intermediate generation,biomass,biomass_int_conv,2070,OM-var,1.21,biomass (conv) (recirculating)
intermediate generation,biomass,biomass_int_conv,2070,OM-var,1.21,biomass (conv) (cooling pond)
intermediate generation,biomass,biomass_int_conv,2070,OM-var,1.21,biomass (conv) (dry cooling)
intermediate generation,biomass,biomass_int_conv_CCS,2070,OM-var,3.31,biomass (conv CCS) (once through)
intermediate generation,biomass,biomass_int_conv_CCS,2070,OM-var,3.31,biomass (conv CCS) (seawater)
intermediate generation,biomass,biomass_int_conv_CCS,2070,OM-var,3.31,biomass (conv CCS) (recirculating)
intermediate generation,biomass,biomass_int_conv_CCS,2070,OM-var,3.31,biomass (conv CCS) (dry cooling)
intermediate generation,biomass,biomass_int_IGCC,2070,OM-var,2.73,biomass (IGCC) (once through)
intermediate generation,biomass,biomass_int_IGCC,2070,OM-var,2.73,biomass (IGCC) (seawater)
intermediate generation,biomass,biomass_int_IGCC,2070,OM-var,2.73,biomass (IGCC) (recirculating)
intermediate generation,biomass,biomass_int_IGCC,2070,OM-var,2.73,biomass (IGCC) (dry cooling)
intermediate generation,biomass,biomass_int_IGCC_CCS,2070,OM-var,5.34,biomass (IGCC CCS) (once through)
intermediate generation,biomass,biomass_int_IGCC_CCS,2070,OM-var,5.34,biomass (IGCC CCS) (seawater)
intermediate generation,biomass,biomass_int_IGCC_CCS,2070,OM-var,5.34,biomass (IGCC CCS) (recirculating)
intermediate generation,biomass,biomass_int_IGCC_CCS,2070,OM-var,5.34,biomass (IGCC CCS) (dry cooling)
intermediate generation,coal,coal_int_conv pul,2070,OM-var,1.93,coal (conv pul) (once through)
intermediate generation,coal,coal_int_conv pul,2070,OM-var,1.93,coal (conv pul) (seawater)
intermediate generation,coal,coal_int_conv pul,2070,OM-var,1.93,coal (conv pul) (recirculating)
intermediate generation,coal,coal_int_conv pul,2070,OM-var,1.93,coal (conv pul) (cooling pond)
intermediate generation,coal,coal_int_conv pul,2070,OM-var,1.93,coal (conv pul) (dry cooling)
intermediate generation,coal,coal_int_conv pul_CCS,2070,OM-var,3.1,coal (conv pul CCS) (once through)
intermediate generation,coal,coal_int_conv pul_CCS,2070,OM-var,3.1,coal (conv pul CCS) (seawater)
intermediate generation,coal,coal_int_conv pul_CCS,2070,OM-var,3.1,coal (conv pul CCS) (recirculating)
intermediate generation,coal,coal_int_conv pul_CCS,2070,OM-var,3.1,coal (conv pul CCS) (dry cooling)
intermediate generation,coal,coal_int_IGCC,2070,OM-var,3.45,coal (IGCC) (once through)
intermediate generation,coal,coal_int_IGCC,2070,OM-var,3.45,coal (IGCC) (seawater)
intermediate generation,coal,coal_int_IGCC,2070,OM-var,3.45,coal (IGCC) (recirculating)
intermediate generation,coal,coal_int_IGCC,2070,OM-var,3.45,coal (IGCC) (dry cooling)
intermediate generation,coal,coal_int_IGCC_CCS,2070,OM-var,5.13,coal (IGCC CCS) (once through)
intermediate generation,coal,coal_int_IGCC_CCS,2070,OM-var,5.13,coal (IGCC CCS) (seawater)
intermediate generation,coal,coal_int_IGCC_CCS,2070,OM-var,5.13,coal (IGCC CCS) (recirculating)
intermediate generation,coal,coal_int_IGCC_CCS,2070,OM-var,5.13,coal (IGCC CCS) (dry cooling)
intermediate generation,gas,gas_int_CC,2070,OM-var,0.41,gas (CC) (once through)
intermediate generation,gas,gas_int_CC,2070,OM-var,0.41,gas (CC) (seawater)
intermediate generation,gas,gas_int_CC,2070,OM-var,0.41,gas (CC) (recirculating)
intermediate generation,gas,gas_int_CC,2070,OM-var,0.41,gas (CC) (cooling pond)
intermediate generation,gas,gas_int_CC,2070,OM-var,0.41,gas (CC) (dry cooling)
intermediate generation,gas,gas_int_CC_CCS,2070,OM-var,0.85,gas (CC CCS) (once through)
intermediate generation,gas,gas_int_CC_CCS,2070,OM-var,0.85,gas (CC CCS) (seawater)
intermediate generation,gas,gas_int_CC_CCS,2070,OM-var,0.85,gas (CC CCS) (recirculating)
intermediate generation,gas,gas_int_CC_CCS,2070,OM-var,0.85,gas (CC CCS) (dry cooling)
intermediate generation,refined liquids,refined liquids_int_steam/CT,2070,OM-var,1.6,refined liquids (steam/CT) (once through)
intermediate generation,refined liquids,refined liquids_int_steam/CT,2070,OM-var,1.6,refined liquids (steam/CT) (seawater)
intermediate generation,refined liquids,refined liquids_int_steam/CT,2070,OM-var,1.6,refined liquids (steam/CT) (recirculating)
intermediate generation,refined liquids,refined liquids_int_steam/CT,2070,OM-var,1.6,refined liquids (steam/CT) (cooling pond)
intermediate generation,refined liquids,refined liquids_int_steam/CT,2070,OM-var,1.6,refined liquids (steam/CT) (dry cooling)
intermediate generation,refined liquids,refined liquids_int_CC,2070,OM-var,0.41,refined liquids (CC) (once through)
intermediate generation,refined liquids,refined liquids_int_CC,2070,OM-var,0.41,refined liquids (CC) (seawater)
intermediate generation,refined liquids,refined liquids_int_CC,2070,OM-var,0.41,refined liquids (CC) (recirculating)
intermediate generation,refined liquids,refined liquids_int_CC,2070,OM-var,0.41,refined liquids (CC) (dry cooling)
intermediate generation,refined liquids,refined liquids_int_CC_CCS,2070,OM-var,0.85,refined liquids (CC CCS) (once through)
intermediate generation,refined liquids,refined liquids_int_CC_CCS,2070,OM-var,0.85,refined liquids (CC CCS) (seawater)
intermediate generation,refined liquids,refined liquids_int_CC_CCS,2070,OM-var,0.85,refined liquids (CC CCS) (recirculating)
intermediate generation,refined liquids,refined liquids_int_CC_CCS,2070,OM-var,0.85,refined liquids (CC CCS) (dry cooling)
intermediate generation,coal,coal_int_conv pul 1951-1955,2070,OM-var,1.93,coal (conv pul) (once through)
intermediate generation,coal,coal_int_conv pul 1951-1955,2070,OM-var,1.93,coal (conv pul) (seawater)
intermediate generation,coal,coal_int_conv pul 1951-1955,2070,OM-var,1.93,coal (conv pul) (recirculating)
intermediate generation,coal,coal_int_conv pul 1951-1955,2070,OM-var,1.93,coal (conv pul) (cooling pond)
intermediate generation,coal,coal_int_conv pul 1951-1955,2070,OM-var,1.93,coal (conv pul) (dry cooling)
intermediate generation,coal,coal_int_conv pul 1956-1960,2070,OM-var,1.93,coal (conv pul) (once through)
intermediate generation,coal,coal_int_conv pul 1956-1960,2070,OM-var,1.93,coal (conv pul) (seawater)
intermediate generation,coal,coal_int_conv pul 1956-1960,2070,OM-var,1.93,coal (conv pul) (recirculating)
intermediate generation,coal,coal_int_conv pul 1956-1960,2070,OM-var,1.93,coal (conv pul) (cooling pond)
intermediate generation,coal,coal_int_conv pul 1956-1960,2070,OM-var,1.93,coal (conv pul) (dry cooling)
intermediate generation,coal,coal_int_conv pul 1961-1965,2070,OM-var,1.93,coal (conv pul) (once through)
intermediate generation,coal,coal_int_conv pul 1961-1965,2070,OM-var,1.93,coal (conv pul) (seawater)
intermediate generation,coal,coal_int_conv pul 1961-1965,2070,OM-var,1.93,coal (conv pul) (recirculating)
intermediate generation,coal,coal_int_conv pul 1961-1965,2070,OM-var,1.93,coal (conv pul) (cooling pond)
intermediate generation,coal,coal_int_conv pul 1961-1965,2070,OM-var,1.93,coal (conv pul) (dry cooling)
intermediate generation,coal,coal_int_conv pul 1966-1970,2070,OM-var,1.93,coal (conv pul) (once through)
intermediate generation,coal,coal_int_conv pul 1966-1970,2070,OM-var,1.93,coal (conv pul) (seawater)
intermediate generation,coal,coal_int_conv pul 1966-1970,2070,OM-var,1.93,coal (conv pul) (recirculating)
intermediate generation,coal,coal_int_conv pul 1966-1970,2070,OM-var,1.93,coal (conv pul) (cooling pond)
intermediate generation,coal,coal_int_conv pul 1966-1970,2070,OM-var,1.93,coal (conv pul) (dry cooling)
intermediate generation,coal,coal_int_conv pul 1971-1975,2070,OM-var,1.93,coal (conv pul) (once through)
intermediate generation,coal,coal_int_conv pul 1971-1975,2070,OM-var,1.93,coal (conv pul) (seawater)
intermediate generation,coal,coal_int_conv pul 1971-1975,2070,OM-var,1.93,coal (conv pul) (recirculating)
intermediate generation,coal,coal_int_conv pul 1971-1975,2070,OM-var,1.93,coal (conv pul) (cooling pond)
intermediate generation,coal,coal_int_conv pul 1971-1975,2070,OM-var,1.93,coal (conv pul) (dry cooling)
intermediate generation,coal,coal_int_conv pul 1976-1980,2070,OM-var,1.93,coal (conv pul) (once through)
intermediate generation,coal,coal_int_conv pul 1976-1980,2070,OM-var,1.93,coal (conv pul) (seawater)
intermediate generation,coal,coal_int_conv pul 1976-1980,2070,OM-var,1.93,coal (conv pul) (recirculating)
intermediate generation,coal,coal_int_conv pul 1976-1980,2070,OM-var,1.93,coal (conv pul) (cooling pond)
intermediate generation,coal,coal_int_conv pul 1976-1980,2070,OM-var,1.93,coal (conv pul) (dry cooling)
intermediate generation,coal,coal_int_conv pul 1981-1985,2070,OM-var,1.93,coal (conv pul) (once through)
intermediate generation,coal,coal_int_conv pul 1981-1985,2070,OM-var,1.93,coal (conv pul) (seawater)
intermediate generation,coal,coal_int_conv pul 1981-1985,2070,OM-var,1.93,coal (conv pul) (recirculating)
intermediate generation,coal,coal_int_conv pul 1981-1985,2070,OM-var,1.93,coal (conv pul) (cooling pond)
intermediate generation,coal,coal_int_conv pul 1981-1985,2070,OM-var,1.93,coal (conv pul) (dry cooling)
intermediate generation,coal,coal_int_conv pul 1986-1990,2070,OM-var,1.93,coal (conv pul) (once through)
intermediate generation,coal,coal_int_conv pul 1986-1990,2070,OM-var,1.93,coal (conv pul) (seawater)
intermediate generation,coal,coal_int_conv pul 1986-1990,2070,OM-var,1.93,coal (conv pul) (recirculating)
intermediate generation,coal,coal_int_conv pul 1986-1990,2070,OM-var,1.93,coal (conv pul) (cooling pond)
intermediate generation,coal,coal_int_conv pul 1986-1990,2070,OM-var,1.93,coal (conv pul) (dry cooling)
intermediate generation,coal,coal_int_conv pul 1991-1995,2070,OM-var,1.93,coal (conv pul) (once through)
intermediate generation,coal,coal_int_conv pul 1991-1995,2070,OM-var,1.93,coal (conv pul) (seawater)
intermediate generation,coal,coal_int_conv pul 1991-1995,2070,OM-var,1.93,coal (conv pul) (recirculating)
intermediate generation,coal,coal_int_conv pul 1991-1995,2070,OM-var,1.93,coal (conv pul) (cooling pond)
intermediate generation,coal,coal_int_conv pul 1991-1995,2070,OM-var,1.93,coal (conv pul) (dry cooling)
intermediate generation,coal,coal_int_conv pul 1996-2000,2070,OM-var,1.93,coal (conv pul) (once through)
intermediate generation,coal,coal_int_conv pul 1996-2000,2070,OM-var,1.93,coal (conv pul) (seawater)
intermediate generation,coal,coal_int_conv pul 1996-2000,2070,OM-var,1.93,coal (conv pul) (recirculating)
intermediate generation,coal,coal_int_conv pul 1996-2000,2070,OM-var,1.93,coal (conv pul) (cooling pond)
intermediate generation,coal,coal_int_conv pul 1996-2000,2070,OM-var,1.93,coal (conv pul) (dry cooling)
intermediate generation,coal,coal_int_conv pul 2001-2005,2070,OM-var,1.93,coal (conv pul) (once through)
intermediate generation,coal,coal_int_conv pul 2001-2005,2070,OM-var,1.93,coal (conv pul) (seawater)
intermediate generation,coal,coal_int_conv pul 2001-2005,2070,OM-var,1.93,coal (conv pul) (recirculating)
intermediate generation,coal,coal_int_conv pul 2001-2005,2070,OM-var,1.93,coal (conv pul) (cooling pond)
intermediate generation,coal,coal_int_conv pul 2001-2005,2070,OM-var,1.93,coal (conv pul) (dry cooling)
intermediate generation,coal,coal_int_conv pul 2006-2010,2070,OM-var,1.93,coal (conv pul) (once through)
intermediate generation,coal,coal_int_conv pul 2006-2010,2070,OM-var,1.93,coal (conv pul) (seawater)
intermediate generation,coal,coal_int_conv pul 2006-2010,2070,OM-var,1.93,coal (conv pul) (recirculating)
intermediate generation,coal,coal_int_conv pul 2006-2010,2070,OM-var,1.93,coal (conv pul) (cooling pond)
intermediate generation,coal,coal_int_conv pul 2006-2010,2070,OM-var,1.93,coal (conv pul) (dry cooling)
intermediate generation,coal,coal_int_conv pul 2011-2015,2070,OM-var,1.93,coal (conv pul) (once through)
intermediate generation,coal,coal_int_conv pul 2011-2015,2070,OM-var,1.93,coal (conv pul) (seawater)
intermediate generation,coal,coal_int_conv pul 2011-2015,2070,OM-var,1.93,coal (conv pul) (recirculating)
intermediate generation,coal,coal_int_conv pul 2011-2015,2070,OM-var,1.93,coal (conv pul) (cooling pond)
intermediate generation,coal,coal_int_conv pul 2011-2015,2070,OM-var,1.93,coal (conv pul) (dry cooling)
intermediate generation,coal,coal_int_conv pul 2016-2021,2070,OM-var,1.93,coal (conv pul) (once through)
intermediate generation,coal,coal_int_conv pul 2016-2021,2070,OM-var,1.93,coal (conv pul) (seawater)
intermediate generation,coal,coal_int_conv pul 2016-2021,2070,OM-var,1.93,coal (conv pul) (recirculating)
intermediate generation,coal,coal_int_conv pul 2016-2021,2070,OM-var,1.93,coal (conv pul) (cooling pond)
intermediate generation,coal,coal_int_conv pul 2016-2021,2070,OM-var,1.93,coal (conv pul) (dry cooling)
intermediate generation,coal,coal_int_conv pul before 1950,2070,OM-var,1.93,coal (conv pul) (once through)
intermediate generation,coal,coal_int_conv pul before 1950,2070,OM-var,1.93,coal (conv pul) (seawater)
intermediate generation,coal,coal_int_conv pul before 1950,2070,OM-var,1.93,coal (conv pul) (recirculating)
intermediate generation,coal,coal_int_conv pul before 1950,2070,OM-var,1.93,coal (conv pul) (cooling pond)
intermediate generation,coal,coal_int_conv pul before 1950,2070,OM-var,1.93,coal (conv pul) (dry cooling)
intermediate generation,coal,coal_int_conv pul_retire_2023,2070,OM-var,1.93,coal (conv pul) (once through)
intermediate generation,coal,coal_int_conv pul_retire_2023,2070,OM-var,1.93,coal (conv pul) (seawater)
intermediate generation,coal,coal_int_conv pul_retire_2023,2070,OM-var,1.93,coal (conv pul) (recirculating)
intermediate generation,coal,coal_int_conv pul_retire_2023,2070,OM-var,1.93,coal (conv pul) (cooling pond)
intermediate generation,coal,coal_int_conv pul_retire_2023,2070,OM-var,1.93,coal (conv pul) (dry cooling)
intermediate generation,biomass,biomass_int_conv,2075,OM-var,1.21,biomass (conv) (once through)
intermediate generation,biomass,biomass_int_conv,2075,OM-var,1.21,biomass (conv) (seawater)
intermediate generation,biomass,biomass_int_conv,2075,OM-var,1.21,biomass (conv) (recirculating)
intermediate generation,biomass,biomass_int_conv,2075,OM-var,1.21,biomass (conv) (cooling pond)
intermediate generation,biomass,biomass_int_conv,2075,OM-var,1.21,biomass (conv) (dry cooling)
intermediate generation,biomass,biomass_int_conv_CCS,2075,OM-var,3.29,biomass (conv CCS) (once through)
intermediate generation,biomass,biomass_int_conv_CCS,2075,OM-var,3.29,biomass (conv CCS) (seawater)
intermediate generation,biomass,biomass_int_conv_CCS,2075,OM-var,3.29,biomass (conv CCS) (recirculating)
intermediate generation,biomass,biomass_int_conv_CCS,2075,OM-var,3.29,biomass (conv CCS) (dry cooling)
intermediate generation,biomass,biomass_int_IGCC,2075,OM-var,2.72,biomass (IGCC) (once through)
intermediate generation,biomass,biomass_int_IGCC,2075,OM-var,2.72,biomass (IGCC) (seawater)
intermediate generation,biomass,biomass_int_IGCC,2075,OM-var,2.72,biomass (IGCC) (recirculating)
intermediate generation,biomass,biomass_int_IGCC,2075,OM-var,2.72,biomass (IGCC) (dry cooling)
intermediate generation,biomass,biomass_int_IGCC_CCS,2075,OM-var,5.31,biomass (IGCC CCS) (once through)
intermediate generation,biomass,biomass_int_IGCC_CCS,2075,OM-var,5.31,biomass (IGCC CCS) (seawater)
intermediate generation,biomass,biomass_int_IGCC_CCS,2075,OM-var,5.31,biomass (IGCC CCS) (recirculating)
intermediate generation,biomass,biomass_int_IGCC_CCS,2075,OM-var,5.31,biomass (IGCC CCS) (dry cooling)
intermediate generation,coal,coal_int_conv pul,2075,OM-var,1.92,coal (conv pul) (once through)
intermediate generation,coal,coal_int_conv pul,2075,OM-var,1.92,coal (conv pul) (seawater)
intermediate generation,coal,coal_int_conv pul,2075,OM-var,1.92,coal (conv pul) (recirculating)
intermediate generation,coal,coal_int_conv pul,2075,OM-var,1.92,coal (conv pul) (cooling pond)
intermediate generation,coal,coal_int_conv pul,2075,OM-var,1.92,coal (conv pul) (dry cooling)
intermediate generation,coal,coal_int_conv pul_CCS,2075,OM-var,3.09,coal (conv pul CCS) (once through)
intermediate generation,coal,coal_int_conv pul_CCS,2075,OM-var,3.09,coal (conv pul CCS) (seawater)
intermediate generation,coal,coal_int_conv pul_CCS,2075,OM-var,3.09,coal (conv pul CCS) (recirculating)
intermediate generation,coal,coal_int_conv pul_CCS,2075,OM-var,3.09,coal (conv pul CCS) (dry cooling)
intermediate generation,coal,coal_int_IGCC,2075,OM-var,3.43,coal (IGCC) (once through)
intermediate generation,coal,coal_int_IGCC,2075,OM-var,3.43,coal (IGCC) (seawater)
intermediate generation,coal,coal_int_IGCC,2075,OM-var,3.43,coal (IGCC) (recirculating)
intermediate generation,coal,coal_int_IGCC,2075,OM-var,3.43,coal (IGCC) (dry cooling)
intermediate generation,coal,coal_int_IGCC_CCS,2075,OM-var,5.11,coal (IGCC CCS) (once through)
intermediate generation,coal,coal_int_IGCC_CCS,2075,OM-var,5.11,coal (IGCC CCS) (seawater)
intermediate generation,coal,coal_int_IGCC_CCS,2075,OM-var,5.11,coal (IGCC CCS) (recirculating)
intermediate generation,coal,coal_int_IGCC_CCS,2075,OM-var,5.11,coal (IGCC CCS) (dry cooling)
intermediate generation,gas,gas_int_CC,2075,OM-var,0.41,gas (CC) (once through)
intermediate generation,gas,gas_int_CC,2075,OM-var,0.41,gas (CC) (seawater)
intermediate generation,gas,gas_int_CC,2075,OM-var,0.41,gas (CC) (recirculating)
intermediate generation,gas,gas_int_CC,2075,OM-var,0.41,gas (CC) (cooling pond)
intermediate generation,gas,gas_int_CC,2075,OM-var,0.41,gas (CC) (dry cooling)
intermediate generation,gas,gas_int_CC_CCS,2075,OM-var,0.84,gas (CC CCS) (once through)
intermediate generation,gas,gas_int_CC_CCS,2075,OM-var,0.84,gas (CC CCS) (seawater)
intermediate generation,gas,gas_int_CC_CCS,2075,OM-var,0.84,gas (CC CCS) (recirculating)
intermediate generation,gas,gas_int_CC_CCS,2075,OM-var,0.84,gas (CC CCS) (dry cooling)
intermediate generation,refined liquids,refined liquids_int_steam/CT,2075,OM-var,1.59,refined liquids (steam/CT) (once through)
intermediate generation,refined liquids,refined liquids_int_steam/CT,2075,OM-var,1.59,refined liquids (steam/CT) (seawater)
intermediate generation,refined liquids,refined liquids_int_steam/CT,2075,OM-var,1.59,refined liquids (steam/CT) (recirculating)
intermediate generation,refined liquids,refined liquids_int_steam/CT,2075,OM-var,1.59,refined liquids (steam/CT) (cooling pond)
intermediate generation,refined liquids,refined liquids_int_steam/CT,2075,OM-var,1.59,refined liquids (steam/CT) (dry cooling)
intermediate generation,refined liquids,refined liquids_int_CC,2075,OM-var,0.41,refined liquids (CC) (once through)
intermediate generation,refined liquids,refined liquids_int_CC,2075,OM-var,0.41,refined liquids (CC) (seawater)
intermediate generation,refined liquids,refined liquids_int_CC,2075,OM-var,0.41,refined liquids (CC) (recirculating)
intermediate generation,refined liquids,refined liquids_int_CC,2075,OM-var,0.41,refined liquids (CC) (dry cooling)
intermediate generation,refined liquids,refined liquids_int_CC_CCS,2075,OM-var,0.84,refined liquids (CC CCS) (once through)
intermediate generation,refined liquids,refined liquids_int_CC_CCS,2075,OM-var,0.84,refined liquids (CC CCS) (seawater)
intermediate generation,refined liquids,refined liquids_int_CC_CCS,2075,OM-var,0.84,refined liquids (CC CCS) (recirculating)
intermediate generation,refined liquids,refined liquids_int_CC_CCS,2075,OM-var,0.84,refined liquids (CC CCS) (dry cooling)
intermediate generation,coal,coal_int_conv pul 1951-1955,2075,OM-var,1.92,coal (conv pul) (once through)
intermediate generation,coal,coal_int_conv pul 1951-1955,2075,OM-var,1.92,coal (conv pul) (seawater)
intermediate generation,coal,coal_int_conv pul 1951-1955,2075,OM-var,1.92,coal (conv pul) (recirculating)
intermediate generation,coal,coal_int_conv pul 1951-1955,2075,OM-var,1.92,coal (conv pul) (cooling pond)
intermediate generation,coal,coal_int_conv pul 1951-1955,2075,OM-var,1.92,coal (conv pul) (dry cooling)
intermediate generation,coal,coal_int_conv pul 1956-1960,2075,OM-var,1.92,coal (conv pul) (once through)
intermediate generation,coal,coal_int_conv pul 1956-1960,2075,OM-var,1.92,coal (conv pul) (seawater)
intermediate generation,coal,coal_int_conv pul 1956-1960,2075,OM-var,1.92,coal (conv pul) (recirculating)
intermediate generation,coal,coal_int_conv pul 1956-1960,2075,OM-var,1.92,coal (conv pul) (cooling pond)
intermediate generation,coal,coal_int_conv pul 1956-1960,2075,OM-var,1.92,coal (conv pul) (dry cooling)
intermediate generation,coal,coal_int_conv pul 1961-1965,2075,OM-var,1.92,coal (conv pul) (once through)
intermediate generation,coal,coal_int_conv pul 1961-1965,2075,OM-var,1.92,coal (conv pul) (seawater)
intermediate generation,coal,coal_int_conv pul 1961-1965,2075,OM-var,1.92,coal (conv pul) (recirculating)
intermediate generation,coal,coal_int_conv pul 1961-1965,2075,OM-var,1.92,coal (conv pul) (cooling pond)
intermediate generation,coal,coal_int_conv pul 1961-1965,2075,OM-var,1.92,coal (conv pul) (dry cooling)
intermediate generation,coal,coal_int_conv pul 1966-1970,2075,OM-var,1.92,coal (conv pul) (once through)
intermediate generation,coal,coal_int_conv pul 1966-1970,2075,OM-var,1.92,coal (conv pul) (seawater)
intermediate generation,coal,coal_int_conv pul 1966-1970,2075,OM-var,1.92,coal (conv pul) (recirculating)
intermediate generation,coal,coal_int_conv pul 1966-1970,2075,OM-var,1.92,coal (conv pul) (cooling pond)
intermediate generation,coal,coal_int_conv pul 1966-1970,2075,OM-var,1.92,coal (conv pul) (dry cooling)
intermediate generation,coal,coal_int_conv pul 1971-1975,2075,OM-var,1.92,coal (conv pul) (once through)
intermediate generation,coal,coal_int_conv pul 1971-1975,2075,OM-var,1.92,coal (conv pul) (seawater)
intermediate generation,coal,coal_int_conv pul 1971-1975,2075,OM-var,1.92,coal (conv pul) (recirculating)
intermediate generation,coal,coal_int_conv pul 1971-1975,2075,OM-var,1.92,coal (conv pul) (cooling pond)
intermediate generation,coal,coal_int_conv pul 1971-1975,2075,OM-var,1.92,coal (conv pul) (dry cooling)
intermediate generation,coal,coal_int_conv pul 1976-1980,2075,OM-var,1.92,coal (conv pul) (once through)
intermediate generation,coal,coal_int_conv pul 1976-1980,2075,OM-var,1.92,coal (conv pul) (seawater)
intermediate generation,coal,coal_int_conv pul 1976-1980,2075,OM-var,1.92,coal (conv pul) (recirculating)
intermediate generation,coal,coal_int_conv pul 1976-1980,2075,OM-var,1.92,coal (conv pul) (cooling pond)
intermediate generation,coal,coal_int_conv pul 1976-1980,2075,OM-var,1.92,coal (conv pul) (dry cooling)
intermediate generation,coal,coal_int_conv pul 1981-1985,2075,OM-var,1.92,coal (conv pul) (once through)
intermediate generation,coal,coal_int_conv pul 1981-1985,2075,OM-var,1.92,coal (conv pul) (seawater)
intermediate generation,coal,coal_int_conv pul 1981-1985,2075,OM-var,1.92,coal (conv pul) (recirculating)
intermediate generation,coal,coal_int_conv pul 1981-1985,2075,OM-var,1.92,coal (conv pul) (cooling pond)
intermediate generation,coal,coal_int_conv pul 1981-1985,2075,OM-var,1.92,coal (conv pul) (dry cooling)
intermediate generation,coal,coal_int_conv pul 1986-1990,2075,OM-var,1.92,coal (conv pul) (once through)
intermediate generation,coal,coal_int_conv pul 1986-1990,2075,OM-var,1.92,coal (conv pul) (seawater)
intermediate generation,coal,coal_int_conv pul 1986-1990,2075,OM-var,1.92,coal (conv pul) (recirculating)
intermediate generation,coal,coal_int_conv pul 1986-1990,2075,OM-var,1.92,coal (conv pul) (cooling pond)
intermediate generation,coal,coal_int_conv pul 1986-1990,2075,OM-var,1.92,coal (conv pul) (dry cooling)
intermediate generation,coal,coal_int_conv pul 1991-1995,2075,OM-var,1.92,coal (conv pul) (once through)
intermediate generation,coal,coal_int_conv pul 1991-1995,2075,OM-var,1.92,coal (conv pul) (seawater)
intermediate generation,coal,coal_int_conv pul 1991-1995,2075,OM-var,1.92,coal (conv pul) (recirculating)
intermediate generation,coal,coal_int_conv pul 1991-1995,2075,OM-var,1.92,coal (conv pul) (cooling pond)
intermediate generation,coal,coal_int_conv pul 1991-1995,2075,OM-var,1.92,coal (conv pul) (dry cooling)
intermediate generation,coal,coal_int_conv pul 1996-2000,2075,OM-var,1.92,coal (conv pul) (once through)
intermediate generation,coal,coal_int_conv pul 1996-2000,2075,OM-var,1.92,coal (conv pul) (seawater)
intermediate generation,coal,coal_int_conv pul 1996-2000,2075,OM-var,1.92,coal (conv pul) (recirculating)
intermediate generation,coal,coal_int_conv pul 1996-2000,2075,OM-var,1.92,coal (conv pul) (cooling pond)
intermediate generation,coal,coal_int_conv pul 1996-2000,2075,OM-var,1.92,coal (conv pul) (dry cooling)
intermediate generation,coal,coal_int_conv pul 2001-2005,2075,OM-var,1.92,coal (conv pul) (once through)
intermediate generation,coal,coal_int_conv pul 2001-2005,2075,OM-var,1.92,coal (conv pul) (seawater)
intermediate generation,coal,coal_int_conv pul 2001-2005,2075,OM-var,1.92,coal (conv pul) (recirculating)
intermediate generation,coal,coal_int_conv pul 2001-2005,2075,OM-var,1.92,coal (conv pul) (cooling pond)
intermediate generation,coal,coal_int_conv pul 2001-2005,2075,OM-var,1.92,coal (conv pul) (dry cooling)
intermediate generation,coal,coal_int_conv pul 2006-2010,2075,OM-var,1.92,coal (conv pul) (once through)
intermediate generation,coal,coal_int_conv pul 2006-2010,2075,OM-var,1.92,coal (conv pul) (seawater)
intermediate generation,coal,coal_int_conv pul 2006-2010,2075,OM-var,1.92,coal (conv pul) (recirculating)
intermediate generation,coal,coal_int_conv pul 2006-2010,2075,OM-var,1.92,coal (conv pul) (cooling pond)
intermediate generation,coal,coal_int_conv pul 2006-2010,2075,OM-var,1.92,coal (conv pul) (dry cooling)
intermediate generation,coal,coal_int_conv pul 2011-2015,2075,OM-var,1.92,coal (conv pul) (once through)
intermediate generation,coal,coal_int_conv pul 2011-2015,2075,OM-var,1.92,coal (conv pul) (seawater)
intermediate generation,coal,coal_int_conv pul 2011-2015,2075,OM-var,1.92,coal (conv pul) (recirculating)
intermediate generation,coal,coal_int_conv pul 2011-2015,2075,OM-var,1.92,coal (conv pul) (cooling pond)
intermediate generation,coal,coal_int_conv pul 2011-2015,2075,OM-var,1.92,coal (conv pul) (dry cooling)
intermediate generation,coal,coal_int_conv pul 2016-2021,2075,OM-var,1.92,coal (conv pul) (once through)
intermediate generation,coal,coal_int_conv pul 2016-2021,2075,OM-var,1.92,coal (conv pul) (seawater)
intermediate generation,coal,coal_int_conv pul 2016-2021,2075,OM-var,1.92,coal (conv pul) (recirculating)
intermediate generation,coal,coal_int_conv pul 2016-2021,2075,OM-var,1.92,coal (conv pul) (cooling pond)
intermediate generation,coal,coal_int_conv pul 2016-2021,2075,OM-var,1.92,coal (conv pul) (dry cooling)
intermediate generation,coal,coal_int_conv pul before 1950,2075,OM-var,1.92,coal (conv pul) (once through)
intermediate generation,coal,coal_int_conv pul before 1950,2075,OM-var,1.92,coal (conv pul) (seawater)
intermediate generation,coal,coal_int_conv pul before 1950,2075,OM-var,1.92,coal (conv pul) (recirculating)
intermediate generation,coal,coal_int_conv pul before 1950,2075,OM-var,1.92,coal (conv pul) (cooling pond)
intermediate generation,coal,coal_int_conv pul before 1950,2075,OM-var,1.92,coal (conv pul) (dry cooling)
intermediate generation,coal,coal_int_conv pul_retire_2023,2075,OM-var,1.92,coal (conv pul) (once through)
intermediate generation,coal,coal_int_conv pul_retire_2023,2075,OM-var,1.92,coal (conv pul) (seawater)
intermediate generation,coal,coal_int_conv pul_retire_2023,2075,OM-var,1.92,coal (conv pul) (recirculating)
intermediate generation,coal,coal_int_conv pul_retire_2023,2075,OM-var,1.92,coal (conv pul) (cooling pond)
intermediate generation,coal,coal_int_conv pul_retire_2023,2075,OM-var,1.92,coal (conv pul) (dry cooling)
intermediate generation,biomass,biomass_int_conv,2080,OM-var,1.2,biomass (conv) (once through)
intermediate generation,biomass,biomass_int_conv,2080,OM-var,1.2,biomass (conv) (seawater)
intermediate generation,biomass,biomass_int_conv,2080,OM-var,1.2,biomass (conv) (recirculating)
intermediate generation,biomass,biomass_int_conv,2080,OM-var,1.2,biomass (conv) (cooling pond)
intermediate generation,biomass,biomass_int_conv,2080,OM-var,1.2,biomass (conv) (dry cooling)
intermediate generation,biomass,biomass_int_conv_CCS,2080,OM-var,3.27,biomass (conv CCS) (once through)
intermediate generation,biomass,biomass_int_conv_CCS,2080,OM-var,3.27,biomass (conv CCS) (seawater)
intermediate generation,biomass,biomass_int_conv_CCS,2080,OM-var,3.27,biomass (conv CCS) (recirculating)
intermediate generation,biomass,biomass_int_conv_CCS,2080,OM-var,3.27,biomass (conv CCS) (dry cooling)
intermediate generation,biomass,biomass_int_IGCC,2080,OM-var,2.71,biomass (IGCC) (once through)
intermediate generation,biomass,biomass_int_IGCC,2080,OM-var,2.71,biomass (IGCC) (seawater)
intermediate generation,biomass,biomass_int_IGCC,2080,OM-var,2.71,biomass (IGCC) (recirculating)
intermediate generation,biomass,biomass_int_IGCC,2080,OM-var,2.71,biomass (IGCC) (dry cooling)
intermediate generation,biomass,biomass_int_IGCC_CCS,2080,OM-var,5.28,biomass (IGCC CCS) (once through)
intermediate generation,biomass,biomass_int_IGCC_CCS,2080,OM-var,5.28,biomass (IGCC CCS) (seawater)
intermediate generation,biomass,biomass_int_IGCC_CCS,2080,OM-var,5.28,biomass (IGCC CCS) (recirculating)
intermediate generation,biomass,biomass_int_IGCC_CCS,2080,OM-var,5.28,biomass (IGCC CCS) (dry cooling)
intermediate generation,coal,coal_int_conv pul,2080,OM-var,1.91,coal (conv pul) (once through)
intermediate generation,coal,coal_int_conv pul,2080,OM-var,1.91,coal (conv pul) (seawater)
intermediate generation,coal,coal_int_conv pul,2080,OM-var,1.91,coal (conv pul) (recirculating)
intermediate generation,coal,coal_int_conv pul,2080,OM-var,1.91,coal (conv pul) (cooling pond)
intermediate generation,coal,coal_int_conv pul,2080,OM-var,1.91,coal (conv pul) (dry cooling)
intermediate generation,coal,coal_int_conv pul_CCS,2080,OM-var,3.07,coal (conv pul CCS) (once through)
intermediate generation,coal,coal_int_conv pul_CCS,2080,OM-var,3.07,coal (conv pul CCS) (seawater)
intermediate generation,coal,coal_int_conv pul_CCS,2080,OM-var,3.07,coal (conv pul CCS) (recirculating)
intermediate generation,coal,coal_int_conv pul_CCS,2080,OM-var,3.07,coal (conv pul CCS) (dry cooling)
intermediate generation,coal,coal_int_IGCC,2080,OM-var,3.41,coal (IGCC) (once through)
intermediate generation,coal,coal_int_IGCC,2080,OM-var,3.41,coal (IGCC) (seawater)
intermediate generation,coal,coal_int_IGCC,2080,OM-var,3.41,coal (IGCC) (recirculating)
intermediate generation,coal,coal_int_IGCC,2080,OM-var,3.41,coal (IGCC) (dry cooling)
intermediate generation,coal,coal_int_IGCC_CCS,2080,OM-var,5.08,coal (IGCC CCS) (once through)
intermediate generation,coal,coal_int_IGCC_CCS,2080,OM-var,5.08,coal (IGCC CCS) (seawater)
intermediate generation,coal,coal_int_IGCC_CCS,2080,OM-var,5.08,coal (IGCC CCS) (recirculating)
intermediate generation,coal,coal_int_IGCC_CCS,2080,OM-var,5.08,coal (IGCC CCS) (dry cooling)
intermediate generation,gas,gas_int_CC,2080,OM-var,0.41,gas (CC) (once through)
intermediate generation,gas,gas_int_CC,2080,OM-var,0.41,gas (CC) (seawater)
intermediate generation,gas,gas_int_CC,2080,OM-var,0.41,gas (CC) (recirculating)
intermediate generation,gas,gas_int_CC,2080,OM-var,0.41,gas (CC) (cooling pond)
intermediate generation,gas,gas_int_CC,2080,OM-var,0.41,gas (CC) (dry cooling)
intermediate generation,gas,gas_int_CC_CCS,2080,OM-var,0.84,gas (CC CCS) (once through)
intermediate generation,gas,gas_int_CC_CCS,2080,OM-var,0.84,gas (CC CCS) (seawater)
intermediate generation,gas,gas_int_CC_CCS,2080,OM-var,0.84,gas (CC CCS) (recirculating)
intermediate generation,gas,gas_int_CC_CCS,2080,OM-var,0.84,gas (CC CCS) (dry cooling)
intermediate generation,refined liquids,refined liquids_int_steam/CT,2080,OM-var,1.59,refined liquids (steam/CT) (once through)
intermediate generation,refined liquids,refined liquids_int_steam/CT,2080,OM-var,1.59,refined liquids (steam/CT) (seawater)
intermediate generation,refined liquids,refined liquids_int_steam/CT,2080,OM-var,1.59,refined liquids (steam/CT) (recirculating)
intermediate generation,refined liquids,refined liquids_int_steam/CT,2080,OM-var,1.59,refined liquids (steam/CT) (cooling pond)
intermediate generation,refined liquids,refined liquids_int_steam/CT,2080,OM-var,1.59,refined liquids (steam/CT) (dry cooling)
intermediate generation,refined liquids,refined liquids_int_CC,2080,OM-var,0.41,refined liquids (CC) (once through)
intermediate generation,refined liquids,refined liquids_int_CC,2080,OM-var,0.41,refined liquids (CC) (seawater)
intermediate generation,refined liquids,refined liquids_int_CC,2080,OM-var,0.41,refined liquids (CC) (recirculating)
intermediate generation,refined liquids,refined liquids_int_CC,2080,OM-var,0.41,refined liquids (CC) (dry cooling)
intermediate generation,refined liquids,refined liquids_int_CC_CCS,2080,OM-var,0.84,refined liquids (CC CCS) (once through)
intermediate generation,refined liquids,refined liquids_int_CC_CCS,2080,OM-var,0.84,refined liquids (CC CCS) (seawater)
intermediate generation,refined liquids,refined liquids_int_CC_CCS,2080,OM-var,0.84,refined liquids (CC CCS) (recirculating)
intermediate generation,refined liquids,refined liquids_int_CC_CCS,2080,OM-var,0.84,refined liquids (CC CCS) (dry cooling)
intermediate generation,coal,coal_int_conv pul 1951-1955,2080,OM-var,1.91,coal (conv pul) (once through)
intermediate generation,coal,coal_int_conv pul 1951-1955,2080,OM-var,1.91,coal (conv pul) (seawater)
intermediate generation,coal,coal_int_conv pul 1951-1955,2080,OM-var,1.91,coal (conv pul) (recirculating)
intermediate generation,coal,coal_int_conv pul 1951-1955,2080,OM-var,1.91,coal (conv pul) (cooling pond)
intermediate generation,coal,coal_int_conv pul 1951-1955,2080,OM-var,1.91,coal (conv pul) (dry cooling)
intermediate generation,coal,coal_int_conv pul 1956-1960,2080,OM-var,1.91,coal (conv pul) (once through)
intermediate generation,coal,coal_int_conv pul 1956-1960,2080,OM-var,1.91,coal (conv pul) (seawater)
intermediate generation,coal,coal_int_conv pul 1956-1960,2080,OM-var,1.91,coal (conv pul) (recirculating)
intermediate generation,coal,coal_int_conv pul 1956-1960,2080,OM-var,1.91,coal (conv pul) (cooling pond)
intermediate generation,coal,coal_int_conv pul 1956-1960,2080,OM-var,1.91,coal (conv pul) (dry cooling)
intermediate generation,coal,coal_int_conv pul 1961-1965,2080,OM-var,1.91,coal (conv pul) (once through)
intermediate generation,coal,coal_int_conv pul 1961-1965,2080,OM-var,1.91,coal (conv pul) (seawater)
intermediate generation,coal,coal_int_conv pul 1961-1965,2080,OM-var,1.91,coal (conv pul) (recirculating)
intermediate generation,coal,coal_int_conv pul 1961-1965,2080,OM-var,1.91,coal (conv pul) (cooling pond)
intermediate generation,coal,coal_int_conv pul 1961-1965,2080,OM-var,1.91,coal (conv pul) (dry cooling)
intermediate generation,coal,coal_int_conv pul 1966-1970,2080,OM-var,1.91,coal (conv pul) (once through)
intermediate generation,coal,coal_int_conv pul 1966-1970,2080,OM-var,1.91,coal (conv pul) (seawater)
intermediate generation,coal,coal_int_conv pul 1966-1970,2080,OM-var,1.91,coal (conv pul) (recirculating)
intermediate generation,coal,coal_int_conv pul 1966-1970,2080,OM-var,1.91,coal (conv pul) (cooling pond)
intermediate generation,coal,coal_int_conv pul 1966-1970,2080,OM-var,1.91,coal (conv pul) (dry cooling)
intermediate generation,coal,coal_int_conv pul 1971-1975,2080,OM-var,1.91,coal (conv pul) (once through)
intermediate generation,coal,coal_int_conv pul 1971-1975,2080,OM-var,1.91,coal (conv pul) (seawater)
intermediate generation,coal,coal_int_conv pul 1971-1975,2080,OM-var,1.91,coal (conv pul) (recirculating)
intermediate generation,coal,coal_int_conv pul 1971-1975,2080,OM-var,1.91,coal (conv pul) (cooling pond)
intermediate generation,coal,coal_int_conv pul 1971-1975,2080,OM-var,1.91,coal (conv pul) (dry cooling)
intermediate generation,coal,coal_int_conv pul 1976-1980,2080,OM-var,1.91,coal (conv pul) (once through)
intermediate generation,coal,coal_int_conv pul 1976-1980,2080,OM-var,1.91,coal (conv pul) (seawater)
intermediate generation,coal,coal_int_conv pul 1976-1980,2080,OM-var,1.91,coal (conv pul) (recirculating)
intermediate generation,coal,coal_int_conv pul 1976-1980,2080,OM-var,1.91,coal (conv pul) (cooling pond)
intermediate generation,coal,coal_int_conv pul 1976-1980,2080,OM-var,1.91,coal (conv pul) (dry cooling)
intermediate generation,coal,coal_int_conv pul 1981-1985,2080,OM-var,1.91,coal (conv pul) (once through)
intermediate generation,coal,coal_int_conv pul 1981-1985,2080,OM-var,1.91,coal (conv pul) (seawater)
intermediate generation,coal,coal_int_conv pul 1981-1985,2080,OM-var,1.91,coal (conv pul) (recirculating)
intermediate generation,coal,coal_int_conv pul 1981-1985,2080,OM-var,1.91,coal (conv pul) (cooling pond)
intermediate generation,coal,coal_int_conv pul 1981-1985,2080,OM-var,1.91,coal (conv pul) (dry cooling)
intermediate generation,coal,coal_int_conv pul 1986-1990,2080,OM-var,1.91,coal (conv pul) (once through)
intermediate generation,coal,coal_int_conv pul 1986-1990,2080,OM-var,1.91,coal (conv pul) (seawater)
intermediate generation,coal,coal_int_conv pul 1986-1990,2080,OM-var,1.91,coal (conv pul) (recirculating)
intermediate generation,coal,coal_int_conv pul 1986-1990,2080,OM-var,1.91,coal (conv pul) (cooling pond)
intermediate generation,coal,coal_int_conv pul 1986-1990,2080,OM-var,1.91,coal (conv pul) (dry cooling)
intermediate generation,coal,coal_int_conv pul 1991-1995,2080,OM-var,1.91,coal (conv pul) (once through)
intermediate generation,coal,coal_int_conv pul 1991-1995,2080,OM-var,1.91,coal (conv pul) (seawater)
intermediate generation,coal,coal_int_conv pul 1991-1995,2080,OM-var,1.91,coal (conv pul) (recirculating)
intermediate generation,coal,coal_int_conv pul 1991-1995,2080,OM-var,1.91,coal (conv pul) (cooling pond)
intermediate generation,coal,coal_int_conv pul 1991-1995,2080,OM-var,1.91,coal (conv pul) (dry cooling)
intermediate generation,coal,coal_int_conv pul 1996-2000,2080,OM-var,1.91,coal (conv pul) (once through)
intermediate generation,coal,coal_int_conv pul 1996-2000,2080,OM-var,1.91,coal (conv pul) (seawater)
intermediate generation,coal,coal_int_conv pul 1996-2000,2080,OM-var,1.91,coal (conv pul) (recirculating)
intermediate generation,coal,coal_int_conv pul 1996-2000,2080,OM-var,1.91,coal (conv pul) (cooling pond)
intermediate generation,coal,coal_int_conv pul 1996-2000,2080,OM-var,1.91,coal (conv pul) (dry cooling)
intermediate generation,coal,coal_int_conv pul 2001-2005,2080,OM-var,1.91,coal (conv pul) (once through)
intermediate generation,coal,coal_int_conv pul 2001-2005,2080,OM-var,1.91,coal (conv pul) (seawater)
intermediate generation,coal,coal_int_conv pul 2001-2005,2080,OM-var,1.91,coal (conv pul) (recirculating)
intermediate generation,coal,coal_int_conv pul 2001-2005,2080,OM-var,1.91,coal (conv pul) (cooling pond)
intermediate generation,coal,coal_int_conv pul 2001-2005,2080,OM-var,1.91,coal (conv pul) (dry cooling)
intermediate generation,coal,coal_int_conv pul 2006-2010,2080,OM-var,1.91,coal (conv pul) (once through)
intermediate generation,coal,coal_int_conv pul 2006-2010,2080,OM-var,1.91,coal (conv pul) (seawater)
intermediate generation,coal,coal_int_conv pul 2006-2010,2080,OM-var,1.91,coal (conv pul) (recirculating)
intermediate generation,coal,coal_int_conv pul 2006-2010,2080,OM-var,1.91,coal (conv pul) (cooling pond)
intermediate generation,coal,coal_int_conv pul 2006-2010,2080,OM-var,1.91,coal (conv pul) (dry cooling)
intermediate generation,coal,coal_int_conv pul 2011-2015,2080,OM-var,1.91,coal (conv pul) (once through)
intermediate generation,coal,coal_int_conv pul 2011-2015,2080,OM-var,1.91,coal (conv pul) (seawater)
intermediate generation,coal,coal_int_conv pul 2011-2015,2080,OM-var,1.91,coal (conv pul) (recirculating)
intermediate generation,coal,coal_int_conv pul 2011-2015,2080,OM-var,1.91,coal (conv pul) (cooling pond)
intermediate generation,coal,coal_int_conv pul 2011-2015,2080,OM-var,1.91,coal (conv pul) (dry cooling)
intermediate generation,coal,coal_int_conv pul 2016-2021,2080,OM-var,1.91,coal (conv pul) (once through)
intermediate generation,coal,coal_int_conv pul 2016-2021,2080,OM-var,1.91,coal (conv pul) (seawater)
intermediate generation,coal,coal_int_conv pul 2016-2021,2080,OM-var,1.91,coal (conv pul) (recirculating)
intermediate generation,coal,coal_int_conv pul 2016-2021,2080,OM-var,1.91,coal (conv pul) (cooling pond)
intermediate generation,coal,coal_int_conv pul 2016-2021,2080,OM-var,1.91,coal (conv pul) (dry cooling)
intermediate generation,coal,coal_int_conv pul before 1950,2080,OM-var,1.91,coal (conv pul) (once through)
intermediate generation,coal,coal_int_conv pul before 1950,2080,OM-var,1.91,coal (conv pul) (seawater)
intermediate generation,coal,coal_int_conv pul before 1950,2080,OM-var,1.91,coal (conv pul) (recirculating)
intermediate generation,coal,coal_int_conv pul before 1950,2080,OM-var,1.91,coal (conv pul) (cooling pond)
intermediate generation,coal,coal_int_conv pul before 1950,2080,OM-var,1.91,coal (conv pul) (dry cooling)
intermediate generation,coal,coal_int_conv pul_retire_2023,2080,OM-var,1.91,coal (conv pul) (once through)
intermediate generation,coal,coal_int_conv pul_retire_2023,2080,OM-var,1.91,coal (conv pul) (seawater)
intermediate generation,coal,coal_int_conv pul_retire_2023,2080,OM-var,1.91,coal (conv pul) (recirculating)
intermediate generation,coal,coal_int_conv pul_retire_2023,2080,OM-var,1.91,coal (conv pul) (cooling pond)
intermediate generation,coal,coal_int_conv pul_retire_2023,2080,OM-var,1.91,coal (conv pul) (dry cooling)
intermediate generation,biomass,biomass_int_conv,2085,OM-var,1.19,biomass (conv) (once through)
intermediate generation,biomass,biomass_int_conv,2085,OM-var,1.19,biomass (conv) (seawater)
intermediate generation,biomass,biomass_int_conv,2085,OM-var,1.19,biomass (conv) (recirculating)
intermediate generation,biomass,biomass_int_conv,2085,OM-var,1.19,biomass (conv) (cooling pond)
intermediate generation,biomass,biomass_int_conv,2085,OM-var,1.19,biomass (conv) (dry cooling)
intermediate generation,biomass,biomass_int_conv_CCS,2085,OM-var,3.26,biomass (conv CCS) (once through)
intermediate generation,biomass,biomass_int_conv_CCS,2085,OM-var,3.26,biomass (conv CCS) (seawater)
intermediate generation,biomass,biomass_int_conv_CCS,2085,OM-var,3.26,biomass (conv CCS) (recirculating)
intermediate generation,biomass,biomass_int_conv_CCS,2085,OM-var,3.26,biomass (conv CCS) (dry cooling)
intermediate generation,biomass,biomass_int_IGCC,2085,OM-var,2.69,biomass (IGCC) (once through)
intermediate generation,biomass,biomass_int_IGCC,2085,OM-var,2.69,biomass (IGCC) (seawater)
intermediate generation,biomass,biomass_int_IGCC,2085,OM-var,2.69,biomass (IGCC) (recirculating)
intermediate generation,biomass,biomass_int_IGCC,2085,OM-var,2.69,biomass (IGCC) (dry cooling)
intermediate generation,biomass,biomass_int_IGCC_CCS,2085,OM-var,5.26,biomass (IGCC CCS) (once through)
intermediate generation,biomass,biomass_int_IGCC_CCS,2085,OM-var,5.26,biomass (IGCC CCS) (seawater)
intermediate generation,biomass,biomass_int_IGCC_CCS,2085,OM-var,5.26,biomass (IGCC CCS) (recirculating)
intermediate generation,biomass,biomass_int_IGCC_CCS,2085,OM-var,5.26,biomass (IGCC CCS) (dry cooling)
intermediate generation,coal,coal_int_conv pul,2085,OM-var,1.9,coal (conv pul) (once through)
intermediate generation,coal,coal_int_conv pul,2085,OM-var,1.9,coal (conv pul) (seawater)
intermediate generation,coal,coal_int_conv pul,2085,OM-var,1.9,coal (conv pul) (recirculating)
intermediate generation,coal,coal_int_conv pul,2085,OM-var,1.9,coal (conv pul) (cooling pond)
intermediate generation,coal,coal_int_conv pul,2085,OM-var,1.9,coal (conv pul) (dry cooling)
intermediate generation,coal,coal_int_conv pul_CCS,2085,OM-var,3.06,coal (conv pul CCS) (once through)
intermediate generation,coal,coal_int_conv pul_CCS,2085,OM-var,3.06,coal (conv pul CCS) (seawater)
intermediate generation,coal,coal_int_conv pul_CCS,2085,OM-var,3.06,coal (conv pul CCS) (recirculating)
intermediate generation,coal,coal_int_conv pul_CCS,2085,OM-var,3.06,coal (conv pul CCS) (dry cooling)
intermediate generation,coal,coal_int_IGCC,2085,OM-var,3.4,coal (IGCC) (once through)
intermediate generation,coal,coal_int_IGCC,2085,OM-var,3.4,coal (IGCC) (seawater)
intermediate generation,coal,coal_int_IGCC,2085,OM-var,3.4,coal (IGCC) (recirculating)
intermediate generation,coal,coal_int_IGCC,2085,OM-var,3.4,coal (IGCC) (dry cooling)
intermediate generation,coal,coal_int_IGCC_CCS,2085,OM-var,5.06,coal (IGCC CCS) (once through)
intermediate generation,coal,coal_int_IGCC_CCS,2085,OM-var,5.06,coal (IGCC CCS) (seawater)
intermediate generation,coal,coal_int_IGCC_CCS,2085,OM-var,5.06,coal (IGCC CCS) (recirculating)
intermediate generation,coal,coal_int_IGCC_CCS,2085,OM-var,5.06,coal (IGCC CCS) (dry cooling)
intermediate generation,gas,gas_int_CC,2085,OM-var,0.41,gas (CC) (once through)
intermediate generation,gas,gas_int_CC,2085,OM-var,0.41,gas (CC) (seawater)
intermediate generation,gas,gas_int_CC,2085,OM-var,0.41,gas (CC) (recirculating)
intermediate generation,gas,gas_int_CC,2085,OM-var,0.41,gas (CC) (cooling pond)
intermediate generation,gas,gas_int_CC,2085,OM-var,0.41,gas (CC) (dry cooling)
intermediate generation,gas,gas_int_CC_CCS,2085,OM-var,0.83,gas (CC CCS) (once through)
intermediate generation,gas,gas_int_CC_CCS,2085,OM-var,0.83,gas (CC CCS) (seawater)
intermediate generation,gas,gas_int_CC_CCS,2085,OM-var,0.83,gas (CC CCS) (recirculating)
intermediate generation,gas,gas_int_CC_CCS,2085,OM-var,0.83,gas (CC CCS) (dry cooling)
intermediate generation,refined liquids,refined liquids_int_steam/CT,2085,OM-var,1.58,refined liquids (steam/CT) (once through)
intermediate generation,refined liquids,refined liquids_int_steam/CT,2085,OM-var,1.58,refined liquids (steam/CT) (seawater)
intermediate generation,refined liquids,refined liquids_int_steam/CT,2085,OM-var,1.58,refined liquids (steam/CT) (recirculating)
intermediate generation,refined liquids,refined liquids_int_steam/CT,2085,OM-var,1.58,refined liquids (steam/CT) (cooling pond)
intermediate generation,refined liquids,refined liquids_int_steam/CT,2085,OM-var,1.58,refined liquids (steam/CT) (dry cooling)
intermediate generation,refined liquids,refined liquids_int_CC,2085,OM-var,0.41,refined liquids (CC) (once through)
intermediate generation,refined liquids,refined liquids_int_CC,2085,OM-var,0.41,refined liquids (CC) (seawater)
intermediate generation,refined liquids,refined liquids_int_CC,2085,OM-var,0.41,refined liquids (CC) (recirculating)
intermediate generation,refined liquids,refined liquids_int_CC,2085,OM-var,0.41,refined liquids (CC) (dry cooling)
intermediate generation,refined liquids,refined liquids_int_CC_CCS,2085,OM-var,0.83,refined liquids (CC CCS) (once through)
intermediate generation,refined liquids,refined liquids_int_CC_CCS,2085,OM-var,0.83,refined liquids (CC CCS) (seawater)
intermediate generation,refined liquids,refined liquids_int_CC_CCS,2085,OM-var,0.83,refined liquids (CC CCS) (recirculating)
intermediate generation,refined liquids,refined liquids_int_CC_CCS,2085,OM-var,0.83,refined liquids (CC CCS) (dry cooling)
intermediate generation,coal,coal_int_conv pul 1951-1955,2085,OM-var,1.9,coal (conv pul) (once through)
intermediate generation,coal,coal_int_conv pul 1951-1955,2085,OM-var,1.9,coal (conv pul) (seawater)
intermediate generation,coal,coal_int_conv pul 1951-1955,2085,OM-var,1.9,coal (conv pul) (recirculating)
intermediate generation,coal,coal_int_conv pul 1951-1955,2085,OM-var,1.9,coal (conv pul) (cooling pond)
intermediate generation,coal,coal_int_conv pul 1951-1955,2085,OM-var,1.9,coal (conv pul) (dry cooling)
intermediate generation,coal,coal_int_conv pul 1956-1960,2085,OM-var,1.9,coal (conv pul) (once through)
intermediate generation,coal,coal_int_conv pul 1956-1960,2085,OM-var,1.9,coal (conv pul) (seawater)
intermediate generation,coal,coal_int_conv pul 1956-1960,2085,OM-var,1.9,coal (conv pul) (recirculating)
intermediate generation,coal,coal_int_conv pul 1956-1960,2085,OM-var,1.9,coal (conv pul) (cooling pond)
intermediate generation,coal,coal_int_conv pul 1956-1960,2085,OM-var,1.9,coal (conv pul) (dry cooling)
intermediate generation,coal,coal_int_conv pul 1961-1965,2085,OM-var,1.9,coal (conv pul) (once through)
intermediate generation,coal,coal_int_conv pul 1961-1965,2085,OM-var,1.9,coal (conv pul) (seawater)
intermediate generation,coal,coal_int_conv pul 1961-1965,2085,OM-var,1.9,coal (conv pul) (recirculating)
intermediate generation,coal,coal_int_conv pul 1961-1965,2085,OM-var,1.9,coal (conv pul) (cooling pond)
intermediate generation,coal,coal_int_conv pul 1961-1965,2085,OM-var,1.9,coal (conv pul) (dry cooling)
intermediate generation,coal,coal_int_conv pul 1966-1970,2085,OM-var,1.9,coal (conv pul) (once through)
intermediate generation,coal,coal_int_conv pul 1966-1970,2085,OM-var,1.9,coal (conv pul) (seawater)
intermediate generation,coal,coal_int_conv pul 1966-1970,2085,OM-var,1.9,coal (conv pul) (recirculating)
intermediate generation,coal,coal_int_conv pul 1966-1970,2085,OM-var,1.9,coal (conv pul) (cooling pond)
intermediate generation,coal,coal_int_conv pul 1966-1970,2085,OM-var,1.9,coal (conv pul) (dry cooling)
intermediate generation,coal,coal_int_conv pul 1971-1975,2085,OM-var,1.9,coal (conv pul) (once through)
intermediate generation,coal,coal_int_conv pul 1971-1975,2085,OM-var,1.9,coal (conv pul) (seawater)
intermediate generation,coal,coal_int_conv pul 1971-1975,2085,OM-var,1.9,coal (conv pul) (recirculating)
intermediate generation,coal,coal_int_conv pul 1971-1975,2085,OM-var,1.9,coal (conv pul) (cooling pond)
intermediate generation,coal,coal_int_conv pul 1971-1975,2085,OM-var,1.9,coal (conv pul) (dry cooling)
intermediate generation,coal,coal_int_conv pul 1976-1980,2085,OM-var,1.9,coal (conv pul) (once through)
intermediate generation,coal,coal_int_conv pul 1976-1980,2085,OM-var,1.9,coal (conv pul) (seawater)
intermediate generation,coal,coal_int_conv pul 1976-1980,2085,OM-var,1.9,coal (conv pul) (recirculating)
intermediate generation,coal,coal_int_conv pul 1976-1980,2085,OM-var,1.9,coal (conv pul) (cooling pond)
intermediate generation,coal,coal_int_conv pul 1976-1980,2085,OM-var,1.9,coal (conv pul) (dry cooling)
intermediate generation,coal,coal_int_conv pul 1981-1985,2085,OM-var,1.9,coal (conv pul) (once through)
intermediate generation,coal,coal_int_conv pul 1981-1985,2085,OM-var,1.9,coal (conv pul) (seawater)
intermediate generation,coal,coal_int_conv pul 1981-1985,2085,OM-var,1.9,coal (conv pul) (recirculating)
intermediate generation,coal,coal_int_conv pul 1981-1985,2085,OM-var,1.9,coal (conv pul) (cooling pond)
intermediate generation,coal,coal_int_conv pul 1981-1985,2085,OM-var,1.9,coal (conv pul) (dry cooling)
intermediate generation,coal,coal_int_conv pul 1986-1990,2085,OM-var,1.9,coal (conv pul) (once through)
intermediate generation,coal,coal_int_conv pul 1986-1990,2085,OM-var,1.9,coal (conv pul) (seawater)
intermediate generation,coal,coal_int_conv pul 1986-1990,2085,OM-var,1.9,coal (conv pul) (recirculating)
intermediate generation,coal,coal_int_conv pul 1986-1990,2085,OM-var,1.9,coal (conv pul) (cooling pond)
intermediate generation,coal,coal_int_conv pul 1986-1990,2085,OM-var,1.9,coal (conv pul) (dry cooling)
intermediate generation,coal,coal_int_conv pul 1991-1995,2085,OM-var,1.9,coal (conv pul) (once through)
intermediate generation,coal,coal_int_conv pul 1991-1995,2085,OM-var,1.9,coal (conv pul) (seawater)
intermediate generation,coal,coal_int_conv pul 1991-1995,2085,OM-var,1.9,coal (conv pul) (recirculating)
intermediate generation,coal,coal_int_conv pul 1991-1995,2085,OM-var,1.9,coal (conv pul) (cooling pond)
intermediate generation,coal,coal_int_conv pul 1991-1995,2085,OM-var,1.9,coal (conv pul) (dry cooling)
intermediate generation,coal,coal_int_conv pul 1996-2000,2085,OM-var,1.9,coal (conv pul) (once through)
intermediate generation,coal,coal_int_conv pul 1996-2000,2085,OM-var,1.9,coal (conv pul) (seawater)
intermediate generation,coal,coal_int_conv pul 1996-2000,2085,OM-var,1.9,coal (conv pul) (recirculating)
intermediate generation,coal,coal_int_conv pul 1996-2000,2085,OM-var,1.9,coal (conv pul) (cooling pond)
intermediate generation,coal,coal_int_conv pul 1996-2000,2085,OM-var,1.9,coal (conv pul) (dry cooling)
intermediate generation,coal,coal_int_conv pul 2001-2005,2085,OM-var,1.9,coal (conv pul) (once through)
intermediate generation,coal,coal_int_conv pul 2001-2005,2085,OM-var,1.9,coal (conv pul) (seawater)
intermediate generation,coal,coal_int_conv pul 2001-2005,2085,OM-var,1.9,coal (conv pul) (recirculating)
intermediate generation,coal,coal_int_conv pul 2001-2005,2085,OM-var,1.9,coal (conv pul) (cooling pond)
intermediate generation,coal,coal_int_conv pul 2001-2005,2085,OM-var,1.9,coal (conv pul) (dry cooling)
intermediate generation,coal,coal_int_conv pul 2006-2010,2085,OM-var,1.9,coal (conv pul) (once through)
intermediate generation,coal,coal_int_conv pul 2006-2010,2085,OM-var,1.9,coal (conv pul) (seawater)
intermediate generation,coal,coal_int_conv pul 2006-2010,2085,OM-var,1.9,coal (conv pul) (recirculating)
intermediate generation,coal,coal_int_conv pul 2006-2010,2085,OM-var,1.9,coal (conv pul) (cooling pond)
intermediate generation,coal,coal_int_conv pul 2006-2010,2085,OM-var,1.9,coal (conv pul) (dry cooling)
intermediate generation,coal,coal_int_conv pul 2011-2015,2085,OM-var,1.9,coal (conv pul) (once through)
intermediate generation,coal,coal_int_conv pul 2011-2015,2085,OM-var,1.9,coal (conv pul) (seawater)
intermediate generation,coal,coal_int_conv pul 2011-2015,2085,OM-var,1.9,coal (conv pul) (recirculating)
intermediate generation,coal,coal_int_conv pul 2011-2015,2085,OM-var,1.9,coal (conv pul) (cooling pond)
intermediate generation,coal,coal_int_conv pul 2011-2015,2085,OM-var,1.9,coal (conv pul) (dry cooling)
intermediate generation,coal,coal_int_conv pul 2016-2021,2085,OM-var,1.9,coal (conv pul) (once through)
intermediate generation,coal,coal_int_conv pul 2016-2021,2085,OM-var,1.9,coal (conv pul) (seawater)
intermediate generation,coal,coal_int_conv pul 2016-2021,2085,OM-var,1.9,coal (conv pul) (recirculating)
intermediate generation,coal,coal_int_conv pul 2016-2021,2085,OM-var,1.9,coal (conv pul) (cooling pond)
intermediate generation,coal,coal_int_conv pul 2016-2021,2085,OM-var,1.9,coal (conv pul) (dry cooling)
intermediate generation,coal,coal_int_conv pul before 1950,2085,OM-var,1.9,coal (conv pul) (once through)
intermediate generation,coal,coal_int_conv pul before 1950,2085,OM-var,1.9,coal (conv pul) (seawater)
intermediate generation,coal,coal_int_conv pul before 1950,2085,OM-var,1.9,coal (conv pul) (recirculating)
intermediate generation,coal,coal_int_conv pul before 1950,2085,OM-var,1.9,coal (conv pul) (cooling pond)
intermediate generation,coal,coal_int_conv pul before 1950,2085,OM-var,1.9,coal (conv pul) (dry cooling)
intermediate generation,coal,coal_int_conv pul_retire_2023,2085,OM-var,1.9,coal (conv pul) (once through)
intermediate generation,coal,coal_int_conv pul_retire_2023,2085,OM-var,1.9,coal (conv pul) (seawater)
intermediate generation,coal,coal_int_conv pul_retire_2023,2085,OM-var,1.9,coal (conv pul) (recirculating)
intermediate generation,coal,coal_int_conv pul_retire_2023,2085,OM-var,1.9,coal (conv pul) (cooling pond)
intermediate generation,coal,coal_int_conv pul_retire_2023,2085,OM-var,1.9,coal (conv pul) (dry cooling)
intermediate generation,biomass,biomass_int_conv,2090,OM-var,1.19,biomass (conv) (once through)
intermediate generation,biomass,biomass_int_conv,2090,OM-var,1.19,biomass (conv) (seawater)
intermediate generation,biomass,biomass_int_conv,2090,OM-var,1.19,biomass (conv) (recirculating)
intermediate generation,biomass,biomass_int_conv,2090,OM-var,1.19,biomass (conv) (cooling pond)
intermediate generation,biomass,biomass_int_conv,2090,OM-var,1.19,biomass (conv) (dry cooling)
intermediate generation,biomass,biomass_int_conv_CCS,2090,OM-var,3.24,biomass (conv CCS) (once through)
intermediate generation,biomass,biomass_int_conv_CCS,2090,OM-var,3.24,biomass (conv CCS) (seawater)
intermediate generation,biomass,biomass_int_conv_CCS,2090,OM-var,3.24,biomass (conv CCS) (recirculating)
intermediate generation,biomass,biomass_int_conv_CCS,2090,OM-var,3.24,biomass (conv CCS) (dry cooling)
intermediate generation,biomass,biomass_int_IGCC,2090,OM-var,2.68,biomass (IGCC) (once through)
intermediate generation,biomass,biomass_int_IGCC,2090,OM-var,2.68,biomass (IGCC) (seawater)
intermediate generation,biomass,biomass_int_IGCC,2090,OM-var,2.68,biomass (IGCC) (recirculating)
intermediate generation,biomass,biomass_int_IGCC,2090,OM-var,2.68,biomass (IGCC) (dry cooling)
intermediate generation,biomass,biomass_int_IGCC_CCS,2090,OM-var,5.23,biomass (IGCC CCS) (once through)
intermediate generation,biomass,biomass_int_IGCC_CCS,2090,OM-var,5.23,biomass (IGCC CCS) (seawater)
intermediate generation,biomass,biomass_int_IGCC_CCS,2090,OM-var,5.23,biomass (IGCC CCS) (recirculating)
intermediate generation,biomass,biomass_int_IGCC_CCS,2090,OM-var,5.23,biomass (IGCC CCS) (dry cooling)
intermediate generation,coal,coal_int_conv pul,2090,OM-var,1.89,coal (conv pul) (once through)
intermediate generation,coal,coal_int_conv pul,2090,OM-var,1.89,coal (conv pul) (seawater)
intermediate generation,coal,coal_int_conv pul,2090,OM-var,1.89,coal (conv pul) (recirculating)
intermediate generation,coal,coal_int_conv pul,2090,OM-var,1.89,coal (conv pul) (cooling pond)
intermediate generation,coal,coal_int_conv pul,2090,OM-var,1.89,coal (conv pul) (dry cooling)
intermediate generation,coal,coal_int_conv pul_CCS,2090,OM-var,3.04,coal (conv pul CCS) (once through)
intermediate generation,coal,coal_int_conv pul_CCS,2090,OM-var,3.04,coal (conv pul CCS) (seawater)
intermediate generation,coal,coal_int_conv pul_CCS,2090,OM-var,3.04,coal (conv pul CCS) (recirculating)
intermediate generation,coal,coal_int_conv pul_CCS,2090,OM-var,3.04,coal (conv pul CCS) (dry cooling)
intermediate generation,coal,coal_int_IGCC,2090,OM-var,3.38,coal (IGCC) (once through)
intermediate generation,coal,coal_int_IGCC,2090,OM-var,3.38,coal (IGCC) (seawater)
intermediate generation,coal,coal_int_IGCC,2090,OM-var,3.38,coal (IGCC) (recirculating)
intermediate generation,coal,coal_int_IGCC,2090,OM-var,3.38,coal (IGCC) (dry cooling)
intermediate generation,coal,coal_int_IGCC_CCS,2090,OM-var,5.03,coal (IGCC CCS) (once through)
intermediate generation,coal,coal_int_IGCC_CCS,2090,OM-var,5.03,coal (IGCC CCS) (seawater)
intermediate generation,coal,coal_int_IGCC_CCS,2090,OM-var,5.03,coal (IGCC CCS) (recirculating)
intermediate generation,coal,coal_int_IGCC_CCS,2090,OM-var,5.03,coal (IGCC CCS) (dry cooling)
intermediate generation,gas,gas_int_CC,2090,OM-var,0.41,gas (CC) (once through)
intermediate generation,gas,gas_int_CC,2090,OM-var,0.41,gas (CC) (seawater)
intermediate generation,gas,gas_int_CC,2090,OM-var,0.41,gas (CC) (recirculating)
intermediate generation,gas,gas_int_CC,2090,OM-var,0.41,gas (CC) (cooling pond)
intermediate generation,gas,gas_int_CC,2090,OM-var,0.41,gas (CC) (dry cooling)
intermediate generation,gas,gas_int_CC_CCS,2090,OM-var,0.83,gas (CC CCS) (once through)
intermediate generation,gas,gas_int_CC_CCS,2090,OM-var,0.83,gas (CC CCS) (seawater)
intermediate generation,gas,gas_int_CC_CCS,2090,OM-var,0.83,gas (CC CCS) (recirculating)
intermediate generation,gas,gas_int_CC_CCS,2090,OM-var,0.83,gas (CC CCS) (dry cooling)
intermediate generation,refined liquids,refined liquids_int_steam/CT,2090,OM-var,1.57,refined liquids (steam/CT) (once through)
intermediate generation,refined liquids,refined liquids_int_steam/CT,2090,OM-var,1.57,refined liquids (steam/CT) (seawater)
intermediate generation,refined liquids,refined liquids_int_steam/CT,2090,OM-var,1.57,refined liquids (steam/CT) (recirculating)
intermediate generation,refined liquids,refined liquids_int_steam/CT,2090,OM-var,1.57,refined liquids (steam/CT) (cooling pond)
intermediate generation,refined liquids,refined liquids_int_steam/CT,2090,OM-var,1.57,refined liquids (steam/CT) (dry cooling)
intermediate generation,refined liquids,refined liquids_int_CC,2090,OM-var,0.41,refined liquids (CC) (once through)
intermediate generation,refined liquids,refined liquids_int_CC,2090,OM-var,0.41,refined liquids (CC) (seawater)
intermediate generation,refined liquids,refined liquids_int_CC,2090,OM-var,0.41,refined liquids (CC) (recirculating)
intermediate generation,refined liquids,refined liquids_int_CC,2090,OM-var,0.41,refined liquids (CC) (dry cooling)
intermediate generation,refined liquids,refined liquids_int_CC_CCS,2090,OM-var,0.83,refined liquids (CC CCS) (once through)
intermediate generation,refined liquids,refined liquids_int_CC_CCS,2090,OM-var,0.83,refined liquids (CC CCS) (seawater)
intermediate generation,refined liquids,refined liquids_int_CC_CCS,2090,OM-var,0.83,refined liquids (CC CCS) (recirculating)
intermediate generation,refined liquids,refined liquids_int_CC_CCS,2090,OM-var,0.83,refined liquids (CC CCS) (dry cooling)
intermediate generation,coal,coal_int_conv pul 1951-1955,2090,OM-var,1.89,coal (conv pul) (once through)
intermediate generation,coal,coal_int_conv pul 1951-1955,2090,OM-var,1.89,coal (conv pul) (seawater)
intermediate generation,coal,coal_int_conv pul 1951-1955,2090,OM-var,1.89,coal (conv pul) (recirculating)
intermediate generation,coal,coal_int_conv pul 1951-1955,2090,OM-var,1.89,coal (conv pul) (cooling pond)
intermediate generation,coal,coal_int_conv pul 1951-1955,2090,OM-var,1.89,coal (conv pul) (dry cooling)
intermediate generation,coal,coal_int_conv pul 1956-1960,2090,OM-var,1.89,coal (conv pul) (once through)
intermediate generation,coal,coal_int_conv pul 1956-1960,2090,OM-var,1.89,coal (conv pul) (seawater)
intermediate generation,coal,coal_int_conv pul 1956-1960,2090,OM-var,1.89,coal (conv pul) (recirculating)
intermediate generation,coal,coal_int_conv pul 1956-1960,2090,OM-var,1.89,coal (conv pul) (cooling pond)
intermediate generation,coal,coal_int_conv pul 1956-1960,2090,OM-var,1.89,coal (conv pul) (dry cooling)
intermediate generation,coal,coal_int_conv pul 1961-1965,2090,OM-var,1.89,coal (conv pul) (once through)
intermediate generation,coal,coal_int_conv pul 1961-1965,2090,OM-var,1.89,coal (conv pul) (seawater)
intermediate generation,coal,coal_int_conv pul 1961-1965,2090,OM-var,1.89,coal (conv pul) (recirculating)
intermediate generation,coal,coal_int_conv pul 1961-1965,2090,OM-var,1.89,coal (conv pul) (cooling pond)
intermediate generation,coal,coal_int_conv pul 1961-1965,2090,OM-var,1.89,coal (conv pul) (dry cooling)
intermediate generation,coal,coal_int_conv pul 1966-1970,2090,OM-var,1.89,coal (conv pul) (once through)
intermediate generation,coal,coal_int_conv pul 1966-1970,2090,OM-var,1.89,coal (conv pul) (seawater)
intermediate generation,coal,coal_int_conv pul 1966-1970,2090,OM-var,1.89,coal (conv pul) (recirculating)
intermediate generation,coal,coal_int_conv pul 1966-1970,2090,OM-var,1.89,coal (conv pul) (cooling pond)
intermediate generation,coal,coal_int_conv pul 1966-1970,2090,OM-var,1.89,coal (conv pul) (dry cooling)
intermediate generation,coal,coal_int_conv pul 1971-1975,2090,OM-var,1.89,coal (conv pul) (once through)
intermediate generation,coal,coal_int_conv pul 1971-1975,2090,OM-var,1.89,coal (conv pul) (seawater)
intermediate generation,coal,coal_int_conv pul 1971-1975,2090,OM-var,1.89,coal (conv pul) (recirculating)
intermediate generation,coal,coal_int_conv pul 1971-1975,2090,OM-var,1.89,coal (conv pul) (cooling pond)
intermediate generation,coal,coal_int_conv pul 1971-1975,2090,OM-var,1.89,coal (conv pul) (dry cooling)
intermediate generation,coal,coal_int_conv pul 1976-1980,2090,OM-var,1.89,coal (conv pul) (once through)
intermediate generation,coal,coal_int_conv pul 1976-1980,2090,OM-var,1.89,coal (conv pul) (seawater)
intermediate generation,coal,coal_int_conv pul 1976-1980,2090,OM-var,1.89,coal (conv pul) (recirculating)
intermediate generation,coal,coal_int_conv pul 1976-1980,2090,OM-var,1.89,coal (conv pul) (cooling pond)
intermediate generation,coal,coal_int_conv pul 1976-1980,2090,OM-var,1.89,coal (conv pul) (dry cooling)
intermediate generation,coal,coal_int_conv pul 1981-1985,2090,OM-var,1.89,coal (conv pul) (once through)
intermediate generation,coal,coal_int_conv pul 1981-1985,2090,OM-var,1.89,coal (conv pul) (seawater)
intermediate generation,coal,coal_int_conv pul 1981-1985,2090,OM-var,1.89,coal (conv pul) (recirculating)
intermediate generation,coal,coal_int_conv pul 1981-1985,2090,OM-var,1.89,coal (conv pul) (cooling pond)
intermediate generation,coal,coal_int_conv pul 1981-1985,2090,OM-var,1.89,coal (conv pul) (dry cooling)
intermediate generation,coal,coal_int_conv pul 1986-1990,2090,OM-var,1.89,coal (conv pul) (once through)
intermediate generation,coal,coal_int_conv pul 1986-1990,2090,OM-var,1.89,coal (conv pul) (seawater)
intermediate generation,coal,coal_int_conv pul 1986-1990,2090,OM-var,1.89,coal (conv pul) (recirculating)
intermediate generation,coal,coal_int_conv pul 1986-1990,2090,OM-var,1.89,coal (conv pul) (cooling pond)
intermediate generation,coal,coal_int_conv pul 1986-1990,2090,OM-var,1.89,coal (conv pul) (dry cooling)
intermediate generation,coal,coal_int_conv pul 1991-1995,2090,OM-var,1.89,coal (conv pul) (once through)
intermediate generation,coal,coal_int_conv pul 1991-1995,2090,OM-var,1.89,coal (conv pul) (seawater)
intermediate generation,coal,coal_int_conv pul 1991-1995,2090,OM-var,1.89,coal (conv pul) (recirculating)
intermediate generation,coal,coal_int_conv pul 1991-1995,2090,OM-var,1.89,coal (conv pul) (cooling pond)
intermediate generation,coal,coal_int_conv pul 1991-1995,2090,OM-var,1.89,coal (conv pul) (dry cooling)
intermediate generation,coal,coal_int_conv pul 1996-2000,2090,OM-var,1.89,coal (conv pul) (once through)
intermediate generation,coal,coal_int_conv pul 1996-2000,2090,OM-var,1.89,coal (conv pul) (seawater)
intermediate generation,coal,coal_int_conv pul 1996-2000,2090,OM-var,1.89,coal (conv pul) (recirculating)
intermediate generation,coal,coal_int_conv pul 1996-2000,2090,OM-var,1.89,coal (conv pul) (cooling pond)
intermediate generation,coal,coal_int_conv pul 1996-2000,2090,OM-var,1.89,coal (conv pul) (dry cooling)
intermediate generation,coal,coal_int_conv pul 2001-2005,2090,OM-var,1.89,coal (conv pul) (once through)
intermediate generation,coal,coal_int_conv pul 2001-2005,2090,OM-var,1.89,coal (conv pul) (seawater)
intermediate generation,coal,coal_int_conv pul 2001-2005,2090,OM-var,1.89,coal (conv pul) (recirculating)
intermediate generation,coal,coal_int_conv pul 2001-2005,2090,OM-var,1.89,coal (conv pul) (cooling pond)
intermediate generation,coal,coal_int_conv pul 2001-2005,2090,OM-var,1.89,coal (conv pul) (dry cooling)
intermediate generation,coal,coal_int_conv pul 2006-2010,2090,OM-var,1.89,coal (conv pul) (once through)
intermediate generation,coal,coal_int_conv pul 2006-2010,2090,OM-var,1.89,coal (conv pul) (seawater)
intermediate generation,coal,coal_int_conv pul 2006-2010,2090,OM-var,1.89,coal (conv pul) (recirculating)
intermediate generation,coal,coal_int_conv pul 2006-2010,2090,OM-var,1.89,coal (conv pul) (cooling pond)
intermediate generation,coal,coal_int_conv pul 2006-2010,2090,OM-var,1.89,coal (conv pul) (dry cooling)
intermediate generation,coal,coal_int_conv pul 2011-2015,2090,OM-var,1.89,coal (conv pul) (once through)
intermediate generation,coal,coal_int_conv pul 2011-2015,2090,OM-var,1.89,coal (conv pul) (seawater)
intermediate generation,coal,coal_int_conv pul 2011-2015,2090,OM-var,1.89,coal (conv pul) (recirculating)
intermediate generation,coal,coal_int_conv pul 2011-2015,2090,OM-var,1.89,coal (conv pul) (cooling pond)
intermediate generation,coal,coal_int_conv pul 2011-2015,2090,OM-var,1.89,coal (conv pul) (dry cooling)
intermediate generation,coal,coal_int_conv pul 2016-2021,2090,OM-var,1.89,coal (conv pul) (once through)
intermediate generation,coal,coal_int_conv pul 2016-2021,2090,OM-var,1.89,coal (conv pul) (seawater)
intermediate generation,coal,coal_int_conv pul 2016-2021,2090,OM-var,1.89,coal (conv pul) (recirculating)
intermediate generation,coal,coal_int_conv pul 2016-2021,2090,OM-var,1.89,coal (conv pul) (cooling pond)
intermediate generation,coal,coal_int_conv pul 2016-2021,2090,OM-var,1.89,coal (conv pul) (dry cooling)
intermediate generation,coal,coal_int_conv pul before 1950,2090,OM-var,1.89,coal (conv pul) (once through)
intermediate generation,coal,coal_int_conv pul before 1950,2090,OM-var,1.89,coal (conv pul) (seawater)
intermediate generation,coal,coal_int_conv pul before 1950,2090,OM-var,1.89,coal (conv pul) (recirculating)
intermediate generation,coal,coal_int_conv pul before 1950,2090,OM-var,1.89,coal (conv pul) (cooling pond)
intermediate generation,coal,coal_int_conv pul before 1950,2090,OM-var,1.89,coal (conv pul) (dry cooling)
intermediate generation,coal,coal_int_conv pul_retire_2023,2090,OM-var,1.89,coal (conv pul) (once through)
intermediate generation,coal,coal_int_conv pul_retire_2023,2090,OM-var,1.89,coal (conv pul) (seawater)
intermediate generation,coal,coal_int_conv pul_retire_2023,2090,OM-var,1.89,coal (conv pul) (recirculating)
intermediate generation,coal,coal_int_conv pul_retire_2023,2090,OM-var,1.89,coal (conv pul) (cooling pond)
intermediate generation,coal,coal_int_conv pul_retire_2023,2090,OM-var,1.89,coal (conv pul) (dry cooling)
intermediate generation,biomass,biomass_int_conv,2095,OM-var,1.18,biomass (conv) (once through)
intermediate generation,biomass,biomass_int_conv,2095,OM-var,1.18,biomass (conv) (seawater)
intermediate generation,biomass,biomass_int_conv,2095,OM-var,1.18,biomass (conv) (recirculating)
intermediate generation,biomass,biomass_int_conv,2095,OM-var,1.18,biomass (conv) (cooling pond)
intermediate generation,biomass,biomass_int_conv,2095,OM-var,1.18,biomass (conv) (dry cooling)
intermediate generation,biomass,biomass_int_conv_CCS,2095,OM-var,3.22,biomass (conv CCS) (once through)
intermediate generation,biomass,biomass_int_conv_CCS,2095,OM-var,3.22,biomass (conv CCS) (seawater)
intermediate generation,biomass,biomass_int_conv_CCS,2095,OM-var,3.22,biomass (conv CCS) (recirculating)
intermediate generation,biomass,biomass_int_conv_CCS,2095,OM-var,3.22,biomass (conv CCS) (dry cooling)
intermediate generation,biomass,biomass_int_IGCC,2095,OM-var,2.67,biomass (IGCC) (once through)
intermediate generation,biomass,biomass_int_IGCC,2095,OM-var,2.67,biomass (IGCC) (seawater)
intermediate generation,biomass,biomass_int_IGCC,2095,OM-var,2.67,biomass (IGCC) (recirculating)
intermediate generation,biomass,biomass_int_IGCC,2095,OM-var,2.67,biomass (IGCC) (dry cooling)
intermediate generation,biomass,biomass_int_IGCC_CCS,2095,OM-var,5.2,biomass (IGCC CCS) (once through)
intermediate generation,biomass,biomass_int_IGCC_CCS,2095,OM-var,5.2,biomass (IGCC CCS) (seawater)
intermediate generation,biomass,biomass_int_IGCC_CCS,2095,OM-var,5.2,biomass (IGCC CCS) (recirculating)
intermediate generation,biomass,biomass_int_IGCC_CCS,2095,OM-var,5.2,biomass (IGCC CCS) (dry cooling)
intermediate generation,coal,coal_int_conv pul,2095,OM-var,1.88,coal (conv pul) (once through)
intermediate generation,coal,coal_int_conv pul,2095,OM-var,1.88,coal (conv pul) (seawater)
intermediate generation,coal,coal_int_conv pul,2095,OM-var,1.88,coal (conv pul) (recirculating)
intermediate generation,coal,coal_int_conv pul,2095,OM-var,1.88,coal (conv pul) (cooling pond)
intermediate generation,coal,coal_int_conv pul,2095,OM-var,1.88,coal (conv pul) (dry cooling)
intermediate generation,coal,coal_int_conv pul_CCS,2095,OM-var,3.03,coal (conv pul CCS) (once through)
intermediate generation,coal,coal_int_conv pul_CCS,2095,OM-var,3.03,coal (conv pul CCS) (seawater)
intermediate generation,coal,coal_int_conv pul_CCS,2095,OM-var,3.03,coal (conv pul CCS) (recirculating)
intermediate generation,coal,coal_int_conv pul_CCS,2095,OM-var,3.03,coal (conv pul CCS) (dry cooling)
intermediate generation,coal,coal_int_IGCC,2095,OM-var,3.36,coal (IGCC) (once through)
intermediate generation,coal,coal_int_IGCC,2095,OM-var,3.36,coal (IGCC) (seawater)
intermediate generation,coal,coal_int_IGCC,2095,OM-var,3.36,coal (IGCC) (recirculating)
intermediate generation,coal,coal_int_IGCC,2095,OM-var,3.36,coal (IGCC) (dry cooling)
intermediate generation,coal,coal_int_IGCC_CCS,2095,OM-var,5.01,coal (IGCC CCS) (once through)
intermediate generation,coal,coal_int_IGCC_CCS,2095,OM-var,5.01,coal (IGCC CCS) (seawater)
intermediate generation,coal,coal_int_IGCC_CCS,2095,OM-var,5.01,coal (IGCC CCS) (recirculating)
intermediate generation,coal,coal_int_IGCC_CCS,2095,OM-var,5.01,coal (IGCC CCS) (dry cooling)
intermediate generation,gas,gas_int_CC,2095,OM-var,0.4,gas (CC) (once through)
intermediate generation,gas,gas_int_CC,2095,OM-var,0.4,gas (CC) (seawater)
intermediate generation,gas,gas_int_CC,2095,OM-var,0.4,gas (CC) (recirculating)
intermediate generation,gas,gas_int_CC,2095,OM-var,0.4,gas (CC) (cooling pond)
intermediate generation,gas,gas_int_CC,2095,OM-var,0.4,gas (CC) (dry cooling)
intermediate generation,gas,gas_int_CC_CCS,2095,OM-var,0.82,gas (CC CCS) (once through)
intermediate generation,gas,gas_int_CC_CCS,2095,OM-var,0.82,gas (CC CCS) (seawater)
intermediate generation,gas,gas_int_CC_CCS,2095,OM-var,0.82,gas (CC CCS) (recirculating)
intermediate generation,gas,gas_int_CC_CCS,2095,OM-var,0.82,gas (CC CCS) (dry cooling)
intermediate generation,refined liquids,refined liquids_int_steam/CT,2095,OM-var,1.56,refined liquids (steam/CT) (once through)
intermediate generation,refined liquids,refined liquids_int_steam/CT,2095,OM-var,1.56,refined liquids (steam/CT) (seawater)
intermediate generation,refined liquids,refined liquids_int_steam/CT,2095,OM-var,1.56,refined liquids (steam/CT) (recirculating)
intermediate generation,refined liquids,refined liquids_int_steam/CT,2095,OM-var,1.56,refined liquids (steam/CT) (cooling pond)
intermediate generation,refined liquids,refined liquids_int_steam/CT,2095,OM-var,1.56,refined liquids (steam/CT) (dry cooling)
intermediate generation,refined liquids,refined liquids_int_CC,2095,OM-var,0.4,refined liquids (CC) (once through)
intermediate generation,refined liquids,refined liquids_int_CC,2095,OM-var,0.4,refined liquids (CC) (seawater)
intermediate generation,refined liquids,refined liquids_int_CC,2095,OM-var,0.4,refined liquids (CC) (recirculating)
intermediate generation,refined liquids,refined liquids_int_CC,2095,OM-var,0.4,refined liquids (CC) (dry cooling)
intermediate generation,refined liquids,refined liquids_int_CC_CCS,2095,OM-var,0.82,refined liquids (CC CCS) (once through)
intermediate generation,refined liquids,refined liquids_int_CC_CCS,2095,OM-var,0.82,refined liquids (CC CCS) (seawater)
intermediate generation,refined liquids,refined liquids_int_CC_CCS,2095,OM-var,0.82,refined liquids (CC CCS) (recirculating)
intermediate generation,refined liquids,refined liquids_int_CC_CCS,2095,OM-var,0.82,refined liquids (CC CCS) (dry cooling)
intermediate generation,coal,coal_int_conv pul 1951-1955,2095,OM-var,1.88,coal (conv pul) (once through)
intermediate generation,coal,coal_int_conv pul 1951-1955,2095,OM-var,1.88,coal (conv pul) (seawater)
intermediate generation,coal,coal_int_conv pul 1951-1955,2095,OM-var,1.88,coal (conv pul) (recirculating)
intermediate generation,coal,coal_int_conv pul 1951-1955,2095,OM-var,1.88,coal (conv pul) (cooling pond)
intermediate generation,coal,coal_int_conv pul 1951-1955,2095,OM-var,1.88,coal (conv pul) (dry cooling)
intermediate generation,coal,coal_int_conv pul 1956-1960,2095,OM-var,1.88,coal (conv pul) (once through)
intermediate generation,coal,coal_int_conv pul 1956-1960,2095,OM-var,1.88,coal (conv pul) (seawater)
intermediate generation,coal,coal_int_conv pul 1956-1960,2095,OM-var,1.88,coal (conv pul) (recirculating)
intermediate generation,coal,coal_int_conv pul 1956-1960,2095,OM-var,1.88,coal (conv pul) (cooling pond)
intermediate generation,coal,coal_int_conv pul 1956-1960,2095,OM-var,1.88,coal (conv pul) (dry cooling)
intermediate generation,coal,coal_int_conv pul 1961-1965,2095,OM-var,1.88,coal (conv pul) (once through)
intermediate generation,coal,coal_int_conv pul 1961-1965,2095,OM-var,1.88,coal (conv pul) (seawater)
intermediate generation,coal,coal_int_conv pul 1961-1965,2095,OM-var,1.88,coal (conv pul) (recirculating)
intermediate generation,coal,coal_int_conv pul 1961-1965,2095,OM-var,1.88,coal (conv pul) (cooling pond)
intermediate generation,coal,coal_int_conv pul 1961-1965,2095,OM-var,1.88,coal (conv pul) (dry cooling)
intermediate generation,coal,coal_int_conv pul 1966-1970,2095,OM-var,1.88,coal (conv pul) (once through)
intermediate generation,coal,coal_int_conv pul 1966-1970,2095,OM-var,1.88,coal (conv pul) (seawater)
intermediate generation,coal,coal_int_conv pul 1966-1970,2095,OM-var,1.88,coal (conv pul) (recirculating)
intermediate generation,coal,coal_int_conv pul 1966-1970,2095,OM-var,1.88,coal (conv pul) (cooling pond)
intermediate generation,coal,coal_int_conv pul 1966-1970,2095,OM-var,1.88,coal (conv pul) (dry cooling)
intermediate generation,coal,coal_int_conv pul 1971-1975,2095,OM-var,1.88,coal (conv pul) (once through)
intermediate generation,coal,coal_int_conv pul 1971-1975,2095,OM-var,1.88,coal (conv pul) (seawater)
intermediate generation,coal,coal_int_conv pul 1971-1975,2095,OM-var,1.88,coal (conv pul) (recirculating)
intermediate generation,coal,coal_int_conv pul 1971-1975,2095,OM-var,1.88,coal (conv pul) (cooling pond)
intermediate generation,coal,coal_int_conv pul 1971-1975,2095,OM-var,1.88,coal (conv pul) (dry cooling)
intermediate generation,coal,coal_int_conv pul 1976-1980,2095,OM-var,1.88,coal (conv pul) (once through)
intermediate generation,coal,coal_int_conv pul 1976-1980,2095,OM-var,1.88,coal (conv pul) (seawater)
intermediate generation,coal,coal_int_conv pul 1976-1980,2095,OM-var,1.88,coal (conv pul) (recirculating)
intermediate generation,coal,coal_int_conv pul 1976-1980,2095,OM-var,1.88,coal (conv pul) (cooling pond)
intermediate generation,coal,coal_int_conv pul 1976-1980,2095,OM-var,1.88,coal (conv pul) (dry cooling)
intermediate generation,coal,coal_int_conv pul 1981-1985,2095,OM-var,1.88,coal (conv pul) (once through)
intermediate generation,coal,coal_int_conv pul 1981-1985,2095,OM-var,1.88,coal (conv pul) (seawater)
intermediate generation,coal,coal_int_conv pul 1981-1985,2095,OM-var,1.88,coal (conv pul) (recirculating)
intermediate generation,coal,coal_int_conv pul 1981-1985,2095,OM-var,1.88,coal (conv pul) (cooling pond)
intermediate generation,coal,coal_int_conv pul 1981-1985,2095,OM-var,1.88,coal (conv pul) (dry cooling)
intermediate generation,coal,coal_int_conv pul 1986-1990,2095,OM-var,1.88,coal (conv pul) (once through)
intermediate generation,coal,coal_int_conv pul 1986-1990,2095,OM-var,1.88,coal (conv pul) (seawater)
intermediate generation,coal,coal_int_conv pul 1986-1990,2095,OM-var,1.88,coal (conv pul) (recirculating)
intermediate generation,coal,coal_int_conv pul 1986-1990,2095,OM-var,1.88,coal (conv pul) (cooling pond)
intermediate generation,coal,coal_int_conv pul 1986-1990,2095,OM-var,1.88,coal (conv pul) (dry cooling)
intermediate generation,coal,coal_int_conv pul 1991-1995,2095,OM-var,1.88,coal (conv pul) (once through)
intermediate generation,coal,coal_int_conv pul 1991-1995,2095,OM-var,1.88,coal (conv pul) (seawater)
intermediate generation,coal,coal_int_conv pul 1991-1995,2095,OM-var,1.88,coal (conv pul) (recirculating)
intermediate generation,coal,coal_int_conv pul 1991-1995,2095,OM-var,1.88,coal (conv pul) (cooling pond)
intermediate generation,coal,coal_int_conv pul 1991-1995,2095,OM-var,1.88,coal (conv pul) (dry cooling)
intermediate generation,coal,coal_int_conv pul 1996-2000,2095,OM-var,1.88,coal (conv pul) (once through)
intermediate generation,coal,coal_int_conv pul 1996-2000,2095,OM-var,1.88,coal (conv pul) (seawater)
intermediate generation,coal,coal_int_conv pul 1996-2000,2095,OM-var,1.88,coal (conv pul) (recirculating)
intermediate generation,coal,coal_int_conv pul 1996-2000,2095,OM-var,1.88,coal (conv pul) (cooling pond)
intermediate generation,coal,coal_int_conv pul 1996-2000,2095,OM-var,1.88,coal (conv pul) (dry cooling)
intermediate generation,coal,coal_int_conv pul 2001-2005,2095,OM-var,1.88,coal (conv pul) (once through)
intermediate generation,coal,coal_int_conv pul 2001-2005,2095,OM-var,1.88,coal (conv pul) (seawater)
intermediate generation,coal,coal_int_conv pul 2001-2005,2095,OM-var,1.88,coal (conv pul) (recirculating)
intermediate generation,coal,coal_int_conv pul 2001-2005,2095,OM-var,1.88,coal (conv pul) (cooling pond)
intermediate generation,coal,coal_int_conv pul 2001-2005,2095,OM-var,1.88,coal (conv pul) (dry cooling)
intermediate generation,coal,coal_int_conv pul 2006-2010,2095,OM-var,1.88,coal (conv pul) (once through)
intermediate generation,coal,coal_int_conv pul 2006-2010,2095,OM-var,1.88,coal (conv pul) (seawater)
intermediate generation,coal,coal_int_conv pul 2006-2010,2095,OM-var,1.88,coal (conv pul) (recirculating)
intermediate generation,coal,coal_int_conv pul 2006-2010,2095,OM-var,1.88,coal (conv pul) (cooling pond)
intermediate generation,coal,coal_int_conv pul 2006-2010,2095,OM-var,1.88,coal (conv pul) (dry cooling)
intermediate generation,coal,coal_int_conv pul 2011-2015,2095,OM-var,1.88,coal (conv pul) (once through)
intermediate generation,coal,coal_int_conv pul 2011-2015,2095,OM-var,1.88,coal (conv pul) (seawater)
intermediate generation,coal,coal_int_conv pul 2011-2015,2095,OM-var,1.88,coal (conv pul) (recirculating)
intermediate generation,coal,coal_int_conv pul 2011-2015,2095,OM-var,1.88,coal (conv pul) (cooling pond)
intermediate generation,coal,coal_int_conv pul 2011-2015,2095,OM-var,1.88,coal (conv pul) (dry cooling)
intermediate generation,coal,coal_int_conv pul 2016-2021,2095,OM-var,1.88,coal (conv pul) (once through)
intermediate generation,coal,coal_int_conv pul 2016-2021,2095,OM-var,1.88,coal (conv pul) (seawater)
intermediate generation,coal,coal_int_conv pul 2016-2021,2095,OM-var,1.88,coal (conv pul) (recirculating)
intermediate generation,coal,coal_int_conv pul 2016-2021,2095,OM-var,1.88,coal (conv pul) (cooling pond)
intermediate generation,coal,coal_int_conv pul 2016-2021,2095,OM-var,1.88,coal (conv pul) (dry cooling)
intermediate generation,coal,coal_int_conv pul before 1950,2095,OM-var,1.88,coal (conv pul) (once through)
intermediate generation,coal,coal_int_conv pul before 1950,2095,OM-var,1.88,coal (conv pul) (seawater)
intermediate generation,coal,coal_int_conv pul before 1950,2095,OM-var,1.88,coal (conv pul) (recirculating)
intermediate generation,coal,coal_int_conv pul before 1950,2095,OM-var,1.88,coal (conv pul) (cooling pond)
intermediate generation,coal,coal_int_conv pul before 1950,2095,OM-var,1.88,coal (conv pul) (dry cooling)
intermediate generation,coal,coal_int_conv pul_retire_2023,2095,OM-var,1.88,coal (conv pul) (once through)
intermediate generation,coal,coal_int_conv pul_retire_2023,2095,OM-var,1.88,coal (conv pul) (seawater)
intermediate generation,coal,coal_int_conv pul_retire_2023,2095,OM-var,1.88,coal (conv pul) (recirculating)
intermediate generation,coal,coal_int_conv pul_retire_2023,2095,OM-var,1.88,coal (conv pul) (cooling pond)
intermediate generation,coal,coal_int_conv pul_retire_2023,2095,OM-var,1.88,coal (conv pul) (dry cooling)
intermediate generation,biomass,biomass_int_conv,2100,OM-var,1.18,biomass (conv) (once through)
intermediate generation,biomass,biomass_int_conv,2100,OM-var,1.18,biomass (conv) (seawater)
intermediate generation,biomass,biomass_int_conv,2100,OM-var,1.18,biomass (conv) (recirculating)
intermediate generation,biomass,biomass_int_conv,2100,OM-var,1.18,biomass (conv) (cooling pond)
intermediate generation,biomass,biomass_int_conv,2100,OM-var,1.18,biomass (conv) (dry cooling)
intermediate generation,biomass,biomass_int_conv_CCS,2100,OM-var,3.21,biomass (conv CCS) (once through)
intermediate generation,biomass,biomass_int_conv_CCS,2100,OM-var,3.21,biomass (conv CCS) (seawater)
intermediate generation,biomass,biomass_int_conv_CCS,2100,OM-var,3.21,biomass (conv CCS) (recirculating)
intermediate generation,biomass,biomass_int_conv_CCS,2100,OM-var,3.21,biomass (conv CCS) (dry cooling)
intermediate generation,biomass,biomass_int_IGCC,2100,OM-var,2.65,biomass (IGCC) (once through)
intermediate generation,biomass,biomass_int_IGCC,2100,OM-var,2.65,biomass (IGCC) (seawater)
intermediate generation,biomass,biomass_int_IGCC,2100,OM-var,2.65,biomass (IGCC) (recirculating)
intermediate generation,biomass,biomass_int_IGCC,2100,OM-var,2.65,biomass (IGCC) (dry cooling)
intermediate generation,biomass,biomass_int_IGCC_CCS,2100,OM-var,5.18,biomass (IGCC CCS) (once through)
intermediate generation,biomass,biomass_int_IGCC_CCS,2100,OM-var,5.18,biomass (IGCC CCS) (seawater)
intermediate generation,biomass,biomass_int_IGCC_CCS,2100,OM-var,5.18,biomass (IGCC CCS) (recirculating)
intermediate generation,biomass,biomass_int_IGCC_CCS,2100,OM-var,5.18,biomass (IGCC CCS) (dry cooling)
intermediate generation,coal,coal_int_conv pul,2100,OM-var,1.87,coal (conv pul) (once through)
intermediate generation,coal,coal_int_conv pul,2100,OM-var,1.87,coal (conv pul) (seawater)
intermediate generation,coal,coal_int_conv pul,2100,OM-var,1.87,coal (conv pul) (recirculating)
intermediate generation,coal,coal_int_conv pul,2100,OM-var,1.87,coal (conv pul) (cooling pond)
intermediate generation,coal,coal_int_conv pul,2100,OM-var,1.87,coal (conv pul) (dry cooling)
intermediate generation,coal,coal_int_conv pul_CCS,2100,OM-var,3.01,coal (conv pul CCS) (once through)
intermediate generation,coal,coal_int_conv pul_CCS,2100,OM-var,3.01,coal (conv pul CCS) (seawater)
intermediate generation,coal,coal_int_conv pul_CCS,2100,OM-var,3.01,coal (conv pul CCS) (recirculating)
intermediate generation,coal,coal_int_conv pul_CCS,2100,OM-var,3.01,coal (conv pul CCS) (dry cooling)
intermediate generation,coal,coal_int_IGCC,2100,OM-var,3.35,coal (IGCC) (once through)
intermediate generation,coal,coal_int_IGCC,2100,OM-var,3.35,coal (IGCC) (seawater)
intermediate generation,coal,coal_int_IGCC,2100,OM-var,3.35,coal (IGCC) (recirculating)
intermediate generation,coal,coal_int_IGCC,2100,OM-var,3.35,coal (IGCC) (dry cooling)
intermediate generation,coal,coal_int_IGCC_CCS,2100,OM-var,4.98,coal (IGCC CCS) (once through)
intermediate generation,coal,coal_int_IGCC_CCS,2100,OM-var,4.98,coal (IGCC CCS) (seawater)
intermediate generation,coal,coal_int_IGCC_CCS,2100,OM-var,4.98,coal (IGCC CCS) (recirculating)
intermediate generation,coal,coal_int_IGCC_CCS,2100,OM-var,4.98,coal (IGCC CCS) (dry cooling)
intermediate generation,gas,gas_int_CC,2100,OM-var,0.4,gas (CC) (once through)
intermediate generation,gas,gas_int_CC,2100,OM-var,0.4,gas (CC) (seawater)
intermediate generation,gas,gas_int_CC,2100,OM-var,0.4,gas (CC) (recirculating)
intermediate generation,gas,gas_int_CC,2100,OM-var,0.4,gas (CC) (cooling pond)
intermediate generation,gas,gas_int_CC,2100,OM-var,0.4,gas (CC) (dry cooling)
intermediate generation,gas,gas_int_CC_CCS,2100,OM-var,0.82,gas (CC CCS) (once through)
intermediate generation,gas,gas_int_CC_CCS,2100,OM-var,0.82,gas (CC CCS) (seawater)
intermediate generation,gas,gas_int_CC_CCS,2100,OM-var,0.82,gas (CC CCS) (recirculating)
intermediate generation,gas,gas_int_CC_CCS,2100,OM-var,0.82,gas (CC CCS) (dry cooling)
intermediate generation,refined liquids,refined liquids_int_steam/CT,2100,OM-var,1.56,refined liquids (steam/CT) (once through)
intermediate generation,refined liquids,refined liquids_int_steam/CT,2100,OM-var,1.56,refined liquids (steam/CT) (seawater)
intermediate generation,refined liquids,refined liquids_int_steam/CT,2100,OM-var,1.56,refined liquids (steam/CT) (recirculating)
intermediate generation,refined liquids,refined liquids_int_steam/CT,2100,OM-var,1.56,refined liquids (steam/CT) (cooling pond)
intermediate generation,refined liquids,refined liquids_int_steam/CT,2100,OM-var,1.56,refined liquids (steam/CT) (dry cooling)
intermediate generation,refined liquids,refined liquids_int_CC,2100,OM-var,0.4,refined liquids (CC) (once through)
intermediate generation,refined liquids,refined liquids_int_CC,2100,OM-var,0.4,refined liquids (CC) (seawater)
intermediate generation,refined liquids,refined liquids_int_CC,2100,OM-var,0.4,refined liquids (CC) (recirculating)
intermediate generation,refined liquids,refined liquids_int_CC,2100,OM-var,0.4,refined liquids (CC) (dry cooling)
intermediate generation,refined liquids,refined liquids_int_CC_CCS,2100,OM-var,0.82,refined liquids (CC CCS) (once through)
intermediate generation,refined liquids,refined liquids_int_CC_CCS,2100,OM-var,0.82,refined liquids (CC CCS) (seawater)
intermediate generation,refined liquids,refined liquids_int_CC_CCS,2100,OM-var,0.82,refined liquids (CC CCS) (recirculating)
intermediate generation,refined liquids,refined liquids_int_CC_CCS,2100,OM-var,0.82,refined liquids (CC CCS) (dry cooling)
intermediate generation,coal,coal_int_conv pul 1951-1955,2100,OM-var,1.87,coal (conv pul) (once through)
intermediate generation,coal,coal_int_conv pul 1951-1955,2100,OM-var,1.87,coal (conv pul) (seawater)
intermediate generation,coal,coal_int_conv pul 1951-1955,2100,OM-var,1.87,coal (conv pul) (recirculating)
intermediate generation,coal,coal_int_conv pul 1951-1955,2100,OM-var,1.87,coal (conv pul) (cooling pond)
intermediate generation,coal,coal_int_conv pul 1951-1955,2100,OM-var,1.87,coal (conv pul) (dry cooling)
intermediate generation,coal,coal_int_conv pul 1956-1960,2100,OM-var,1.87,coal (conv pul) (once through)
intermediate generation,coal,coal_int_conv pul 1956-1960,2100,OM-var,1.87,coal (conv pul) (seawater)
intermediate generation,coal,coal_int_conv pul 1956-1960,2100,OM-var,1.87,coal (conv pul) (recirculating)
intermediate generation,coal,coal_int_conv pul 1956-1960,2100,OM-var,1.87,coal (conv pul) (cooling pond)
intermediate generation,coal,coal_int_conv pul 1956-1960,2100,OM-var,1.87,coal (conv pul) (dry cooling)
intermediate generation,coal,coal_int_conv pul 1961-1965,2100,OM-var,1.87,coal (conv pul) (once through)
intermediate generation,coal,coal_int_conv pul 1961-1965,2100,OM-var,1.87,coal (conv pul) (seawater)
intermediate generation,coal,coal_int_conv pul 1961-1965,2100,OM-var,1.87,coal (conv pul) (recirculating)
intermediate generation,coal,coal_int_conv pul 1961-1965,2100,OM-var,1.87,coal (conv pul) (cooling pond)
intermediate generation,coal,coal_int_conv pul 1961-1965,2100,OM-var,1.87,coal (conv pul) (dry cooling)
intermediate generation,coal,coal_int_conv pul 1966-1970,2100,OM-var,1.87,coal (conv pul) (once through)
intermediate generation,coal,coal_int_conv pul 1966-1970,2100,OM-var,1.87,coal (conv pul) (seawater)
intermediate generation,coal,coal_int_conv pul 1966-1970,2100,OM-var,1.87,coal (conv pul) (recirculating)
intermediate generation,coal,coal_int_conv pul 1966-1970,2100,OM-var,1.87,coal (conv pul) (cooling pond)
intermediate generation,coal,coal_int_conv pul 1966-1970,2100,OM-var,1.87,coal (conv pul) (dry cooling)
intermediate generation,coal,coal_int_conv pul 1971-1975,2100,OM-var,1.87,coal (conv pul) (once through)
intermediate generation,coal,coal_int_conv pul 1971-1975,2100,OM-var,1.87,coal (conv pul) (seawater)
intermediate generation,coal,coal_int_conv pul 1971-1975,2100,OM-var,1.87,coal (conv pul) (recirculating)
intermediate generation,coal,coal_int_conv pul 1971-1975,2100,OM-var,1.87,coal (conv pul) (cooling pond)
intermediate generation,coal,coal_int_conv pul 1971-1975,2100,OM-var,1.87,coal (conv pul) (dry cooling)
intermediate generation,coal,coal_int_conv pul 1976-1980,2100,OM-var,1.87,coal (conv pul) (once through)
intermediate generation,coal,coal_int_conv pul 1976-1980,2100,OM-var,1.87,coal (conv pul) (seawater)
intermediate generation,coal,coal_int_conv pul 1976-1980,2100,OM-var,1.87,coal (conv pul) (recirculating)
intermediate generation,coal,coal_int_conv pul 1976-1980,2100,OM-var,1.87,coal (conv pul) (cooling pond)
intermediate generation,coal,coal_int_conv pul 1976-1980,2100,OM-var,1.87,coal (conv pul) (dry cooling)
intermediate generation,coal,coal_int_conv pul 1981-1985,2100,OM-var,1.87,coal (conv pul) (once through)
intermediate generation,coal,coal_int_conv pul 1981-1985,2100,OM-var,1.87,coal (conv pul) (seawater)
intermediate generation,coal,coal_int_conv pul 1981-1985,2100,OM-var,1.87,coal (conv pul) (recirculating)
intermediate generation,coal,coal_int_conv pul 1981-1985,2100,OM-var,1.87,coal (conv pul) (cooling pond)
intermediate generation,coal,coal_int_conv pul 1981-1985,2100,OM-var,1.87,coal (conv pul) (dry cooling)
intermediate generation,coal,coal_int_conv pul 1986-1990,2100,OM-var,1.87,coal (conv pul) (once through)
intermediate generation,coal,coal_int_conv pul 1986-1990,2100,OM-var,1.87,coal (conv pul) (seawater)
intermediate generation,coal,coal_int_conv pul 1986-1990,2100,OM-var,1.87,coal (conv pul) (recirculating)
intermediate generation,coal,coal_int_conv pul 1986-1990,2100,OM-var,1.87,coal (conv pul) (cooling pond)
intermediate generation,coal,coal_int_conv pul 1986-1990,2100,OM-var,1.87,coal (conv pul) (dry cooling)
intermediate generation,coal,coal_int_conv pul 1991-1995,2100,OM-var,1.87,coal (conv pul) (once through)
intermediate generation,coal,coal_int_conv pul 1991-1995,2100,OM-var,1.87,coal (conv pul) (seawater)
intermediate generation,coal,coal_int_conv pul 1991-1995,2100,OM-var,1.87,coal (conv pul) (recirculating)
intermediate generation,coal,coal_int_conv pul 1991-1995,2100,OM-var,1.87,coal (conv pul) (cooling pond)
intermediate generation,coal,coal_int_conv pul 1991-1995,2100,OM-var,1.87,coal (conv pul) (dry cooling)
intermediate generation,coal,coal_int_conv pul 1996-2000,2100,OM-var,1.87,coal (conv pul) (once through)
intermediate generation,coal,coal_int_conv pul 1996-2000,2100,OM-var,1.87,coal (conv pul) (seawater)
intermediate generation,coal,coal_int_conv pul 1996-2000,2100,OM-var,1.87,coal (conv pul) (recirculating)
intermediate generation,coal,coal_int_conv pul 1996-2000,2100,OM-var,1.87,coal (conv pul) (cooling pond)
intermediate generation,coal,coal_int_conv pul 1996-2000,2100,OM-var,1.87,coal (conv pul) (dry cooling)
intermediate generation,coal,coal_int_conv pul 2001-2005,2100,OM-var,1.87,coal (conv pul) (once through)
intermediate generation,coal,coal_int_conv pul 2001-2005,2100,OM-var,1.87,coal (conv pul) (seawater)
intermediate generation,coal,coal_int_conv pul 2001-2005,2100,OM-var,1.87,coal (conv pul) (recirculating)
intermediate generation,coal,coal_int_conv pul 2001-2005,2100,OM-var,1.87,coal (conv pul) (cooling pond)
intermediate generation,coal,coal_int_conv pul 2001-2005,2100,OM-var,1.87,coal (conv pul) (dry cooling)
intermediate generation,coal,coal_int_conv pul 2006-2010,2100,OM-var,1.87,coal (conv pul) (once through)
intermediate generation,coal,coal_int_conv pul 2006-2010,2100,OM-var,1.87,coal (conv pul) (seawater)
intermediate generation,coal,coal_int_conv pul 2006-2010,2100,OM-var,1.87,coal (conv pul) (recirculating)
intermediate generation,coal,coal_int_conv pul 2006-2010,2100,OM-var,1.87,coal (conv pul) (cooling pond)
intermediate generation,coal,coal_int_conv pul 2006-2010,2100,OM-var,1.87,coal (conv pul) (dry cooling)
intermediate generation,coal,coal_int_conv pul 2011-2015,2100,OM-var,1.87,coal (conv pul) (once through)
intermediate generation,coal,coal_int_conv pul 2011-2015,2100,OM-var,1.87,coal (conv pul) (seawater)
intermediate generation,coal,coal_int_conv pul 2011-2015,2100,OM-var,1.87,coal (conv pul) (recirculating)
intermediate generation,coal,coal_int_conv pul 2011-2015,2100,OM-var,1.87,coal (conv pul) (cooling pond)
intermediate generation,coal,coal_int_conv pul 2011-2015,2100,OM-var,1.87,coal (conv pul) (dry cooling)
intermediate generation,coal,coal_int_conv pul 2016-2021,2100,OM-var,1.87,coal (conv pul) (once through)
intermediate generation,coal,coal_int_conv pul 2016-2021,2100,OM-var,1.87,coal (conv pul) (seawater)
intermediate generation,coal,coal_int_conv pul 2016-2021,2100,OM-var,1.87,coal (conv pul) (recirculating)
intermediate generation,coal,coal_int_conv pul 2016-2021,2100,OM-var,1.87,coal (conv pul) (cooling pond)
intermediate generation,coal,coal_int_conv pul 2016-2021,2100,OM-var,1.87,coal (conv pul) (dry cooling)
intermediate generation,coal,coal_int_conv pul before 1950,2100,OM-var,1.87,coal (conv pul) (once through)
intermediate generation,coal,coal_int_conv pul before 1950,2100,OM-var,1.87,coal (conv pul) (seawater)
intermediate generation,coal,coal_int_conv pul before 1950,2100,OM-var,1.87,coal (conv pul) (recirculating)
intermediate generation,coal,coal_int_conv pul before 1950,2100,OM-var,1.87,coal (conv pul) (cooling pond)
intermediate generation,coal,coal_int_conv pul before 1950,2100,OM-var,1.87,coal (conv pul) (dry cooling)
intermediate generation,coal,coal_int_conv pul_retire_2023,2100,OM-var,1.87,coal (conv pul) (once through)
intermediate generation,coal,coal_int_conv pul_retire_2023,2100,OM-var,1.87,coal (conv pul) (seawater)
intermediate generation,coal,coal_int_conv pul_retire_2023,2100,OM-var,1.87,coal (conv pul) (recirculating)
intermediate generation,coal,coal_int_conv pul_retire_2023,2100,OM-var,1.87,coal (conv pul) (cooling pond)
intermediate generation,coal,coal_int_conv pul_retire_2023,2100,OM-var,1.87,coal (conv pul) (dry cooling)
peak generation,coal,coal_peak_conv pul,1975,OM-var,2.12,coal (conv pul) (once through)
peak generation,coal,coal_peak_conv pul,1975,OM-var,2.12,coal (conv pul) (seawater)
peak generation,coal,coal_peak_conv pul,1975,OM-var,2.12,coal (conv pul) (recirculating)
peak generation,coal,coal_peak_conv pul,1975,OM-var,2.12,coal (conv pul) (cooling pond)
peak generation,coal,coal_peak_conv pul,1975,OM-var,2.12,coal (conv pul) (dry cooling)
peak generation,gas,gas_peak_steam/CT,1975,OM-var,1.33,gas (steam/CT) (once through)
peak generation,gas,gas_peak_steam/CT,1975,OM-var,1.33,gas (steam/CT) (seawater)
peak generation,gas,gas_peak_steam/CT,1975,OM-var,1.33,gas (steam/CT) (recirculating)
peak generation,gas,gas_peak_steam/CT,1975,OM-var,1.33,gas (steam/CT) (cooling pond)
peak generation,gas,gas_peak_steam/CT,1975,OM-var,1.33,gas (steam/CT) (dry cooling)
peak generation,gas,gas_peak_CC,1975,OM-var,0.47,gas (CC) (once through)
peak generation,gas,gas_peak_CC,1975,OM-var,0.47,gas (CC) (seawater)
peak generation,gas,gas_peak_CC,1975,OM-var,0.47,gas (CC) (recirculating)
peak generation,gas,gas_peak_CC,1975,OM-var,0.47,gas (CC) (cooling pond)
peak generation,gas,gas_peak_CC,1975,OM-var,0.47,gas (CC) (dry cooling)
peak generation,gas,gas_peak_CC_CCS,1975,OM-var,1.18,gas (CC CCS) (once through)
peak generation,gas,gas_peak_CC_CCS,1975,OM-var,1.18,gas (CC CCS) (seawater)
peak generation,gas,gas_peak_CC_CCS,1975,OM-var,1.18,gas (CC CCS) (recirculating)
peak generation,gas,gas_peak_CC_CCS,1975,OM-var,1.18,gas (CC CCS) (dry cooling)
peak generation,refined liquids,refined liquids_peak_steam/CT,1975,OM-var,1.33,refined liquids (steam/CT) (once through)
peak generation,refined liquids,refined liquids_peak_steam/CT,1975,OM-var,1.33,refined liquids (steam/CT) (seawater)
peak generation,refined liquids,refined liquids_peak_steam/CT,1975,OM-var,1.33,refined liquids (steam/CT) (recirculating)
peak generation,refined liquids,refined liquids_peak_steam/CT,1975,OM-var,1.33,refined liquids (steam/CT) (cooling pond)
peak generation,refined liquids,refined liquids_peak_steam/CT,1975,OM-var,1.33,refined liquids (steam/CT) (dry cooling)
peak generation,refined liquids,refined liquids_peak_CC,1975,OM-var,0.47,refined liquids (CC) (once through)
peak generation,refined liquids,refined liquids_peak_CC,1975,OM-var,0.47,refined liquids (CC) (seawater)
peak generation,refined liquids,refined liquids_peak_CC,1975,OM-var,0.47,refined liquids (CC) (recirculating)
peak generation,refined liquids,refined liquids_peak_CC,1975,OM-var,0.47,refined liquids (CC) (dry cooling)
peak generation,refined liquids,refined liquids_peak_CC_CCS,1975,OM-var,1.18,refined liquids (CC CCS) (once through)
peak generation,refined liquids,refined liquids_peak_CC_CCS,1975,OM-var,1.18,refined liquids (CC CCS) (seawater)
peak generation,refined liquids,refined liquids_peak_CC_CCS,1975,OM-var,1.18,refined liquids (CC CCS) (recirculating)
peak generation,refined liquids,refined liquids_peak_CC_CCS,1975,OM-var,1.18,refined liquids (CC CCS) (dry cooling)
peak generation,coal,coal_peak_conv pul_retire_2023,1975,OM-var,2.12,coal (conv pul) (once through)
peak generation,coal,coal_peak_conv pul_retire_2023,1975,OM-var,2.12,coal (conv pul) (seawater)
peak generation,coal,coal_peak_conv pul_retire_2023,1975,OM-var,2.12,coal (conv pul) (recirculating)
peak generation,coal,coal_peak_conv pul_retire_2023,1975,OM-var,2.12,coal (conv pul) (cooling pond)
peak generation,coal,coal_peak_conv pul_retire_2023,1975,OM-var,2.12,coal (conv pul) (dry cooling)
peak generation,coal,coal_peak_conv pul,1990,OM-var,2.12,coal (conv pul) (once through)
peak generation,coal,coal_peak_conv pul,1990,OM-var,2.12,coal (conv pul) (seawater)
peak generation,coal,coal_peak_conv pul,1990,OM-var,2.12,coal (conv pul) (recirculating)
peak generation,coal,coal_peak_conv pul,1990,OM-var,2.12,coal (conv pul) (cooling pond)
peak generation,coal,coal_peak_conv pul,1990,OM-var,2.12,coal (conv pul) (dry cooling)
peak generation,gas,gas_peak_steam/CT,1990,OM-var,1.33,gas (steam/CT) (once through)
peak generation,gas,gas_peak_steam/CT,1990,OM-var,1.33,gas (steam/CT) (seawater)
peak generation,gas,gas_peak_steam/CT,1990,OM-var,1.33,gas (steam/CT) (recirculating)
peak generation,gas,gas_peak_steam/CT,1990,OM-var,1.33,gas (steam/CT) (cooling pond)
peak generation,gas,gas_peak_steam/CT,1990,OM-var,1.33,gas (steam/CT) (dry cooling)
peak generation,gas,gas_peak_CC,1990,OM-var,0.47,gas (CC) (once through)
peak generation,gas,gas_peak_CC,1990,OM-var,0.47,gas (CC) (seawater)
peak generation,gas,gas_peak_CC,1990,OM-var,0.47,gas (CC) (recirculating)
peak generation,gas,gas_peak_CC,1990,OM-var,0.47,gas (CC) (cooling pond)
peak generation,gas,gas_peak_CC,1990,OM-var,0.47,gas (CC) (dry cooling)
peak generation,gas,gas_peak_CC_CCS,1990,OM-var,1.18,gas (CC CCS) (once through)
peak generation,gas,gas_peak_CC_CCS,1990,OM-var,1.18,gas (CC CCS) (seawater)
peak generation,gas,gas_peak_CC_CCS,1990,OM-var,1.18,gas (CC CCS) (recirculating)
peak generation,gas,gas_peak_CC_CCS,1990,OM-var,1.18,gas (CC CCS) (dry cooling)
peak generation,refined liquids,refined liquids_peak_steam/CT,1990,OM-var,1.33,refined liquids (steam/CT) (once through)
peak generation,refined liquids,refined liquids_peak_steam/CT,1990,OM-var,1.33,refined liquids (steam/CT) (seawater)
peak generation,refined liquids,refined liquids_peak_steam/CT,1990,OM-var,1.33,refined liquids (steam/CT) (recirculating)
peak generation,refined liquids,refined liquids_peak_steam/CT,1990,OM-var,1.33,refined liquids (steam/CT) (cooling pond)
peak generation,refined liquids,refined liquids_peak_steam/CT,1990,OM-var,1.33,refined liquids (steam/CT) (dry cooling)
peak generation,refined liquids,refined liquids_peak_CC,1990,OM-var,0.47,refined liquids (CC) (once through)
peak generation,refined liquids,refined liquids_peak_CC,1990,OM-var,0.47,refined liquids (CC) (seawater)
peak generation,refined liquids,refined liquids_peak_CC,1990,OM-var,0.47,refined liquids (CC) (recirculating)
peak generation,refined liquids,refined liquids_peak_CC,1990,OM-var,0.47,refined liquids (CC) (dry cooling)
peak generation,refined liquids,refined liquids_peak_CC_CCS,1990,OM-var,1.18,refined liquids (CC CCS) (once through)
peak generation,refined liquids,refined liquids_peak_CC_CCS,1990,OM-var,1.18,refined liquids (CC CCS) (seawater)
peak generation,refined liquids,refined liquids_peak_CC_CCS,1990,OM-var,1.18,refined liquids (CC CCS) (recirculating)
peak generation,refined liquids,refined liquids_peak_CC_CCS,1990,OM-var,1.18,refined liquids (CC CCS) (dry cooling)
peak generation,coal,coal_peak_conv pul_retire_2023,1990,OM-var,2.12,coal (conv pul) (once through)
peak generation,coal,coal_peak_conv pul_retire_2023,1990,OM-var,2.12,coal (conv pul) (seawater)
peak generation,coal,coal_peak_conv pul_retire_2023,1990,OM-var,2.12,coal (conv pul) (recirculating)
peak generation,coal,coal_peak_conv pul_retire_2023,1990,OM-var,2.12,coal (conv pul) (cooling pond)
peak generation,coal,coal_peak_conv pul_retire_2023,1990,OM-var,2.12,coal (conv pul) (dry cooling)
peak generation,coal,coal_peak_conv pul,2005,OM-var,2.12,coal (conv pul) (once through)
peak generation,coal,coal_peak_conv pul,2005,OM-var,2.12,coal (conv pul) (seawater)
peak generation,coal,coal_peak_conv pul,2005,OM-var,2.12,coal (conv pul) (recirculating)
peak generation,coal,coal_peak_conv pul,2005,OM-var,2.12,coal (conv pul) (cooling pond)
peak generation,coal,coal_peak_conv pul,2005,OM-var,2.12,coal (conv pul) (dry cooling)
peak generation,gas,gas_peak_steam/CT,2005,OM-var,1.33,gas (steam/CT) (once through)
peak generation,gas,gas_peak_steam/CT,2005,OM-var,1.33,gas (steam/CT) (seawater)
peak generation,gas,gas_peak_steam/CT,2005,OM-var,1.33,gas (steam/CT) (recirculating)
peak generation,gas,gas_peak_steam/CT,2005,OM-var,1.33,gas (steam/CT) (cooling pond)
peak generation,gas,gas_peak_steam/CT,2005,OM-var,1.33,gas (steam/CT) (dry cooling)
peak generation,gas,gas_peak_CC,2005,OM-var,0.47,gas (CC) (once through)
peak generation,gas,gas_peak_CC,2005,OM-var,0.47,gas (CC) (seawater)
peak generation,gas,gas_peak_CC,2005,OM-var,0.47,gas (CC) (recirculating)
peak generation,gas,gas_peak_CC,2005,OM-var,0.47,gas (CC) (cooling pond)
peak generation,gas,gas_peak_CC,2005,OM-var,0.47,gas (CC) (dry cooling)
peak generation,gas,gas_peak_CC_CCS,2005,OM-var,1.18,gas (CC CCS) (once through)
peak generation,gas,gas_peak_CC_CCS,2005,OM-var,1.18,gas (CC CCS) (seawater)
peak generation,gas,gas_peak_CC_CCS,2005,OM-var,1.18,gas (CC CCS) (recirculating)
peak generation,gas,gas_peak_CC_CCS,2005,OM-var,1.18,gas (CC CCS) (dry cooling)
peak generation,refined liquids,refined liquids_peak_steam/CT,2005,OM-var,1.33,refined liquids (steam/CT) (once through)
peak generation,refined liquids,refined liquids_peak_steam/CT,2005,OM-var,1.33,refined liquids (steam/CT) (seawater)
peak generation,refined liquids,refined liquids_peak_steam/CT,2005,OM-var,1.33,refined liquids (steam/CT) (recirculating)
peak generation,refined liquids,refined liquids_peak_steam/CT,2005,OM-var,1.33,refined liquids (steam/CT) (cooling pond)
peak generation,refined liquids,refined liquids_peak_steam/CT,2005,OM-var,1.33,refined liquids (steam/CT) (dry cooling)
peak generation,refined liquids,refined liquids_peak_CC,2005,OM-var,0.47,refined liquids (CC) (once through)
peak generation,refined liquids,refined liquids_peak_CC,2005,OM-var,0.47,refined liquids (CC) (seawater)
peak generation,refined liquids,refined liquids_peak_CC,2005,OM-var,0.47,refined liquids (CC) (recirculating)
peak generation,refined liquids,refined liquids_peak_CC,2005,OM-var,0.47,refined liquids (CC) (dry cooling)
peak generation,refined liquids,refined liquids_peak_CC_CCS,2005,OM-var,1.18,refined liquids (CC CCS) (once through)
peak generation,refined liquids,refined liquids_peak_CC_CCS,2005,OM-var,1.18,refined liquids (CC CCS) (seawater)
peak generation,refined liquids,refined liquids_peak_CC_CCS,2005,OM-var,1.18,refined liquids (CC CCS) (recirculating)
peak generation,refined liquids,refined liquids_peak_CC_CCS,2005,OM-var,1.18,refined liquids (CC CCS) (dry cooling)
peak generation,coal,coal_peak_conv pul_retire_2023,2005,OM-var,2.12,coal (conv pul) (once through)
peak generation,coal,coal_peak_conv pul_retire_2023,2005,OM-var,2.12,coal (conv pul) (seawater)
peak generation,coal,coal_peak_conv pul_retire_2023,2005,OM-var,2.12,coal (conv pul) (recirculating)
peak generation,coal,coal_peak_conv pul_retire_2023,2005,OM-var,2.12,coal (conv pul) (cooling pond)
peak generation,coal,coal_peak_conv pul_retire_2023,2005,OM-var,2.12,coal (conv pul) (dry cooling)
peak generation,coal,coal_peak_conv pul,2010,OM-var,2.12,coal (conv pul) (once through)
peak generation,coal,coal_peak_conv pul,2010,OM-var,2.12,coal (conv pul) (seawater)
peak generation,coal,coal_peak_conv pul,2010,OM-var,2.12,coal (conv pul) (recirculating)
peak generation,coal,coal_peak_conv pul,2010,OM-var,2.12,coal (conv pul) (cooling pond)
peak generation,coal,coal_peak_conv pul,2010,OM-var,2.12,coal (conv pul) (dry cooling)
peak generation,gas,gas_peak_steam/CT,2010,OM-var,1.33,gas (steam/CT) (once through)
peak generation,gas,gas_peak_steam/CT,2010,OM-var,1.33,gas (steam/CT) (seawater)
peak generation,gas,gas_peak_steam/CT,2010,OM-var,1.33,gas (steam/CT) (recirculating)
peak generation,gas,gas_peak_steam/CT,2010,OM-var,1.33,gas (steam/CT) (cooling pond)
peak generation,gas,gas_peak_steam/CT,2010,OM-var,1.33,gas (steam/CT) (dry cooling)
peak generation,gas,gas_peak_CC,2010,OM-var,0.47,gas (CC) (once through)
peak generation,gas,gas_peak_CC,2010,OM-var,0.47,gas (CC) (seawater)
peak generation,gas,gas_peak_CC,2010,OM-var,0.47,gas (CC) (recirculating)
peak generation,gas,gas_peak_CC,2010,OM-var,0.47,gas (CC) (cooling pond)
peak generation,gas,gas_peak_CC,2010,OM-var,0.47,gas (CC) (dry cooling)
peak generation,gas,gas_peak_CC_CCS,2010,OM-var,1.18,gas (CC CCS) (once through)
peak generation,gas,gas_peak_CC_CCS,2010,OM-var,1.18,gas (CC CCS) (seawater)
peak generation,gas,gas_peak_CC_CCS,2010,OM-var,1.18,gas (CC CCS) (recirculating)
peak generation,gas,gas_peak_CC_CCS,2010,OM-var,1.18,gas (CC CCS) (dry cooling)
peak generation,refined liquids,refined liquids_peak_steam/CT,2010,OM-var,1.33,refined liquids (steam/CT) (once through)
peak generation,refined liquids,refined liquids_peak_steam/CT,2010,OM-var,1.33,refined liquids (steam/CT) (seawater)
peak generation,refined liquids,refined liquids_peak_steam/CT,2010,OM-var,1.33,refined liquids (steam/CT) (recirculating)
peak generation,refined liquids,refined liquids_peak_steam/CT,2010,OM-var,1.33,refined liquids (steam/CT) (cooling pond)
peak generation,refined liquids,refined liquids_peak_steam/CT,2010,OM-var,1.33,refined liquids (steam/CT) (dry cooling)
peak generation,refined liquids,refined liquids_peak_CC,2010,OM-var,0.47,refined liquids (CC) (once through)
peak generation,refined liquids,refined liquids_peak_CC,2010,OM-var,0.47,refined liquids (CC) (seawater)
peak generation,refined liquids,refined liquids_peak_CC,2010,OM-var,0.47,refined liquids (CC) (recirculating)
peak generation,refined liquids,refined liquids_peak_CC,2010,OM-var,0.47,refined liquids (CC) (dry cooling)
peak generation,refined liquids,refined liquids_peak_CC_CCS,2010,OM-var,1.18,refined liquids (CC CCS) (once through)
peak generation,refined liquids,refined liquids_peak_CC_CCS,2010,OM-var,1.18,refined liquids (CC CCS) (seawater)
peak generation,refined liquids,refined liquids_peak_CC_CCS,2010,OM-var,1.18,refined liquids (CC CCS) (recirculating)
peak generation,refined liquids,refined liquids_peak_CC_CCS,2010,OM-var,1.18,refined liquids (CC CCS) (dry cooling)
peak generation,coal,coal_peak_conv pul_retire_2023,2010,OM-var,2.12,coal (conv pul) (once through)
peak generation,coal,coal_peak_conv pul_retire_2023,2010,OM-var,2.12,coal (conv pul) (seawater)
peak generation,coal,coal_peak_conv pul_retire_2023,2010,OM-var,2.12,coal (conv pul) (recirculating)
peak generation,coal,coal_peak_conv pul_retire_2023,2010,OM-var,2.12,coal (conv pul) (cooling pond)
peak generation,coal,coal_peak_conv pul_retire_2023,2010,OM-var,2.12,coal (conv pul) (dry cooling)
peak generation,coal,coal_peak_conv pul,2015,OM-var,2.12,coal (conv pul) (once through)
peak generation,coal,coal_peak_conv pul,2015,OM-var,2.12,coal (conv pul) (seawater)
peak generation,coal,coal_peak_conv pul,2015,OM-var,2.12,coal (conv pul) (recirculating)
peak generation,coal,coal_peak_conv pul,2015,OM-var,2.12,coal (conv pul) (cooling pond)
peak generation,coal,coal_peak_conv pul,2015,OM-var,2.12,coal (conv pul) (dry cooling)
peak generation,gas,gas_peak_steam/CT,2015,OM-var,1.33,gas (steam/CT) (once through)
peak generation,gas,gas_peak_steam/CT,2015,OM-var,1.33,gas (steam/CT) (seawater)
peak generation,gas,gas_peak_steam/CT,2015,OM-var,1.33,gas (steam/CT) (recirculating)
peak generation,gas,gas_peak_steam/CT,2015,OM-var,1.33,gas (steam/CT) (cooling pond)
peak generation,gas,gas_peak_steam/CT,2015,OM-var,1.33,gas (steam/CT) (dry cooling)
peak generation,gas,gas_peak_CC,2015,OM-var,0.47,gas (CC) (once through)
peak generation,gas,gas_peak_CC,2015,OM-var,0.47,gas (CC) (seawater)
peak generation,gas,gas_peak_CC,2015,OM-var,0.47,gas (CC) (recirculating)
peak generation,gas,gas_peak_CC,2015,OM-var,0.47,gas (CC) (cooling pond)
peak generation,gas,gas_peak_CC,2015,OM-var,0.47,gas (CC) (dry cooling)
peak generation,gas,gas_peak_CC_CCS,2015,OM-var,1.18,gas (CC CCS) (once through)
peak generation,gas,gas_peak_CC_CCS,2015,OM-var,1.18,gas (CC CCS) (seawater)
peak generation,gas,gas_peak_CC_CCS,2015,OM-var,1.18,gas (CC CCS) (recirculating)
peak generation,gas,gas_peak_CC_CCS,2015,OM-var,1.18,gas (CC CCS) (dry cooling)
peak generation,refined liquids,refined liquids_peak_steam/CT,2015,OM-var,1.33,refined liquids (steam/CT) (once through)
peak generation,refined liquids,refined liquids_peak_steam/CT,2015,OM-var,1.33,refined liquids (steam/CT) (seawater)
peak generation,refined liquids,refined liquids_peak_steam/CT,2015,OM-var,1.33,refined liquids (steam/CT) (recirculating)
peak generation,refined liquids,refined liquids_peak_steam/CT,2015,OM-var,1.33,refined liquids (steam/CT) (cooling pond)
peak generation,refined liquids,refined liquids_peak_steam/CT,2015,OM-var,1.33,refined liquids (steam/CT) (dry cooling)
peak generation,refined liquids,refined liquids_peak_CC,2015,OM-var,0.47,refined liquids (CC) (once through)
peak generation,refined liquids,refined liquids_peak_CC,2015,OM-var,0.47,refined liquids (CC) (seawater)
peak generation,refined liquids,refined liquids_peak_CC,2015,OM-var,0.47,refined liquids (CC) (recirculating)
peak generation,refined liquids,refined liquids_peak_CC,2015,OM-var,0.47,refined liquids (CC) (dry cooling)
peak generation,refined liquids,refined liquids_peak_CC_CCS,2015,OM-var,1.18,refined liquids (CC CCS) (once through)
peak generation,refined liquids,refined liquids_peak_CC_CCS,2015,OM-var,1.18,refined liquids (CC CCS) (seawater)
peak generation,refined liquids,refined liquids_peak_CC_CCS,2015,OM-var,1.18,refined liquids (CC CCS) (recirculating)
peak generation,refined liquids,refined liquids_peak_CC_CCS,2015,OM-var,1.18,refined liquids (CC CCS) (dry cooling)
peak generation,coal,coal_peak_conv pul_retire_2023,2015,OM-var,2.12,coal (conv pul) (once through)
peak generation,coal,coal_peak_conv pul_retire_2023,2015,OM-var,2.12,coal (conv pul) (seawater)
peak generation,coal,coal_peak_conv pul_retire_2023,2015,OM-var,2.12,coal (conv pul) (recirculating)
peak generation,coal,coal_peak_conv pul_retire_2023,2015,OM-var,2.12,coal (conv pul) (cooling pond)
peak generation,coal,coal_peak_conv pul_retire_2023,2015,OM-var,2.12,coal (conv pul) (dry cooling)
peak generation,coal,coal_peak_conv pul,2021,OM-var,2.15,coal (conv pul) (once through)
peak generation,coal,coal_peak_conv pul,2021,OM-var,2.15,coal (conv pul) (seawater)
peak generation,coal,coal_peak_conv pul,2021,OM-var,2.15,coal (conv pul) (recirculating)
peak generation,coal,coal_peak_conv pul,2021,OM-var,2.15,coal (conv pul) (cooling pond)
peak generation,coal,coal_peak_conv pul,2021,OM-var,2.15,coal (conv pul) (dry cooling)
peak generation,gas,gas_peak_steam/CT,2021,OM-var,1.64,gas (steam/CT) (once through)
peak generation,gas,gas_peak_steam/CT,2021,OM-var,1.64,gas (steam/CT) (seawater)
peak generation,gas,gas_peak_steam/CT,2021,OM-var,1.64,gas (steam/CT) (recirculating)
peak generation,gas,gas_peak_steam/CT,2021,OM-var,1.64,gas (steam/CT) (cooling pond)
peak generation,gas,gas_peak_steam/CT,2021,OM-var,1.64,gas (steam/CT) (dry cooling)
peak generation,gas,gas_peak_CC,2021,OM-var,0.5,gas (CC) (once through)
peak generation,gas,gas_peak_CC,2021,OM-var,0.5,gas (CC) (seawater)
peak generation,gas,gas_peak_CC,2021,OM-var,0.5,gas (CC) (recirculating)
peak generation,gas,gas_peak_CC,2021,OM-var,0.5,gas (CC) (cooling pond)
peak generation,gas,gas_peak_CC,2021,OM-var,0.5,gas (CC) (dry cooling)
peak generation,gas,gas_peak_CC_CCS,2021,OM-var,1.18,gas (CC CCS) (once through)
peak generation,gas,gas_peak_CC_CCS,2021,OM-var,1.18,gas (CC CCS) (seawater)
peak generation,gas,gas_peak_CC_CCS,2021,OM-var,1.18,gas (CC CCS) (recirculating)
peak generation,gas,gas_peak_CC_CCS,2021,OM-var,1.18,gas (CC CCS) (dry cooling)
peak generation,refined liquids,refined liquids_peak_steam/CT,2021,OM-var,1.64,refined liquids (steam/CT) (once through)
peak generation,refined liquids,refined liquids_peak_steam/CT,2021,OM-var,1.64,refined liquids (steam/CT) (seawater)
peak generation,refined liquids,refined liquids_peak_steam/CT,2021,OM-var,1.64,refined liquids (steam/CT) (recirculating)
peak generation,refined liquids,refined liquids_peak_steam/CT,2021,OM-var,1.64,refined liquids (steam/CT) (cooling pond)
peak generation,refined liquids,refined liquids_peak_steam/CT,2021,OM-var,1.64,refined liquids (steam/CT) (dry cooling)
peak generation,refined liquids,refined liquids_peak_CC,2021,OM-var,0.5,refined liquids (CC) (once through)
peak generation,refined liquids,refined liquids_peak_CC,2021,OM-var,0.5,refined liquids (CC) (seawater)
peak generation,refined liquids,refined liquids_peak_CC,2021,OM-var,0.5,refined liquids (CC) (recirculating)
peak generation,refined liquids,refined liquids_peak_CC,2021,OM-var,0.5,refined liquids (CC) (dry cooling)
peak generation,refined liquids,refined liquids_peak_CC_CCS,2021,OM-var,1.18,refined liquids (CC CCS) (once through)
peak generation,refined liquids,refined liquids_peak_CC_CCS,2021,OM-var,1.18,refined liquids (CC CCS) (seawater)
peak generation,refined liquids,refined liquids_peak_CC_CCS,2021,OM-var,1.18,refined liquids (CC CCS) (recirculating)
peak generation,refined liquids,refined liquids_peak_CC_CCS,2021,OM-var,1.18,refined liquids (CC CCS) (dry cooling)
peak generation,coal,coal_peak_conv pul_retire_2023,2021,OM-var,2.15,coal (conv pul) (once through)
peak generation,coal,coal_peak_conv pul_retire_2023,2021,OM-var,2.15,coal (conv pul) (seawater)
peak generation,coal,coal_peak_conv pul_retire_2023,2021,OM-var,2.15,coal (conv pul) (recirculating)
peak generation,coal,coal_peak_conv pul_retire_2023,2021,OM-var,2.15,coal (conv pul) (cooling pond)
peak generation,coal,coal_peak_conv pul_retire_2023,2021,OM-var,2.15,coal (conv pul) (dry cooling)
peak generation,coal,coal_peak_conv pul,2025,OM-var,2.16,coal (conv pul) (once through)
peak generation,coal,coal_peak_conv pul,2025,OM-var,2.16,coal (conv pul) (seawater)
peak generation,coal,coal_peak_conv pul,2025,OM-var,2.16,coal (conv pul) (recirculating)
peak generation,coal,coal_peak_conv pul,2025,OM-var,2.16,coal (conv pul) (cooling pond)
peak generation,coal,coal_peak_conv pul,2025,OM-var,2.16,coal (conv pul) (dry cooling)
peak generation,gas,gas_peak_steam/CT,2025,OM-var,1.64,gas (steam/CT) (once through)
peak generation,gas,gas_peak_steam/CT,2025,OM-var,1.64,gas (steam/CT) (seawater)
peak generation,gas,gas_peak_steam/CT,2025,OM-var,1.64,gas (steam/CT) (recirculating)
peak generation,gas,gas_peak_steam/CT,2025,OM-var,1.64,gas (steam/CT) (cooling pond)
peak generation,gas,gas_peak_steam/CT,2025,OM-var,1.64,gas (steam/CT) (dry cooling)
peak generation,gas,gas_peak_CC,2025,OM-var,0.5,gas (CC) (once through)
peak generation,gas,gas_peak_CC,2025,OM-var,0.5,gas (CC) (seawater)
peak generation,gas,gas_peak_CC,2025,OM-var,0.5,gas (CC) (recirculating)
peak generation,gas,gas_peak_CC,2025,OM-var,0.5,gas (CC) (cooling pond)
peak generation,gas,gas_peak_CC,2025,OM-var,0.5,gas (CC) (dry cooling)
peak generation,gas,gas_peak_CC_CCS,2025,OM-var,1.15,gas (CC CCS) (once through)
peak generation,gas,gas_peak_CC_CCS,2025,OM-var,1.15,gas (CC CCS) (seawater)
peak generation,gas,gas_peak_CC_CCS,2025,OM-var,1.15,gas (CC CCS) (recirculating)
peak generation,gas,gas_peak_CC_CCS,2025,OM-var,1.15,gas (CC CCS) (dry cooling)
peak generation,refined liquids,refined liquids_peak_steam/CT,2025,OM-var,1.64,refined liquids (steam/CT) (once through)
peak generation,refined liquids,refined liquids_peak_steam/CT,2025,OM-var,1.64,refined liquids (steam/CT) (seawater)
peak generation,refined liquids,refined liquids_peak_steam/CT,2025,OM-var,1.64,refined liquids (steam/CT) (recirculating)
peak generation,refined liquids,refined liquids_peak_steam/CT,2025,OM-var,1.64,refined liquids (steam/CT) (cooling pond)
peak generation,refined liquids,refined liquids_peak_steam/CT,2025,OM-var,1.64,refined liquids (steam/CT) (dry cooling)
peak generation,refined liquids,refined liquids_peak_CC,2025,OM-var,0.5,refined liquids (CC) (once through)
peak generation,refined liquids,refined liquids_peak_CC,2025,OM-var,0.5,refined liquids (CC) (seawater)
peak generation,refined liquids,refined liquids_peak_CC,2025,OM-var,0.5,refined liquids (CC) (recirculating)
peak generation,refined liquids,refined liquids_peak_CC,2025,OM-var,0.5,refined liquids (CC) (dry cooling)
peak generation,refined liquids,refined liquids_peak_CC_CCS,2025,OM-var,1.15,refined liquids (CC CCS) (once through)
peak generation,refined liquids,refined liquids_peak_CC_CCS,2025,OM-var,1.15,refined liquids (CC CCS) (seawater)
peak generation,refined liquids,refined liquids_peak_CC_CCS,2025,OM-var,1.15,refined liquids (CC CCS) (recirculating)
peak generation,refined liquids,refined liquids_peak_CC_CCS,2025,OM-var,1.15,refined liquids (CC CCS) (dry cooling)
peak generation,coal,coal_peak_conv pul_retire_2023,2025,OM-var,2.16,coal (conv pul) (once through)
peak generation,coal,coal_peak_conv pul_retire_2023,2025,OM-var,2.16,coal (conv pul) (seawater)
peak generation,coal,coal_peak_conv pul_retire_2023,2025,OM-var,2.16,coal (conv pul) (recirculating)
peak generation,coal,coal_peak_conv pul_retire_2023,2025,OM-var,2.16,coal (conv pul) (cooling pond)
peak generation,coal,coal_peak_conv pul_retire_2023,2025,OM-var,2.16,coal (conv pul) (dry cooling)
peak generation,coal,coal_peak_conv pul,2030,OM-var,2.12,coal (conv pul) (once through)
peak generation,coal,coal_peak_conv pul,2030,OM-var,2.12,coal (conv pul) (seawater)
peak generation,coal,coal_peak_conv pul,2030,OM-var,2.12,coal (conv pul) (recirculating)
peak generation,coal,coal_peak_conv pul,2030,OM-var,2.12,coal (conv pul) (cooling pond)
peak generation,coal,coal_peak_conv pul,2030,OM-var,2.12,coal (conv pul) (dry cooling)
peak generation,gas,gas_peak_steam/CT,2030,OM-var,1.64,gas (steam/CT) (once through)
peak generation,gas,gas_peak_steam/CT,2030,OM-var,1.64,gas (steam/CT) (seawater)
peak generation,gas,gas_peak_steam/CT,2030,OM-var,1.64,gas (steam/CT) (recirculating)
peak generation,gas,gas_peak_steam/CT,2030,OM-var,1.64,gas (steam/CT) (cooling pond)
peak generation,gas,gas_peak_steam/CT,2030,OM-var,1.64,gas (steam/CT) (dry cooling)
peak generation,gas,gas_peak_CC,2030,OM-var,0.48,gas (CC) (once through)
peak generation,gas,gas_peak_CC,2030,OM-var,0.48,gas (CC) (seawater)
peak generation,gas,gas_peak_CC,2030,OM-var,0.48,gas (CC) (recirculating)
peak generation,gas,gas_peak_CC,2030,OM-var,0.48,gas (CC) (cooling pond)
peak generation,gas,gas_peak_CC,2030,OM-var,0.48,gas (CC) (dry cooling)
peak generation,gas,gas_peak_CC_CCS,2030,OM-var,1.06,gas (CC CCS) (once through)
peak generation,gas,gas_peak_CC_CCS,2030,OM-var,1.06,gas (CC CCS) (seawater)
peak generation,gas,gas_peak_CC_CCS,2030,OM-var,1.06,gas (CC CCS) (recirculating)
peak generation,gas,gas_peak_CC_CCS,2030,OM-var,1.06,gas (CC CCS) (dry cooling)
peak generation,refined liquids,refined liquids_peak_steam/CT,2030,OM-var,1.64,refined liquids (steam/CT) (once through)
peak generation,refined liquids,refined liquids_peak_steam/CT,2030,OM-var,1.64,refined liquids (steam/CT) (seawater)
peak generation,refined liquids,refined liquids_peak_steam/CT,2030,OM-var,1.64,refined liquids (steam/CT) (recirculating)
peak generation,refined liquids,refined liquids_peak_steam/CT,2030,OM-var,1.64,refined liquids (steam/CT) (cooling pond)
peak generation,refined liquids,refined liquids_peak_steam/CT,2030,OM-var,1.64,refined liquids (steam/CT) (dry cooling)
peak generation,refined liquids,refined liquids_peak_CC,2030,OM-var,0.48,refined liquids (CC) (once through)
peak generation,refined liquids,refined liquids_peak_CC,2030,OM-var,0.48,refined liquids (CC) (seawater)
peak generation,refined liquids,refined liquids_peak_CC,2030,OM-var,0.48,refined liquids (CC) (recirculating)
peak generation,refined liquids,refined liquids_peak_CC,2030,OM-var,0.48,refined liquids (CC) (dry cooling)
peak generation,refined liquids,refined liquids_peak_CC_CCS,2030,OM-var,1.06,refined liquids (CC CCS) (once through)
peak generation,refined liquids,refined liquids_peak_CC_CCS,2030,OM-var,1.06,refined liquids (CC CCS) (seawater)
peak generation,refined liquids,refined liquids_peak_CC_CCS,2030,OM-var,1.06,refined liquids (CC CCS) (recirculating)
peak generation,refined liquids,refined liquids_peak_CC_CCS,2030,OM-var,1.06,refined liquids (CC CCS) (dry cooling)
peak generation,coal,coal_peak_conv pul_retire_2023,2030,OM-var,2.12,coal (conv pul) (once through)
peak generation,coal,coal_peak_conv pul_retire_2023,2030,OM-var,2.12,coal (conv pul) (seawater)
peak generation,coal,coal_peak_conv pul_retire_2023,2030,OM-var,2.12,coal (conv pul) (recirculating)
peak generation,coal,coal_peak_conv pul_retire_2023,2030,OM-var,2.12,coal (conv pul) (cooling pond)
peak generation,coal,coal_peak_conv pul_retire_2023,2030,OM-var,2.12,coal (conv pul) (dry cooling)
peak generation,coal,coal_peak_conv pul,2035,OM-var,2.07,coal (conv pul) (once through)
peak generation,coal,coal_peak_conv pul,2035,OM-var,2.07,coal (conv pul) (seawater)
peak generation,coal,coal_peak_conv pul,2035,OM-var,2.07,coal (conv pul) (recirculating)
peak generation,coal,coal_peak_conv pul,2035,OM-var,2.07,coal (conv pul) (cooling pond)
peak generation,coal,coal_peak_conv pul,2035,OM-var,2.07,coal (conv pul) (dry cooling)
peak generation,gas,gas_peak_steam/CT,2035,OM-var,1.64,gas (steam/CT) (once through)
peak generation,gas,gas_peak_steam/CT,2035,OM-var,1.64,gas (steam/CT) (seawater)
peak generation,gas,gas_peak_steam/CT,2035,OM-var,1.64,gas (steam/CT) (recirculating)
peak generation,gas,gas_peak_steam/CT,2035,OM-var,1.64,gas (steam/CT) (cooling pond)
peak generation,gas,gas_peak_steam/CT,2035,OM-var,1.64,gas (steam/CT) (dry cooling)
peak generation,gas,gas_peak_CC,2035,OM-var,0.46,gas (CC) (once through)
peak generation,gas,gas_peak_CC,2035,OM-var,0.46,gas (CC) (seawater)
peak generation,gas,gas_peak_CC,2035,OM-var,0.46,gas (CC) (recirculating)
peak generation,gas,gas_peak_CC,2035,OM-var,0.46,gas (CC) (cooling pond)
peak generation,gas,gas_peak_CC,2035,OM-var,0.46,gas (CC) (dry cooling)
peak generation,gas,gas_peak_CC_CCS,2035,OM-var,0.97,gas (CC CCS) (once through)
peak generation,gas,gas_peak_CC_CCS,2035,OM-var,0.97,gas (CC CCS) (seawater)
peak generation,gas,gas_peak_CC_CCS,2035,OM-var,0.97,gas (CC CCS) (recirculating)
peak generation,gas,gas_peak_CC_CCS,2035,OM-var,0.97,gas (CC CCS) (dry cooling)
peak generation,refined liquids,refined liquids_peak_steam/CT,2035,OM-var,1.64,refined liquids (steam/CT) (once through)
peak generation,refined liquids,refined liquids_peak_steam/CT,2035,OM-var,1.64,refined liquids (steam/CT) (seawater)
peak generation,refined liquids,refined liquids_peak_steam/CT,2035,OM-var,1.64,refined liquids (steam/CT) (recirculating)
peak generation,refined liquids,refined liquids_peak_steam/CT,2035,OM-var,1.64,refined liquids (steam/CT) (cooling pond)
peak generation,refined liquids,refined liquids_peak_steam/CT,2035,OM-var,1.64,refined liquids (steam/CT) (dry cooling)
peak generation,refined liquids,refined liquids_peak_CC,2035,OM-var,0.46,refined liquids (CC) (once through)
peak generation,refined liquids,refined liquids_peak_CC,2035,OM-var,0.46,refined liquids (CC) (seawater)
peak generation,refined liquids,refined liquids_peak_CC,2035,OM-var,0.46,refined liquids (CC) (recirculating)
peak generation,refined liquids,refined liquids_peak_CC,2035,OM-var,0.46,refined liquids (CC) (dry cooling)
peak generation,refined liquids,refined liquids_peak_CC_CCS,2035,OM-var,0.97,refined liquids (CC CCS) (once through)
peak generation,refined liquids,refined liquids_peak_CC_CCS,2035,OM-var,0.97,refined liquids (CC CCS) (seawater)
peak generation,refined liquids,refined liquids_peak_CC_CCS,2035,OM-var,0.97,refined liquids (CC CCS) (recirculating)
peak generation,refined liquids,refined liquids_peak_CC_CCS,2035,OM-var,0.97,refined liquids (CC CCS) (dry cooling)
peak generation,coal,coal_peak_conv pul_retire_2023,2035,OM-var,2.07,coal (conv pul) (once through)
peak generation,coal,coal_peak_conv pul_retire_2023,2035,OM-var,2.07,coal (conv pul) (seawater)
peak generation,coal,coal_peak_conv pul_retire_2023,2035,OM-var,2.07,coal (conv pul) (recirculating)
peak generation,coal,coal_peak_conv pul_retire_2023,2035,OM-var,2.07,coal (conv pul) (cooling pond)
peak generation,coal,coal_peak_conv pul_retire_2023,2035,OM-var,2.07,coal (conv pul) (dry cooling)
peak generation,coal,coal_peak_conv pul,2040,OM-var,2.04,coal (conv pul) (once through)
peak generation,coal,coal_peak_conv pul,2040,OM-var,2.04,coal (conv pul) (seawater)
peak generation,coal,coal_peak_conv pul,2040,OM-var,2.04,coal (conv pul) (recirculating)
peak generation,coal,coal_peak_conv pul,2040,OM-var,2.04,coal (conv pul) (cooling pond)
peak generation,coal,coal_peak_conv pul,2040,OM-var,2.04,coal (conv pul) (dry cooling)
peak generation,gas,gas_peak_steam/CT,2040,OM-var,1.64,gas (steam/CT) (once through)
peak generation,gas,gas_peak_steam/CT,2040,OM-var,1.64,gas (steam/CT) (seawater)
peak generation,gas,gas_peak_steam/CT,2040,OM-var,1.64,gas (steam/CT) (recirculating)
peak generation,gas,gas_peak_steam/CT,2040,OM-var,1.64,gas (steam/CT) (cooling pond)
peak generation,gas,gas_peak_steam/CT,2040,OM-var,1.64,gas (steam/CT) (dry cooling)
peak generation,gas,gas_peak_CC,2040,OM-var,0.45,gas (CC) (once through)
peak generation,gas,gas_peak_CC,2040,OM-var,0.45,gas (CC) (seawater)
peak generation,gas,gas_peak_CC,2040,OM-var,0.45,gas (CC) (recirculating)
peak generation,gas,gas_peak_CC,2040,OM-var,0.45,gas (CC) (cooling pond)
peak generation,gas,gas_peak_CC,2040,OM-var,0.45,gas (CC) (dry cooling)
peak generation,gas,gas_peak_CC_CCS,2040,OM-var,0.93,gas (CC CCS) (once through)
peak generation,gas,gas_peak_CC_CCS,2040,OM-var,0.93,gas (CC CCS) (seawater)
peak generation,gas,gas_peak_CC_CCS,2040,OM-var,0.93,gas (CC CCS) (recirculating)
peak generation,gas,gas_peak_CC_CCS,2040,OM-var,0.93,gas (CC CCS) (dry cooling)
peak generation,refined liquids,refined liquids_peak_steam/CT,2040,OM-var,1.64,refined liquids (steam/CT) (once through)
peak generation,refined liquids,refined liquids_peak_steam/CT,2040,OM-var,1.64,refined liquids (steam/CT) (seawater)
peak generation,refined liquids,refined liquids_peak_steam/CT,2040,OM-var,1.64,refined liquids (steam/CT) (recirculating)
peak generation,refined liquids,refined liquids_peak_steam/CT,2040,OM-var,1.64,refined liquids (steam/CT) (cooling pond)
peak generation,refined liquids,refined liquids_peak_steam/CT,2040,OM-var,1.64,refined liquids (steam/CT) (dry cooling)
peak generation,refined liquids,refined liquids_peak_CC,2040,OM-var,0.45,refined liquids (CC) (once through)
peak generation,refined liquids,refined liquids_peak_CC,2040,OM-var,0.45,refined liquids (CC) (seawater)
peak generation,refined liquids,refined liquids_peak_CC,2040,OM-var,0.45,refined liquids (CC) (recirculating)
peak generation,refined liquids,refined liquids_peak_CC,2040,OM-var,0.45,refined liquids (CC) (dry cooling)
peak generation,refined liquids,refined liquids_peak_CC_CCS,2040,OM-var,0.93,refined liquids (CC CCS) (once through)
peak generation,refined liquids,refined liquids_peak_CC_CCS,2040,OM-var,0.93,refined liquids (CC CCS) (seawater)
peak generation,refined liquids,refined liquids_peak_CC_CCS,2040,OM-var,0.93,refined liquids (CC CCS) (recirculating)
peak generation,refined liquids,refined liquids_peak_CC_CCS,2040,OM-var,0.93,refined liquids (CC CCS) (dry cooling)
peak generation,coal,coal_peak_conv pul_retire_2023,2040,OM-var,2.04,coal (conv pul) (once through)
peak generation,coal,coal_peak_conv pul_retire_2023,2040,OM-var,2.04,coal (conv pul) (seawater)
peak generation,coal,coal_peak_conv pul_retire_2023,2040,OM-var,2.04,coal (conv pul) (recirculating)
peak generation,coal,coal_peak_conv pul_retire_2023,2040,OM-var,2.04,coal (conv pul) (cooling pond)
peak generation,coal,coal_peak_conv pul_retire_2023,2040,OM-var,2.04,coal (conv pul) (dry cooling)
peak generation,coal,coal_peak_conv pul,2045,OM-var,2,coal (conv pul) (once through)
peak generation,coal,coal_peak_conv pul,2045,OM-var,2,coal (conv pul) (seawater)
peak generation,coal,coal_peak_conv pul,2045,OM-var,2,coal (conv pul) (recirculating)
peak generation,coal,coal_peak_conv pul,2045,OM-var,2,coal (conv pul) (cooling pond)
peak generation,coal,coal_peak_conv pul,2045,OM-var,2,coal (conv pul) (dry cooling)
peak generation,gas,gas_peak_steam/CT,2045,OM-var,1.64,gas (steam/CT) (once through)
peak generation,gas,gas_peak_steam/CT,2045,OM-var,1.64,gas (steam/CT) (seawater)
peak generation,gas,gas_peak_steam/CT,2045,OM-var,1.64,gas (steam/CT) (recirculating)
peak generation,gas,gas_peak_steam/CT,2045,OM-var,1.64,gas (steam/CT) (cooling pond)
peak generation,gas,gas_peak_steam/CT,2045,OM-var,1.64,gas (steam/CT) (dry cooling)
peak generation,gas,gas_peak_CC,2045,OM-var,0.44,gas (CC) (once through)
peak generation,gas,gas_peak_CC,2045,OM-var,0.44,gas (CC) (seawater)
peak generation,gas,gas_peak_CC,2045,OM-var,0.44,gas (CC) (recirculating)
peak generation,gas,gas_peak_CC,2045,OM-var,0.44,gas (CC) (cooling pond)
peak generation,gas,gas_peak_CC,2045,OM-var,0.44,gas (CC) (dry cooling)
peak generation,gas,gas_peak_CC_CCS,2045,OM-var,0.9,gas (CC CCS) (once through)
peak generation,gas,gas_peak_CC_CCS,2045,OM-var,0.9,gas (CC CCS) (seawater)
peak generation,gas,gas_peak_CC_CCS,2045,OM-var,0.9,gas (CC CCS) (recirculating)
peak generation,gas,gas_peak_CC_CCS,2045,OM-var,0.9,gas (CC CCS) (dry cooling)
peak generation,refined liquids,refined liquids_peak_steam/CT,2045,OM-var,1.64,refined liquids (steam/CT) (once through)
peak generation,refined liquids,refined liquids_peak_steam/CT,2045,OM-var,1.64,refined liquids (steam/CT) (seawater)
peak generation,refined liquids,refined liquids_peak_steam/CT,2045,OM-var,1.64,refined liquids (steam/CT) (recirculating)
peak generation,refined liquids,refined liquids_peak_steam/CT,2045,OM-var,1.64,refined liquids (steam/CT) (cooling pond)
peak generation,refined liquids,refined liquids_peak_steam/CT,2045,OM-var,1.64,refined liquids (steam/CT) (dry cooling)
peak generation,refined liquids,refined liquids_peak_CC,2045,OM-var,0.44,refined liquids (CC) (once through)
peak generation,refined liquids,refined liquids_peak_CC,2045,OM-var,0.44,refined liquids (CC) (seawater)
peak generation,refined liquids,refined liquids_peak_CC,2045,OM-var,0.44,refined liquids (CC) (recirculating)
peak generation,refined liquids,refined liquids_peak_CC,2045,OM-var,0.44,refined liquids (CC) (dry cooling)
peak generation,refined liquids,refined liquids_peak_CC_CCS,2045,OM-var,0.9,refined liquids (CC CCS) (once through)
peak generation,refined liquids,refined liquids_peak_CC_CCS,2045,OM-var,0.9,refined liquids (CC CCS) (seawater)
peak generation,refined liquids,refined liquids_peak_CC_CCS,2045,OM-var,0.9,refined liquids (CC CCS) (recirculating)
peak generation,refined liquids,refined liquids_peak_CC_CCS,2045,OM-var,0.9,refined liquids (CC CCS) (dry cooling)
peak generation,coal,coal_peak_conv pul_retire_2023,2045,OM-var,2,coal (conv pul) (once through)
peak generation,coal,coal_peak_conv pul_retire_2023,2045,OM-var,2,coal (conv pul) (seawater)
peak generation,coal,coal_peak_conv pul_retire_2023,2045,OM-var,2,coal (conv pul) (recirculating)
peak generation,coal,coal_peak_conv pul_retire_2023,2045,OM-var,2,coal (conv pul) (cooling pond)
peak generation,coal,coal_peak_conv pul_retire_2023,2045,OM-var,2,coal (conv pul) (dry cooling)
peak generation,coal,coal_peak_conv pul,2050,OM-var,1.97,coal (conv pul) (once through)
peak generation,coal,coal_peak_conv pul,2050,OM-var,1.97,coal (conv pul) (seawater)
peak generation,coal,coal_peak_conv pul,2050,OM-var,1.97,coal (conv pul) (recirculating)
peak generation,coal,coal_peak_conv pul,2050,OM-var,1.97,coal (conv pul) (cooling pond)
peak generation,coal,coal_peak_conv pul,2050,OM-var,1.97,coal (conv pul) (dry cooling)
peak generation,gas,gas_peak_steam/CT,2050,OM-var,1.64,gas (steam/CT) (once through)
peak generation,gas,gas_peak_steam/CT,2050,OM-var,1.64,gas (steam/CT) (seawater)
peak generation,gas,gas_peak_steam/CT,2050,OM-var,1.64,gas (steam/CT) (recirculating)
peak generation,gas,gas_peak_steam/CT,2050,OM-var,1.64,gas (steam/CT) (cooling pond)
peak generation,gas,gas_peak_steam/CT,2050,OM-var,1.64,gas (steam/CT) (dry cooling)
peak generation,gas,gas_peak_CC,2050,OM-var,0.42,gas (CC) (once through)
peak generation,gas,gas_peak_CC,2050,OM-var,0.42,gas (CC) (seawater)
peak generation,gas,gas_peak_CC,2050,OM-var,0.42,gas (CC) (recirculating)
peak generation,gas,gas_peak_CC,2050,OM-var,0.42,gas (CC) (cooling pond)
peak generation,gas,gas_peak_CC,2050,OM-var,0.42,gas (CC) (dry cooling)
peak generation,gas,gas_peak_CC_CCS,2050,OM-var,0.86,gas (CC CCS) (once through)
peak generation,gas,gas_peak_CC_CCS,2050,OM-var,0.86,gas (CC CCS) (seawater)
peak generation,gas,gas_peak_CC_CCS,2050,OM-var,0.86,gas (CC CCS) (recirculating)
peak generation,gas,gas_peak_CC_CCS,2050,OM-var,0.86,gas (CC CCS) (dry cooling)
peak generation,refined liquids,refined liquids_peak_steam/CT,2050,OM-var,1.64,refined liquids (steam/CT) (once through)
peak generation,refined liquids,refined liquids_peak_steam/CT,2050,OM-var,1.64,refined liquids (steam/CT) (seawater)
peak generation,refined liquids,refined liquids_peak_steam/CT,2050,OM-var,1.64,refined liquids (steam/CT) (recirculating)
peak generation,refined liquids,refined liquids_peak_steam/CT,2050,OM-var,1.64,refined liquids (steam/CT) (cooling pond)
peak generation,refined liquids,refined liquids_peak_steam/CT,2050,OM-var,1.64,refined liquids (steam/CT) (dry cooling)
peak generation,refined liquids,refined liquids_peak_CC,2050,OM-var,0.42,refined liquids (CC) (once through)
peak generation,refined liquids,refined liquids_peak_CC,2050,OM-var,0.42,refined liquids (CC) (seawater)
peak generation,refined liquids,refined liquids_peak_CC,2050,OM-var,0.42,refined liquids (CC) (recirculating)
peak generation,refined liquids,refined liquids_peak_CC,2050,OM-var,0.42,refined liquids (CC) (dry cooling)
peak generation,refined liquids,refined liquids_peak_CC_CCS,2050,OM-var,0.86,refined liquids (CC CCS) (once through)
peak generation,refined liquids,refined liquids_peak_CC_CCS,2050,OM-var,0.86,refined liquids (CC CCS) (seawater)
peak generation,refined liquids,refined liquids_peak_CC_CCS,2050,OM-var,0.86,refined liquids (CC CCS) (recirculating)
peak generation,refined liquids,refined liquids_peak_CC_CCS,2050,OM-var,0.86,refined liquids (CC CCS) (dry cooling)
peak generation,coal,coal_peak_conv pul_retire_2023,2050,OM-var,1.97,coal (conv pul) (once through)
peak generation,coal,coal_peak_conv pul_retire_2023,2050,OM-var,1.97,coal (conv pul) (seawater)
peak generation,coal,coal_peak_conv pul_retire_2023,2050,OM-var,1.97,coal (conv pul) (recirculating)
peak generation,coal,coal_peak_conv pul_retire_2023,2050,OM-var,1.97,coal (conv pul) (cooling pond)
peak generation,coal,coal_peak_conv pul_retire_2023,2050,OM-var,1.97,coal (conv pul) (dry cooling)
peak generation,coal,coal_peak_conv pul,2055,OM-var,1.96,coal (conv pul) (once through)
peak generation,coal,coal_peak_conv pul,2055,OM-var,1.96,coal (conv pul) (seawater)
peak generation,coal,coal_peak_conv pul,2055,OM-var,1.96,coal (conv pul) (recirculating)
peak generation,coal,coal_peak_conv pul,2055,OM-var,1.96,coal (conv pul) (cooling pond)
peak generation,coal,coal_peak_conv pul,2055,OM-var,1.96,coal (conv pul) (dry cooling)
peak generation,gas,gas_peak_steam/CT,2055,OM-var,1.63,gas (steam/CT) (once through)
peak generation,gas,gas_peak_steam/CT,2055,OM-var,1.63,gas (steam/CT) (seawater)
peak generation,gas,gas_peak_steam/CT,2055,OM-var,1.63,gas (steam/CT) (recirculating)
peak generation,gas,gas_peak_steam/CT,2055,OM-var,1.63,gas (steam/CT) (cooling pond)
peak generation,gas,gas_peak_steam/CT,2055,OM-var,1.63,gas (steam/CT) (dry cooling)
peak generation,gas,gas_peak_CC,2055,OM-var,0.42,gas (CC) (once through)
peak generation,gas,gas_peak_CC,2055,OM-var,0.42,gas (CC) (seawater)
peak generation,gas,gas_peak_CC,2055,OM-var,0.42,gas (CC) (recirculating)
peak generation,gas,gas_peak_CC,2055,OM-var,0.42,gas (CC) (cooling pond)
peak generation,gas,gas_peak_CC,2055,OM-var,0.42,gas (CC) (dry cooling)
peak generation,gas,gas_peak_CC_CCS,2055,OM-var,0.86,gas (CC CCS) (once through)
peak generation,gas,gas_peak_CC_CCS,2055,OM-var,0.86,gas (CC CCS) (seawater)
peak generation,gas,gas_peak_CC_CCS,2055,OM-var,0.86,gas (CC CCS) (recirculating)
peak generation,gas,gas_peak_CC_CCS,2055,OM-var,0.86,gas (CC CCS) (dry cooling)
peak generation,refined liquids,refined liquids_peak_steam/CT,2055,OM-var,1.63,refined liquids (steam/CT) (once through)
peak generation,refined liquids,refined liquids_peak_steam/CT,2055,OM-var,1.63,refined liquids (steam/CT) (seawater)
peak generation,refined liquids,refined liquids_peak_steam/CT,2055,OM-var,1.63,refined liquids (steam/CT) (recirculating)
peak generation,refined liquids,refined liquids_peak_steam/CT,2055,OM-var,1.63,refined liquids (steam/CT) (cooling pond)
peak generation,refined liquids,refined liquids_peak_steam/CT,2055,OM-var,1.63,refined liquids (steam/CT) (dry cooling)
peak generation,refined liquids,refined liquids_peak_CC,2055,OM-var,0.42,refined liquids (CC) (once through)
peak generation,refined liquids,refined liquids_peak_CC,2055,OM-var,0.42,refined liquids (CC) (seawater)
peak generation,refined liquids,refined liquids_peak_CC,2055,OM-var,0.42,refined liquids (CC) (recirculating)
peak generation,refined liquids,refined liquids_peak_CC,2055,OM-var,0.42,refined liquids (CC) (dry cooling)
peak generation,refined liquids,refined liquids_peak_CC_CCS,2055,OM-var,0.86,refined liquids (CC CCS) (once through)
peak generation,refined liquids,refined liquids_peak_CC_CCS,2055,OM-var,0.86,refined liquids (CC CCS) (seawater)
peak generation,refined liquids,refined liquids_peak_CC_CCS,2055,OM-var,0.86,refined liquids (CC CCS) (recirculating)
peak generation,refined liquids,refined liquids_peak_CC_CCS,2055,OM-var,0.86,refined liquids (CC CCS) (dry cooling)
peak generation,coal,coal_peak_conv pul_retire_2023,2055,OM-var,1.96,coal (conv pul) (once through)
peak generation,coal,coal_peak_conv pul_retire_2023,2055,OM-var,1.96,coal (conv pul) (seawater)
peak generation,coal,coal_peak_conv pul_retire_2023,2055,OM-var,1.96,coal (conv pul) (recirculating)
peak generation,coal,coal_peak_conv pul_retire_2023,2055,OM-var,1.96,coal (conv pul) (cooling pond)
peak generation,coal,coal_peak_conv pul_retire_2023,2055,OM-var,1.96,coal (conv pul) (dry cooling)
peak generation,coal,coal_peak_conv pul,2060,OM-var,1.95,coal (conv pul) (once through)
peak generation,coal,coal_peak_conv pul,2060,OM-var,1.95,coal (conv pul) (seawater)
peak generation,coal,coal_peak_conv pul,2060,OM-var,1.95,coal (conv pul) (recirculating)
peak generation,coal,coal_peak_conv pul,2060,OM-var,1.95,coal (conv pul) (cooling pond)
peak generation,coal,coal_peak_conv pul,2060,OM-var,1.95,coal (conv pul) (dry cooling)
peak generation,gas,gas_peak_steam/CT,2060,OM-var,1.62,gas (steam/CT) (once through)
peak generation,gas,gas_peak_steam/CT,2060,OM-var,1.62,gas (steam/CT) (seawater)
peak generation,gas,gas_peak_steam/CT,2060,OM-var,1.62,gas (steam/CT) (recirculating)
peak generation,gas,gas_peak_steam/CT,2060,OM-var,1.62,gas (steam/CT) (cooling pond)
peak generation,gas,gas_peak_steam/CT,2060,OM-var,1.62,gas (steam/CT) (dry cooling)
peak generation,gas,gas_peak_CC,2060,OM-var,0.42,gas (CC) (once through)
peak generation,gas,gas_peak_CC,2060,OM-var,0.42,gas (CC) (seawater)
peak generation,gas,gas_peak_CC,2060,OM-var,0.42,gas (CC) (recirculating)
peak generation,gas,gas_peak_CC,2060,OM-var,0.42,gas (CC) (cooling pond)
peak generation,gas,gas_peak_CC,2060,OM-var,0.42,gas (CC) (dry cooling)
peak generation,gas,gas_peak_CC_CCS,2060,OM-var,0.85,gas (CC CCS) (once through)
peak generation,gas,gas_peak_CC_CCS,2060,OM-var,0.85,gas (CC CCS) (seawater)
peak generation,gas,gas_peak_CC_CCS,2060,OM-var,0.85,gas (CC CCS) (recirculating)
peak generation,gas,gas_peak_CC_CCS,2060,OM-var,0.85,gas (CC CCS) (dry cooling)
peak generation,refined liquids,refined liquids_peak_steam/CT,2060,OM-var,1.62,refined liquids (steam/CT) (once through)
peak generation,refined liquids,refined liquids_peak_steam/CT,2060,OM-var,1.62,refined liquids (steam/CT) (seawater)
peak generation,refined liquids,refined liquids_peak_steam/CT,2060,OM-var,1.62,refined liquids (steam/CT) (recirculating)
peak generation,refined liquids,refined liquids_peak_steam/CT,2060,OM-var,1.62,refined liquids (steam/CT) (cooling pond)
peak generation,refined liquids,refined liquids_peak_steam/CT,2060,OM-var,1.62,refined liquids (steam/CT) (dry cooling)
peak generation,refined liquids,refined liquids_peak_CC,2060,OM-var,0.42,refined liquids (CC) (once through)
peak generation,refined liquids,refined liquids_peak_CC,2060,OM-var,0.42,refined liquids (CC) (seawater)
peak generation,refined liquids,refined liquids_peak_CC,2060,OM-var,0.42,refined liquids (CC) (recirculating)
peak generation,refined liquids,refined liquids_peak_CC,2060,OM-var,0.42,refined liquids (CC) (dry cooling)
peak generation,refined liquids,refined liquids_peak_CC_CCS,2060,OM-var,0.85,refined liquids (CC CCS) (once through)
peak generation,refined liquids,refined liquids_peak_CC_CCS,2060,OM-var,0.85,refined liquids (CC CCS) (seawater)
peak generation,refined liquids,refined liquids_peak_CC_CCS,2060,OM-var,0.85,refined liquids (CC CCS) (recirculating)
peak generation,refined liquids,refined liquids_peak_CC_CCS,2060,OM-var,0.85,refined liquids (CC CCS) (dry cooling)
peak generation,coal,coal_peak_conv pul_retire_2023,2060,OM-var,1.95,coal (conv pul) (once through)
peak generation,coal,coal_peak_conv pul_retire_2023,2060,OM-var,1.95,coal (conv pul) (seawater)
peak generation,coal,coal_peak_conv pul_retire_2023,2060,OM-var,1.95,coal (conv pul) (recirculating)
peak generation,coal,coal_peak_conv pul_retire_2023,2060,OM-var,1.95,coal (conv pul) (cooling pond)
peak generation,coal,coal_peak_conv pul_retire_2023,2060,OM-var,1.95,coal (conv pul) (dry cooling)
peak generation,coal,coal_peak_conv pul,2065,OM-var,1.94,coal (conv pul) (once through)
peak generation,coal,coal_peak_conv pul,2065,OM-var,1.94,coal (conv pul) (seawater)
peak generation,coal,coal_peak_conv pul,2065,OM-var,1.94,coal (conv pul) (recirculating)
peak generation,coal,coal_peak_conv pul,2065,OM-var,1.94,coal (conv pul) (cooling pond)
peak generation,coal,coal_peak_conv pul,2065,OM-var,1.94,coal (conv pul) (dry cooling)
peak generation,gas,gas_peak_steam/CT,2065,OM-var,1.61,gas (steam/CT) (once through)
peak generation,gas,gas_peak_steam/CT,2065,OM-var,1.61,gas (steam/CT) (seawater)
peak generation,gas,gas_peak_steam/CT,2065,OM-var,1.61,gas (steam/CT) (recirculating)
peak generation,gas,gas_peak_steam/CT,2065,OM-var,1.61,gas (steam/CT) (cooling pond)
peak generation,gas,gas_peak_steam/CT,2065,OM-var,1.61,gas (steam/CT) (dry cooling)
peak generation,gas,gas_peak_CC,2065,OM-var,0.42,gas (CC) (once through)
peak generation,gas,gas_peak_CC,2065,OM-var,0.42,gas (CC) (seawater)
peak generation,gas,gas_peak_CC,2065,OM-var,0.42,gas (CC) (recirculating)
peak generation,gas,gas_peak_CC,2065,OM-var,0.42,gas (CC) (cooling pond)
peak generation,gas,gas_peak_CC,2065,OM-var,0.42,gas (CC) (dry cooling)
peak generation,gas,gas_peak_CC_CCS,2065,OM-var,0.85,gas (CC CCS) (once through)
peak generation,gas,gas_peak_CC_CCS,2065,OM-var,0.85,gas (CC CCS) (seawater)
peak generation,gas,gas_peak_CC_CCS,2065,OM-var,0.85,gas (CC CCS) (recirculating)
peak generation,gas,gas_peak_CC_CCS,2065,OM-var,0.85,gas (CC CCS) (dry cooling)
peak generation,refined liquids,refined liquids_peak_steam/CT,2065,OM-var,1.61,refined liquids (steam/CT) (once through)
peak generation,refined liquids,refined liquids_peak_steam/CT,2065,OM-var,1.61,refined liquids (steam/CT) (seawater)
peak generation,refined liquids,refined liquids_peak_steam/CT,2065,OM-var,1.61,refined liquids (steam/CT) (recirculating)
peak generation,refined liquids,refined liquids_peak_steam/CT,2065,OM-var,1.61,refined liquids (steam/CT) (cooling pond)
peak generation,refined liquids,refined liquids_peak_steam/CT,2065,OM-var,1.61,refined liquids (steam/CT) (dry cooling)
peak generation,refined liquids,refined liquids_peak_CC,2065,OM-var,0.42,refined liquids (CC) (once through)
peak generation,refined liquids,refined liquids_peak_CC,2065,OM-var,0.42,refined liquids (CC) (seawater)
peak generation,refined liquids,refined liquids_peak_CC,2065,OM-var,0.42,refined liquids (CC) (recirculating)
peak generation,refined liquids,refined liquids_peak_CC,2065,OM-var,0.42,refined liquids (CC) (dry cooling)
peak generation,refined liquids,refined liquids_peak_CC_CCS,2065,OM-var,0.85,refined liquids (CC CCS) (once through)
peak generation,refined liquids,refined liquids_peak_CC_CCS,2065,OM-var,0.85,refined liquids (CC CCS) (seawater)
peak generation,refined liquids,refined liquids_peak_CC_CCS,2065,OM-var,0.85,refined liquids (CC CCS) (recirculating)
peak generation,refined liquids,refined liquids_peak_CC_CCS,2065,OM-var,0.85,refined liquids (CC CCS) (dry cooling)
peak generation,coal,coal_peak_conv pul_retire_2023,2065,OM-var,1.94,coal (conv pul) (once through)
peak generation,coal,coal_peak_conv pul_retire_2023,2065,OM-var,1.94,coal (conv pul) (seawater)
peak generation,coal,coal_peak_conv pul_retire_2023,2065,OM-var,1.94,coal (conv pul) (recirculating)
peak generation,coal,coal_peak_conv pul_retire_2023,2065,OM-var,1.94,coal (conv pul) (cooling pond)
peak generation,coal,coal_peak_conv pul_retire_2023,2065,OM-var,1.94,coal (conv pul) (dry cooling)
peak generation,coal,coal_peak_conv pul,2070,OM-var,1.93,coal (conv pul) (once through)
peak generation,coal,coal_peak_conv pul,2070,OM-var,1.93,coal (conv pul) (seawater)
peak generation,coal,coal_peak_conv pul,2070,OM-var,1.93,coal (conv pul) (recirculating)
peak generation,coal,coal_peak_conv pul,2070,OM-var,1.93,coal (conv pul) (cooling pond)
peak generation,coal,coal_peak_conv pul,2070,OM-var,1.93,coal (conv pul) (dry cooling)
peak generation,gas,gas_peak_steam/CT,2070,OM-var,1.6,gas (steam/CT) (once through)
peak generation,gas,gas_peak_steam/CT,2070,OM-var,1.6,gas (steam/CT) (seawater)
peak generation,gas,gas_peak_steam/CT,2070,OM-var,1.6,gas (steam/CT) (recirculating)
peak generation,gas,gas_peak_steam/CT,2070,OM-var,1.6,gas (steam/CT) (cooling pond)
peak generation,gas,gas_peak_steam/CT,2070,OM-var,1.6,gas (steam/CT) (dry cooling)
peak generation,gas,gas_peak_CC,2070,OM-var,0.41,gas (CC) (once through)
peak generation,gas,gas_peak_CC,2070,OM-var,0.41,gas (CC) (seawater)
peak generation,gas,gas_peak_CC,2070,OM-var,0.41,gas (CC) (recirculating)
peak generation,gas,gas_peak_CC,2070,OM-var,0.41,gas (CC) (cooling pond)
peak generation,gas,gas_peak_CC,2070,OM-var,0.41,gas (CC) (dry cooling)
peak generation,gas,gas_peak_CC_CCS,2070,OM-var,0.85,gas (CC CCS) (once through)
peak generation,gas,gas_peak_CC_CCS,2070,OM-var,0.85,gas (CC CCS) (seawater)
peak generation,gas,gas_peak_CC_CCS,2070,OM-var,0.85,gas (CC CCS) (recirculating)
peak generation,gas,gas_peak_CC_CCS,2070,OM-var,0.85,gas (CC CCS) (dry cooling)
peak generation,refined liquids,refined liquids_peak_steam/CT,2070,OM-var,1.6,refined liquids (steam/CT) (once through)
peak generation,refined liquids,refined liquids_peak_steam/CT,2070,OM-var,1.6,refined liquids (steam/CT) (seawater)
peak generation,refined liquids,refined liquids_peak_steam/CT,2070,OM-var,1.6,refined liquids (steam/CT) (recirculating)
peak generation,refined liquids,refined liquids_peak_steam/CT,2070,OM-var,1.6,refined liquids (steam/CT) (cooling pond)
peak generation,refined liquids,refined liquids_peak_steam/CT,2070,OM-var,1.6,refined liquids (steam/CT) (dry cooling)
peak generation,refined liquids,refined liquids_peak_CC,2070,OM-var,0.41,refined liquids (CC) (once through)
peak generation,refined liquids,refined liquids_peak_CC,2070,OM-var,0.41,refined liquids (CC) (seawater)
peak generation,refined liquids,refined liquids_peak_CC,2070,OM-var,0.41,refined liquids (CC) (recirculating)
peak generation,refined liquids,refined liquids_peak_CC,2070,OM-var,0.41,refined liquids (CC) (dry cooling)
peak generation,refined liquids,refined liquids_peak_CC_CCS,2070,OM-var,0.85,refined liquids (CC CCS) (once through)
peak generation,refined liquids,refined liquids_peak_CC_CCS,2070,OM-var,0.85,refined liquids (CC CCS) (seawater)
peak generation,refined liquids,refined liquids_peak_CC_CCS,2070,OM-var,0.85,refined liquids (CC CCS) (recirculating)
peak generation,refined liquids,refined liquids_peak_CC_CCS,2070,OM-var,0.85,refined liquids (CC CCS) (dry cooling)
peak generation,coal,coal_peak_conv pul_retire_2023,2070,OM-var,1.93,coal (conv pul) (once through)
peak generation,coal,coal_peak_conv pul_retire_2023,2070,OM-var,1.93,coal (conv pul) (seawater)
peak generation,coal,coal_peak_conv pul_retire_2023,2070,OM-var,1.93,coal (conv pul) (recirculating)
peak generation,coal,coal_peak_conv pul_retire_2023,2070,OM-var,1.93,coal (conv pul) (cooling pond)
peak generation,coal,coal_peak_conv pul_retire_2023,2070,OM-var,1.93,coal (conv pul) (dry cooling)
peak generation,coal,coal_peak_conv pul,2075,OM-var,1.92,coal (conv pul) (once through)
peak generation,coal,coal_peak_conv pul,2075,OM-var,1.92,coal (conv pul) (seawater)
peak generation,coal,coal_peak_conv pul,2075,OM-var,1.92,coal (conv pul) (recirculating)
peak generation,coal,coal_peak_conv pul,2075,OM-var,1.92,coal (conv pul) (cooling pond)
peak generation,coal,coal_peak_conv pul,2075,OM-var,1.92,coal (conv pul) (dry cooling)
peak generation,gas,gas_peak_steam/CT,2075,OM-var,1.59,gas (steam/CT) (once through)
peak generation,gas,gas_peak_steam/CT,2075,OM-var,1.59,gas (steam/CT) (seawater)
peak generation,gas,gas_peak_steam/CT,2075,OM-var,1.59,gas (steam/CT) (recirculating)
peak generation,gas,gas_peak_steam/CT,2075,OM-var,1.59,gas (steam/CT) (cooling pond)
peak generation,gas,gas_peak_steam/CT,2075,OM-var,1.59,gas (steam/CT) (dry cooling)
peak generation,gas,gas_peak_CC,2075,OM-var,0.41,gas (CC) (once through)
peak generation,gas,gas_peak_CC,2075,OM-var,0.41,gas (CC) (seawater)
peak generation,gas,gas_peak_CC,2075,OM-var,0.41,gas (CC) (recirculating)
peak generation,gas,gas_peak_CC,2075,OM-var,0.41,gas (CC) (cooling pond)
peak generation,gas,gas_peak_CC,2075,OM-var,0.41,gas (CC) (dry cooling)
peak generation,gas,gas_peak_CC_CCS,2075,OM-var,0.84,gas (CC CCS) (once through)
peak generation,gas,gas_peak_CC_CCS,2075,OM-var,0.84,gas (CC CCS) (seawater)
peak generation,gas,gas_peak_CC_CCS,2075,OM-var,0.84,gas (CC CCS) (recirculating)
peak generation,gas,gas_peak_CC_CCS,2075,OM-var,0.84,gas (CC CCS) (dry cooling)
peak generation,refined liquids,refined liquids_peak_steam/CT,2075,OM-var,1.59,refined liquids (steam/CT) (once through)
peak generation,refined liquids,refined liquids_peak_steam/CT,2075,OM-var,1.59,refined liquids (steam/CT) (seawater)
peak generation,refined liquids,refined liquids_peak_steam/CT,2075,OM-var,1.59,refined liquids (steam/CT) (recirculating)
peak generation,refined liquids,refined liquids_peak_steam/CT,2075,OM-var,1.59,refined liquids (steam/CT) (cooling pond)
peak generation,refined liquids,refined liquids_peak_steam/CT,2075,OM-var,1.59,refined liquids (steam/CT) (dry cooling)
peak generation,refined liquids,refined liquids_peak_CC,2075,OM-var,0.41,refined liquids (CC) (once through)
peak generation,refined liquids,refined liquids_peak_CC,2075,OM-var,0.41,refined liquids (CC) (seawater)
peak generation,refined liquids,refined liquids_peak_CC,2075,OM-var,0.41,refined liquids (CC) (recirculating)
peak generation,refined liquids,refined liquids_peak_CC,2075,OM-var,0.41,refined liquids (CC) (dry cooling)
peak generation,refined liquids,refined liquids_peak_CC_CCS,2075,OM-var,0.84,refined liquids (CC CCS) (once through)
peak generation,refined liquids,refined liquids_peak_CC_CCS,2075,OM-var,0.84,refined liquids (CC CCS) (seawater)
peak generation,refined liquids,refined liquids_peak_CC_CCS,2075,OM-var,0.84,refined liquids (CC CCS) (recirculating)
peak generation,refined liquids,refined liquids_peak_CC_CCS,2075,OM-var,0.84,refined liquids (CC CCS) (dry cooling)
peak generation,coal,coal_peak_conv pul_retire_2023,2075,OM-var,1.92,coal (conv pul) (once through)
peak generation,coal,coal_peak_conv pul_retire_2023,2075,OM-var,1.92,coal (conv pul) (seawater)
peak generation,coal,coal_peak_conv pul_retire_2023,2075,OM-var,1.92,coal (conv pul) (recirculating)
peak generation,coal,coal_peak_conv pul_retire_2023,2075,OM-var,1.92,coal (conv pul) (cooling pond)
peak generation,coal,coal_peak_conv pul_retire_2023,2075,OM-var,1.92,coal (conv pul) (dry cooling)
peak generation,coal,coal_peak_conv pul,2080,OM-var,1.91,coal (conv pul) (once through)
peak generation,coal,coal_peak_conv pul,2080,OM-var,1.91,coal (conv pul) (seawater)
peak generation,coal,coal_peak_conv pul,2080,OM-var,1.91,coal (conv pul) (recirculating)
peak generation,coal,coal_peak_conv pul,2080,OM-var,1.91,coal (conv pul) (cooling pond)
peak generation,coal,coal_peak_conv pul,2080,OM-var,1.91,coal (conv pul) (dry cooling)
peak generation,gas,gas_peak_steam/CT,2080,OM-var,1.59,gas (steam/CT) (once through)
peak generation,gas,gas_peak_steam/CT,2080,OM-var,1.59,gas (steam/CT) (seawater)
peak generation,gas,gas_peak_steam/CT,2080,OM-var,1.59,gas (steam/CT) (recirculating)
peak generation,gas,gas_peak_steam/CT,2080,OM-var,1.59,gas (steam/CT) (cooling pond)
peak generation,gas,gas_peak_steam/CT,2080,OM-var,1.59,gas (steam/CT) (dry cooling)
peak generation,gas,gas_peak_CC,2080,OM-var,0.41,gas (CC) (once through)
peak generation,gas,gas_peak_CC,2080,OM-var,0.41,gas (CC) (seawater)
peak generation,gas,gas_peak_CC,2080,OM-var,0.41,gas (CC) (recirculating)
peak generation,gas,gas_peak_CC,2080,OM-var,0.41,gas (CC) (cooling pond)
peak generation,gas,gas_peak_CC,2080,OM-var,0.41,gas (CC) (dry cooling)
peak generation,gas,gas_peak_CC_CCS,2080,OM-var,0.84,gas (CC CCS) (once through)
peak generation,gas,gas_peak_CC_CCS,2080,OM-var,0.84,gas (CC CCS) (seawater)
peak generation,gas,gas_peak_CC_CCS,2080,OM-var,0.84,gas (CC CCS) (recirculating)
peak generation,gas,gas_peak_CC_CCS,2080,OM-var,0.84,gas (CC CCS) (dry cooling)
peak generation,refined liquids,refined liquids_peak_steam/CT,2080,OM-var,1.59,refined liquids (steam/CT) (once through)
peak generation,refined liquids,refined liquids_peak_steam/CT,2080,OM-var,1.59,refined liquids (steam/CT) (seawater)
peak generation,refined liquids,refined liquids_peak_steam/CT,2080,OM-var,1.59,refined liquids (steam/CT) (recirculating)
peak generation,refined liquids,refined liquids_peak_steam/CT,2080,OM-var,1.59,refined liquids (steam/CT) (cooling pond)
peak generation,refined liquids,refined liquids_peak_steam/CT,2080,OM-var,1.59,refined liquids (steam/CT) (dry cooling)
peak generation,refined liquids,refined liquids_peak_CC,2080,OM-var,0.41,refined liquids (CC) (once through)
peak generation,refined liquids,refined liquids_peak_CC,2080,OM-var,0.41,refined liquids (CC) (seawater)
peak generation,refined liquids,refined liquids_peak_CC,2080,OM-var,0.41,refined liquids (CC) (recirculating)
peak generation,refined liquids,refined liquids_peak_CC,2080,OM-var,0.41,refined liquids (CC) (dry cooling)
peak generation,refined liquids,refined liquids_peak_CC_CCS,2080,OM-var,0.84,refined liquids (CC CCS) (once through)
peak generation,refined liquids,refined liquids_peak_CC_CCS,2080,OM-var,0.84,refined liquids (CC CCS) (seawater)
peak generation,refined liquids,refined liquids_peak_CC_CCS,2080,OM-var,0.84,refined liquids (CC CCS) (recirculating)
peak generation,refined liquids,refined liquids_peak_CC_CCS,2080,OM-var,0.84,refined liquids (CC CCS) (dry cooling)
peak generation,coal,coal_peak_conv pul_retire_2023,2080,OM-var,1.91,coal (conv pul) (once through)
peak generation,coal,coal_peak_conv pul_retire_2023,2080,OM-var,1.91,coal (conv pul) (seawater)
peak generation,coal,coal_peak_conv pul_retire_2023,2080,OM-var,1.91,coal (conv pul) (recirculating)
peak generation,coal,coal_peak_conv pul_retire_2023,2080,OM-var,1.91,coal (conv pul) (cooling pond)
peak generation,coal,coal_peak_conv pul_retire_2023,2080,OM-var,1.91,coal (conv pul) (dry cooling)
peak generation,coal,coal_peak_conv pul,2085,OM-var,1.9,coal (conv pul) (once through)
peak generation,coal,coal_peak_conv pul,2085,OM-var,1.9,coal (conv pul) (seawater)
peak generation,coal,coal_peak_conv pul,2085,OM-var,1.9,coal (conv pul) (recirculating)
peak generation,coal,coal_peak_conv pul,2085,OM-var,1.9,coal (conv pul) (cooling pond)
peak generation,coal,coal_peak_conv pul,2085,OM-var,1.9,coal (conv pul) (dry cooling)
peak generation,gas,gas_peak_steam/CT,2085,OM-var,1.58,gas (steam/CT) (once through)
peak generation,gas,gas_peak_steam/CT,2085,OM-var,1.58,gas (steam/CT) (seawater)
peak generation,gas,gas_peak_steam/CT,2085,OM-var,1.58,gas (steam/CT) (recirculating)
peak generation,gas,gas_peak_steam/CT,2085,OM-var,1.58,gas (steam/CT) (cooling pond)
peak generation,gas,gas_peak_steam/CT,2085,OM-var,1.58,gas (steam/CT) (dry cooling)
peak generation,gas,gas_peak_CC,2085,OM-var,0.41,gas (CC) (once through)
peak generation,gas,gas_peak_CC,2085,OM-var,0.41,gas (CC) (seawater)
peak generation,gas,gas_peak_CC,2085,OM-var,0.41,gas (CC) (recirculating)
peak generation,gas,gas_peak_CC,2085,OM-var,0.41,gas (CC) (cooling pond)
peak generation,gas,gas_peak_CC,2085,OM-var,0.41,gas (CC) (dry cooling)
peak generation,gas,gas_peak_CC_CCS,2085,OM-var,0.83,gas (CC CCS) (once through)
peak generation,gas,gas_peak_CC_CCS,2085,OM-var,0.83,gas (CC CCS) (seawater)
peak generation,gas,gas_peak_CC_CCS,2085,OM-var,0.83,gas (CC CCS) (recirculating)
peak generation,gas,gas_peak_CC_CCS,2085,OM-var,0.83,gas (CC CCS) (dry cooling)
peak generation,refined liquids,refined liquids_peak_steam/CT,2085,OM-var,1.58,refined liquids (steam/CT) (once through)
peak generation,refined liquids,refined liquids_peak_steam/CT,2085,OM-var,1.58,refined liquids (steam/CT) (seawater)
peak generation,refined liquids,refined liquids_peak_steam/CT,2085,OM-var,1.58,refined liquids (steam/CT) (recirculating)
peak generation,refined liquids,refined liquids_peak_steam/CT,2085,OM-var,1.58,refined liquids (steam/CT) (cooling pond)
peak generation,refined liquids,refined liquids_peak_steam/CT,2085,OM-var,1.58,refined liquids (steam/CT) (dry cooling)
peak generation,refined liquids,refined liquids_peak_CC,2085,OM-var,0.41,refined liquids (CC) (once through)
peak generation,refined liquids,refined liquids_peak_CC,2085,OM-var,0.41,refined liquids (CC) (seawater)
peak generation,refined liquids,refined liquids_peak_CC,2085,OM-var,0.41,refined liquids (CC) (recirculating)
peak generation,refined liquids,refined liquids_peak_CC,2085,OM-var,0.41,refined liquids (CC) (dry cooling)
peak generation,refined liquids,refined liquids_peak_CC_CCS,2085,OM-var,0.83,refined liquids (CC CCS) (once through)
peak generation,refined liquids,refined liquids_peak_CC_CCS,2085,OM-var,0.83,refined liquids (CC CCS) (seawater)
peak generation,refined liquids,refined liquids_peak_CC_CCS,2085,OM-var,0.83,refined liquids (CC CCS) (recirculating)
peak generation,refined liquids,refined liquids_peak_CC_CCS,2085,OM-var,0.83,refined liquids (CC CCS) (dry cooling)
peak generation,coal,coal_peak_conv pul_retire_2023,2085,OM-var,1.9,coal (conv pul) (once through)
peak generation,coal,coal_peak_conv pul_retire_2023,2085,OM-var,1.9,coal (conv pul) (seawater)
peak generation,coal,coal_peak_conv pul_retire_2023,2085,OM-var,1.9,coal (conv pul) (recirculating)
peak generation,coal,coal_peak_conv pul_retire_2023,2085,OM-var,1.9,coal (conv pul) (cooling pond)
peak generation,coal,coal_peak_conv pul_retire_2023,2085,OM-var,1.9,coal (conv pul) (dry cooling)
peak generation,coal,coal_peak_conv pul,2090,OM-var,1.89,coal (conv pul) (once through)
peak generation,coal,coal_peak_conv pul,2090,OM-var,1.89,coal (conv pul) (seawater)
peak generation,coal,coal_peak_conv pul,2090,OM-var,1.89,coal (conv pul) (recirculating)
peak generation,coal,coal_peak_conv pul,2090,OM-var,1.89,coal (conv pul) (cooling pond)
peak generation,coal,coal_peak_conv pul,2090,OM-var,1.89,coal (conv pul) (dry cooling)
peak generation,gas,gas_peak_steam/CT,2090,OM-var,1.57,gas (steam/CT) (once through)
peak generation,gas,gas_peak_steam/CT,2090,OM-var,1.57,gas (steam/CT) (seawater)
peak generation,gas,gas_peak_steam/CT,2090,OM-var,1.57,gas (steam/CT) (recirculating)
peak generation,gas,gas_peak_steam/CT,2090,OM-var,1.57,gas (steam/CT) (cooling pond)
peak generation,gas,gas_peak_steam/CT,2090,OM-var,1.57,gas (steam/CT) (dry cooling)
peak generation,gas,gas_peak_CC,2090,OM-var,0.41,gas (CC) (once through)
peak generation,gas,gas_peak_CC,2090,OM-var,0.41,gas (CC) (seawater)
peak generation,gas,gas_peak_CC,2090,OM-var,0.41,gas (CC) (recirculating)
peak generation,gas,gas_peak_CC,2090,OM-var,0.41,gas (CC) (cooling pond)
peak generation,gas,gas_peak_CC,2090,OM-var,0.41,gas (CC) (dry cooling)
peak generation,gas,gas_peak_CC_CCS,2090,OM-var,0.83,gas (CC CCS) (once through)
peak generation,gas,gas_peak_CC_CCS,2090,OM-var,0.83,gas (CC CCS) (seawater)
peak generation,gas,gas_peak_CC_CCS,2090,OM-var,0.83,gas (CC CCS) (recirculating)
peak generation,gas,gas_peak_CC_CCS,2090,OM-var,0.83,gas (CC CCS) (dry cooling)
peak generation,refined liquids,refined liquids_peak_steam/CT,2090,OM-var,1.57,refined liquids (steam/CT) (once through)
peak generation,refined liquids,refined liquids_peak_steam/CT,2090,OM-var,1.57,refined liquids (steam/CT) (seawater)
peak generation,refined liquids,refined liquids_peak_steam/CT,2090,OM-var,1.57,refined liquids (steam/CT) (recirculating)
peak generation,refined liquids,refined liquids_peak_steam/CT,2090,OM-var,1.57,refined liquids (steam/CT) (cooling pond)
peak generation,refined liquids,refined liquids_peak_steam/CT,2090,OM-var,1.57,refined liquids (steam/CT) (dry cooling)
peak generation,refined liquids,refined liquids_peak_CC,2090,OM-var,0.41,refined liquids (CC) (once through)
peak generation,refined liquids,refined liquids_peak_CC,2090,OM-var,0.41,refined liquids (CC) (seawater)
peak generation,refined liquids,refined liquids_peak_CC,2090,OM-var,0.41,refined liquids (CC) (recirculating)
peak generation,refined liquids,refined liquids_peak_CC,2090,OM-var,0.41,refined liquids (CC) (dry cooling)
peak generation,refined liquids,refined liquids_peak_CC_CCS,2090,OM-var,0.83,refined liquids (CC CCS) (once through)
peak generation,refined liquids,refined liquids_peak_CC_CCS,2090,OM-var,0.83,refined liquids (CC CCS) (seawater)
peak generation,refined liquids,refined liquids_peak_CC_CCS,2090,OM-var,0.83,refined liquids (CC CCS) (recirculating)
peak generation,refined liquids,refined liquids_peak_CC_CCS,2090,OM-var,0.83,refined liquids (CC CCS) (dry cooling)
peak generation,coal,coal_peak_conv pul_retire_2023,2090,OM-var,1.89,coal (conv pul) (once through)
peak generation,coal,coal_peak_conv pul_retire_2023,2090,OM-var,1.89,coal (conv pul) (seawater)
peak generation,coal,coal_peak_conv pul_retire_2023,2090,OM-var,1.89,coal (conv pul) (recirculating)
peak generation,coal,coal_peak_conv pul_retire_2023,2090,OM-var,1.89,coal (conv pul) (cooling pond)
peak generation,coal,coal_peak_conv pul_retire_2023,2090,OM-var,1.89,coal (conv pul) (dry cooling)
peak generation,coal,coal_peak_conv pul,2095,OM-var,1.88,coal (conv pul) (once through)
peak generation,coal,coal_peak_conv pul,2095,OM-var,1.88,coal (conv pul) (seawater)
peak generation,coal,coal_peak_conv pul,2095,OM-var,1.88,coal (conv pul) (recirculating)
peak generation,coal,coal_peak_conv pul,2095,OM-var,1.88,coal (conv pul) (cooling pond)
peak generation,coal,coal_peak_conv pul,2095,OM-var,1.88,coal (conv pul) (dry cooling)
peak generation,gas,gas_peak_steam/CT,2095,OM-var,1.56,gas (steam/CT) (once through)
peak generation,gas,gas_peak_steam/CT,2095,OM-var,1.56,gas (steam/CT) (seawater)
peak generation,gas,gas_peak_steam/CT,2095,OM-var,1.56,gas (steam/CT) (recirculating)
peak generation,gas,gas_peak_steam/CT,2095,OM-var,1.56,gas (steam/CT) (cooling pond)
peak generation,gas,gas_peak_steam/CT,2095,OM-var,1.56,gas (steam/CT) (dry cooling)
peak generation,gas,gas_peak_CC,2095,OM-var,0.4,gas (CC) (once through)
peak generation,gas,gas_peak_CC,2095,OM-var,0.4,gas (CC) (seawater)
peak generation,gas,gas_peak_CC,2095,OM-var,0.4,gas (CC) (recirculating)
peak generation,gas,gas_peak_CC,2095,OM-var,0.4,gas (CC) (cooling pond)
peak generation,gas,gas_peak_CC,2095,OM-var,0.4,gas (CC) (dry cooling)
peak generation,gas,gas_peak_CC_CCS,2095,OM-var,0.82,gas (CC CCS) (once through)
peak generation,gas,gas_peak_CC_CCS,2095,OM-var,0.82,gas (CC CCS) (seawater)
peak generation,gas,gas_peak_CC_CCS,2095,OM-var,0.82,gas (CC CCS) (recirculating)
peak generation,gas,gas_peak_CC_CCS,2095,OM-var,0.82,gas (CC CCS) (dry cooling)
peak generation,refined liquids,refined liquids_peak_steam/CT,2095,OM-var,1.56,refined liquids (steam/CT) (once through)
peak generation,refined liquids,refined liquids_peak_steam/CT,2095,OM-var,1.56,refined liquids (steam/CT) (seawater)
peak generation,refined liquids,refined liquids_peak_steam/CT,2095,OM-var,1.56,refined liquids (steam/CT) (recirculating)
peak generation,refined liquids,refined liquids_peak_steam/CT,2095,OM-var,1.56,refined liquids (steam/CT) (cooling pond)
peak generation,refined liquids,refined liquids_peak_steam/CT,2095,OM-var,1.56,refined liquids (steam/CT) (dry cooling)
peak generation,refined liquids,refined liquids_peak_CC,2095,OM-var,0.4,refined liquids (CC) (once through)
peak generation,refined liquids,refined liquids_peak_CC,2095,OM-var,0.4,refined liquids (CC) (seawater)
peak generation,refined liquids,refined liquids_peak_CC,2095,OM-var,0.4,refined liquids (CC) (recirculating)
peak generation,refined liquids,refined liquids_peak_CC,2095,OM-var,0.4,refined liquids (CC) (dry cooling)
peak generation,refined liquids,refined liquids_peak_CC_CCS,2095,OM-var,0.82,refined liquids (CC CCS) (once through)
peak generation,refined liquids,refined liquids_peak_CC_CCS,2095,OM-var,0.82,refined liquids (CC CCS) (seawater)
peak generation,refined liquids,refined liquids_peak_CC_CCS,2095,OM-var,0.82,refined liquids (CC CCS) (recirculating)
peak generation,refined liquids,refined liquids_peak_CC_CCS,2095,OM-var,0.82,refined liquids (CC CCS) (dry cooling)
peak generation,coal,coal_peak_conv pul_retire_2023,2095,OM-var,1.88,coal (conv pul) (once through)
peak generation,coal,coal_peak_conv pul_retire_2023,2095,OM-var,1.88,coal (conv pul) (seawater)
peak generation,coal,coal_peak_conv pul_retire_2023,2095,OM-var,1.88,coal (conv pul) (recirculating)
peak generation,coal,coal_peak_conv pul_retire_2023,2095,OM-var,1.88,coal (conv pul) (cooling pond)
peak generation,coal,coal_peak_conv pul_retire_2023,2095,OM-var,1.88,coal (conv pul) (dry cooling)
peak generation,coal,coal_peak_conv pul,2100,OM-var,1.87,coal (conv pul) (once through)
peak generation,coal,coal_peak_conv pul,2100,OM-var,1.87,coal (conv pul) (seawater)
peak generation,coal,coal_peak_conv pul,2100,OM-var,1.87,coal (conv pul) (recirculating)
peak generation,coal,coal_peak_conv pul,2100,OM-var,1.87,coal (conv pul) (cooling pond)
peak generation,coal,coal_peak_conv pul,2100,OM-var,1.87,coal (conv pul) (dry cooling)
peak generation,gas,gas_peak_steam/CT,2100,OM-var,1.56,gas (steam/CT) (once through)
peak generation,gas,gas_peak_steam/CT,2100,OM-var,1.56,gas (steam/CT) (seawater)
peak generation,gas,gas_peak_steam/CT,2100,OM-var,1.56,gas (steam/CT) (recirculating)
peak generation,gas,gas_peak_steam/CT,2100,OM-var,1.56,gas (steam/CT) (cooling pond)
peak generation,gas,gas_peak_steam/CT,2100,OM-var,1.56,gas (steam/CT) (dry cooling)
peak generation,gas,gas_peak_CC,2100,OM-var,0.4,gas (CC) (once through)
peak generation,gas,gas_peak_CC,2100,OM-var,0.4,gas (CC) (seawater)
peak generation,gas,gas_peak_CC,2100,OM-var,0.4,gas (CC) (recirculating)
peak generation,gas,gas_peak_CC,2100,OM-var,0.4,gas (CC) (cooling pond)
peak generation,gas,gas_peak_CC,2100,OM-var,0.4,gas (CC) (dry cooling)
peak generation,gas,gas_peak_CC_CCS,2100,OM-var,0.82,gas (CC CCS) (once through)
peak generation,gas,gas_peak_CC_CCS,2100,OM-var,0.82,gas (CC CCS) (seawater)
peak generation,gas,gas_peak_CC_CCS,2100,OM-var,0.82,gas (CC CCS) (recirculating)
peak generation,gas,gas_peak_CC_CCS,2100,OM-var,0.82,gas (CC CCS) (dry cooling)
peak generation,refined liquids,refined liquids_peak_steam/CT,2100,OM-var,1.56,refined liquids (steam/CT) (once through)
peak generation,refined liquids,refined liquids_peak_steam/CT,2100,OM-var,1.56,refined liquids (steam/CT) (seawater)
peak generation,refined liquids,refined liquids_peak_steam/CT,2100,OM-var,1.56,refined liquids (steam/CT) (recirculating)
peak generation,refined liquids,refined liquids_peak_steam/CT,2100,OM-var,1.56,refined liquids (steam/CT) (cooling pond)
peak generation,refined liquids,refined liquids_peak_steam/CT,2100,OM-var,1.56,refined liquids (steam/CT) (dry cooling)
peak generation,refined liquids,refined liquids_peak_CC,2100,OM-var,0.4,refined liquids (CC) (once through)
peak generation,refined liquids,refined liquids_peak_CC,2100,OM-var,0.4,refined liquids (CC) (seawater)
peak generation,refined liquids,refined liquids_peak_CC,2100,OM-var,0.4,refined liquids (CC) (recirculating)
peak generation,refined liquids,refined liquids_peak_CC,2100,OM-var,0.4,refined liquids (CC) (dry cooling)
peak generation,refined liquids,refined liquids_peak_CC_CCS,2100,OM-var,0.82,refined liquids (CC CCS) (once through)
peak generation,refined liquids,refined liquids_peak_CC_CCS,2100,OM-var,0.82,refined liquids (CC CCS) (seawater)
peak generation,refined liquids,refined liquids_peak_CC_CCS,2100,OM-var,0.82,refined liquids (CC CCS) (recirculating)
peak generation,refined liquids,refined liquids_peak_CC_CCS,2100,OM-var,0.82,refined liquids (CC CCS) (dry cooling)
peak generation,coal,coal_peak_conv pul_retire_2023,2100,OM-var,1.87,coal (conv pul) (once through)
peak generation,coal,coal_peak_conv pul_retire_2023,2100,OM-var,1.87,coal (conv pul) (seawater)
peak generation,coal,coal_peak_conv pul_retire_2023,2100,OM-var,1.87,coal (conv pul) (recirculating)
peak generation,coal,coal_peak_conv pul_retire_2023,2100,OM-var,1.87,coal (conv pul) (cooling pond)
peak generation,coal,coal_peak_conv pul_retire_2023,2100,OM-var,1.87,coal (conv pul) (dry cooling)
subpeak generation,coal,coal_subpeak_conv pul,1975,OM-var,2.12,coal (conv pul) (once through)
subpeak generation,coal,coal_subpeak_conv pul,1975,OM-var,2.12,coal (conv pul) (seawater)
subpeak generation,coal,coal_subpeak_conv pul,1975,OM-var,2.12,coal (conv pul) (recirculating)
subpeak generation,coal,coal_subpeak_conv pul,1975,OM-var,2.12,coal (conv pul) (cooling pond)
subpeak generation,coal,coal_subpeak_conv pul,1975,OM-var,2.12,coal (conv pul) (dry cooling)
subpeak generation,gas,gas_subpeak_steam/CT,1975,OM-var,1.33,gas (steam/CT) (once through)
subpeak generation,gas,gas_subpeak_steam/CT,1975,OM-var,1.33,gas (steam/CT) (seawater)
subpeak generation,gas,gas_subpeak_steam/CT,1975,OM-var,1.33,gas (steam/CT) (recirculating)
subpeak generation,gas,gas_subpeak_steam/CT,1975,OM-var,1.33,gas (steam/CT) (cooling pond)
subpeak generation,gas,gas_subpeak_steam/CT,1975,OM-var,1.33,gas (steam/CT) (dry cooling)
subpeak generation,gas,gas_subpeak_CC,1975,OM-var,0.47,gas (CC) (once through)
subpeak generation,gas,gas_subpeak_CC,1975,OM-var,0.47,gas (CC) (seawater)
subpeak generation,gas,gas_subpeak_CC,1975,OM-var,0.47,gas (CC) (recirculating)
subpeak generation,gas,gas_subpeak_CC,1975,OM-var,0.47,gas (CC) (cooling pond)
subpeak generation,gas,gas_subpeak_CC,1975,OM-var,0.47,gas (CC) (dry cooling)
subpeak generation,gas,gas_subpeak_CC_CCS,1975,OM-var,1.18,gas (CC CCS) (once through)
subpeak generation,gas,gas_subpeak_CC_CCS,1975,OM-var,1.18,gas (CC CCS) (seawater)
subpeak generation,gas,gas_subpeak_CC_CCS,1975,OM-var,1.18,gas (CC CCS) (recirculating)
subpeak generation,gas,gas_subpeak_CC_CCS,1975,OM-var,1.18,gas (CC CCS) (dry cooling)
subpeak generation,refined liquids,refined liquids_subpeak_steam/CT,1975,OM-var,1.33,refined liquids (steam/CT) (once through)
subpeak generation,refined liquids,refined liquids_subpeak_steam/CT,1975,OM-var,1.33,refined liquids (steam/CT) (seawater)
subpeak generation,refined liquids,refined liquids_subpeak_steam/CT,1975,OM-var,1.33,refined liquids (steam/CT) (recirculating)
subpeak generation,refined liquids,refined liquids_subpeak_steam/CT,1975,OM-var,1.33,refined liquids (steam/CT) (cooling pond)
subpeak generation,refined liquids,refined liquids_subpeak_steam/CT,1975,OM-var,1.33,refined liquids (steam/CT) (dry cooling)
subpeak generation,refined liquids,refined liquids_subpeak_CC,1975,OM-var,0.47,refined liquids (CC) (once through)
subpeak generation,refined liquids,refined liquids_subpeak_CC,1975,OM-var,0.47,refined liquids (CC) (seawater)
subpeak generation,refined liquids,refined liquids_subpeak_CC,1975,OM-var,0.47,refined liquids (CC) (recirculating)
subpeak generation,refined liquids,refined liquids_subpeak_CC,1975,OM-var,0.47,refined liquids (CC) (dry cooling)
subpeak generation,refined liquids,refined liquids_subpeak_CC_CCS,1975,OM-var,1.18,refined liquids (CC CCS) (once through)
subpeak generation,refined liquids,refined liquids_subpeak_CC_CCS,1975,OM-var,1.18,refined liquids (CC CCS) (seawater)
subpeak generation,refined liquids,refined liquids_subpeak_CC_CCS,1975,OM-var,1.18,refined liquids (CC CCS) (recirculating)
subpeak generation,refined liquids,refined liquids_subpeak_CC_CCS,1975,OM-var,1.18,refined liquids (CC CCS) (dry cooling)
subpeak generation,coal,coal_subpeak_conv pul_retire_2023,1975,OM-var,2.12,coal (conv pul) (once through)
subpeak generation,coal,coal_subpeak_conv pul_retire_2023,1975,OM-var,2.12,coal (conv pul) (seawater)
subpeak generation,coal,coal_subpeak_conv pul_retire_2023,1975,OM-var,2.12,coal (conv pul) (recirculating)
subpeak generation,coal,coal_subpeak_conv pul_retire_2023,1975,OM-var,2.12,coal (conv pul) (cooling pond)
subpeak generation,coal,coal_subpeak_conv pul_retire_2023,1975,OM-var,2.12,coal (conv pul) (dry cooling)
subpeak generation,coal,coal_subpeak_conv pul,1990,OM-var,2.12,coal (conv pul) (once through)
subpeak generation,coal,coal_subpeak_conv pul,1990,OM-var,2.12,coal (conv pul) (seawater)
subpeak generation,coal,coal_subpeak_conv pul,1990,OM-var,2.12,coal (conv pul) (recirculating)
subpeak generation,coal,coal_subpeak_conv pul,1990,OM-var,2.12,coal (conv pul) (cooling pond)
subpeak generation,coal,coal_subpeak_conv pul,1990,OM-var,2.12,coal (conv pul) (dry cooling)
subpeak generation,gas,gas_subpeak_steam/CT,1990,OM-var,1.33,gas (steam/CT) (once through)
subpeak generation,gas,gas_subpeak_steam/CT,1990,OM-var,1.33,gas (steam/CT) (seawater)
subpeak generation,gas,gas_subpeak_steam/CT,1990,OM-var,1.33,gas (steam/CT) (recirculating)
subpeak generation,gas,gas_subpeak_steam/CT,1990,OM-var,1.33,gas (steam/CT) (cooling pond)
subpeak generation,gas,gas_subpeak_steam/CT,1990,OM-var,1.33,gas (steam/CT) (dry cooling)
subpeak generation,gas,gas_subpeak_CC,1990,OM-var,0.47,gas (CC) (once through)
subpeak generation,gas,gas_subpeak_CC,1990,OM-var,0.47,gas (CC) (seawater)
subpeak generation,gas,gas_subpeak_CC,1990,OM-var,0.47,gas (CC) (recirculating)
subpeak generation,gas,gas_subpeak_CC,1990,OM-var,0.47,gas (CC) (cooling pond)
subpeak generation,gas,gas_subpeak_CC,1990,OM-var,0.47,gas (CC) (dry cooling)
subpeak generation,gas,gas_subpeak_CC_CCS,1990,OM-var,1.18,gas (CC CCS) (once through)
subpeak generation,gas,gas_subpeak_CC_CCS,1990,OM-var,1.18,gas (CC CCS) (seawater)
subpeak generation,gas,gas_subpeak_CC_CCS,1990,OM-var,1.18,gas (CC CCS) (recirculating)
subpeak generation,gas,gas_subpeak_CC_CCS,1990,OM-var,1.18,gas (CC CCS) (dry cooling)
subpeak generation,refined liquids,refined liquids_subpeak_steam/CT,1990,OM-var,1.33,refined liquids (steam/CT) (once through)
subpeak generation,refined liquids,refined liquids_subpeak_steam/CT,1990,OM-var,1.33,refined liquids (steam/CT) (seawater)
subpeak generation,refined liquids,refined liquids_subpeak_steam/CT,1990,OM-var,1.33,refined liquids (steam/CT) (recirculating)
subpeak generation,refined liquids,refined liquids_subpeak_steam/CT,1990,OM-var,1.33,refined liquids (steam/CT) (cooling pond)
subpeak generation,refined liquids,refined liquids_subpeak_steam/CT,1990,OM-var,1.33,refined liquids (steam/CT) (dry cooling)
subpeak generation,refined liquids,refined liquids_subpeak_CC,1990,OM-var,0.47,refined liquids (CC) (once through)
subpeak generation,refined liquids,refined liquids_subpeak_CC,1990,OM-var,0.47,refined liquids (CC) (seawater)
subpeak generation,refined liquids,refined liquids_subpeak_CC,1990,OM-var,0.47,refined liquids (CC) (recirculating)
subpeak generation,refined liquids,refined liquids_subpeak_CC,1990,OM-var,0.47,refined liquids (CC) (dry cooling)
subpeak generation,refined liquids,refined liquids_subpeak_CC_CCS,1990,OM-var,1.18,refined liquids (CC CCS) (once through)
subpeak generation,refined liquids,refined liquids_subpeak_CC_CCS,1990,OM-var,1.18,refined liquids (CC CCS) (seawater)
subpeak generation,refined liquids,refined liquids_subpeak_CC_CCS,1990,OM-var,1.18,refined liquids (CC CCS) (recirculating)
subpeak generation,refined liquids,refined liquids_subpeak_CC_CCS,1990,OM-var,1.18,refined liquids (CC CCS) (dry cooling)
subpeak generation,coal,coal_subpeak_conv pul_retire_2023,1990,OM-var,2.12,coal (conv pul) (once through)
subpeak generation,coal,coal_subpeak_conv pul_retire_2023,1990,OM-var,2.12,coal (conv pul) (seawater)
subpeak generation,coal,coal_subpeak_conv pul_retire_2023,1990,OM-var,2.12,coal (conv pul) (recirculating)
subpeak generation,coal,coal_subpeak_conv pul_retire_2023,1990,OM-var,2.12,coal (conv pul) (cooling pond)
subpeak generation,coal,coal_subpeak_conv pul_retire_2023,1990,OM-var,2.12,coal (conv pul) (dry cooling)
subpeak generation,coal,coal_subpeak_conv pul,2005,OM-var,2.12,coal (conv pul) (once through)
subpeak generation,coal,coal_subpeak_conv pul,2005,OM-var,2.12,coal (conv pul) (seawater)
subpeak generation,coal,coal_subpeak_conv pul,2005,OM-var,2.12,coal (conv pul) (recirculating)
subpeak generation,coal,coal_subpeak_conv pul,2005,OM-var,2.12,coal (conv pul) (cooling pond)
subpeak generation,coal,coal_subpeak_conv pul,2005,OM-var,2.12,coal (conv pul) (dry cooling)
subpeak generation,gas,gas_subpeak_steam/CT,2005,OM-var,1.33,gas (steam/CT) (once through)
subpeak generation,gas,gas_subpeak_steam/CT,2005,OM-var,1.33,gas (steam/CT) (seawater)
subpeak generation,gas,gas_subpeak_steam/CT,2005,OM-var,1.33,gas (steam/CT) (recirculating)
subpeak generation,gas,gas_subpeak_steam/CT,2005,OM-var,1.33,gas (steam/CT) (cooling pond)
subpeak generation,gas,gas_subpeak_steam/CT,2005,OM-var,1.33,gas (steam/CT) (dry cooling)
subpeak generation,gas,gas_subpeak_CC,2005,OM-var,0.47,gas (CC) (once through)
subpeak generation,gas,gas_subpeak_CC,2005,OM-var,0.47,gas (CC) (seawater)
subpeak generation,gas,gas_subpeak_CC,2005,OM-var,0.47,gas (CC) (recirculating)
subpeak generation,gas,gas_subpeak_CC,2005,OM-var,0.47,gas (CC) (cooling pond)
subpeak generation,gas,gas_subpeak_CC,2005,OM-var,0.47,gas (CC) (dry cooling)
subpeak generation,gas,gas_subpeak_CC_CCS,2005,OM-var,1.18,gas (CC CCS) (once through)
subpeak generation,gas,gas_subpeak_CC_CCS,2005,OM-var,1.18,gas (CC CCS) (seawater)
subpeak generation,gas,gas_subpeak_CC_CCS,2005,OM-var,1.18,gas (CC CCS) (recirculating)
subpeak generation,gas,gas_subpeak_CC_CCS,2005,OM-var,1.18,gas (CC CCS) (dry cooling)
subpeak generation,refined liquids,refined liquids_subpeak_steam/CT,2005,OM-var,1.33,refined liquids (steam/CT) (once through)
subpeak generation,refined liquids,refined liquids_subpeak_steam/CT,2005,OM-var,1.33,refined liquids (steam/CT) (seawater)
subpeak generation,refined liquids,refined liquids_subpeak_steam/CT,2005,OM-var,1.33,refined liquids (steam/CT) (recirculating)
subpeak generation,refined liquids,refined liquids_subpeak_steam/CT,2005,OM-var,1.33,refined liquids (steam/CT) (cooling pond)
subpeak generation,refined liquids,refined liquids_subpeak_steam/CT,2005,OM-var,1.33,refined liquids (steam/CT) (dry cooling)
subpeak generation,refined liquids,refined liquids_subpeak_CC,2005,OM-var,0.47,refined liquids (CC) (once through)
subpeak generation,refined liquids,refined liquids_subpeak_CC,2005,OM-var,0.47,refined liquids (CC) (seawater)
subpeak generation,refined liquids,refined liquids_subpeak_CC,2005,OM-var,0.47,refined liquids (CC) (recirculating)
subpeak generation,refined liquids,refined liquids_subpeak_CC,2005,OM-var,0.47,refined liquids (CC) (dry cooling)
subpeak generation,refined liquids,refined liquids_subpeak_CC_CCS,2005,OM-var,1.18,refined liquids (CC CCS) (once through)
subpeak generation,refined liquids,refined liquids_subpeak_CC_CCS,2005,OM-var,1.18,refined liquids (CC CCS) (seawater)
subpeak generation,refined liquids,refined liquids_subpeak_CC_CCS,2005,OM-var,1.18,refined liquids (CC CCS) (recirculating)
subpeak generation,refined liquids,refined liquids_subpeak_CC_CCS,2005,OM-var,1.18,refined liquids (CC CCS) (dry cooling)
subpeak generation,coal,coal_subpeak_conv pul_retire_2023,2005,OM-var,2.12,coal (conv pul) (once through)
subpeak generation,coal,coal_subpeak_conv pul_retire_2023,2005,OM-var,2.12,coal (conv pul) (seawater)
subpeak generation,coal,coal_subpeak_conv pul_retire_2023,2005,OM-var,2.12,coal (conv pul) (recirculating)
subpeak generation,coal,coal_subpeak_conv pul_retire_2023,2005,OM-var,2.12,coal (conv pul) (cooling pond)
subpeak generation,coal,coal_subpeak_conv pul_retire_2023,2005,OM-var,2.12,coal (conv pul) (dry cooling)
subpeak generation,coal,coal_subpeak_conv pul,2010,OM-var,2.12,coal (conv pul) (once through)
subpeak generation,coal,coal_subpeak_conv pul,2010,OM-var,2.12,coal (conv pul) (seawater)
subpeak generation,coal,coal_subpeak_conv pul,2010,OM-var,2.12,coal (conv pul) (recirculating)
subpeak generation,coal,coal_subpeak_conv pul,2010,OM-var,2.12,coal (conv pul) (cooling pond)
subpeak generation,coal,coal_subpeak_conv pul,2010,OM-var,2.12,coal (conv pul) (dry cooling)
subpeak generation,gas,gas_subpeak_steam/CT,2010,OM-var,1.33,gas (steam/CT) (once through)
subpeak generation,gas,gas_subpeak_steam/CT,2010,OM-var,1.33,gas (steam/CT) (seawater)
subpeak generation,gas,gas_subpeak_steam/CT,2010,OM-var,1.33,gas (steam/CT) (recirculating)
subpeak generation,gas,gas_subpeak_steam/CT,2010,OM-var,1.33,gas (steam/CT) (cooling pond)
subpeak generation,gas,gas_subpeak_steam/CT,2010,OM-var,1.33,gas (steam/CT) (dry cooling)
subpeak generation,gas,gas_subpeak_CC,2010,OM-var,0.47,gas (CC) (once through)
subpeak generation,gas,gas_subpeak_CC,2010,OM-var,0.47,gas (CC) (seawater)
subpeak generation,gas,gas_subpeak_CC,2010,OM-var,0.47,gas (CC) (recirculating)
subpeak generation,gas,gas_subpeak_CC,2010,OM-var,0.47,gas (CC) (cooling pond)
subpeak generation,gas,gas_subpeak_CC,2010,OM-var,0.47,gas (CC) (dry cooling)
subpeak generation,gas,gas_subpeak_CC_CCS,2010,OM-var,1.18,gas (CC CCS) (once through)
subpeak generation,gas,gas_subpeak_CC_CCS,2010,OM-var,1.18,gas (CC CCS) (seawater)
subpeak generation,gas,gas_subpeak_CC_CCS,2010,OM-var,1.18,gas (CC CCS) (recirculating)
subpeak generation,gas,gas_subpeak_CC_CCS,2010,OM-var,1.18,gas (CC CCS) (dry cooling)
subpeak generation,refined liquids,refined liquids_subpeak_steam/CT,2010,OM-var,1.33,refined liquids (steam/CT) (once through)
subpeak generation,refined liquids,refined liquids_subpeak_steam/CT,2010,OM-var,1.33,refined liquids (steam/CT) (seawater)
subpeak generation,refined liquids,refined liquids_subpeak_steam/CT,2010,OM-var,1.33,refined liquids (steam/CT) (recirculating)
subpeak generation,refined liquids,refined liquids_subpeak_steam/CT,2010,OM-var,1.33,refined liquids (steam/CT) (cooling pond)
subpeak generation,refined liquids,refined liquids_subpeak_steam/CT,2010,OM-var,1.33,refined liquids (steam/CT) (dry cooling)
subpeak generation,refined liquids,refined liquids_subpeak_CC,2010,OM-var,0.47,refined liquids (CC) (once through)
subpeak generation,refined liquids,refined liquids_subpeak_CC,2010,OM-var,0.47,refined liquids (CC) (seawater)
subpeak generation,refined liquids,refined liquids_subpeak_CC,2010,OM-var,0.47,refined liquids (CC) (recirculating)
subpeak generation,refined liquids,refined liquids_subpeak_CC,2010,OM-var,0.47,refined liquids (CC) (dry cooling)
subpeak generation,refined liquids,refined liquids_subpeak_CC_CCS,2010,OM-var,1.18,refined liquids (CC CCS) (once through)
subpeak generation,refined liquids,refined liquids_subpeak_CC_CCS,2010,OM-var,1.18,refined liquids (CC CCS) (seawater)
subpeak generation,refined liquids,refined liquids_subpeak_CC_CCS,2010,OM-var,1.18,refined liquids (CC CCS) (recirculating)
subpeak generation,refined liquids,refined liquids_subpeak_CC_CCS,2010,OM-var,1.18,refined liquids (CC CCS) (dry cooling)
subpeak generation,coal,coal_subpeak_conv pul_retire_2023,2010,OM-var,2.12,coal (conv pul) (once through)
subpeak generation,coal,coal_subpeak_conv pul_retire_2023,2010,OM-var,2.12,coal (conv pul) (seawater)
subpeak generation,coal,coal_subpeak_conv pul_retire_2023,2010,OM-var,2.12,coal (conv pul) (recirculating)
subpeak generation,coal,coal_subpeak_conv pul_retire_2023,2010,OM-var,2.12,coal (conv pul) (cooling pond)
subpeak generation,coal,coal_subpeak_conv pul_retire_2023,2010,OM-var,2.12,coal (conv pul) (dry cooling)
subpeak generation,coal,coal_subpeak_conv pul,2015,OM-var,2.12,coal (conv pul) (once through)
subpeak generation,coal,coal_subpeak_conv pul,2015,OM-var,2.12,coal (conv pul) (seawater)
subpeak generation,coal,coal_subpeak_conv pul,2015,OM-var,2.12,coal (conv pul) (recirculating)
subpeak generation,coal,coal_subpeak_conv pul,2015,OM-var,2.12,coal (conv pul) (cooling pond)
subpeak generation,coal,coal_subpeak_conv pul,2015,OM-var,2.12,coal (conv pul) (dry cooling)
subpeak generation,gas,gas_subpeak_steam/CT,2015,OM-var,1.33,gas (steam/CT) (once through)
subpeak generation,gas,gas_subpeak_steam/CT,2015,OM-var,1.33,gas (steam/CT) (seawater)
subpeak generation,gas,gas_subpeak_steam/CT,2015,OM-var,1.33,gas (steam/CT) (recirculating)
subpeak generation,gas,gas_subpeak_steam/CT,2015,OM-var,1.33,gas (steam/CT) (cooling pond)
subpeak generation,gas,gas_subpeak_steam/CT,2015,OM-var,1.33,gas (steam/CT) (dry cooling)
subpeak generation,gas,gas_subpeak_CC,2015,OM-var,0.47,gas (CC) (once through)
subpeak generation,gas,gas_subpeak_CC,2015,OM-var,0.47,gas (CC) (seawater)
subpeak generation,gas,gas_subpeak_CC,2015,OM-var,0.47,gas (CC) (recirculating)
subpeak generation,gas,gas_subpeak_CC,2015,OM-var,0.47,gas (CC) (cooling pond)
subpeak generation,gas,gas_subpeak_CC,2015,OM-var,0.47,gas (CC) (dry cooling)
subpeak generation,gas,gas_subpeak_CC_CCS,2015,OM-var,1.18,gas (CC CCS) (once through)
subpeak generation,gas,gas_subpeak_CC_CCS,2015,OM-var,1.18,gas (CC CCS) (seawater)
subpeak generation,gas,gas_subpeak_CC_CCS,2015,OM-var,1.18,gas (CC CCS) (recirculating)
subpeak generation,gas,gas_subpeak_CC_CCS,2015,OM-var,1.18,gas (CC CCS) (dry cooling)
subpeak generation,refined liquids,refined liquids_subpeak_steam/CT,2015,OM-var,1.33,refined liquids (steam/CT) (once through)
subpeak generation,refined liquids,refined liquids_subpeak_steam/CT,2015,OM-var,1.33,refined liquids (steam/CT) (seawater)
subpeak generation,refined liquids,refined liquids_subpeak_steam/CT,2015,OM-var,1.33,refined liquids (steam/CT) (recirculating)
subpeak generation,refined liquids,refined liquids_subpeak_steam/CT,2015,OM-var,1.33,refined liquids (steam/CT) (cooling pond)
subpeak generation,refined liquids,refined liquids_subpeak_steam/CT,2015,OM-var,1.33,refined liquids (steam/CT) (dry cooling)
subpeak generation,refined liquids,refined liquids_subpeak_CC,2015,OM-var,0.47,refined liquids (CC) (once through)
subpeak generation,refined liquids,refined liquids_subpeak_CC,2015,OM-var,0.47,refined liquids (CC) (seawater)
subpeak generation,refined liquids,refined liquids_subpeak_CC,2015,OM-var,0.47,refined liquids (CC) (recirculating)
subpeak generation,refined liquids,refined liquids_subpeak_CC,2015,OM-var,0.47,refined liquids (CC) (dry cooling)
subpeak generation,refined liquids,refined liquids_subpeak_CC_CCS,2015,OM-var,1.18,refined liquids (CC CCS) (once through)
subpeak generation,refined liquids,refined liquids_subpeak_CC_CCS,2015,OM-var,1.18,refined liquids (CC CCS) (seawater)
subpeak generation,refined liquids,refined liquids_subpeak_CC_CCS,2015,OM-var,1.18,refined liquids (CC CCS) (recirculating)
subpeak generation,refined liquids,refined liquids_subpeak_CC_CCS,2015,OM-var,1.18,refined liquids (CC CCS) (dry cooling)
subpeak generation,coal,coal_subpeak_conv pul_retire_2023,2015,OM-var,2.12,coal (conv pul) (once through)
subpeak generation,coal,coal_subpeak_conv pul_retire_2023,2015,OM-var,2.12,coal (conv pul) (seawater)
subpeak generation,coal,coal_subpeak_conv pul_retire_2023,2015,OM-var,2.12,coal (conv pul) (recirculating)
subpeak generation,coal,coal_subpeak_conv pul_retire_2023,2015,OM-var,2.12,coal (conv pul) (cooling pond)
subpeak generation,coal,coal_subpeak_conv pul_retire_2023,2015,OM-var,2.12,coal (conv pul) (dry cooling)
subpeak generation,coal,coal_subpeak_conv pul,2021,OM-var,2.15,coal (conv pul) (once through)
subpeak generation,coal,coal_subpeak_conv pul,2021,OM-var,2.15,coal (conv pul) (seawater)
subpeak generation,coal,coal_subpeak_conv pul,2021,OM-var,2.15,coal (conv pul) (recirculating)
subpeak generation,coal,coal_subpeak_conv pul,2021,OM-var,2.15,coal (conv pul) (cooling pond)
subpeak generation,coal,coal_subpeak_conv pul,2021,OM-var,2.15,coal (conv pul) (dry cooling)
subpeak generation,gas,gas_subpeak_steam/CT,2021,OM-var,1.64,gas (steam/CT) (once through)
subpeak generation,gas,gas_subpeak_steam/CT,2021,OM-var,1.64,gas (steam/CT) (seawater)
subpeak generation,gas,gas_subpeak_steam/CT,2021,OM-var,1.64,gas (steam/CT) (recirculating)
subpeak generation,gas,gas_subpeak_steam/CT,2021,OM-var,1.64,gas (steam/CT) (cooling pond)
subpeak generation,gas,gas_subpeak_steam/CT,2021,OM-var,1.64,gas (steam/CT) (dry cooling)
subpeak generation,gas,gas_subpeak_CC,2021,OM-var,0.5,gas (CC) (once through)
subpeak generation,gas,gas_subpeak_CC,2021,OM-var,0.5,gas (CC) (seawater)
subpeak generation,gas,gas_subpeak_CC,2021,OM-var,0.5,gas (CC) (recirculating)
subpeak generation,gas,gas_subpeak_CC,2021,OM-var,0.5,gas (CC) (cooling pond)
subpeak generation,gas,gas_subpeak_CC,2021,OM-var,0.5,gas (CC) (dry cooling)
subpeak generation,gas,gas_subpeak_CC_CCS,2021,OM-var,1.18,gas (CC CCS) (once through)
subpeak generation,gas,gas_subpeak_CC_CCS,2021,OM-var,1.18,gas (CC CCS) (seawater)
subpeak generation,gas,gas_subpeak_CC_CCS,2021,OM-var,1.18,gas (CC CCS) (recirculating)
subpeak generation,gas,gas_subpeak_CC_CCS,2021,OM-var,1.18,gas (CC CCS) (dry cooling)
subpeak generation,refined liquids,refined liquids_subpeak_steam/CT,2021,OM-var,1.64,refined liquids (steam/CT) (once through)
subpeak generation,refined liquids,refined liquids_subpeak_steam/CT,2021,OM-var,1.64,refined liquids (steam/CT) (seawater)
subpeak generation,refined liquids,refined liquids_subpeak_steam/CT,2021,OM-var,1.64,refined liquids (steam/CT) (recirculating)
subpeak generation,refined liquids,refined liquids_subpeak_steam/CT,2021,OM-var,1.64,refined liquids (steam/CT) (cooling pond)
subpeak generation,refined liquids,refined liquids_subpeak_steam/CT,2021,OM-var,1.64,refined liquids (steam/CT) (dry cooling)
subpeak generation,refined liquids,refined liquids_subpeak_CC,2021,OM-var,0.5,refined liquids (CC) (once through)
subpeak generation,refined liquids,refined liquids_subpeak_CC,2021,OM-var,0.5,refined liquids (CC) (seawater)
subpeak generation,refined liquids,refined liquids_subpeak_CC,2021,OM-var,0.5,refined liquids (CC) (recirculating)
subpeak generation,refined liquids,refined liquids_subpeak_CC,2021,OM-var,0.5,refined liquids (CC) (dry cooling)
subpeak generation,refined liquids,refined liquids_subpeak_CC_CCS,2021,OM-var,1.18,refined liquids (CC CCS) (once through)
subpeak generation,refined liquids,refined liquids_subpeak_CC_CCS,2021,OM-var,1.18,refined liquids (CC CCS) (seawater)
subpeak generation,refined liquids,refined liquids_subpeak_CC_CCS,2021,OM-var,1.18,refined liquids (CC CCS) (recirculating)
subpeak generation,refined liquids,refined liquids_subpeak_CC_CCS,2021,OM-var,1.18,refined liquids (CC CCS) (dry cooling)
subpeak generation,coal,coal_subpeak_conv pul_retire_2023,2021,OM-var,2.15,coal (conv pul) (once through)
subpeak generation,coal,coal_subpeak_conv pul_retire_2023,2021,OM-var,2.15,coal (conv pul) (seawater)
subpeak generation,coal,coal_subpeak_conv pul_retire_2023,2021,OM-var,2.15,coal (conv pul) (recirculating)
subpeak generation,coal,coal_subpeak_conv pul_retire_2023,2021,OM-var,2.15,coal (conv pul) (cooling pond)
subpeak generation,coal,coal_subpeak_conv pul_retire_2023,2021,OM-var,2.15,coal (conv pul) (dry cooling)
subpeak generation,coal,coal_subpeak_conv pul,2025,OM-var,2.16,coal (conv pul) (once through)
subpeak generation,coal,coal_subpeak_conv pul,2025,OM-var,2.16,coal (conv pul) (seawater)
subpeak generation,coal,coal_subpeak_conv pul,2025,OM-var,2.16,coal (conv pul) (recirculating)
subpeak generation,coal,coal_subpeak_conv pul,2025,OM-var,2.16,coal (conv pul) (cooling pond)
subpeak generation,coal,coal_subpeak_conv pul,2025,OM-var,2.16,coal (conv pul) (dry cooling)
subpeak generation,gas,gas_subpeak_steam/CT,2025,OM-var,1.64,gas (steam/CT) (once through)
subpeak generation,gas,gas_subpeak_steam/CT,2025,OM-var,1.64,gas (steam/CT) (seawater)
subpeak generation,gas,gas_subpeak_steam/CT,2025,OM-var,1.64,gas (steam/CT) (recirculating)
subpeak generation,gas,gas_subpeak_steam/CT,2025,OM-var,1.64,gas (steam/CT) (cooling pond)
subpeak generation,gas,gas_subpeak_steam/CT,2025,OM-var,1.64,gas (steam/CT) (dry cooling)
subpeak generation,gas,gas_subpeak_CC,2025,OM-var,0.5,gas (CC) (once through)
subpeak generation,gas,gas_subpeak_CC,2025,OM-var,0.5,gas (CC) (seawater)
subpeak generation,gas,gas_subpeak_CC,2025,OM-var,0.5,gas (CC) (recirculating)
subpeak generation,gas,gas_subpeak_CC,2025,OM-var,0.5,gas (CC) (cooling pond)
subpeak generation,gas,gas_subpeak_CC,2025,OM-var,0.5,gas (CC) (dry cooling)
subpeak generation,gas,gas_subpeak_CC_CCS,2025,OM-var,1.15,gas (CC CCS) (once through)
subpeak generation,gas,gas_subpeak_CC_CCS,2025,OM-var,1.15,gas (CC CCS) (seawater)
subpeak generation,gas,gas_subpeak_CC_CCS,2025,OM-var,1.15,gas (CC CCS) (recirculating)
subpeak generation,gas,gas_subpeak_CC_CCS,2025,OM-var,1.15,gas (CC CCS) (dry cooling)
subpeak generation,refined liquids,refined liquids_subpeak_steam/CT,2025,OM-var,1.64,refined liquids (steam/CT) (once through)
subpeak generation,refined liquids,refined liquids_subpeak_steam/CT,2025,OM-var,1.64,refined liquids (steam/CT) (seawater)
subpeak generation,refined liquids,refined liquids_subpeak_steam/CT,2025,OM-var,1.64,refined liquids (steam/CT) (recirculating)
subpeak generation,refined liquids,refined liquids_subpeak_steam/CT,2025,OM-var,1.64,refined liquids (steam/CT) (cooling pond)
subpeak generation,refined liquids,refined liquids_subpeak_steam/CT,2025,OM-var,1.64,refined liquids (steam/CT) (dry cooling)
subpeak generation,refined liquids,refined liquids_subpeak_CC,2025,OM-var,0.5,refined liquids (CC) (once through)
subpeak generation,refined liquids,refined liquids_subpeak_CC,2025,OM-var,0.5,refined liquids (CC) (seawater)
subpeak generation,refined liquids,refined liquids_subpeak_CC,2025,OM-var,0.5,refined liquids (CC) (recirculating)
subpeak generation,refined liquids,refined liquids_subpeak_CC,2025,OM-var,0.5,refined liquids (CC) (dry cooling)
subpeak generation,refined liquids,refined liquids_subpeak_CC_CCS,2025,OM-var,1.15,refined liquids (CC CCS) (once through)
subpeak generation,refined liquids,refined liquids_subpeak_CC_CCS,2025,OM-var,1.15,refined liquids (CC CCS) (seawater)
subpeak generation,refined liquids,refined liquids_subpeak_CC_CCS,2025,OM-var,1.15,refined liquids (CC CCS) (recirculating)
subpeak generation,refined liquids,refined liquids_subpeak_CC_CCS,2025,OM-var,1.15,refined liquids (CC CCS) (dry cooling)
subpeak generation,coal,coal_subpeak_conv pul_retire_2023,2025,OM-var,2.16,coal (conv pul) (once through)
subpeak generation,coal,coal_subpeak_conv pul_retire_2023,2025,OM-var,2.16,coal (conv pul) (seawater)
subpeak generation,coal,coal_subpeak_conv pul_retire_2023,2025,OM-var,2.16,coal (conv pul) (recirculating)
subpeak generation,coal,coal_subpeak_conv pul_retire_2023,2025,OM-var,2.16,coal (conv pul) (cooling pond)
subpeak generation,coal,coal_subpeak_conv pul_retire_2023,2025,OM-var,2.16,coal (conv pul) (dry cooling)
subpeak generation,coal,coal_subpeak_conv pul,2030,OM-var,2.12,coal (conv pul) (once through)
subpeak generation,coal,coal_subpeak_conv pul,2030,OM-var,2.12,coal (conv pul) (seawater)
subpeak generation,coal,coal_subpeak_conv pul,2030,OM-var,2.12,coal (conv pul) (recirculating)
subpeak generation,coal,coal_subpeak_conv pul,2030,OM-var,2.12,coal (conv pul) (cooling pond)
subpeak generation,coal,coal_subpeak_conv pul,2030,OM-var,2.12,coal (conv pul) (dry cooling)
subpeak generation,gas,gas_subpeak_steam/CT,2030,OM-var,1.64,gas (steam/CT) (once through)
subpeak generation,gas,gas_subpeak_steam/CT,2030,OM-var,1.64,gas (steam/CT) (seawater)
subpeak generation,gas,gas_subpeak_steam/CT,2030,OM-var,1.64,gas (steam/CT) (recirculating)
subpeak generation,gas,gas_subpeak_steam/CT,2030,OM-var,1.64,gas (steam/CT) (cooling pond)
subpeak generation,gas,gas_subpeak_steam/CT,2030,OM-var,1.64,gas (steam/CT) (dry cooling)
subpeak generation,gas,gas_subpeak_CC,2030,OM-var,0.48,gas (CC) (once through)
subpeak generation,gas,gas_subpeak_CC,2030,OM-var,0.48,gas (CC) (seawater)
subpeak generation,gas,gas_subpeak_CC,2030,OM-var,0.48,gas (CC) (recirculating)
subpeak generation,gas,gas_subpeak_CC,2030,OM-var,0.48,gas (CC) (cooling pond)
subpeak generation,gas,gas_subpeak_CC,2030,OM-var,0.48,gas (CC) (dry cooling)
subpeak generation,gas,gas_subpeak_CC_CCS,2030,OM-var,1.06,gas (CC CCS) (once through)
subpeak generation,gas,gas_subpeak_CC_CCS,2030,OM-var,1.06,gas (CC CCS) (seawater)
subpeak generation,gas,gas_subpeak_CC_CCS,2030,OM-var,1.06,gas (CC CCS) (recirculating)
subpeak generation,gas,gas_subpeak_CC_CCS,2030,OM-var,1.06,gas (CC CCS) (dry cooling)
subpeak generation,refined liquids,refined liquids_subpeak_steam/CT,2030,OM-var,1.64,refined liquids (steam/CT) (once through)
subpeak generation,refined liquids,refined liquids_subpeak_steam/CT,2030,OM-var,1.64,refined liquids (steam/CT) (seawater)
subpeak generation,refined liquids,refined liquids_subpeak_steam/CT,2030,OM-var,1.64,refined liquids (steam/CT) (recirculating)
subpeak generation,refined liquids,refined liquids_subpeak_steam/CT,2030,OM-var,1.64,refined liquids (steam/CT) (cooling pond)
subpeak generation,refined liquids,refined liquids_subpeak_steam/CT,2030,OM-var,1.64,refined liquids (steam/CT) (dry cooling)
subpeak generation,refined liquids,refined liquids_subpeak_CC,2030,OM-var,0.48,refined liquids (CC) (once through)
subpeak generation,refined liquids,refined liquids_subpeak_CC,2030,OM-var,0.48,refined liquids (CC) (seawater)
subpeak generation,refined liquids,refined liquids_subpeak_CC,2030,OM-var,0.48,refined liquids (CC) (recirculating)
subpeak generation,refined liquids,refined liquids_subpeak_CC,2030,OM-var,0.48,refined liquids (CC) (dry cooling)
subpeak generation,refined liquids,refined liquids_subpeak_CC_CCS,2030,OM-var,1.06,refined liquids (CC CCS) (once through)
subpeak generation,refined liquids,refined liquids_subpeak_CC_CCS,2030,OM-var,1.06,refined liquids (CC CCS) (seawater)
subpeak generation,refined liquids,refined liquids_subpeak_CC_CCS,2030,OM-var,1.06,refined liquids (CC CCS) (recirculating)
subpeak generation,refined liquids,refined liquids_subpeak_CC_CCS,2030,OM-var,1.06,refined liquids (CC CCS) (dry cooling)
subpeak generation,coal,coal_subpeak_conv pul_retire_2023,2030,OM-var,2.12,coal (conv pul) (once through)
subpeak generation,coal,coal_subpeak_conv pul_retire_2023,2030,OM-var,2.12,coal (conv pul) (seawater)
subpeak generation,coal,coal_subpeak_conv pul_retire_2023,2030,OM-var,2.12,coal (conv pul) (recirculating)
subpeak generation,coal,coal_subpeak_conv pul_retire_2023,2030,OM-var,2.12,coal (conv pul) (cooling pond)
subpeak generation,coal,coal_subpeak_conv pul_retire_2023,2030,OM-var,2.12,coal (conv pul) (dry cooling)
subpeak generation,coal,coal_subpeak_conv pul,2035,OM-var,2.07,coal (conv pul) (once through)
subpeak generation,coal,coal_subpeak_conv pul,2035,OM-var,2.07,coal (conv pul) (seawater)
subpeak generation,coal,coal_subpeak_conv pul,2035,OM-var,2.07,coal (conv pul) (recirculating)
subpeak generation,coal,coal_subpeak_conv pul,2035,OM-var,2.07,coal (conv pul) (cooling pond)
subpeak generation,coal,coal_subpeak_conv pul,2035,OM-var,2.07,coal (conv pul) (dry cooling)
subpeak generation,gas,gas_subpeak_steam/CT,2035,OM-var,1.64,gas (steam/CT) (once through)
subpeak generation,gas,gas_subpeak_steam/CT,2035,OM-var,1.64,gas (steam/CT) (seawater)
subpeak generation,gas,gas_subpeak_steam/CT,2035,OM-var,1.64,gas (steam/CT) (recirculating)
subpeak generation,gas,gas_subpeak_steam/CT,2035,OM-var,1.64,gas (steam/CT) (cooling pond)
subpeak generation,gas,gas_subpeak_steam/CT,2035,OM-var,1.64,gas (steam/CT) (dry cooling)
subpeak generation,gas,gas_subpeak_CC,2035,OM-var,0.46,gas (CC) (once through)
subpeak generation,gas,gas_subpeak_CC,2035,OM-var,0.46,gas (CC) (seawater)
subpeak generation,gas,gas_subpeak_CC,2035,OM-var,0.46,gas (CC) (recirculating)
subpeak generation,gas,gas_subpeak_CC,2035,OM-var,0.46,gas (CC) (cooling pond)
subpeak generation,gas,gas_subpeak_CC,2035,OM-var,0.46,gas (CC) (dry cooling)
subpeak generation,gas,gas_subpeak_CC_CCS,2035,OM-var,0.97,gas (CC CCS) (once through)
subpeak generation,gas,gas_subpeak_CC_CCS,2035,OM-var,0.97,gas (CC CCS) (seawater)
subpeak generation,gas,gas_subpeak_CC_CCS,2035,OM-var,0.97,gas (CC CCS) (recirculating)
subpeak generation,gas,gas_subpeak_CC_CCS,2035,OM-var,0.97,gas (CC CCS) (dry cooling)
subpeak generation,refined liquids,refined liquids_subpeak_steam/CT,2035,OM-var,1.64,refined liquids (steam/CT) (once through)
subpeak generation,refined liquids,refined liquids_subpeak_steam/CT,2035,OM-var,1.64,refined liquids (steam/CT) (seawater)
subpeak generation,refined liquids,refined liquids_subpeak_steam/CT,2035,OM-var,1.64,refined liquids (steam/CT) (recirculating)
subpeak generation,refined liquids,refined liquids_subpeak_steam/CT,2035,OM-var,1.64,refined liquids (steam/CT) (cooling pond)
subpeak generation,refined liquids,refined liquids_subpeak_steam/CT,2035,OM-var,1.64,refined liquids (steam/CT) (dry cooling)
subpeak generation,refined liquids,refined liquids_subpeak_CC,2035,OM-var,0.46,refined liquids (CC) (once through)
subpeak generation,refined liquids,refined liquids_subpeak_CC,2035,OM-var,0.46,refined liquids (CC) (seawater)
subpeak generation,refined liquids,refined liquids_subpeak_CC,2035,OM-var,0.46,refined liquids (CC) (recirculating)
subpeak generation,refined liquids,refined liquids_subpeak_CC,2035,OM-var,0.46,refined liquids (CC) (dry cooling)
subpeak generation,refined liquids,refined liquids_subpeak_CC_CCS,2035,OM-var,0.97,refined liquids (CC CCS) (once through)
subpeak generation,refined liquids,refined liquids_subpeak_CC_CCS,2035,OM-var,0.97,refined liquids (CC CCS) (seawater)
subpeak generation,refined liquids,refined liquids_subpeak_CC_CCS,2035,OM-var,0.97,refined liquids (CC CCS) (recirculating)
subpeak generation,refined liquids,refined liquids_subpeak_CC_CCS,2035,OM-var,0.97,refined liquids (CC CCS) (dry cooling)
subpeak generation,coal,coal_subpeak_conv pul_retire_2023,2035,OM-var,2.07,coal (conv pul) (once through)
subpeak generation,coal,coal_subpeak_conv pul_retire_2023,2035,OM-var,2.07,coal (conv pul) (seawater)
subpeak generation,coal,coal_subpeak_conv pul_retire_2023,2035,OM-var,2.07,coal (conv pul) (recirculating)
subpeak generation,coal,coal_subpeak_conv pul_retire_2023,2035,OM-var,2.07,coal (conv pul) (cooling pond)
subpeak generation,coal,coal_subpeak_conv pul_retire_2023,2035,OM-var,2.07,coal (conv pul) (dry cooling)
subpeak generation,coal,coal_subpeak_conv pul,2040,OM-var,2.04,coal (conv pul) (once through)
subpeak generation,coal,coal_subpeak_conv pul,2040,OM-var,2.04,coal (conv pul) (seawater)
subpeak generation,coal,coal_subpeak_conv pul,2040,OM-var,2.04,coal (conv pul) (recirculating)
subpeak generation,coal,coal_subpeak_conv pul,2040,OM-var,2.04,coal (conv pul) (cooling pond)
subpeak generation,coal,coal_subpeak_conv pul,2040,OM-var,2.04,coal (conv pul) (dry cooling)
subpeak generation,gas,gas_subpeak_steam/CT,2040,OM-var,1.64,gas (steam/CT) (once through)
subpeak generation,gas,gas_subpeak_steam/CT,2040,OM-var,1.64,gas (steam/CT) (seawater)
subpeak generation,gas,gas_subpeak_steam/CT,2040,OM-var,1.64,gas (steam/CT) (recirculating)
subpeak generation,gas,gas_subpeak_steam/CT,2040,OM-var,1.64,gas (steam/CT) (cooling pond)
subpeak generation,gas,gas_subpeak_steam/CT,2040,OM-var,1.64,gas (steam/CT) (dry cooling)
subpeak generation,gas,gas_subpeak_CC,2040,OM-var,0.45,gas (CC) (once through)
subpeak generation,gas,gas_subpeak_CC,2040,OM-var,0.45,gas (CC) (seawater)
subpeak generation,gas,gas_subpeak_CC,2040,OM-var,0.45,gas (CC) (recirculating)
subpeak generation,gas,gas_subpeak_CC,2040,OM-var,0.45,gas (CC) (cooling pond)
subpeak generation,gas,gas_subpeak_CC,2040,OM-var,0.45,gas (CC) (dry cooling)
subpeak generation,gas,gas_subpeak_CC_CCS,2040,OM-var,0.93,gas (CC CCS) (once through)
subpeak generation,gas,gas_subpeak_CC_CCS,2040,OM-var,0.93,gas (CC CCS) (seawater)
subpeak generation,gas,gas_subpeak_CC_CCS,2040,OM-var,0.93,gas (CC CCS) (recirculating)
subpeak generation,gas,gas_subpeak_CC_CCS,2040,OM-var,0.93,gas (CC CCS) (dry cooling)
subpeak generation,refined liquids,refined liquids_subpeak_steam/CT,2040,OM-var,1.64,refined liquids (steam/CT) (once through)
subpeak generation,refined liquids,refined liquids_subpeak_steam/CT,2040,OM-var,1.64,refined liquids (steam/CT) (seawater)
subpeak generation,refined liquids,refined liquids_subpeak_steam/CT,2040,OM-var,1.64,refined liquids (steam/CT) (recirculating)
subpeak generation,refined liquids,refined liquids_subpeak_steam/CT,2040,OM-var,1.64,refined liquids (steam/CT) (cooling pond)
subpeak generation,refined liquids,refined liquids_subpeak_steam/CT,2040,OM-var,1.64,refined liquids (steam/CT) (dry cooling)
subpeak generation,refined liquids,refined liquids_subpeak_CC,2040,OM-var,0.45,refined liquids (CC) (once through)
subpeak generation,refined liquids,refined liquids_subpeak_CC,2040,OM-var,0.45,refined liquids (CC) (seawater)
subpeak generation,refined liquids,refined liquids_subpeak_CC,2040,OM-var,0.45,refined liquids (CC) (recirculating)
subpeak generation,refined liquids,refined liquids_subpeak_CC,2040,OM-var,0.45,refined liquids (CC) (dry cooling)
subpeak generation,refined liquids,refined liquids_subpeak_CC_CCS,2040,OM-var,0.93,refined liquids (CC CCS) (once through)
subpeak generation,refined liquids,refined liquids_subpeak_CC_CCS,2040,OM-var,0.93,refined liquids (CC CCS) (seawater)
subpeak generation,refined liquids,refined liquids_subpeak_CC_CCS,2040,OM-var,0.93,refined liquids (CC CCS) (recirculating)
subpeak generation,refined liquids,refined liquids_subpeak_CC_CCS,2040,OM-var,0.93,refined liquids (CC CCS) (dry cooling)
subpeak generation,coal,coal_subpeak_conv pul_retire_2023,2040,OM-var,2.04,coal (conv pul) (once through)
subpeak generation,coal,coal_subpeak_conv pul_retire_2023,2040,OM-var,2.04,coal (conv pul) (seawater)
subpeak generation,coal,coal_subpeak_conv pul_retire_2023,2040,OM-var,2.04,coal (conv pul) (recirculating)
subpeak generation,coal,coal_subpeak_conv pul_retire_2023,2040,OM-var,2.04,coal (conv pul) (cooling pond)
subpeak generation,coal,coal_subpeak_conv pul_retire_2023,2040,OM-var,2.04,coal (conv pul) (dry cooling)
subpeak generation,coal,coal_subpeak_conv pul,2045,OM-var,2,coal (conv pul) (once through)
subpeak generation,coal,coal_subpeak_conv pul,2045,OM-var,2,coal (conv pul) (seawater)
subpeak generation,coal,coal_subpeak_conv pul,2045,OM-var,2,coal (conv pul) (recirculating)
subpeak generation,coal,coal_subpeak_conv pul,2045,OM-var,2,coal (conv pul) (cooling pond)
subpeak generation,coal,coal_subpeak_conv pul,2045,OM-var,2,coal (conv pul) (dry cooling)
subpeak generation,gas,gas_subpeak_steam/CT,2045,OM-var,1.64,gas (steam/CT) (once through)
subpeak generation,gas,gas_subpeak_steam/CT,2045,OM-var,1.64,gas (steam/CT) (seawater)
subpeak generation,gas,gas_subpeak_steam/CT,2045,OM-var,1.64,gas (steam/CT) (recirculating)
subpeak generation,gas,gas_subpeak_steam/CT,2045,OM-var,1.64,gas (steam/CT) (cooling pond)
subpeak generation,gas,gas_subpeak_steam/CT,2045,OM-var,1.64,gas (steam/CT) (dry cooling)
subpeak generation,gas,gas_subpeak_CC,2045,OM-var,0.44,gas (CC) (once through)
subpeak generation,gas,gas_subpeak_CC,2045,OM-var,0.44,gas (CC) (seawater)
subpeak generation,gas,gas_subpeak_CC,2045,OM-var,0.44,gas (CC) (recirculating)
subpeak generation,gas,gas_subpeak_CC,2045,OM-var,0.44,gas (CC) (cooling pond)
subpeak generation,gas,gas_subpeak_CC,2045,OM-var,0.44,gas (CC) (dry cooling)
subpeak generation,gas,gas_subpeak_CC_CCS,2045,OM-var,0.9,gas (CC CCS) (once through)
subpeak generation,gas,gas_subpeak_CC_CCS,2045,OM-var,0.9,gas (CC CCS) (seawater)
subpeak generation,gas,gas_subpeak_CC_CCS,2045,OM-var,0.9,gas (CC CCS) (recirculating)
subpeak generation,gas,gas_subpeak_CC_CCS,2045,OM-var,0.9,gas (CC CCS) (dry cooling)
subpeak generation,refined liquids,refined liquids_subpeak_steam/CT,2045,OM-var,1.64,refined liquids (steam/CT) (once through)
subpeak generation,refined liquids,refined liquids_subpeak_steam/CT,2045,OM-var,1.64,refined liquids (steam/CT) (seawater)
subpeak generation,refined liquids,refined liquids_subpeak_steam/CT,2045,OM-var,1.64,refined liquids (steam/CT) (recirculating)
subpeak generation,refined liquids,refined liquids_subpeak_steam/CT,2045,OM-var,1.64,refined liquids (steam/CT) (cooling pond)
subpeak generation,refined liquids,refined liquids_subpeak_steam/CT,2045,OM-var,1.64,refined liquids (steam/CT) (dry cooling)
subpeak generation,refined liquids,refined liquids_subpeak_CC,2045,OM-var,0.44,refined liquids (CC) (once through)
subpeak generation,refined liquids,refined liquids_subpeak_CC,2045,OM-var,0.44,refined liquids (CC) (seawater)
subpeak generation,refined liquids,refined liquids_subpeak_CC,2045,OM-var,0.44,refined liquids (CC) (recirculating)
subpeak generation,refined liquids,refined liquids_subpeak_CC,2045,OM-var,0.44,refined liquids (CC) (dry cooling)
subpeak generation,refined liquids,refined liquids_subpeak_CC_CCS,2045,OM-var,0.9,refined liquids (CC CCS) (once through)
subpeak generation,refined liquids,refined liquids_subpeak_CC_CCS,2045,OM-var,0.9,refined liquids (CC CCS) (seawater)
subpeak generation,refined liquids,refined liquids_subpeak_CC_CCS,2045,OM-var,0.9,refined liquids (CC CCS) (recirculating)
subpeak generation,refined liquids,refined liquids_subpeak_CC_CCS,2045,OM-var,0.9,refined liquids (CC CCS) (dry cooling)
subpeak generation,coal,coal_subpeak_conv pul_retire_2023,2045,OM-var,2,coal (conv pul) (once through)
subpeak generation,coal,coal_subpeak_conv pul_retire_2023,2045,OM-var,2,coal (conv pul) (seawater)
subpeak generation,coal,coal_subpeak_conv pul_retire_2023,2045,OM-var,2,coal (conv pul) (recirculating)
subpeak generation,coal,coal_subpeak_conv pul_retire_2023,2045,OM-var,2,coal (conv pul) (cooling pond)
subpeak generation,coal,coal_subpeak_conv pul_retire_2023,2045,OM-var,2,coal (conv pul) (dry cooling)
subpeak generation,coal,coal_subpeak_conv pul,2050,OM-var,1.97,coal (conv pul) (once through)
subpeak generation,coal,coal_subpeak_conv pul,2050,OM-var,1.97,coal (conv pul) (seawater)
subpeak generation,coal,coal_subpeak_conv pul,2050,OM-var,1.97,coal (conv pul) (recirculating)
subpeak generation,coal,coal_subpeak_conv pul,2050,OM-var,1.97,coal (conv pul) (cooling pond)
subpeak generation,coal,coal_subpeak_conv pul,2050,OM-var,1.97,coal (conv pul) (dry cooling)
subpeak generation,gas,gas_subpeak_steam/CT,2050,OM-var,1.64,gas (steam/CT) (once through)
subpeak generation,gas,gas_subpeak_steam/CT,2050,OM-var,1.64,gas (steam/CT) (seawater)
subpeak generation,gas,gas_subpeak_steam/CT,2050,OM-var,1.64,gas (steam/CT) (recirculating)
subpeak generation,gas,gas_subpeak_steam/CT,2050,OM-var,1.64,gas (steam/CT) (cooling pond)
subpeak generation,gas,gas_subpeak_steam/CT,2050,OM-var,1.64,gas (steam/CT) (dry cooling)
subpeak generation,gas,gas_subpeak_CC,2050,OM-var,0.42,gas (CC) (once through)
subpeak generation,gas,gas_subpeak_CC,2050,OM-var,0.42,gas (CC) (seawater)
subpeak generation,gas,gas_subpeak_CC,2050,OM-var,0.42,gas (CC) (recirculating)
subpeak generation,gas,gas_subpeak_CC,2050,OM-var,0.42,gas (CC) (cooling pond)
subpeak generation,gas,gas_subpeak_CC,2050,OM-var,0.42,gas (CC) (dry cooling)
subpeak generation,gas,gas_subpeak_CC_CCS,2050,OM-var,0.86,gas (CC CCS) (once through)
subpeak generation,gas,gas_subpeak_CC_CCS,2050,OM-var,0.86,gas (CC CCS) (seawater)
subpeak generation,gas,gas_subpeak_CC_CCS,2050,OM-var,0.86,gas (CC CCS) (recirculating)
subpeak generation,gas,gas_subpeak_CC_CCS,2050,OM-var,0.86,gas (CC CCS) (dry cooling)
subpeak generation,refined liquids,refined liquids_subpeak_steam/CT,2050,OM-var,1.64,refined liquids (steam/CT) (once through)
subpeak generation,refined liquids,refined liquids_subpeak_steam/CT,2050,OM-var,1.64,refined liquids (steam/CT) (seawater)
subpeak generation,refined liquids,refined liquids_subpeak_steam/CT,2050,OM-var,1.64,refined liquids (steam/CT) (recirculating)
subpeak generation,refined liquids,refined liquids_subpeak_steam/CT,2050,OM-var,1.64,refined liquids (steam/CT) (cooling pond)
subpeak generation,refined liquids,refined liquids_subpeak_steam/CT,2050,OM-var,1.64,refined liquids (steam/CT) (dry cooling)
subpeak generation,refined liquids,refined liquids_subpeak_CC,2050,OM-var,0.42,refined liquids (CC) (once through)
subpeak generation,refined liquids,refined liquids_subpeak_CC,2050,OM-var,0.42,refined liquids (CC) (seawater)
subpeak generation,refined liquids,refined liquids_subpeak_CC,2050,OM-var,0.42,refined liquids (CC) (recirculating)
subpeak generation,refined liquids,refined liquids_subpeak_CC,2050,OM-var,0.42,refined liquids (CC) (dry cooling)
subpeak generation,refined liquids,refined liquids_subpeak_CC_CCS,2050,OM-var,0.86,refined liquids (CC CCS) (once through)
subpeak generation,refined liquids,refined liquids_subpeak_CC_CCS,2050,OM-var,0.86,refined liquids (CC CCS) (seawater)
subpeak generation,refined liquids,refined liquids_subpeak_CC_CCS,2050,OM-var,0.86,refined liquids (CC CCS) (recirculating)
subpeak generation,refined liquids,refined liquids_subpeak_CC_CCS,2050,OM-var,0.86,refined liquids (CC CCS) (dry cooling)
subpeak generation,coal,coal_subpeak_conv pul_retire_2023,2050,OM-var,1.97,coal (conv pul) (once through)
subpeak generation,coal,coal_subpeak_conv pul_retire_2023,2050,OM-var,1.97,coal (conv pul) (seawater)
subpeak generation,coal,coal_subpeak_conv pul_retire_2023,2050,OM-var,1.97,coal (conv pul) (recirculating)
subpeak generation,coal,coal_subpeak_conv pul_retire_2023,2050,OM-var,1.97,coal (conv pul) (cooling pond)
subpeak generation,coal,coal_subpeak_conv pul_retire_2023,2050,OM-var,1.97,coal (conv pul) (dry cooling)
subpeak generation,coal,coal_subpeak_conv pul,2055,OM-var,1.96,coal (conv pul) (once through)
subpeak generation,coal,coal_subpeak_conv pul,2055,OM-var,1.96,coal (conv pul) (seawater)
subpeak generation,coal,coal_subpeak_conv pul,2055,OM-var,1.96,coal (conv pul) (recirculating)
subpeak generation,coal,coal_subpeak_conv pul,2055,OM-var,1.96,coal (conv pul) (cooling pond)
subpeak generation,coal,coal_subpeak_conv pul,2055,OM-var,1.96,coal (conv pul) (dry cooling)
subpeak generation,gas,gas_subpeak_steam/CT,2055,OM-var,1.63,gas (steam/CT) (once through)
subpeak generation,gas,gas_subpeak_steam/CT,2055,OM-var,1.63,gas (steam/CT) (seawater)
subpeak generation,gas,gas_subpeak_steam/CT,2055,OM-var,1.63,gas (steam/CT) (recirculating)
subpeak generation,gas,gas_subpeak_steam/CT,2055,OM-var,1.63,gas (steam/CT) (cooling pond)
subpeak generation,gas,gas_subpeak_steam/CT,2055,OM-var,1.63,gas (steam/CT) (dry cooling)
subpeak generation,gas,gas_subpeak_CC,2055,OM-var,0.42,gas (CC) (once through)
subpeak generation,gas,gas_subpeak_CC,2055,OM-var,0.42,gas (CC) (seawater)
subpeak generation,gas,gas_subpeak_CC,2055,OM-var,0.42,gas (CC) (recirculating)
subpeak generation,gas,gas_subpeak_CC,2055,OM-var,0.42,gas (CC) (cooling pond)
subpeak generation,gas,gas_subpeak_CC,2055,OM-var,0.42,gas (CC) (dry cooling)
subpeak generation,gas,gas_subpeak_CC_CCS,2055,OM-var,0.86,gas (CC CCS) (once through)
subpeak generation,gas,gas_subpeak_CC_CCS,2055,OM-var,0.86,gas (CC CCS) (seawater)
subpeak generation,gas,gas_subpeak_CC_CCS,2055,OM-var,0.86,gas (CC CCS) (recirculating)
subpeak generation,gas,gas_subpeak_CC_CCS,2055,OM-var,0.86,gas (CC CCS) (dry cooling)
subpeak generation,refined liquids,refined liquids_subpeak_steam/CT,2055,OM-var,1.63,refined liquids (steam/CT) (once through)
subpeak generation,refined liquids,refined liquids_subpeak_steam/CT,2055,OM-var,1.63,refined liquids (steam/CT) (seawater)
subpeak generation,refined liquids,refined liquids_subpeak_steam/CT,2055,OM-var,1.63,refined liquids (steam/CT) (recirculating)
subpeak generation,refined liquids,refined liquids_subpeak_steam/CT,2055,OM-var,1.63,refined liquids (steam/CT) (cooling pond)
subpeak generation,refined liquids,refined liquids_subpeak_steam/CT,2055,OM-var,1.63,refined liquids (steam/CT) (dry cooling)
subpeak generation,refined liquids,refined liquids_subpeak_CC,2055,OM-var,0.42,refined liquids (CC) (once through)
subpeak generation,refined liquids,refined liquids_subpeak_CC,2055,OM-var,0.42,refined liquids (CC) (seawater)
subpeak generation,refined liquids,refined liquids_subpeak_CC,2055,OM-var,0.42,refined liquids (CC) (recirculating)
subpeak generation,refined liquids,refined liquids_subpeak_CC,2055,OM-var,0.42,refined liquids (CC) (dry cooling)
subpeak generation,refined liquids,refined liquids_subpeak_CC_CCS,2055,OM-var,0.86,refined liquids (CC CCS) (once through)
subpeak generation,refined liquids,refined liquids_subpeak_CC_CCS,2055,OM-var,0.86,refined liquids (CC CCS) (seawater)
subpeak generation,refined liquids,refined liquids_subpeak_CC_CCS,2055,OM-var,0.86,refined liquids (CC CCS) (recirculating)
subpeak generation,refined liquids,refined liquids_subpeak_CC_CCS,2055,OM-var,0.86,refined liquids (CC CCS) (dry cooling)
subpeak generation,coal,coal_subpeak_conv pul_retire_2023,2055,OM-var,1.96,coal (conv pul) (once through)
subpeak generation,coal,coal_subpeak_conv pul_retire_2023,2055,OM-var,1.96,coal (conv pul) (seawater)
subpeak generation,coal,coal_subpeak_conv pul_retire_2023,2055,OM-var,1.96,coal (conv pul) (recirculating)
subpeak generation,coal,coal_subpeak_conv pul_retire_2023,2055,OM-var,1.96,coal (conv pul) (cooling pond)
subpeak generation,coal,coal_subpeak_conv pul_retire_2023,2055,OM-var,1.96,coal (conv pul) (dry cooling)
subpeak generation,coal,coal_subpeak_conv pul,2060,OM-var,1.95,coal (conv pul) (once through)
subpeak generation,coal,coal_subpeak_conv pul,2060,OM-var,1.95,coal (conv pul) (seawater)
subpeak generation,coal,coal_subpeak_conv pul,2060,OM-var,1.95,coal (conv pul) (recirculating)
subpeak generation,coal,coal_subpeak_conv pul,2060,OM-var,1.95,coal (conv pul) (cooling pond)
subpeak generation,coal,coal_subpeak_conv pul,2060,OM-var,1.95,coal (conv pul) (dry cooling)
subpeak generation,gas,gas_subpeak_steam/CT,2060,OM-var,1.62,gas (steam/CT) (once through)
subpeak generation,gas,gas_subpeak_steam/CT,2060,OM-var,1.62,gas (steam/CT) (seawater)
subpeak generation,gas,gas_subpeak_steam/CT,2060,OM-var,1.62,gas (steam/CT) (recirculating)
subpeak generation,gas,gas_subpeak_steam/CT,2060,OM-var,1.62,gas (steam/CT) (cooling pond)
subpeak generation,gas,gas_subpeak_steam/CT,2060,OM-var,1.62,gas (steam/CT) (dry cooling)
subpeak generation,gas,gas_subpeak_CC,2060,OM-var,0.42,gas (CC) (once through)
subpeak generation,gas,gas_subpeak_CC,2060,OM-var,0.42,gas (CC) (seawater)
subpeak generation,gas,gas_subpeak_CC,2060,OM-var,0.42,gas (CC) (recirculating)
subpeak generation,gas,gas_subpeak_CC,2060,OM-var,0.42,gas (CC) (cooling pond)
subpeak generation,gas,gas_subpeak_CC,2060,OM-var,0.42,gas (CC) (dry cooling)
subpeak generation,gas,gas_subpeak_CC_CCS,2060,OM-var,0.85,gas (CC CCS) (once through)
subpeak generation,gas,gas_subpeak_CC_CCS,2060,OM-var,0.85,gas (CC CCS) (seawater)
subpeak generation,gas,gas_subpeak_CC_CCS,2060,OM-var,0.85,gas (CC CCS) (recirculating)
subpeak generation,gas,gas_subpeak_CC_CCS,2060,OM-var,0.85,gas (CC CCS) (dry cooling)
subpeak generation,refined liquids,refined liquids_subpeak_steam/CT,2060,OM-var,1.62,refined liquids (steam/CT) (once through)
subpeak generation,refined liquids,refined liquids_subpeak_steam/CT,2060,OM-var,1.62,refined liquids (steam/CT) (seawater)
subpeak generation,refined liquids,refined liquids_subpeak_steam/CT,2060,OM-var,1.62,refined liquids (steam/CT) (recirculating)
subpeak generation,refined liquids,refined liquids_subpeak_steam/CT,2060,OM-var,1.62,refined liquids (steam/CT) (cooling pond)
subpeak generation,refined liquids,refined liquids_subpeak_steam/CT,2060,OM-var,1.62,refined liquids (steam/CT) (dry cooling)
subpeak generation,refined liquids,refined liquids_subpeak_CC,2060,OM-var,0.42,refined liquids (CC) (once through)
subpeak generation,refined liquids,refined liquids_subpeak_CC,2060,OM-var,0.42,refined liquids (CC) (seawater)
subpeak generation,refined liquids,refined liquids_subpeak_CC,2060,OM-var,0.42,refined liquids (CC) (recirculating)
subpeak generation,refined liquids,refined liquids_subpeak_CC,2060,OM-var,0.42,refined liquids (CC) (dry cooling)
subpeak generation,refined liquids,refined liquids_subpeak_CC_CCS,2060,OM-var,0.85,refined liquids (CC CCS) (once through)
subpeak generation,refined liquids,refined liquids_subpeak_CC_CCS,2060,OM-var,0.85,refined liquids (CC CCS) (seawater)
subpeak generation,refined liquids,refined liquids_subpeak_CC_CCS,2060,OM-var,0.85,refined liquids (CC CCS) (recirculating)
subpeak generation,refined liquids,refined liquids_subpeak_CC_CCS,2060,OM-var,0.85,refined liquids (CC CCS) (dry cooling)
subpeak generation,coal,coal_subpeak_conv pul_retire_2023,2060,OM-var,1.95,coal (conv pul) (once through)
subpeak generation,coal,coal_subpeak_conv pul_retire_2023,2060,OM-var,1.95,coal (conv pul) (seawater)
subpeak generation,coal,coal_subpeak_conv pul_retire_2023,2060,OM-var,1.95,coal (conv pul) (recirculating)
subpeak generation,coal,coal_subpeak_conv pul_retire_2023,2060,OM-var,1.95,coal (conv pul) (cooling pond)
subpeak generation,coal,coal_subpeak_conv pul_retire_2023,2060,OM-var,1.95,coal (conv pul) (dry cooling)
subpeak generation,coal,coal_subpeak_conv pul,2065,OM-var,1.94,coal (conv pul) (once through)
subpeak generation,coal,coal_subpeak_conv pul,2065,OM-var,1.94,coal (conv pul) (seawater)
subpeak generation,coal,coal_subpeak_conv pul,2065,OM-var,1.94,coal (conv pul) (recirculating)
subpeak generation,coal,coal_subpeak_conv pul,2065,OM-var,1.94,coal (conv pul) (cooling pond)
subpeak generation,coal,coal_subpeak_conv pul,2065,OM-var,1.94,coal (conv pul) (dry cooling)
subpeak generation,gas,gas_subpeak_steam/CT,2065,OM-var,1.61,gas (steam/CT) (once through)
subpeak generation,gas,gas_subpeak_steam/CT,2065,OM-var,1.61,gas (steam/CT) (seawater)
subpeak generation,gas,gas_subpeak_steam/CT,2065,OM-var,1.61,gas (steam/CT) (recirculating)
subpeak generation,gas,gas_subpeak_steam/CT,2065,OM-var,1.61,gas (steam/CT) (cooling pond)
subpeak generation,gas,gas_subpeak_steam/CT,2065,OM-var,1.61,gas (steam/CT) (dry cooling)
subpeak generation,gas,gas_subpeak_CC,2065,OM-var,0.42,gas (CC) (once through)
subpeak generation,gas,gas_subpeak_CC,2065,OM-var,0.42,gas (CC) (seawater)
subpeak generation,gas,gas_subpeak_CC,2065,OM-var,0.42,gas (CC) (recirculating)
subpeak generation,gas,gas_subpeak_CC,2065,OM-var,0.42,gas (CC) (cooling pond)
subpeak generation,gas,gas_subpeak_CC,2065,OM-var,0.42,gas (CC) (dry cooling)
subpeak generation,gas,gas_subpeak_CC_CCS,2065,OM-var,0.85,gas (CC CCS) (once through)
subpeak generation,gas,gas_subpeak_CC_CCS,2065,OM-var,0.85,gas (CC CCS) (seawater)
subpeak generation,gas,gas_subpeak_CC_CCS,2065,OM-var,0.85,gas (CC CCS) (recirculating)
subpeak generation,gas,gas_subpeak_CC_CCS,2065,OM-var,0.85,gas (CC CCS) (dry cooling)
subpeak generation,refined liquids,refined liquids_subpeak_steam/CT,2065,OM-var,1.61,refined liquids (steam/CT) (once through)
subpeak generation,refined liquids,refined liquids_subpeak_steam/CT,2065,OM-var,1.61,refined liquids (steam/CT) (seawater)
subpeak generation,refined liquids,refined liquids_subpeak_steam/CT,2065,OM-var,1.61,refined liquids (steam/CT) (recirculating)
subpeak generation,refined liquids,refined liquids_subpeak_steam/CT,2065,OM-var,1.61,refined liquids (steam/CT) (cooling pond)
subpeak generation,refined liquids,refined liquids_subpeak_steam/CT,2065,OM-var,1.61,refined liquids (steam/CT) (dry cooling)
subpeak generation,refined liquids,refined liquids_subpeak_CC,2065,OM-var,0.42,refined liquids (CC) (once through)
subpeak generation,refined liquids,refined liquids_subpeak_CC,2065,OM-var,0.42,refined liquids (CC) (seawater)
subpeak generation,refined liquids,refined liquids_subpeak_CC,2065,OM-var,0.42,refined liquids (CC) (recirculating)
subpeak generation,refined liquids,refined liquids_subpeak_CC,2065,OM-var,0.42,refined liquids (CC) (dry cooling)
subpeak generation,refined liquids,refined liquids_subpeak_CC_CCS,2065,OM-var,0.85,refined liquids (CC CCS) (once through)
subpeak generation,refined liquids,refined liquids_subpeak_CC_CCS,2065,OM-var,0.85,refined liquids (CC CCS) (seawater)
subpeak generation,refined liquids,refined liquids_subpeak_CC_CCS,2065,OM-var,0.85,refined liquids (CC CCS) (recirculating)
subpeak generation,refined liquids,refined liquids_subpeak_CC_CCS,2065,OM-var,0.85,refined liquids (CC CCS) (dry cooling)
subpeak generation,coal,coal_subpeak_conv pul_retire_2023,2065,OM-var,1.94,coal (conv pul) (once through)
subpeak generation,coal,coal_subpeak_conv pul_retire_2023,2065,OM-var,1.94,coal (conv pul) (seawater)
subpeak generation,coal,coal_subpeak_conv pul_retire_2023,2065,OM-var,1.94,coal (conv pul) (recirculating)
subpeak generation,coal,coal_subpeak_conv pul_retire_2023,2065,OM-var,1.94,coal (conv pul) (cooling pond)
subpeak generation,coal,coal_subpeak_conv pul_retire_2023,2065,OM-var,1.94,coal (conv pul) (dry cooling)
subpeak generation,coal,coal_subpeak_conv pul,2070,OM-var,1.93,coal (conv pul) (once through)
subpeak generation,coal,coal_subpeak_conv pul,2070,OM-var,1.93,coal (conv pul) (seawater)
subpeak generation,coal,coal_subpeak_conv pul,2070,OM-var,1.93,coal (conv pul) (recirculating)
subpeak generation,coal,coal_subpeak_conv pul,2070,OM-var,1.93,coal (conv pul) (cooling pond)
subpeak generation,coal,coal_subpeak_conv pul,2070,OM-var,1.93,coal (conv pul) (dry cooling)
subpeak generation,gas,gas_subpeak_steam/CT,2070,OM-var,1.6,gas (steam/CT) (once through)
subpeak generation,gas,gas_subpeak_steam/CT,2070,OM-var,1.6,gas (steam/CT) (seawater)
subpeak generation,gas,gas_subpeak_steam/CT,2070,OM-var,1.6,gas (steam/CT) (recirculating)
subpeak generation,gas,gas_subpeak_steam/CT,2070,OM-var,1.6,gas (steam/CT) (cooling pond)
subpeak generation,gas,gas_subpeak_steam/CT,2070,OM-var,1.6,gas (steam/CT) (dry cooling)
subpeak generation,gas,gas_subpeak_CC,2070,OM-var,0.41,gas (CC) (once through)
subpeak generation,gas,gas_subpeak_CC,2070,OM-var,0.41,gas (CC) (seawater)
subpeak generation,gas,gas_subpeak_CC,2070,OM-var,0.41,gas (CC) (recirculating)
subpeak generation,gas,gas_subpeak_CC,2070,OM-var,0.41,gas (CC) (cooling pond)
subpeak generation,gas,gas_subpeak_CC,2070,OM-var,0.41,gas (CC) (dry cooling)
subpeak generation,gas,gas_subpeak_CC_CCS,2070,OM-var,0.85,gas (CC CCS) (once through)
subpeak generation,gas,gas_subpeak_CC_CCS,2070,OM-var,0.85,gas (CC CCS) (seawater)
subpeak generation,gas,gas_subpeak_CC_CCS,2070,OM-var,0.85,gas (CC CCS) (recirculating)
subpeak generation,gas,gas_subpeak_CC_CCS,2070,OM-var,0.85,gas (CC CCS) (dry cooling)
subpeak generation,refined liquids,refined liquids_subpeak_steam/CT,2070,OM-var,1.6,refined liquids (steam/CT) (once through)
subpeak generation,refined liquids,refined liquids_subpeak_steam/CT,2070,OM-var,1.6,refined liquids (steam/CT) (seawater)
subpeak generation,refined liquids,refined liquids_subpeak_steam/CT,2070,OM-var,1.6,refined liquids (steam/CT) (recirculating)
subpeak generation,refined liquids,refined liquids_subpeak_steam/CT,2070,OM-var,1.6,refined liquids (steam/CT) (cooling pond)
subpeak generation,refined liquids,refined liquids_subpeak_steam/CT,2070,OM-var,1.6,refined liquids (steam/CT) (dry cooling)
subpeak generation,refined liquids,refined liquids_subpeak_CC,2070,OM-var,0.41,refined liquids (CC) (once through)
subpeak generation,refined liquids,refined liquids_subpeak_CC,2070,OM-var,0.41,refined liquids (CC) (seawater)
subpeak generation,refined liquids,refined liquids_subpeak_CC,2070,OM-var,0.41,refined liquids (CC) (recirculating)
subpeak generation,refined liquids,refined liquids_subpeak_CC,2070,OM-var,0.41,refined liquids (CC) (dry cooling)
subpeak generation,refined liquids,refined liquids_subpeak_CC_CCS,2070,OM-var,0.85,refined liquids (CC CCS) (once through)
subpeak generation,refined liquids,refined liquids_subpeak_CC_CCS,2070,OM-var,0.85,refined liquids (CC CCS) (seawater)
subpeak generation,refined liquids,refined liquids_subpeak_CC_CCS,2070,OM-var,0.85,refined liquids (CC CCS) (recirculating)
subpeak generation,refined liquids,refined liquids_subpeak_CC_CCS,2070,OM-var,0.85,refined liquids (CC CCS) (dry cooling)
subpeak generation,coal,coal_subpeak_conv pul_retire_2023,2070,OM-var,1.93,coal (conv pul) (once through)
subpeak generation,coal,coal_subpeak_conv pul_retire_2023,2070,OM-var,1.93,coal (conv pul) (seawater)
subpeak generation,coal,coal_subpeak_conv pul_retire_2023,2070,OM-var,1.93,coal (conv pul) (recirculating)
subpeak generation,coal,coal_subpeak_conv pul_retire_2023,2070,OM-var,1.93,coal (conv pul) (cooling pond)
subpeak generation,coal,coal_subpeak_conv pul_retire_2023,2070,OM-var,1.93,coal (conv pul) (dry cooling)
subpeak generation,coal,coal_subpeak_conv pul,2075,OM-var,1.92,coal (conv pul) (once through)
subpeak generation,coal,coal_subpeak_conv pul,2075,OM-var,1.92,coal (conv pul) (seawater)
subpeak generation,coal,coal_subpeak_conv pul,2075,OM-var,1.92,coal (conv pul) (recirculating)
subpeak generation,coal,coal_subpeak_conv pul,2075,OM-var,1.92,coal (conv pul) (cooling pond)
subpeak generation,coal,coal_subpeak_conv pul,2075,OM-var,1.92,coal (conv pul) (dry cooling)
subpeak generation,gas,gas_subpeak_steam/CT,2075,OM-var,1.59,gas (steam/CT) (once through)
subpeak generation,gas,gas_subpeak_steam/CT,2075,OM-var,1.59,gas (steam/CT) (seawater)
subpeak generation,gas,gas_subpeak_steam/CT,2075,OM-var,1.59,gas (steam/CT) (recirculating)
subpeak generation,gas,gas_subpeak_steam/CT,2075,OM-var,1.59,gas (steam/CT) (cooling pond)
subpeak generation,gas,gas_subpeak_steam/CT,2075,OM-var,1.59,gas (steam/CT) (dry cooling)
subpeak generation,gas,gas_subpeak_CC,2075,OM-var,0.41,gas (CC) (once through)
subpeak generation,gas,gas_subpeak_CC,2075,OM-var,0.41,gas (CC) (seawater)
subpeak generation,gas,gas_subpeak_CC,2075,OM-var,0.41,gas (CC) (recirculating)
subpeak generation,gas,gas_subpeak_CC,2075,OM-var,0.41,gas (CC) (cooling pond)
subpeak generation,gas,gas_subpeak_CC,2075,OM-var,0.41,gas (CC) (dry cooling)
subpeak generation,gas,gas_subpeak_CC_CCS,2075,OM-var,0.84,gas (CC CCS) (once through)
subpeak generation,gas,gas_subpeak_CC_CCS,2075,OM-var,0.84,gas (CC CCS) (seawater)
subpeak generation,gas,gas_subpeak_CC_CCS,2075,OM-var,0.84,gas (CC CCS) (recirculating)
subpeak generation,gas,gas_subpeak_CC_CCS,2075,OM-var,0.84,gas (CC CCS) (dry cooling)
subpeak generation,refined liquids,refined liquids_subpeak_steam/CT,2075,OM-var,1.59,refined liquids (steam/CT) (once through)
subpeak generation,refined liquids,refined liquids_subpeak_steam/CT,2075,OM-var,1.59,refined liquids (steam/CT) (seawater)
subpeak generation,refined liquids,refined liquids_subpeak_steam/CT,2075,OM-var,1.59,refined liquids (steam/CT) (recirculating)
subpeak generation,refined liquids,refined liquids_subpeak_steam/CT,2075,OM-var,1.59,refined liquids (steam/CT) (cooling pond)
subpeak generation,refined liquids,refined liquids_subpeak_steam/CT,2075,OM-var,1.59,refined liquids (steam/CT) (dry cooling)
subpeak generation,refined liquids,refined liquids_subpeak_CC,2075,OM-var,0.41,refined liquids (CC) (once through)
subpeak generation,refined liquids,refined liquids_subpeak_CC,2075,OM-var,0.41,refined liquids (CC) (seawater)
subpeak generation,refined liquids,refined liquids_subpeak_CC,2075,OM-var,0.41,refined liquids (CC) (recirculating)
subpeak generation,refined liquids,refined liquids_subpeak_CC,2075,OM-var,0.41,refined liquids (CC) (dry cooling)
subpeak generation,refined liquids,refined liquids_subpeak_CC_CCS,2075,OM-var,0.84,refined liquids (CC CCS) (once through)
subpeak generation,refined liquids,refined liquids_subpeak_CC_CCS,2075,OM-var,0.84,refined liquids (CC CCS) (seawater)
subpeak generation,refined liquids,refined liquids_subpeak_CC_CCS,2075,OM-var,0.84,refined liquids (CC CCS) (recirculating)
subpeak generation,refined liquids,refined liquids_subpeak_CC_CCS,2075,OM-var,0.84,refined liquids (CC CCS) (dry cooling)
subpeak generation,coal,coal_subpeak_conv pul_retire_2023,2075,OM-var,1.92,coal (conv pul) (once through)
subpeak generation,coal,coal_subpeak_conv pul_retire_2023,2075,OM-var,1.92,coal (conv pul) (seawater)
subpeak generation,coal,coal_subpeak_conv pul_retire_2023,2075,OM-var,1.92,coal (conv pul) (recirculating)
subpeak generation,coal,coal_subpeak_conv pul_retire_2023,2075,OM-var,1.92,coal (conv pul) (cooling pond)
subpeak generation,coal,coal_subpeak_conv pul_retire_2023,2075,OM-var,1.92,coal (conv pul) (dry cooling)
subpeak generation,coal,coal_subpeak_conv pul,2080,OM-var,1.91,coal (conv pul) (once through)
subpeak generation,coal,coal_subpeak_conv pul,2080,OM-var,1.91,coal (conv pul) (seawater)
subpeak generation,coal,coal_subpeak_conv pul,2080,OM-var,1.91,coal (conv pul) (recirculating)
subpeak generation,coal,coal_subpeak_conv pul,2080,OM-var,1.91,coal (conv pul) (cooling pond)
subpeak generation,coal,coal_subpeak_conv pul,2080,OM-var,1.91,coal (conv pul) (dry cooling)
subpeak generation,gas,gas_subpeak_steam/CT,2080,OM-var,1.59,gas (steam/CT) (once through)
subpeak generation,gas,gas_subpeak_steam/CT,2080,OM-var,1.59,gas (steam/CT) (seawater)
subpeak generation,gas,gas_subpeak_steam/CT,2080,OM-var,1.59,gas (steam/CT) (recirculating)
subpeak generation,gas,gas_subpeak_steam/CT,2080,OM-var,1.59,gas (steam/CT) (cooling pond)
subpeak generation,gas,gas_subpeak_steam/CT,2080,OM-var,1.59,gas (steam/CT) (dry cooling)
subpeak generation,gas,gas_subpeak_CC,2080,OM-var,0.41,gas (CC) (once through)
subpeak generation,gas,gas_subpeak_CC,2080,OM-var,0.41,gas (CC) (seawater)
subpeak generation,gas,gas_subpeak_CC,2080,OM-var,0.41,gas (CC) (recirculating)
subpeak generation,gas,gas_subpeak_CC,2080,OM-var,0.41,gas (CC) (cooling pond)
subpeak generation,gas,gas_subpeak_CC,2080,OM-var,0.41,gas (CC) (dry cooling)
subpeak generation,gas,gas_subpeak_CC_CCS,2080,OM-var,0.84,gas (CC CCS) (once through)
subpeak generation,gas,gas_subpeak_CC_CCS,2080,OM-var,0.84,gas (CC CCS) (seawater)
subpeak generation,gas,gas_subpeak_CC_CCS,2080,OM-var,0.84,gas (CC CCS) (recirculating)
subpeak generation,gas,gas_subpeak_CC_CCS,2080,OM-var,0.84,gas (CC CCS) (dry cooling)
subpeak generation,refined liquids,refined liquids_subpeak_steam/CT,2080,OM-var,1.59,refined liquids (steam/CT) (once through)
subpeak generation,refined liquids,refined liquids_subpeak_steam/CT,2080,OM-var,1.59,refined liquids (steam/CT) (seawater)
subpeak generation,refined liquids,refined liquids_subpeak_steam/CT,2080,OM-var,1.59,refined liquids (steam/CT) (recirculating)
subpeak generation,refined liquids,refined liquids_subpeak_steam/CT,2080,OM-var,1.59,refined liquids (steam/CT) (cooling pond)
subpeak generation,refined liquids,refined liquids_subpeak_steam/CT,2080,OM-var,1.59,refined liquids (steam/CT) (dry cooling)
subpeak generation,refined liquids,refined liquids_subpeak_CC,2080,OM-var,0.41,refined liquids (CC) (once through)
subpeak generation,refined liquids,refined liquids_subpeak_CC,2080,OM-var,0.41,refined liquids (CC) (seawater)
subpeak generation,refined liquids,refined liquids_subpeak_CC,2080,OM-var,0.41,refined liquids (CC) (recirculating)
subpeak generation,refined liquids,refined liquids_subpeak_CC,2080,OM-var,0.41,refined liquids (CC) (dry cooling)
subpeak generation,refined liquids,refined liquids_subpeak_CC_CCS,2080,OM-var,0.84,refined liquids (CC CCS) (once through)
subpeak generation,refined liquids,refined liquids_subpeak_CC_CCS,2080,OM-var,0.84,refined liquids (CC CCS) (seawater)
subpeak generation,refined liquids,refined liquids_subpeak_CC_CCS,2080,OM-var,0.84,refined liquids (CC CCS) (recirculating)
subpeak generation,refined liquids,refined liquids_subpeak_CC_CCS,2080,OM-var,0.84,refined liquids (CC CCS) (dry cooling)
subpeak generation,coal,coal_subpeak_conv pul_retire_2023,2080,OM-var,1.91,coal (conv pul) (once through)
subpeak generation,coal,coal_subpeak_conv pul_retire_2023,2080,OM-var,1.91,coal (conv pul) (seawater)
subpeak generation,coal,coal_subpeak_conv pul_retire_2023,2080,OM-var,1.91,coal (conv pul) (recirculating)
subpeak generation,coal,coal_subpeak_conv pul_retire_2023,2080,OM-var,1.91,coal (conv pul) (cooling pond)
subpeak generation,coal,coal_subpeak_conv pul_retire_2023,2080,OM-var,1.91,coal (conv pul) (dry cooling)
subpeak generation,coal,coal_subpeak_conv pul,2085,OM-var,1.9,coal (conv pul) (once through)
subpeak generation,coal,coal_subpeak_conv pul,2085,OM-var,1.9,coal (conv pul) (seawater)
subpeak generation,coal,coal_subpeak_conv pul,2085,OM-var,1.9,coal (conv pul) (recirculating)
subpeak generation,coal,coal_subpeak_conv pul,2085,OM-var,1.9,coal (conv pul) (cooling pond)
subpeak generation,coal,coal_subpeak_conv pul,2085,OM-var,1.9,coal (conv pul) (dry cooling)
subpeak generation,gas,gas_subpeak_steam/CT,2085,OM-var,1.58,gas (steam/CT) (once through)
subpeak generation,gas,gas_subpeak_steam/CT,2085,OM-var,1.58,gas (steam/CT) (seawater)
subpeak generation,gas,gas_subpeak_steam/CT,2085,OM-var,1.58,gas (steam/CT) (recirculating)
subpeak generation,gas,gas_subpeak_steam/CT,2085,OM-var,1.58,gas (steam/CT) (cooling pond)
subpeak generation,gas,gas_subpeak_steam/CT,2085,OM-var,1.58,gas (steam/CT) (dry cooling)
subpeak generation,gas,gas_subpeak_CC,2085,OM-var,0.41,gas (CC) (once through)
subpeak generation,gas,gas_subpeak_CC,2085,OM-var,0.41,gas (CC) (seawater)
subpeak generation,gas,gas_subpeak_CC,2085,OM-var,0.41,gas (CC) (recirculating)
subpeak generation,gas,gas_subpeak_CC,2085,OM-var,0.41,gas (CC) (cooling pond)
subpeak generation,gas,gas_subpeak_CC,2085,OM-var,0.41,gas (CC) (dry cooling)
subpeak generation,gas,gas_subpeak_CC_CCS,2085,OM-var,0.83,gas (CC CCS) (once through)
subpeak generation,gas,gas_subpeak_CC_CCS,2085,OM-var,0.83,gas (CC CCS) (seawater)
subpeak generation,gas,gas_subpeak_CC_CCS,2085,OM-var,0.83,gas (CC CCS) (recirculating)
subpeak generation,gas,gas_subpeak_CC_CCS,2085,OM-var,0.83,gas (CC CCS) (dry cooling)
subpeak generation,refined liquids,refined liquids_subpeak_steam/CT,2085,OM-var,1.58,refined liquids (steam/CT) (once through)
subpeak generation,refined liquids,refined liquids_subpeak_steam/CT,2085,OM-var,1.58,refined liquids (steam/CT) (seawater)
subpeak generation,refined liquids,refined liquids_subpeak_steam/CT,2085,OM-var,1.58,refined liquids (steam/CT) (recirculating)
subpeak generation,refined liquids,refined liquids_subpeak_steam/CT,2085,OM-var,1.58,refined liquids (steam/CT) (cooling pond)
subpeak generation,refined liquids,refined liquids_subpeak_steam/CT,2085,OM-var,1.58,refined liquids (steam/CT) (dry cooling)
subpeak generation,refined liquids,refined liquids_subpeak_CC,2085,OM-var,0.41,refined liquids (CC) (once through)
subpeak generation,refined liquids,refined liquids_subpeak_CC,2085,OM-var,0.41,refined liquids (CC) (seawater)
subpeak generation,refined liquids,refined liquids_subpeak_CC,2085,OM-var,0.41,refined liquids (CC) (recirculating)
subpeak generation,refined liquids,refined liquids_subpeak_CC,2085,OM-var,0.41,refined liquids (CC) (dry cooling)
subpeak generation,refined liquids,refined liquids_subpeak_CC_CCS,2085,OM-var,0.83,refined liquids (CC CCS) (once through)
subpeak generation,refined liquids,refined liquids_subpeak_CC_CCS,2085,OM-var,0.83,refined liquids (CC CCS) (seawater)
subpeak generation,refined liquids,refined liquids_subpeak_CC_CCS,2085,OM-var,0.83,refined liquids (CC CCS) (recirculating)
subpeak generation,refined liquids,refined liquids_subpeak_CC_CCS,2085,OM-var,0.83,refined liquids (CC CCS) (dry cooling)
subpeak generation,coal,coal_subpeak_conv pul_retire_2023,2085,OM-var,1.9,coal (conv pul) (once through)
subpeak generation,coal,coal_subpeak_conv pul_retire_2023,2085,OM-var,1.9,coal (conv pul) (seawater)
subpeak generation,coal,coal_subpeak_conv pul_retire_2023,2085,OM-var,1.9,coal (conv pul) (recirculating)
subpeak generation,coal,coal_subpeak_conv pul_retire_2023,2085,OM-var,1.9,coal (conv pul) (cooling pond)
subpeak generation,coal,coal_subpeak_conv pul_retire_2023,2085,OM-var,1.9,coal (conv pul) (dry cooling)
subpeak generation,coal,coal_subpeak_conv pul,2090,OM-var,1.89,coal (conv pul) (once through)
subpeak generation,coal,coal_subpeak_conv pul,2090,OM-var,1.89,coal (conv pul) (seawater)
subpeak generation,coal,coal_subpeak_conv pul,2090,OM-var,1.89,coal (conv pul) (recirculating)
subpeak generation,coal,coal_subpeak_conv pul,2090,OM-var,1.89,coal (conv pul) (cooling pond)
subpeak generation,coal,coal_subpeak_conv pul,2090,OM-var,1.89,coal (conv pul) (dry cooling)
subpeak generation,gas,gas_subpeak_steam/CT,2090,OM-var,1.57,gas (steam/CT) (once through)
subpeak generation,gas,gas_subpeak_steam/CT,2090,OM-var,1.57,gas (steam/CT) (seawater)
subpeak generation,gas,gas_subpeak_steam/CT,2090,OM-var,1.57,gas (steam/CT) (recirculating)
subpeak generation,gas,gas_subpeak_steam/CT,2090,OM-var,1.57,gas (steam/CT) (cooling pond)
subpeak generation,gas,gas_subpeak_steam/CT,2090,OM-var,1.57,gas (steam/CT) (dry cooling)
subpeak generation,gas,gas_subpeak_CC,2090,OM-var,0.41,gas (CC) (once through)
subpeak generation,gas,gas_subpeak_CC,2090,OM-var,0.41,gas (CC) (seawater)
subpeak generation,gas,gas_subpeak_CC,2090,OM-var,0.41,gas (CC) (recirculating)
subpeak generation,gas,gas_subpeak_CC,2090,OM-var,0.41,gas (CC) (cooling pond)
subpeak generation,gas,gas_subpeak_CC,2090,OM-var,0.41,gas (CC) (dry cooling)
subpeak generation,gas,gas_subpeak_CC_CCS,2090,OM-var,0.83,gas (CC CCS) (once through)
subpeak generation,gas,gas_subpeak_CC_CCS,2090,OM-var,0.83,gas (CC CCS) (seawater)
subpeak generation,gas,gas_subpeak_CC_CCS,2090,OM-var,0.83,gas (CC CCS) (recirculating)
subpeak generation,gas,gas_subpeak_CC_CCS,2090,OM-var,0.83,gas (CC CCS) (dry cooling)
subpeak generation,refined liquids,refined liquids_subpeak_steam/CT,2090,OM-var,1.57,refined liquids (steam/CT) (once through)
subpeak generation,refined liquids,refined liquids_subpeak_steam/CT,2090,OM-var,1.57,refined liquids (steam/CT) (seawater)
subpeak generation,refined liquids,refined liquids_subpeak_steam/CT,2090,OM-var,1.57,refined liquids (steam/CT) (recirculating)
subpeak generation,refined liquids,refined liquids_subpeak_steam/CT,2090,OM-var,1.57,refined liquids (steam/CT) (cooling pond)
subpeak generation,refined liquids,refined liquids_subpeak_steam/CT,2090,OM-var,1.57,refined liquids (steam/CT) (dry cooling)
subpeak generation,refined liquids,refined liquids_subpeak_CC,2090,OM-var,0.41,refined liquids (CC) (once through)
subpeak generation,refined liquids,refined liquids_subpeak_CC,2090,OM-var,0.41,refined liquids (CC) (seawater)
subpeak generation,refined liquids,refined liquids_subpeak_CC,2090,OM-var,0.41,refined liquids (CC) (recirculating)
subpeak generation,refined liquids,refined liquids_subpeak_CC,2090,OM-var,0.41,refined liquids (CC) (dry cooling)
subpeak generation,refined liquids,refined liquids_subpeak_CC_CCS,2090,OM-var,0.83,refined liquids (CC CCS) (once through)
subpeak generation,refined liquids,refined liquids_subpeak_CC_CCS,2090,OM-var,0.83,refined liquids (CC CCS) (seawater)
subpeak generation,refined liquids,refined liquids_subpeak_CC_CCS,2090,OM-var,0.83,refined liquids (CC CCS) (recirculating)
subpeak generation,refined liquids,refined liquids_subpeak_CC_CCS,2090,OM-var,0.83,refined liquids (CC CCS) (dry cooling)
subpeak generation,coal,coal_subpeak_conv pul_retire_2023,2090,OM-var,1.89,coal (conv pul) (once through)
subpeak generation,coal,coal_subpeak_conv pul_retire_2023,2090,OM-var,1.89,coal (conv pul) (seawater)
subpeak generation,coal,coal_subpeak_conv pul_retire_2023,2090,OM-var,1.89,coal (conv pul) (recirculating)
subpeak generation,coal,coal_subpeak_conv pul_retire_2023,2090,OM-var,1.89,coal (conv pul) (cooling pond)
subpeak generation,coal,coal_subpeak_conv pul_retire_2023,2090,OM-var,1.89,coal (conv pul) (dry cooling)
subpeak generation,coal,coal_subpeak_conv pul,2095,OM-var,1.88,coal (conv pul) (once through)
subpeak generation,coal,coal_subpeak_conv pul,2095,OM-var,1.88,coal (conv pul) (seawater)
subpeak generation,coal,coal_subpeak_conv pul,2095,OM-var,1.88,coal (conv pul) (recirculating)
subpeak generation,coal,coal_subpeak_conv pul,2095,OM-var,1.88,coal (conv pul) (cooling pond)
subpeak generation,coal,coal_subpeak_conv pul,2095,OM-var,1.88,coal (conv pul) (dry cooling)
subpeak generation,gas,gas_subpeak_steam/CT,2095,OM-var,1.56,gas (steam/CT) (once through)
subpeak generation,gas,gas_subpeak_steam/CT,2095,OM-var,1.56,gas (steam/CT) (seawater)
subpeak generation,gas,gas_subpeak_steam/CT,2095,OM-var,1.56,gas (steam/CT) (recirculating)
subpeak generation,gas,gas_subpeak_steam/CT,2095,OM-var,1.56,gas (steam/CT) (cooling pond)
subpeak generation,gas,gas_subpeak_steam/CT,2095,OM-var,1.56,gas (steam/CT) (dry cooling)
subpeak generation,gas,gas_subpeak_CC,2095,OM-var,0.4,gas (CC) (once through)
subpeak generation,gas,gas_subpeak_CC,2095,OM-var,0.4,gas (CC) (seawater)
subpeak generation,gas,gas_subpeak_CC,2095,OM-var,0.4,gas (CC) (recirculating)
subpeak generation,gas,gas_subpeak_CC,2095,OM-var,0.4,gas (CC) (cooling pond)
subpeak generation,gas,gas_subpeak_CC,2095,OM-var,0.4,gas (CC) (dry cooling)
subpeak generation,gas,gas_subpeak_CC_CCS,2095,OM-var,0.82,gas (CC CCS) (once through)
subpeak generation,gas,gas_subpeak_CC_CCS,2095,OM-var,0.82,gas (CC CCS) (seawater)
subpeak generation,gas,gas_subpeak_CC_CCS,2095,OM-var,0.82,gas (CC CCS) (recirculating)
subpeak generation,gas,gas_subpeak_CC_CCS,2095,OM-var,0.82,gas (CC CCS) (dry cooling)
subpeak generation,refined liquids,refined liquids_subpeak_steam/CT,2095,OM-var,1.56,refined liquids (steam/CT) (once through)
subpeak generation,refined liquids,refined liquids_subpeak_steam/CT,2095,OM-var,1.56,refined liquids (steam/CT) (seawater)
subpeak generation,refined liquids,refined liquids_subpeak_steam/CT,2095,OM-var,1.56,refined liquids (steam/CT) (recirculating)
subpeak generation,refined liquids,refined liquids_subpeak_steam/CT,2095,OM-var,1.56,refined liquids (steam/CT) (cooling pond)
subpeak generation,refined liquids,refined liquids_subpeak_steam/CT,2095,OM-var,1.56,refined liquids (steam/CT) (dry cooling)
subpeak generation,refined liquids,refined liquids_subpeak_CC,2095,OM-var,0.4,refined liquids (CC) (once through)
subpeak generation,refined liquids,refined liquids_subpeak_CC,2095,OM-var,0.4,refined liquids (CC) (seawater)
subpeak generation,refined liquids,refined liquids_subpeak_CC,2095,OM-var,0.4,refined liquids (CC) (recirculating)
subpeak generation,refined liquids,refined liquids_subpeak_CC,2095,OM-var,0.4,refined liquids (CC) (dry cooling)
subpeak generation,refined liquids,refined liquids_subpeak_CC_CCS,2095,OM-var,0.82,refined liquids (CC CCS) (once through)
subpeak generation,refined liquids,refined liquids_subpeak_CC_CCS,2095,OM-var,0.82,refined liquids (CC CCS) (seawater)
subpeak generation,refined liquids,refined liquids_subpeak_CC_CCS,2095,OM-var,0.82,refined liquids (CC CCS) (recirculating)
subpeak generation,refined liquids,refined liquids_subpeak_CC_CCS,2095,OM-var,0.82,refined liquids (CC CCS) (dry cooling)
subpeak generation,coal,coal_subpeak_conv pul_retire_2023,2095,OM-var,1.88,coal (conv pul) (once through)
subpeak generation,coal,coal_subpeak_conv pul_retire_2023,2095,OM-var,1.88,coal (conv pul) (seawater)
subpeak generation,coal,coal_subpeak_conv pul_retire_2023,2095,OM-var,1.88,coal (conv pul) (recirculating)
subpeak generation,coal,coal_subpeak_conv pul_retire_2023,2095,OM-var,1.88,coal (conv pul) (cooling pond)
subpeak generation,coal,coal_subpeak_conv pul_retire_2023,2095,OM-var,1.88,coal (conv pul) (dry cooling)
subpeak generation,coal,coal_subpeak_conv pul,2100,OM-var,1.87,coal (conv pul) (once through)
subpeak generation,coal,coal_subpeak_conv pul,2100,OM-var,1.87,coal (conv pul) (seawater)
subpeak generation,coal,coal_subpeak_conv pul,2100,OM-var,1.87,coal (conv pul) (recirculating)
subpeak generation,coal,coal_subpeak_conv pul,2100,OM-var,1.87,coal (conv pul) (cooling pond)
subpeak generation,coal,coal_subpeak_conv pul,2100,OM-var,1.87,coal (conv pul) (dry cooling)
subpeak generation,gas,gas_subpeak_steam/CT,2100,OM-var,1.56,gas (steam/CT) (once through)
subpeak generation,gas,gas_subpeak_steam/CT,2100,OM-var,1.56,gas (steam/CT) (seawater)
subpeak generation,gas,gas_subpeak_steam/CT,2100,OM-var,1.56,gas (steam/CT) (recirculating)
subpeak generation,gas,gas_subpeak_steam/CT,2100,OM-var,1.56,gas (steam/CT) (cooling pond)
subpeak generation,gas,gas_subpeak_steam/CT,2100,OM-var,1.56,gas (steam/CT) (dry cooling)
subpeak generation,gas,gas_subpeak_CC,2100,OM-var,0.4,gas (CC) (once through)
subpeak generation,gas,gas_subpeak_CC,2100,OM-var,0.4,gas (CC) (seawater)
subpeak generation,gas,gas_subpeak_CC,2100,OM-var,0.4,gas (CC) (recirculating)
subpeak generation,gas,gas_subpeak_CC,2100,OM-var,0.4,gas (CC) (cooling pond)
subpeak generation,gas,gas_subpeak_CC,2100,OM-var,0.4,gas (CC) (dry cooling)
subpeak generation,gas,gas_subpeak_CC_CCS,2100,OM-var,0.82,gas (CC CCS) (once through)
subpeak generation,gas,gas_subpeak_CC_CCS,2100,OM-var,0.82,gas (CC CCS) (seawater)
subpeak generation,gas,gas_subpeak_CC_CCS,2100,OM-var,0.82,gas (CC CCS) (recirculating)
subpeak generation,gas,gas_subpeak_CC_CCS,2100,OM-var,0.82,gas (CC CCS) (dry cooling)
subpeak generation,refined liquids,refined liquids_subpeak_steam/CT,2100,OM-var,1.56,refined liquids (steam/CT) (once through)
subpeak generation,refined liquids,refined liquids_subpeak_steam/CT,2100,OM-var,1.56,refined liquids (steam/CT) (seawater)
subpeak generation,refined liquids,refined liquids_subpeak_steam/CT,2100,OM-var,1.56,refined liquids (steam/CT) (recirculating)
subpeak generation,refined liquids,refined liquids_subpeak_steam/CT,2100,OM-var,1.56,refined liquids (steam/CT) (cooling pond)
subpeak generation,refined liquids,refined liquids_subpeak_steam/CT,2100,OM-var,1.56,refined liquids (steam/CT) (dry cooling)
subpeak generation,refined liquids,refined liquids_subpeak_CC,2100,OM-var,0.4,refined liquids (CC) (once through)
subpeak generation,refined liquids,refined liquids_subpeak_CC,2100,OM-var,0.4,refined liquids (CC) (seawater)
subpeak generation,refined liquids,refined liquids_subpeak_CC,2100,OM-var,0.4,refined liquids (CC) (recirculating)
subpeak generation,refined liquids,refined liquids_subpeak_CC,2100,OM-var,0.4,refined liquids (CC) (dry cooling)
subpeak generation,refined liquids,refined liquids_subpeak_CC_CCS,2100,OM-var,0.82,refined liquids (CC CCS) (once through)
subpeak generation,refined liquids,refined liquids_subpeak_CC_CCS,2100,OM-var,0.82,refined liquids (CC CCS) (seawater)
subpeak generation,refined liquids,refined liquids_subpeak_CC_CCS,2100,OM-var,0.82,refined liquids (CC CCS) (recirculating)
subpeak generation,refined liquids,refined liquids_subpeak_CC_CCS,2100,OM-var,0.82,refined liquids (CC CCS) (dry cooling)
subpeak generation,coal,coal_subpeak_conv pul_retire_2023,2100,OM-var,1.87,coal (conv pul) (once through)
subpeak generation,coal,coal_subpeak_conv pul_retire_2023,2100,OM-var,1.87,coal (conv pul) (seawater)
subpeak generation,coal,coal_subpeak_conv pul_retire_2023,2100,OM-var,1.87,coal (conv pul) (recirculating)
subpeak generation,coal,coal_subpeak_conv pul_retire_2023,2100,OM-var,1.87,coal (conv pul) (cooling pond)
subpeak generation,coal,coal_subpeak_conv pul_retire_2023,2100,OM-var,1.87,coal (conv pul) (dry cooling)
