sector.name,subsector.name0,subsector.name,year,input.OM.fixed,OM.fixed,technology
base load generation,biomass,biomass_base_conv,1975,OM-fixed,33.68,biomass (conv) (once through)
base load generation,biomass,biomass_base_conv,1975,OM-fixed,33.68,biomass (conv) (seawater)
base load generation,biomass,biomass_base_conv,1975,OM-fixed,33.68,biomass (conv) (recirculating)
base load generation,biomass,biomass_base_conv,1975,OM-fixed,33.68,biomass (conv) (cooling pond)
base load generation,biomass,biomass_base_conv,1975,OM-fixed,33.68,biomass (conv) (dry cooling)
base load generation,biomass,biomass_base_conv_CCS,1975,OM-fixed,43.18,biomass (conv CCS) (once through)
base load generation,biomass,biomass_base_conv_CCS,1975,OM-fixed,43.18,biomass (conv CCS) (seawater)
base load generation,biomass,biomass_base_conv_CCS,1975,OM-fixed,43.18,biomass (conv CCS) (recirculating)
base load generation,biomass,biomass_base_conv_CCS,1975,OM-fixed,43.18,biomass (conv CCS) (dry cooling)
base load generation,biomass,biomass_base_IGCC,1975,OM-fixed,52.86,biomass (IGCC) (once through)
base load generation,biomass,biomass_base_IGCC,1975,OM-fixed,52.86,biomass (IGCC) (seawater)
base load generation,biomass,biomass_base_IGCC,1975,OM-fixed,52.86,biomass (IGCC) (recirculating)
base load generation,biomass,biomass_base_IGCC,1975,OM-fixed,52.86,biomass (IGCC) (dry cooling)
base load generation,biomass,biomass_base_IGCC_CCS,1975,OM-fixed,67.96,biomass (IGCC CCS) (once through)
base load generation,biomass,biomass_base_IGCC_CCS,1975,OM-fixed,67.96,biomass (IGCC CCS) (seawater)
base load generation,biomass,biomass_base_IGCC_CCS,1975,OM-fixed,67.96,biomass (IGCC CCS) (recirculating)
base load generation,biomass,biomass_base_IGCC_CCS,1975,OM-fixed,67.96,biomass (IGCC CCS) (dry cooling)
base load generation,coal,coal_base_conv pul,1975,OM-fixed,19.37,coal (conv pul) (once through)
base load generation,coal,coal_base_conv pul,1975,OM-fixed,19.37,coal (conv pul) (seawater)
base load generation,coal,coal_base_conv pul,1975,OM-fixed,19.37,coal (conv pul) (recirculating)
base load generation,coal,coal_base_conv pul,1975,OM-fixed,19.37,coal (conv pul) (cooling pond)
base load generation,coal,coal_base_conv pul,1975,OM-fixed,19.37,coal (conv pul) (dry cooling)
base load generation,coal,coal_base_conv pul_CCS,1975,OM-fixed,31.07,coal (conv pul CCS) (once through)
base load generation,coal,coal_base_conv pul_CCS,1975,OM-fixed,31.07,coal (conv pul CCS) (seawater)
base load generation,coal,coal_base_conv pul_CCS,1975,OM-fixed,31.07,coal (conv pul CCS) (recirculating)
base load generation,coal,coal_base_conv pul_CCS,1975,OM-fixed,31.07,coal (conv pul CCS) (dry cooling)
base load generation,coal,coal_base_IGCC,1975,OM-fixed,38.55,coal (IGCC) (once through)
base load generation,coal,coal_base_IGCC,1975,OM-fixed,38.55,coal (IGCC) (seawater)
base load generation,coal,coal_base_IGCC,1975,OM-fixed,38.55,coal (IGCC) (recirculating)
base load generation,coal,coal_base_IGCC,1975,OM-fixed,38.55,coal (IGCC) (dry cooling)
base load generation,coal,coal_base_IGCC_CCS,1975,OM-fixed,55.85,coal (IGCC CCS) (once through)
base load generation,coal,coal_base_IGCC_CCS,1975,OM-fixed,55.85,coal (IGCC CCS) (seawater)
base load generation,coal,coal_base_IGCC_CCS,1975,OM-fixed,55.85,coal (IGCC CCS) (recirculating)
base load generation,coal,coal_base_IGCC_CCS,1975,OM-fixed,55.85,coal (IGCC CCS) (dry cooling)
base load generation,gas,gas_base_CC,1975,OM-fixed,7.36,gas (CC) (once through)
base load generation,gas,gas_base_CC,1975,OM-fixed,7.36,gas (CC) (seawater)
base load generation,gas,gas_base_CC,1975,OM-fixed,7.36,gas (CC) (recirculating)
base load generation,gas,gas_base_CC,1975,OM-fixed,7.36,gas (CC) (cooling pond)
base load generation,gas,gas_base_CC,1975,OM-fixed,7.36,gas (CC) (dry cooling)
base load generation,gas,gas_base_CC_CCS,1975,OM-fixed,16.21,gas (CC CCS) (once through)
base load generation,gas,gas_base_CC_CCS,1975,OM-fixed,16.21,gas (CC CCS) (seawater)
base load generation,gas,gas_base_CC_CCS,1975,OM-fixed,16.21,gas (CC CCS) (recirculating)
base load generation,gas,gas_base_CC_CCS,1975,OM-fixed,16.21,gas (CC CCS) (dry cooling)
base load generation,geothermal,geo_base,1975,OM-fixed,38.89,geothermal (recirculating)
base load generation,geothermal,geo_base,1975,OM-fixed,38.89,geothermal (dry_hybrid)
base load generation,nuclear,nuc_base_Gen II,1975,OM-fixed,39.11,Gen_II_LWR (once through)
base load generation,nuclear,nuc_base_Gen II,1975,OM-fixed,39.11,Gen_II_LWR (seawater)
base load generation,nuclear,nuc_base_Gen II,1975,OM-fixed,39.11,Gen_II_LWR (recirculating)
base load generation,nuclear,nuc_base_Gen II,1975,OM-fixed,39.11,Gen_II_LWR (cooling pond)
base load generation,nuclear,nuc_base_large reactor,1975,OM-fixed,39.11,large reactor (once through)
base load generation,nuclear,nuc_base_large reactor,1975,OM-fixed,39.11,large reactor (seawater)
base load generation,nuclear,nuc_base_large reactor,1975,OM-fixed,39.11,large reactor (recirculating)
base load generation,nuclear,nuc_base_large reactor,1975,OM-fixed,39.11,large reactor (cooling pond)
base load generation,nuclear,nuc_base_SMR,1975,OM-fixed,32.05,SMR (once through)
base load generation,nuclear,nuc_base_SMR,1975,OM-fixed,32.05,SMR (seawater)
base load generation,nuclear,nuc_base_SMR,1975,OM-fixed,32.05,SMR (recirculating)
base load generation,nuclear,nuc_base_SMR,1975,OM-fixed,32.05,SMR (cooling pond)
base load generation,refined liquids,refined liquids_base_steam/CT,1975,OM-fixed,5.64,refined liquids (steam/CT) (once through)
base load generation,refined liquids,refined liquids_base_steam/CT,1975,OM-fixed,5.64,refined liquids (steam/CT) (seawater)
base load generation,refined liquids,refined liquids_base_steam/CT,1975,OM-fixed,5.64,refined liquids (steam/CT) (recirculating)
base load generation,refined liquids,refined liquids_base_steam/CT,1975,OM-fixed,5.64,refined liquids (steam/CT) (cooling pond)
base load generation,refined liquids,refined liquids_base_steam/CT,1975,OM-fixed,5.64,refined liquids (steam/CT) (dry cooling)
base load generation,refined liquids,refined liquids_base_CC,1975,OM-fixed,7.36,refined liquids (CC) (once through)
base load generation,refined liquids,refined liquids_base_CC,1975,OM-fixed,7.36,refined liquids (CC) (seawater)
base load generation,refined liquids,refined liquids_base_CC,1975,OM-fixed,7.36,refined liquids (CC) (recirculating)
base load generation,refined liquids,refined liquids_base_CC,1975,OM-fixed,7.36,refined liquids (CC) (dry cooling)
base load generation,refined liquids,refined liquids_base_CC_CCS,1975,OM-fixed,16.21,refined liquids (CC CCS) (once through)
base load generation,refined liquids,refined liquids_base_CC_CCS,1975,OM-fixed,16.21,refined liquids (CC CCS) (seawater)
base load generation,refined liquids,refined liquids_base_CC_CCS,1975,OM-fixed,16.21,refined liquids (CC CCS) (recirculating)
base load generation,refined liquids,refined liquids_base_CC_CCS,1975,OM-fixed,16.21,refined liquids (CC CCS) (dry cooling)
base load generation,solar,PV_base_storage,1975,OM-fixed,42.48,PV_base_storage
base load generation,solar,CSP_base_storage,1975,OM-fixed,18.56,CSP_base_storage
base load generation,wind,wind_base_storage,1975,OM-fixed,45.15,wind_base_storage
base load generation,coal,coal_base_conv pul 1951-1955,1975,OM-fixed,19.37,coal (conv pul) (once through)
base load generation,coal,coal_base_conv pul 1951-1955,1975,OM-fixed,19.37,coal (conv pul) (seawater)
base load generation,coal,coal_base_conv pul 1951-1955,1975,OM-fixed,19.37,coal (conv pul) (recirculating)
base load generation,coal,coal_base_conv pul 1951-1955,1975,OM-fixed,19.37,coal (conv pul) (cooling pond)
base load generation,coal,coal_base_conv pul 1951-1955,1975,OM-fixed,19.37,coal (conv pul) (dry cooling)
base load generation,coal,coal_base_conv pul 1956-1960,1975,OM-fixed,19.37,coal (conv pul) (once through)
base load generation,coal,coal_base_conv pul 1956-1960,1975,OM-fixed,19.37,coal (conv pul) (seawater)
base load generation,coal,coal_base_conv pul 1956-1960,1975,OM-fixed,19.37,coal (conv pul) (recirculating)
base load generation,coal,coal_base_conv pul 1956-1960,1975,OM-fixed,19.37,coal (conv pul) (cooling pond)
base load generation,coal,coal_base_conv pul 1956-1960,1975,OM-fixed,19.37,coal (conv pul) (dry cooling)
base load generation,coal,coal_base_conv pul 1961-1965,1975,OM-fixed,19.37,coal (conv pul) (once through)
base load generation,coal,coal_base_conv pul 1961-1965,1975,OM-fixed,19.37,coal (conv pul) (seawater)
base load generation,coal,coal_base_conv pul 1961-1965,1975,OM-fixed,19.37,coal (conv pul) (recirculating)
base load generation,coal,coal_base_conv pul 1961-1965,1975,OM-fixed,19.37,coal (conv pul) (cooling pond)
base load generation,coal,coal_base_conv pul 1961-1965,1975,OM-fixed,19.37,coal (conv pul) (dry cooling)
base load generation,coal,coal_base_conv pul 1966-1970,1975,OM-fixed,19.37,coal (conv pul) (once through)
base load generation,coal,coal_base_conv pul 1966-1970,1975,OM-fixed,19.37,coal (conv pul) (seawater)
base load generation,coal,coal_base_conv pul 1966-1970,1975,OM-fixed,19.37,coal (conv pul) (recirculating)
base load generation,coal,coal_base_conv pul 1966-1970,1975,OM-fixed,19.37,coal (conv pul) (cooling pond)
base load generation,coal,coal_base_conv pul 1966-1970,1975,OM-fixed,19.37,coal (conv pul) (dry cooling)
base load generation,coal,coal_base_conv pul 1971-1975,1975,OM-fixed,19.37,coal (conv pul) (once through)
base load generation,coal,coal_base_conv pul 1971-1975,1975,OM-fixed,19.37,coal (conv pul) (seawater)
base load generation,coal,coal_base_conv pul 1971-1975,1975,OM-fixed,19.37,coal (conv pul) (recirculating)
base load generation,coal,coal_base_conv pul 1971-1975,1975,OM-fixed,19.37,coal (conv pul) (cooling pond)
base load generation,coal,coal_base_conv pul 1971-1975,1975,OM-fixed,19.37,coal (conv pul) (dry cooling)
base load generation,coal,coal_base_conv pul 1976-1980,1975,OM-fixed,19.37,coal (conv pul) (once through)
base load generation,coal,coal_base_conv pul 1976-1980,1975,OM-fixed,19.37,coal (conv pul) (seawater)
base load generation,coal,coal_base_conv pul 1976-1980,1975,OM-fixed,19.37,coal (conv pul) (recirculating)
base load generation,coal,coal_base_conv pul 1976-1980,1975,OM-fixed,19.37,coal (conv pul) (cooling pond)
base load generation,coal,coal_base_conv pul 1976-1980,1975,OM-fixed,19.37,coal (conv pul) (dry cooling)
base load generation,coal,coal_base_conv pul 1981-1985,1975,OM-fixed,19.37,coal (conv pul) (once through)
base load generation,coal,coal_base_conv pul 1981-1985,1975,OM-fixed,19.37,coal (conv pul) (seawater)
base load generation,coal,coal_base_conv pul 1981-1985,1975,OM-fixed,19.37,coal (conv pul) (recirculating)
base load generation,coal,coal_base_conv pul 1981-1985,1975,OM-fixed,19.37,coal (conv pul) (cooling pond)
base load generation,coal,coal_base_conv pul 1981-1985,1975,OM-fixed,19.37,coal (conv pul) (dry cooling)
base load generation,coal,coal_base_conv pul 1986-1990,1975,OM-fixed,19.37,coal (conv pul) (once through)
base load generation,coal,coal_base_conv pul 1986-1990,1975,OM-fixed,19.37,coal (conv pul) (seawater)
base load generation,coal,coal_base_conv pul 1986-1990,1975,OM-fixed,19.37,coal (conv pul) (recirculating)
base load generation,coal,coal_base_conv pul 1986-1990,1975,OM-fixed,19.37,coal (conv pul) (cooling pond)
base load generation,coal,coal_base_conv pul 1986-1990,1975,OM-fixed,19.37,coal (conv pul) (dry cooling)
base load generation,coal,coal_base_conv pul 1991-1995,1975,OM-fixed,19.37,coal (conv pul) (once through)
base load generation,coal,coal_base_conv pul 1991-1995,1975,OM-fixed,19.37,coal (conv pul) (seawater)
base load generation,coal,coal_base_conv pul 1991-1995,1975,OM-fixed,19.37,coal (conv pul) (recirculating)
base load generation,coal,coal_base_conv pul 1991-1995,1975,OM-fixed,19.37,coal (conv pul) (cooling pond)
base load generation,coal,coal_base_conv pul 1991-1995,1975,OM-fixed,19.37,coal (conv pul) (dry cooling)
base load generation,coal,coal_base_conv pul 1996-2000,1975,OM-fixed,19.37,coal (conv pul) (once through)
base load generation,coal,coal_base_conv pul 1996-2000,1975,OM-fixed,19.37,coal (conv pul) (seawater)
base load generation,coal,coal_base_conv pul 1996-2000,1975,OM-fixed,19.37,coal (conv pul) (recirculating)
base load generation,coal,coal_base_conv pul 1996-2000,1975,OM-fixed,19.37,coal (conv pul) (cooling pond)
base load generation,coal,coal_base_conv pul 1996-2000,1975,OM-fixed,19.37,coal (conv pul) (dry cooling)
base load generation,coal,coal_base_conv pul 2001-2005,1975,OM-fixed,19.37,coal (conv pul) (once through)
base load generation,coal,coal_base_conv pul 2001-2005,1975,OM-fixed,19.37,coal (conv pul) (seawater)
base load generation,coal,coal_base_conv pul 2001-2005,1975,OM-fixed,19.37,coal (conv pul) (recirculating)
base load generation,coal,coal_base_conv pul 2001-2005,1975,OM-fixed,19.37,coal (conv pul) (cooling pond)
base load generation,coal,coal_base_conv pul 2001-2005,1975,OM-fixed,19.37,coal (conv pul) (dry cooling)
base load generation,coal,coal_base_conv pul 2006-2010,1975,OM-fixed,19.37,coal (conv pul) (once through)
base load generation,coal,coal_base_conv pul 2006-2010,1975,OM-fixed,19.37,coal (conv pul) (seawater)
base load generation,coal,coal_base_conv pul 2006-2010,1975,OM-fixed,19.37,coal (conv pul) (recirculating)
base load generation,coal,coal_base_conv pul 2006-2010,1975,OM-fixed,19.37,coal (conv pul) (cooling pond)
base load generation,coal,coal_base_conv pul 2006-2010,1975,OM-fixed,19.37,coal (conv pul) (dry cooling)
base load generation,coal,coal_base_conv pul 2011-2015,1975,OM-fixed,19.37,coal (conv pul) (once through)
base load generation,coal,coal_base_conv pul 2011-2015,1975,OM-fixed,19.37,coal (conv pul) (seawater)
base load generation,coal,coal_base_conv pul 2011-2015,1975,OM-fixed,19.37,coal (conv pul) (recirculating)
base load generation,coal,coal_base_conv pul 2011-2015,1975,OM-fixed,19.37,coal (conv pul) (cooling pond)
base load generation,coal,coal_base_conv pul 2011-2015,1975,OM-fixed,19.37,coal (conv pul) (dry cooling)
base load generation,coal,coal_base_conv pul 2016-2021,1975,OM-fixed,19.37,coal (conv pul) (once through)
base load generation,coal,coal_base_conv pul 2016-2021,1975,OM-fixed,19.37,coal (conv pul) (seawater)
base load generation,coal,coal_base_conv pul 2016-2021,1975,OM-fixed,19.37,coal (conv pul) (recirculating)
base load generation,coal,coal_base_conv pul 2016-2021,1975,OM-fixed,19.37,coal (conv pul) (cooling pond)
base load generation,coal,coal_base_conv pul 2016-2021,1975,OM-fixed,19.37,coal (conv pul) (dry cooling)
base load generation,coal,coal_base_conv pul before 1950,1975,OM-fixed,19.37,coal (conv pul) (once through)
base load generation,coal,coal_base_conv pul before 1950,1975,OM-fixed,19.37,coal (conv pul) (seawater)
base load generation,coal,coal_base_conv pul before 1950,1975,OM-fixed,19.37,coal (conv pul) (recirculating)
base load generation,coal,coal_base_conv pul before 1950,1975,OM-fixed,19.37,coal (conv pul) (cooling pond)
base load generation,coal,coal_base_conv pul before 1950,1975,OM-fixed,19.37,coal (conv pul) (dry cooling)
base load generation,coal,coal_base_conv pul_retire_2023,1975,OM-fixed,19.37,coal (conv pul) (once through)
base load generation,coal,coal_base_conv pul_retire_2023,1975,OM-fixed,19.37,coal (conv pul) (seawater)
base load generation,coal,coal_base_conv pul_retire_2023,1975,OM-fixed,19.37,coal (conv pul) (recirculating)
base load generation,coal,coal_base_conv pul_retire_2023,1975,OM-fixed,19.37,coal (conv pul) (cooling pond)
base load generation,coal,coal_base_conv pul_retire_2023,1975,OM-fixed,19.37,coal (conv pul) (dry cooling)
base load generation,biomass,biomass_base_conv,1990,OM-fixed,33.68,biomass (conv) (once through)
base load generation,biomass,biomass_base_conv,1990,OM-fixed,33.68,biomass (conv) (seawater)
base load generation,biomass,biomass_base_conv,1990,OM-fixed,33.68,biomass (conv) (recirculating)
base load generation,biomass,biomass_base_conv,1990,OM-fixed,33.68,biomass (conv) (cooling pond)
base load generation,biomass,biomass_base_conv,1990,OM-fixed,33.68,biomass (conv) (dry cooling)
base load generation,biomass,biomass_base_conv_CCS,1990,OM-fixed,43.18,biomass (conv CCS) (once through)
base load generation,biomass,biomass_base_conv_CCS,1990,OM-fixed,43.18,biomass (conv CCS) (seawater)
base load generation,biomass,biomass_base_conv_CCS,1990,OM-fixed,43.18,biomass (conv CCS) (recirculating)
base load generation,biomass,biomass_base_conv_CCS,1990,OM-fixed,43.18,biomass (conv CCS) (dry cooling)
base load generation,biomass,biomass_base_IGCC,1990,OM-fixed,52.86,biomass (IGCC) (once through)
base load generation,biomass,biomass_base_IGCC,1990,OM-fixed,52.86,biomass (IGCC) (seawater)
base load generation,biomass,biomass_base_IGCC,1990,OM-fixed,52.86,biomass (IGCC) (recirculating)
base load generation,biomass,biomass_base_IGCC,1990,OM-fixed,52.86,biomass (IGCC) (dry cooling)
base load generation,biomass,biomass_base_IGCC_CCS,1990,OM-fixed,67.96,biomass (IGCC CCS) (once through)
base load generation,biomass,biomass_base_IGCC_CCS,1990,OM-fixed,67.96,biomass (IGCC CCS) (seawater)
base load generation,biomass,biomass_base_IGCC_CCS,1990,OM-fixed,67.96,biomass (IGCC CCS) (recirculating)
base load generation,biomass,biomass_base_IGCC_CCS,1990,OM-fixed,67.96,biomass (IGCC CCS) (dry cooling)
base load generation,coal,coal_base_conv pul,1990,OM-fixed,19.37,coal (conv pul) (once through)
base load generation,coal,coal_base_conv pul,1990,OM-fixed,19.37,coal (conv pul) (seawater)
base load generation,coal,coal_base_conv pul,1990,OM-fixed,19.37,coal (conv pul) (recirculating)
base load generation,coal,coal_base_conv pul,1990,OM-fixed,19.37,coal (conv pul) (cooling pond)
base load generation,coal,coal_base_conv pul,1990,OM-fixed,19.37,coal (conv pul) (dry cooling)
base load generation,coal,coal_base_conv pul_CCS,1990,OM-fixed,31.07,coal (conv pul CCS) (once through)
base load generation,coal,coal_base_conv pul_CCS,1990,OM-fixed,31.07,coal (conv pul CCS) (seawater)
base load generation,coal,coal_base_conv pul_CCS,1990,OM-fixed,31.07,coal (conv pul CCS) (recirculating)
base load generation,coal,coal_base_conv pul_CCS,1990,OM-fixed,31.07,coal (conv pul CCS) (dry cooling)
base load generation,coal,coal_base_IGCC,1990,OM-fixed,38.55,coal (IGCC) (once through)
base load generation,coal,coal_base_IGCC,1990,OM-fixed,38.55,coal (IGCC) (seawater)
base load generation,coal,coal_base_IGCC,1990,OM-fixed,38.55,coal (IGCC) (recirculating)
base load generation,coal,coal_base_IGCC,1990,OM-fixed,38.55,coal (IGCC) (dry cooling)
base load generation,coal,coal_base_IGCC_CCS,1990,OM-fixed,55.85,coal (IGCC CCS) (once through)
base load generation,coal,coal_base_IGCC_CCS,1990,OM-fixed,55.85,coal (IGCC CCS) (seawater)
base load generation,coal,coal_base_IGCC_CCS,1990,OM-fixed,55.85,coal (IGCC CCS) (recirculating)
base load generation,coal,coal_base_IGCC_CCS,1990,OM-fixed,55.85,coal (IGCC CCS) (dry cooling)
base load generation,gas,gas_base_CC,1990,OM-fixed,7.36,gas (CC) (once through)
base load generation,gas,gas_base_CC,1990,OM-fixed,7.36,gas (CC) (seawater)
base load generation,gas,gas_base_CC,1990,OM-fixed,7.36,gas (CC) (recirculating)
base load generation,gas,gas_base_CC,1990,OM-fixed,7.36,gas (CC) (cooling pond)
base load generation,gas,gas_base_CC,1990,OM-fixed,7.36,gas (CC) (dry cooling)
base load generation,gas,gas_base_CC_CCS,1990,OM-fixed,16.21,gas (CC CCS) (once through)
base load generation,gas,gas_base_CC_CCS,1990,OM-fixed,16.21,gas (CC CCS) (seawater)
base load generation,gas,gas_base_CC_CCS,1990,OM-fixed,16.21,gas (CC CCS) (recirculating)
base load generation,gas,gas_base_CC_CCS,1990,OM-fixed,16.21,gas (CC CCS) (dry cooling)
base load generation,geothermal,geo_base,1990,OM-fixed,38.89,geothermal (recirculating)
base load generation,geothermal,geo_base,1990,OM-fixed,38.89,geothermal (dry_hybrid)
base load generation,nuclear,nuc_base_Gen II,1990,OM-fixed,39.11,Gen_II_LWR (once through)
base load generation,nuclear,nuc_base_Gen II,1990,OM-fixed,39.11,Gen_II_LWR (seawater)
base load generation,nuclear,nuc_base_Gen II,1990,OM-fixed,39.11,Gen_II_LWR (recirculating)
base load generation,nuclear,nuc_base_Gen II,1990,OM-fixed,39.11,Gen_II_LWR (cooling pond)
base load generation,nuclear,nuc_base_large reactor,1990,OM-fixed,39.11,large reactor (once through)
base load generation,nuclear,nuc_base_large reactor,1990,OM-fixed,39.11,large reactor (seawater)
base load generation,nuclear,nuc_base_large reactor,1990,OM-fixed,39.11,large reactor (recirculating)
base load generation,nuclear,nuc_base_large reactor,1990,OM-fixed,39.11,large reactor (cooling pond)
base load generation,nuclear,nuc_base_SMR,1990,OM-fixed,32.05,SMR (once through)
base load generation,nuclear,nuc_base_SMR,1990,OM-fixed,32.05,SMR (seawater)
base load generation,nuclear,nuc_base_SMR,1990,OM-fixed,32.05,SMR (recirculating)
base load generation,nuclear,nuc_base_SMR,1990,OM-fixed,32.05,SMR (cooling pond)
base load generation,refined liquids,refined liquids_base_steam/CT,1990,OM-fixed,5.64,refined liquids (steam/CT) (once through)
base load generation,refined liquids,refined liquids_base_steam/CT,1990,OM-fixed,5.64,refined liquids (steam/CT) (seawater)
base load generation,refined liquids,refined liquids_base_steam/CT,1990,OM-fixed,5.64,refined liquids (steam/CT) (recirculating)
base load generation,refined liquids,refined liquids_base_steam/CT,1990,OM-fixed,5.64,refined liquids (steam/CT) (cooling pond)
base load generation,refined liquids,refined liquids_base_steam/CT,1990,OM-fixed,5.64,refined liquids (steam/CT) (dry cooling)
base load generation,refined liquids,refined liquids_base_CC,1990,OM-fixed,7.36,refined liquids (CC) (once through)
base load generation,refined liquids,refined liquids_base_CC,1990,OM-fixed,7.36,refined liquids (CC) (seawater)
base load generation,refined liquids,refined liquids_base_CC,1990,OM-fixed,7.36,refined liquids (CC) (recirculating)
base load generation,refined liquids,refined liquids_base_CC,1990,OM-fixed,7.36,refined liquids (CC) (dry cooling)
base load generation,refined liquids,refined liquids_base_CC_CCS,1990,OM-fixed,16.21,refined liquids (CC CCS) (once through)
base load generation,refined liquids,refined liquids_base_CC_CCS,1990,OM-fixed,16.21,refined liquids (CC CCS) (seawater)
base load generation,refined liquids,refined liquids_base_CC_CCS,1990,OM-fixed,16.21,refined liquids (CC CCS) (recirculating)
base load generation,refined liquids,refined liquids_base_CC_CCS,1990,OM-fixed,16.21,refined liquids (CC CCS) (dry cooling)
base load generation,solar,PV_base_storage,1990,OM-fixed,42.48,PV_base_storage
base load generation,solar,CSP_base_storage,1990,OM-fixed,18.56,CSP_base_storage
base load generation,wind,wind_base_storage,1990,OM-fixed,45.15,wind_base_storage
base load generation,coal,coal_base_conv pul 1951-1955,1990,OM-fixed,19.37,coal (conv pul) (once through)
base load generation,coal,coal_base_conv pul 1951-1955,1990,OM-fixed,19.37,coal (conv pul) (seawater)
base load generation,coal,coal_base_conv pul 1951-1955,1990,OM-fixed,19.37,coal (conv pul) (recirculating)
base load generation,coal,coal_base_conv pul 1951-1955,1990,OM-fixed,19.37,coal (conv pul) (cooling pond)
base load generation,coal,coal_base_conv pul 1951-1955,1990,OM-fixed,19.37,coal (conv pul) (dry cooling)
base load generation,coal,coal_base_conv pul 1956-1960,1990,OM-fixed,19.37,coal (conv pul) (once through)
base load generation,coal,coal_base_conv pul 1956-1960,1990,OM-fixed,19.37,coal (conv pul) (seawater)
base load generation,coal,coal_base_conv pul 1956-1960,1990,OM-fixed,19.37,coal (conv pul) (recirculating)
base load generation,coal,coal_base_conv pul 1956-1960,1990,OM-fixed,19.37,coal (conv pul) (cooling pond)
base load generation,coal,coal_base_conv pul 1956-1960,1990,OM-fixed,19.37,coal (conv pul) (dry cooling)
base load generation,coal,coal_base_conv pul 1961-1965,1990,OM-fixed,19.37,coal (conv pul) (once through)
base load generation,coal,coal_base_conv pul 1961-1965,1990,OM-fixed,19.37,coal (conv pul) (seawater)
base load generation,coal,coal_base_conv pul 1961-1965,1990,OM-fixed,19.37,coal (conv pul) (recirculating)
base load generation,coal,coal_base_conv pul 1961-1965,1990,OM-fixed,19.37,coal (conv pul) (cooling pond)
base load generation,coal,coal_base_conv pul 1961-1965,1990,OM-fixed,19.37,coal (conv pul) (dry cooling)
base load generation,coal,coal_base_conv pul 1966-1970,1990,OM-fixed,19.37,coal (conv pul) (once through)
base load generation,coal,coal_base_conv pul 1966-1970,1990,OM-fixed,19.37,coal (conv pul) (seawater)
base load generation,coal,coal_base_conv pul 1966-1970,1990,OM-fixed,19.37,coal (conv pul) (recirculating)
base load generation,coal,coal_base_conv pul 1966-1970,1990,OM-fixed,19.37,coal (conv pul) (cooling pond)
base load generation,coal,coal_base_conv pul 1966-1970,1990,OM-fixed,19.37,coal (conv pul) (dry cooling)
base load generation,coal,coal_base_conv pul 1971-1975,1990,OM-fixed,19.37,coal (conv pul) (once through)
base load generation,coal,coal_base_conv pul 1971-1975,1990,OM-fixed,19.37,coal (conv pul) (seawater)
base load generation,coal,coal_base_conv pul 1971-1975,1990,OM-fixed,19.37,coal (conv pul) (recirculating)
base load generation,coal,coal_base_conv pul 1971-1975,1990,OM-fixed,19.37,coal (conv pul) (cooling pond)
base load generation,coal,coal_base_conv pul 1971-1975,1990,OM-fixed,19.37,coal (conv pul) (dry cooling)
base load generation,coal,coal_base_conv pul 1976-1980,1990,OM-fixed,19.37,coal (conv pul) (once through)
base load generation,coal,coal_base_conv pul 1976-1980,1990,OM-fixed,19.37,coal (conv pul) (seawater)
base load generation,coal,coal_base_conv pul 1976-1980,1990,OM-fixed,19.37,coal (conv pul) (recirculating)
base load generation,coal,coal_base_conv pul 1976-1980,1990,OM-fixed,19.37,coal (conv pul) (cooling pond)
base load generation,coal,coal_base_conv pul 1976-1980,1990,OM-fixed,19.37,coal (conv pul) (dry cooling)
base load generation,coal,coal_base_conv pul 1981-1985,1990,OM-fixed,19.37,coal (conv pul) (once through)
base load generation,coal,coal_base_conv pul 1981-1985,1990,OM-fixed,19.37,coal (conv pul) (seawater)
base load generation,coal,coal_base_conv pul 1981-1985,1990,OM-fixed,19.37,coal (conv pul) (recirculating)
base load generation,coal,coal_base_conv pul 1981-1985,1990,OM-fixed,19.37,coal (conv pul) (cooling pond)
base load generation,coal,coal_base_conv pul 1981-1985,1990,OM-fixed,19.37,coal (conv pul) (dry cooling)
base load generation,coal,coal_base_conv pul 1986-1990,1990,OM-fixed,19.37,coal (conv pul) (once through)
base load generation,coal,coal_base_conv pul 1986-1990,1990,OM-fixed,19.37,coal (conv pul) (seawater)
base load generation,coal,coal_base_conv pul 1986-1990,1990,OM-fixed,19.37,coal (conv pul) (recirculating)
base load generation,coal,coal_base_conv pul 1986-1990,1990,OM-fixed,19.37,coal (conv pul) (cooling pond)
base load generation,coal,coal_base_conv pul 1986-1990,1990,OM-fixed,19.37,coal (conv pul) (dry cooling)
base load generation,coal,coal_base_conv pul 1991-1995,1990,OM-fixed,19.37,coal (conv pul) (once through)
base load generation,coal,coal_base_conv pul 1991-1995,1990,OM-fixed,19.37,coal (conv pul) (seawater)
base load generation,coal,coal_base_conv pul 1991-1995,1990,OM-fixed,19.37,coal (conv pul) (recirculating)
base load generation,coal,coal_base_conv pul 1991-1995,1990,OM-fixed,19.37,coal (conv pul) (cooling pond)
base load generation,coal,coal_base_conv pul 1991-1995,1990,OM-fixed,19.37,coal (conv pul) (dry cooling)
base load generation,coal,coal_base_conv pul 1996-2000,1990,OM-fixed,19.37,coal (conv pul) (once through)
base load generation,coal,coal_base_conv pul 1996-2000,1990,OM-fixed,19.37,coal (conv pul) (seawater)
base load generation,coal,coal_base_conv pul 1996-2000,1990,OM-fixed,19.37,coal (conv pul) (recirculating)
base load generation,coal,coal_base_conv pul 1996-2000,1990,OM-fixed,19.37,coal (conv pul) (cooling pond)
base load generation,coal,coal_base_conv pul 1996-2000,1990,OM-fixed,19.37,coal (conv pul) (dry cooling)
base load generation,coal,coal_base_conv pul 2001-2005,1990,OM-fixed,19.37,coal (conv pul) (once through)
base load generation,coal,coal_base_conv pul 2001-2005,1990,OM-fixed,19.37,coal (conv pul) (seawater)
base load generation,coal,coal_base_conv pul 2001-2005,1990,OM-fixed,19.37,coal (conv pul) (recirculating)
base load generation,coal,coal_base_conv pul 2001-2005,1990,OM-fixed,19.37,coal (conv pul) (cooling pond)
base load generation,coal,coal_base_conv pul 2001-2005,1990,OM-fixed,19.37,coal (conv pul) (dry cooling)
base load generation,coal,coal_base_conv pul 2006-2010,1990,OM-fixed,19.37,coal (conv pul) (once through)
base load generation,coal,coal_base_conv pul 2006-2010,1990,OM-fixed,19.37,coal (conv pul) (seawater)
base load generation,coal,coal_base_conv pul 2006-2010,1990,OM-fixed,19.37,coal (conv pul) (recirculating)
base load generation,coal,coal_base_conv pul 2006-2010,1990,OM-fixed,19.37,coal (conv pul) (cooling pond)
base load generation,coal,coal_base_conv pul 2006-2010,1990,OM-fixed,19.37,coal (conv pul) (dry cooling)
base load generation,coal,coal_base_conv pul 2011-2015,1990,OM-fixed,19.37,coal (conv pul) (once through)
base load generation,coal,coal_base_conv pul 2011-2015,1990,OM-fixed,19.37,coal (conv pul) (seawater)
base load generation,coal,coal_base_conv pul 2011-2015,1990,OM-fixed,19.37,coal (conv pul) (recirculating)
base load generation,coal,coal_base_conv pul 2011-2015,1990,OM-fixed,19.37,coal (conv pul) (cooling pond)
base load generation,coal,coal_base_conv pul 2011-2015,1990,OM-fixed,19.37,coal (conv pul) (dry cooling)
base load generation,coal,coal_base_conv pul 2016-2021,1990,OM-fixed,19.37,coal (conv pul) (once through)
base load generation,coal,coal_base_conv pul 2016-2021,1990,OM-fixed,19.37,coal (conv pul) (seawater)
base load generation,coal,coal_base_conv pul 2016-2021,1990,OM-fixed,19.37,coal (conv pul) (recirculating)
base load generation,coal,coal_base_conv pul 2016-2021,1990,OM-fixed,19.37,coal (conv pul) (cooling pond)
base load generation,coal,coal_base_conv pul 2016-2021,1990,OM-fixed,19.37,coal (conv pul) (dry cooling)
base load generation,coal,coal_base_conv pul before 1950,1990,OM-fixed,19.37,coal (conv pul) (once through)
base load generation,coal,coal_base_conv pul before 1950,1990,OM-fixed,19.37,coal (conv pul) (seawater)
base load generation,coal,coal_base_conv pul before 1950,1990,OM-fixed,19.37,coal (conv pul) (recirculating)
base load generation,coal,coal_base_conv pul before 1950,1990,OM-fixed,19.37,coal (conv pul) (cooling pond)
base load generation,coal,coal_base_conv pul before 1950,1990,OM-fixed,19.37,coal (conv pul) (dry cooling)
base load generation,coal,coal_base_conv pul_retire_2023,1990,OM-fixed,19.37,coal (conv pul) (once through)
base load generation,coal,coal_base_conv pul_retire_2023,1990,OM-fixed,19.37,coal (conv pul) (seawater)
base load generation,coal,coal_base_conv pul_retire_2023,1990,OM-fixed,19.37,coal (conv pul) (recirculating)
base load generation,coal,coal_base_conv pul_retire_2023,1990,OM-fixed,19.37,coal (conv pul) (cooling pond)
base load generation,coal,coal_base_conv pul_retire_2023,1990,OM-fixed,19.37,coal (conv pul) (dry cooling)
base load generation,biomass,biomass_base_conv,2005,OM-fixed,33.68,biomass (conv) (once through)
base load generation,biomass,biomass_base_conv,2005,OM-fixed,33.68,biomass (conv) (seawater)
base load generation,biomass,biomass_base_conv,2005,OM-fixed,33.68,biomass (conv) (recirculating)
base load generation,biomass,biomass_base_conv,2005,OM-fixed,33.68,biomass (conv) (cooling pond)
base load generation,biomass,biomass_base_conv,2005,OM-fixed,33.68,biomass (conv) (dry cooling)
base load generation,biomass,biomass_base_conv_CCS,2005,OM-fixed,43.18,biomass (conv CCS) (once through)
base load generation,biomass,biomass_base_conv_CCS,2005,OM-fixed,43.18,biomass (conv CCS) (seawater)
base load generation,biomass,biomass_base_conv_CCS,2005,OM-fixed,43.18,biomass (conv CCS) (recirculating)
base load generation,biomass,biomass_base_conv_CCS,2005,OM-fixed,43.18,biomass (conv CCS) (dry cooling)
base load generation,biomass,biomass_base_IGCC,2005,OM-fixed,52.86,biomass (IGCC) (once through)
base load generation,biomass,biomass_base_IGCC,2005,OM-fixed,52.86,biomass (IGCC) (seawater)
base load generation,biomass,biomass_base_IGCC,2005,OM-fixed,52.86,biomass (IGCC) (recirculating)
base load generation,biomass,biomass_base_IGCC,2005,OM-fixed,52.86,biomass (IGCC) (dry cooling)
base load generation,biomass,biomass_base_IGCC_CCS,2005,OM-fixed,67.96,biomass (IGCC CCS) (once through)
base load generation,biomass,biomass_base_IGCC_CCS,2005,OM-fixed,67.96,biomass (IGCC CCS) (seawater)
base load generation,biomass,biomass_base_IGCC_CCS,2005,OM-fixed,67.96,biomass (IGCC CCS) (recirculating)
base load generation,biomass,biomass_base_IGCC_CCS,2005,OM-fixed,67.96,biomass (IGCC CCS) (dry cooling)
base load generation,coal,coal_base_conv pul,2005,OM-fixed,19.37,coal (conv pul) (once through)
base load generation,coal,coal_base_conv pul,2005,OM-fixed,19.37,coal (conv pul) (seawater)
base load generation,coal,coal_base_conv pul,2005,OM-fixed,19.37,coal (conv pul) (recirculating)
base load generation,coal,coal_base_conv pul,2005,OM-fixed,19.37,coal (conv pul) (cooling pond)
base load generation,coal,coal_base_conv pul,2005,OM-fixed,19.37,coal (conv pul) (dry cooling)
base load generation,coal,coal_base_conv pul_CCS,2005,OM-fixed,31.07,coal (conv pul CCS) (once through)
base load generation,coal,coal_base_conv pul_CCS,2005,OM-fixed,31.07,coal (conv pul CCS) (seawater)
base load generation,coal,coal_base_conv pul_CCS,2005,OM-fixed,31.07,coal (conv pul CCS) (recirculating)
base load generation,coal,coal_base_conv pul_CCS,2005,OM-fixed,31.07,coal (conv pul CCS) (dry cooling)
base load generation,coal,coal_base_IGCC,2005,OM-fixed,38.55,coal (IGCC) (once through)
base load generation,coal,coal_base_IGCC,2005,OM-fixed,38.55,coal (IGCC) (seawater)
base load generation,coal,coal_base_IGCC,2005,OM-fixed,38.55,coal (IGCC) (recirculating)
base load generation,coal,coal_base_IGCC,2005,OM-fixed,38.55,coal (IGCC) (dry cooling)
base load generation,coal,coal_base_IGCC_CCS,2005,OM-fixed,55.85,coal (IGCC CCS) (once through)
base load generation,coal,coal_base_IGCC_CCS,2005,OM-fixed,55.85,coal (IGCC CCS) (seawater)
base load generation,coal,coal_base_IGCC_CCS,2005,OM-fixed,55.85,coal (IGCC CCS) (recirculating)
base load generation,coal,coal_base_IGCC_CCS,2005,OM-fixed,55.85,coal (IGCC CCS) (dry cooling)
base load generation,gas,gas_base_CC,2005,OM-fixed,7.36,gas (CC) (once through)
base load generation,gas,gas_base_CC,2005,OM-fixed,7.36,gas (CC) (seawater)
base load generation,gas,gas_base_CC,2005,OM-fixed,7.36,gas (CC) (recirculating)
base load generation,gas,gas_base_CC,2005,OM-fixed,7.36,gas (CC) (cooling pond)
base load generation,gas,gas_base_CC,2005,OM-fixed,7.36,gas (CC) (dry cooling)
base load generation,gas,gas_base_CC_CCS,2005,OM-fixed,16.21,gas (CC CCS) (once through)
base load generation,gas,gas_base_CC_CCS,2005,OM-fixed,16.21,gas (CC CCS) (seawater)
base load generation,gas,gas_base_CC_CCS,2005,OM-fixed,16.21,gas (CC CCS) (recirculating)
base load generation,gas,gas_base_CC_CCS,2005,OM-fixed,16.21,gas (CC CCS) (dry cooling)
base load generation,geothermal,geo_base,2005,OM-fixed,38.89,geothermal (recirculating)
base load generation,geothermal,geo_base,2005,OM-fixed,38.89,geothermal (dry_hybrid)
base load generation,nuclear,nuc_base_Gen II,2005,OM-fixed,39.11,Gen_II_LWR (once through)
base load generation,nuclear,nuc_base_Gen II,2005,OM-fixed,39.11,Gen_II_LWR (seawater)
base load generation,nuclear,nuc_base_Gen II,2005,OM-fixed,39.11,Gen_II_LWR (recirculating)
base load generation,nuclear,nuc_base_Gen II,2005,OM-fixed,39.11,Gen_II_LWR (cooling pond)
base load generation,nuclear,nuc_base_large reactor,2005,OM-fixed,39.11,large reactor (once through)
base load generation,nuclear,nuc_base_large reactor,2005,OM-fixed,39.11,large reactor (seawater)
base load generation,nuclear,nuc_base_large reactor,2005,OM-fixed,39.11,large reactor (recirculating)
base load generation,nuclear,nuc_base_large reactor,2005,OM-fixed,39.11,large reactor (cooling pond)
base load generation,nuclear,nuc_base_SMR,2005,OM-fixed,32.05,SMR (once through)
base load generation,nuclear,nuc_base_SMR,2005,OM-fixed,32.05,SMR (seawater)
base load generation,nuclear,nuc_base_SMR,2005,OM-fixed,32.05,SMR (recirculating)
base load generation,nuclear,nuc_base_SMR,2005,OM-fixed,32.05,SMR (cooling pond)
base load generation,refined liquids,refined liquids_base_steam/CT,2005,OM-fixed,5.64,refined liquids (steam/CT) (once through)
base load generation,refined liquids,refined liquids_base_steam/CT,2005,OM-fixed,5.64,refined liquids (steam/CT) (seawater)
base load generation,refined liquids,refined liquids_base_steam/CT,2005,OM-fixed,5.64,refined liquids (steam/CT) (recirculating)
base load generation,refined liquids,refined liquids_base_steam/CT,2005,OM-fixed,5.64,refined liquids (steam/CT) (cooling pond)
base load generation,refined liquids,refined liquids_base_steam/CT,2005,OM-fixed,5.64,refined liquids (steam/CT) (dry cooling)
base load generation,refined liquids,refined liquids_base_CC,2005,OM-fixed,7.36,refined liquids (CC) (once through)
base load generation,refined liquids,refined liquids_base_CC,2005,OM-fixed,7.36,refined liquids (CC) (seawater)
base load generation,refined liquids,refined liquids_base_CC,2005,OM-fixed,7.36,refined liquids (CC) (recirculating)
base load generation,refined liquids,refined liquids_base_CC,2005,OM-fixed,7.36,refined liquids (CC) (dry cooling)
base load generation,refined liquids,refined liquids_base_CC_CCS,2005,OM-fixed,16.21,refined liquids (CC CCS) (once through)
base load generation,refined liquids,refined liquids_base_CC_CCS,2005,OM-fixed,16.21,refined liquids (CC CCS) (seawater)
base load generation,refined liquids,refined liquids_base_CC_CCS,2005,OM-fixed,16.21,refined liquids (CC CCS) (recirculating)
base load generation,refined liquids,refined liquids_base_CC_CCS,2005,OM-fixed,16.21,refined liquids (CC CCS) (dry cooling)
base load generation,solar,PV_base_storage,2005,OM-fixed,42.48,PV_base_storage
base load generation,solar,CSP_base_storage,2005,OM-fixed,18.56,CSP_base_storage
base load generation,wind,wind_base_storage,2005,OM-fixed,45.15,wind_base_storage
base load generation,coal,coal_base_conv pul 1951-1955,2005,OM-fixed,19.37,coal (conv pul) (once through)
base load generation,coal,coal_base_conv pul 1951-1955,2005,OM-fixed,19.37,coal (conv pul) (seawater)
base load generation,coal,coal_base_conv pul 1951-1955,2005,OM-fixed,19.37,coal (conv pul) (recirculating)
base load generation,coal,coal_base_conv pul 1951-1955,2005,OM-fixed,19.37,coal (conv pul) (cooling pond)
base load generation,coal,coal_base_conv pul 1951-1955,2005,OM-fixed,19.37,coal (conv pul) (dry cooling)
base load generation,coal,coal_base_conv pul 1956-1960,2005,OM-fixed,19.37,coal (conv pul) (once through)
base load generation,coal,coal_base_conv pul 1956-1960,2005,OM-fixed,19.37,coal (conv pul) (seawater)
base load generation,coal,coal_base_conv pul 1956-1960,2005,OM-fixed,19.37,coal (conv pul) (recirculating)
base load generation,coal,coal_base_conv pul 1956-1960,2005,OM-fixed,19.37,coal (conv pul) (cooling pond)
base load generation,coal,coal_base_conv pul 1956-1960,2005,OM-fixed,19.37,coal (conv pul) (dry cooling)
base load generation,coal,coal_base_conv pul 1961-1965,2005,OM-fixed,19.37,coal (conv pul) (once through)
base load generation,coal,coal_base_conv pul 1961-1965,2005,OM-fixed,19.37,coal (conv pul) (seawater)
base load generation,coal,coal_base_conv pul 1961-1965,2005,OM-fixed,19.37,coal (conv pul) (recirculating)
base load generation,coal,coal_base_conv pul 1961-1965,2005,OM-fixed,19.37,coal (conv pul) (cooling pond)
base load generation,coal,coal_base_conv pul 1961-1965,2005,OM-fixed,19.37,coal (conv pul) (dry cooling)
base load generation,coal,coal_base_conv pul 1966-1970,2005,OM-fixed,19.37,coal (conv pul) (once through)
base load generation,coal,coal_base_conv pul 1966-1970,2005,OM-fixed,19.37,coal (conv pul) (seawater)
base load generation,coal,coal_base_conv pul 1966-1970,2005,OM-fixed,19.37,coal (conv pul) (recirculating)
base load generation,coal,coal_base_conv pul 1966-1970,2005,OM-fixed,19.37,coal (conv pul) (cooling pond)
base load generation,coal,coal_base_conv pul 1966-1970,2005,OM-fixed,19.37,coal (conv pul) (dry cooling)
base load generation,coal,coal_base_conv pul 1971-1975,2005,OM-fixed,19.37,coal (conv pul) (once through)
base load generation,coal,coal_base_conv pul 1971-1975,2005,OM-fixed,19.37,coal (conv pul) (seawater)
base load generation,coal,coal_base_conv pul 1971-1975,2005,OM-fixed,19.37,coal (conv pul) (recirculating)
base load generation,coal,coal_base_conv pul 1971-1975,2005,OM-fixed,19.37,coal (conv pul) (cooling pond)
base load generation,coal,coal_base_conv pul 1971-1975,2005,OM-fixed,19.37,coal (conv pul) (dry cooling)
base load generation,coal,coal_base_conv pul 1976-1980,2005,OM-fixed,19.37,coal (conv pul) (once through)
base load generation,coal,coal_base_conv pul 1976-1980,2005,OM-fixed,19.37,coal (conv pul) (seawater)
base load generation,coal,coal_base_conv pul 1976-1980,2005,OM-fixed,19.37,coal (conv pul) (recirculating)
base load generation,coal,coal_base_conv pul 1976-1980,2005,OM-fixed,19.37,coal (conv pul) (cooling pond)
base load generation,coal,coal_base_conv pul 1976-1980,2005,OM-fixed,19.37,coal (conv pul) (dry cooling)
base load generation,coal,coal_base_conv pul 1981-1985,2005,OM-fixed,19.37,coal (conv pul) (once through)
base load generation,coal,coal_base_conv pul 1981-1985,2005,OM-fixed,19.37,coal (conv pul) (seawater)
base load generation,coal,coal_base_conv pul 1981-1985,2005,OM-fixed,19.37,coal (conv pul) (recirculating)
base load generation,coal,coal_base_conv pul 1981-1985,2005,OM-fixed,19.37,coal (conv pul) (cooling pond)
base load generation,coal,coal_base_conv pul 1981-1985,2005,OM-fixed,19.37,coal (conv pul) (dry cooling)
base load generation,coal,coal_base_conv pul 1986-1990,2005,OM-fixed,19.37,coal (conv pul) (once through)
base load generation,coal,coal_base_conv pul 1986-1990,2005,OM-fixed,19.37,coal (conv pul) (seawater)
base load generation,coal,coal_base_conv pul 1986-1990,2005,OM-fixed,19.37,coal (conv pul) (recirculating)
base load generation,coal,coal_base_conv pul 1986-1990,2005,OM-fixed,19.37,coal (conv pul) (cooling pond)
base load generation,coal,coal_base_conv pul 1986-1990,2005,OM-fixed,19.37,coal (conv pul) (dry cooling)
base load generation,coal,coal_base_conv pul 1991-1995,2005,OM-fixed,19.37,coal (conv pul) (once through)
base load generation,coal,coal_base_conv pul 1991-1995,2005,OM-fixed,19.37,coal (conv pul) (seawater)
base load generation,coal,coal_base_conv pul 1991-1995,2005,OM-fixed,19.37,coal (conv pul) (recirculating)
base load generation,coal,coal_base_conv pul 1991-1995,2005,OM-fixed,19.37,coal (conv pul) (cooling pond)
base load generation,coal,coal_base_conv pul 1991-1995,2005,OM-fixed,19.37,coal (conv pul) (dry cooling)
base load generation,coal,coal_base_conv pul 1996-2000,2005,OM-fixed,19.37,coal (conv pul) (once through)
base load generation,coal,coal_base_conv pul 1996-2000,2005,OM-fixed,19.37,coal (conv pul) (seawater)
base load generation,coal,coal_base_conv pul 1996-2000,2005,OM-fixed,19.37,coal (conv pul) (recirculating)
base load generation,coal,coal_base_conv pul 1996-2000,2005,OM-fixed,19.37,coal (conv pul) (cooling pond)
base load generation,coal,coal_base_conv pul 1996-2000,2005,OM-fixed,19.37,coal (conv pul) (dry cooling)
base load generation,coal,coal_base_conv pul 2001-2005,2005,OM-fixed,19.37,coal (conv pul) (once through)
base load generation,coal,coal_base_conv pul 2001-2005,2005,OM-fixed,19.37,coal (conv pul) (seawater)
base load generation,coal,coal_base_conv pul 2001-2005,2005,OM-fixed,19.37,coal (conv pul) (recirculating)
base load generation,coal,coal_base_conv pul 2001-2005,2005,OM-fixed,19.37,coal (conv pul) (cooling pond)
base load generation,coal,coal_base_conv pul 2001-2005,2005,OM-fixed,19.37,coal (conv pul) (dry cooling)
base load generation,coal,coal_base_conv pul 2006-2010,2005,OM-fixed,19.37,coal (conv pul) (once through)
base load generation,coal,coal_base_conv pul 2006-2010,2005,OM-fixed,19.37,coal (conv pul) (seawater)
base load generation,coal,coal_base_conv pul 2006-2010,2005,OM-fixed,19.37,coal (conv pul) (recirculating)
base load generation,coal,coal_base_conv pul 2006-2010,2005,OM-fixed,19.37,coal (conv pul) (cooling pond)
base load generation,coal,coal_base_conv pul 2006-2010,2005,OM-fixed,19.37,coal (conv pul) (dry cooling)
base load generation,coal,coal_base_conv pul 2011-2015,2005,OM-fixed,19.37,coal (conv pul) (once through)
base load generation,coal,coal_base_conv pul 2011-2015,2005,OM-fixed,19.37,coal (conv pul) (seawater)
base load generation,coal,coal_base_conv pul 2011-2015,2005,OM-fixed,19.37,coal (conv pul) (recirculating)
base load generation,coal,coal_base_conv pul 2011-2015,2005,OM-fixed,19.37,coal (conv pul) (cooling pond)
base load generation,coal,coal_base_conv pul 2011-2015,2005,OM-fixed,19.37,coal (conv pul) (dry cooling)
base load generation,coal,coal_base_conv pul 2016-2021,2005,OM-fixed,19.37,coal (conv pul) (once through)
base load generation,coal,coal_base_conv pul 2016-2021,2005,OM-fixed,19.37,coal (conv pul) (seawater)
base load generation,coal,coal_base_conv pul 2016-2021,2005,OM-fixed,19.37,coal (conv pul) (recirculating)
base load generation,coal,coal_base_conv pul 2016-2021,2005,OM-fixed,19.37,coal (conv pul) (cooling pond)
base load generation,coal,coal_base_conv pul 2016-2021,2005,OM-fixed,19.37,coal (conv pul) (dry cooling)
base load generation,coal,coal_base_conv pul before 1950,2005,OM-fixed,19.37,coal (conv pul) (once through)
base load generation,coal,coal_base_conv pul before 1950,2005,OM-fixed,19.37,coal (conv pul) (seawater)
base load generation,coal,coal_base_conv pul before 1950,2005,OM-fixed,19.37,coal (conv pul) (recirculating)
base load generation,coal,coal_base_conv pul before 1950,2005,OM-fixed,19.37,coal (conv pul) (cooling pond)
base load generation,coal,coal_base_conv pul before 1950,2005,OM-fixed,19.37,coal (conv pul) (dry cooling)
base load generation,coal,coal_base_conv pul_retire_2023,2005,OM-fixed,19.37,coal (conv pul) (once through)
base load generation,coal,coal_base_conv pul_retire_2023,2005,OM-fixed,19.37,coal (conv pul) (seawater)
base load generation,coal,coal_base_conv pul_retire_2023,2005,OM-fixed,19.37,coal (conv pul) (recirculating)
base load generation,coal,coal_base_conv pul_retire_2023,2005,OM-fixed,19.37,coal (conv pul) (cooling pond)
base load generation,coal,coal_base_conv pul_retire_2023,2005,OM-fixed,19.37,coal (conv pul) (dry cooling)
base load generation,biomass,biomass_base_conv,2010,OM-fixed,33.68,biomass (conv) (once through)
base load generation,biomass,biomass_base_conv,2010,OM-fixed,33.68,biomass (conv) (seawater)
base load generation,biomass,biomass_base_conv,2010,OM-fixed,33.68,biomass (conv) (recirculating)
base load generation,biomass,biomass_base_conv,2010,OM-fixed,33.68,biomass (conv) (cooling pond)
base load generation,biomass,biomass_base_conv,2010,OM-fixed,33.68,biomass (conv) (dry cooling)
base load generation,biomass,biomass_base_conv_CCS,2010,OM-fixed,43.18,biomass (conv CCS) (once through)
base load generation,biomass,biomass_base_conv_CCS,2010,OM-fixed,43.18,biomass (conv CCS) (seawater)
base load generation,biomass,biomass_base_conv_CCS,2010,OM-fixed,43.18,biomass (conv CCS) (recirculating)
base load generation,biomass,biomass_base_conv_CCS,2010,OM-fixed,43.18,biomass (conv CCS) (dry cooling)
base load generation,biomass,biomass_base_IGCC,2010,OM-fixed,52.86,biomass (IGCC) (once through)
base load generation,biomass,biomass_base_IGCC,2010,OM-fixed,52.86,biomass (IGCC) (seawater)
base load generation,biomass,biomass_base_IGCC,2010,OM-fixed,52.86,biomass (IGCC) (recirculating)
base load generation,biomass,biomass_base_IGCC,2010,OM-fixed,52.86,biomass (IGCC) (dry cooling)
base load generation,biomass,biomass_base_IGCC_CCS,2010,OM-fixed,67.96,biomass (IGCC CCS) (once through)
base load generation,biomass,biomass_base_IGCC_CCS,2010,OM-fixed,67.96,biomass (IGCC CCS) (seawater)
base load generation,biomass,biomass_base_IGCC_CCS,2010,OM-fixed,67.96,biomass (IGCC CCS) (recirculating)
base load generation,biomass,biomass_base_IGCC_CCS,2010,OM-fixed,67.96,biomass (IGCC CCS) (dry cooling)
base load generation,coal,coal_base_conv pul,2010,OM-fixed,19.37,coal (conv pul) (once through)
base load generation,coal,coal_base_conv pul,2010,OM-fixed,19.37,coal (conv pul) (seawater)
base load generation,coal,coal_base_conv pul,2010,OM-fixed,19.37,coal (conv pul) (recirculating)
base load generation,coal,coal_base_conv pul,2010,OM-fixed,19.37,coal (conv pul) (cooling pond)
base load generation,coal,coal_base_conv pul,2010,OM-fixed,19.37,coal (conv pul) (dry cooling)
base load generation,coal,coal_base_conv pul_CCS,2010,OM-fixed,31.07,coal (conv pul CCS) (once through)
base load generation,coal,coal_base_conv pul_CCS,2010,OM-fixed,31.07,coal (conv pul CCS) (seawater)
base load generation,coal,coal_base_conv pul_CCS,2010,OM-fixed,31.07,coal (conv pul CCS) (recirculating)
base load generation,coal,coal_base_conv pul_CCS,2010,OM-fixed,31.07,coal (conv pul CCS) (dry cooling)
base load generation,coal,coal_base_IGCC,2010,OM-fixed,38.55,coal (IGCC) (once through)
base load generation,coal,coal_base_IGCC,2010,OM-fixed,38.55,coal (IGCC) (seawater)
base load generation,coal,coal_base_IGCC,2010,OM-fixed,38.55,coal (IGCC) (recirculating)
base load generation,coal,coal_base_IGCC,2010,OM-fixed,38.55,coal (IGCC) (dry cooling)
base load generation,coal,coal_base_IGCC_CCS,2010,OM-fixed,55.85,coal (IGCC CCS) (once through)
base load generation,coal,coal_base_IGCC_CCS,2010,OM-fixed,55.85,coal (IGCC CCS) (seawater)
base load generation,coal,coal_base_IGCC_CCS,2010,OM-fixed,55.85,coal (IGCC CCS) (recirculating)
base load generation,coal,coal_base_IGCC_CCS,2010,OM-fixed,55.85,coal (IGCC CCS) (dry cooling)
base load generation,gas,gas_base_CC,2010,OM-fixed,7.36,gas (CC) (once through)
base load generation,gas,gas_base_CC,2010,OM-fixed,7.36,gas (CC) (seawater)
base load generation,gas,gas_base_CC,2010,OM-fixed,7.36,gas (CC) (recirculating)
base load generation,gas,gas_base_CC,2010,OM-fixed,7.36,gas (CC) (cooling pond)
base load generation,gas,gas_base_CC,2010,OM-fixed,7.36,gas (CC) (dry cooling)
base load generation,gas,gas_base_CC_CCS,2010,OM-fixed,16.21,gas (CC CCS) (once through)
base load generation,gas,gas_base_CC_CCS,2010,OM-fixed,16.21,gas (CC CCS) (seawater)
base load generation,gas,gas_base_CC_CCS,2010,OM-fixed,16.21,gas (CC CCS) (recirculating)
base load generation,gas,gas_base_CC_CCS,2010,OM-fixed,16.21,gas (CC CCS) (dry cooling)
base load generation,geothermal,geo_base,2010,OM-fixed,38.89,geothermal (recirculating)
base load generation,geothermal,geo_base,2010,OM-fixed,38.89,geothermal (dry_hybrid)
base load generation,nuclear,nuc_base_Gen II,2010,OM-fixed,39.11,Gen_II_LWR (once through)
base load generation,nuclear,nuc_base_Gen II,2010,OM-fixed,39.11,Gen_II_LWR (seawater)
base load generation,nuclear,nuc_base_Gen II,2010,OM-fixed,39.11,Gen_II_LWR (recirculating)
base load generation,nuclear,nuc_base_Gen II,2010,OM-fixed,39.11,Gen_II_LWR (cooling pond)
base load generation,nuclear,nuc_base_large reactor,2010,OM-fixed,39.11,large reactor (once through)
base load generation,nuclear,nuc_base_large reactor,2010,OM-fixed,39.11,large reactor (seawater)
base load generation,nuclear,nuc_base_large reactor,2010,OM-fixed,39.11,large reactor (recirculating)
base load generation,nuclear,nuc_base_large reactor,2010,OM-fixed,39.11,large reactor (cooling pond)
base load generation,nuclear,nuc_base_SMR,2010,OM-fixed,32.05,SMR (once through)
base load generation,nuclear,nuc_base_SMR,2010,OM-fixed,32.05,SMR (seawater)
base load generation,nuclear,nuc_base_SMR,2010,OM-fixed,32.05,SMR (recirculating)
base load generation,nuclear,nuc_base_SMR,2010,OM-fixed,32.05,SMR (cooling pond)
base load generation,refined liquids,refined liquids_base_steam/CT,2010,OM-fixed,5.64,refined liquids (steam/CT) (once through)
base load generation,refined liquids,refined liquids_base_steam/CT,2010,OM-fixed,5.64,refined liquids (steam/CT) (seawater)
base load generation,refined liquids,refined liquids_base_steam/CT,2010,OM-fixed,5.64,refined liquids (steam/CT) (recirculating)
base load generation,refined liquids,refined liquids_base_steam/CT,2010,OM-fixed,5.64,refined liquids (steam/CT) (cooling pond)
base load generation,refined liquids,refined liquids_base_steam/CT,2010,OM-fixed,5.64,refined liquids (steam/CT) (dry cooling)
base load generation,refined liquids,refined liquids_base_CC,2010,OM-fixed,7.36,refined liquids (CC) (once through)
base load generation,refined liquids,refined liquids_base_CC,2010,OM-fixed,7.36,refined liquids (CC) (seawater)
base load generation,refined liquids,refined liquids_base_CC,2010,OM-fixed,7.36,refined liquids (CC) (recirculating)
base load generation,refined liquids,refined liquids_base_CC,2010,OM-fixed,7.36,refined liquids (CC) (dry cooling)
base load generation,refined liquids,refined liquids_base_CC_CCS,2010,OM-fixed,16.21,refined liquids (CC CCS) (once through)
base load generation,refined liquids,refined liquids_base_CC_CCS,2010,OM-fixed,16.21,refined liquids (CC CCS) (seawater)
base load generation,refined liquids,refined liquids_base_CC_CCS,2010,OM-fixed,16.21,refined liquids (CC CCS) (recirculating)
base load generation,refined liquids,refined liquids_base_CC_CCS,2010,OM-fixed,16.21,refined liquids (CC CCS) (dry cooling)
base load generation,solar,PV_base_storage,2010,OM-fixed,42.48,PV_base_storage
base load generation,solar,CSP_base_storage,2010,OM-fixed,18.56,CSP_base_storage
base load generation,wind,wind_base_storage,2010,OM-fixed,45.15,wind_base_storage
base load generation,coal,coal_base_conv pul 1951-1955,2010,OM-fixed,19.37,coal (conv pul) (once through)
base load generation,coal,coal_base_conv pul 1951-1955,2010,OM-fixed,19.37,coal (conv pul) (seawater)
base load generation,coal,coal_base_conv pul 1951-1955,2010,OM-fixed,19.37,coal (conv pul) (recirculating)
base load generation,coal,coal_base_conv pul 1951-1955,2010,OM-fixed,19.37,coal (conv pul) (cooling pond)
base load generation,coal,coal_base_conv pul 1951-1955,2010,OM-fixed,19.37,coal (conv pul) (dry cooling)
base load generation,coal,coal_base_conv pul 1956-1960,2010,OM-fixed,19.37,coal (conv pul) (once through)
base load generation,coal,coal_base_conv pul 1956-1960,2010,OM-fixed,19.37,coal (conv pul) (seawater)
base load generation,coal,coal_base_conv pul 1956-1960,2010,OM-fixed,19.37,coal (conv pul) (recirculating)
base load generation,coal,coal_base_conv pul 1956-1960,2010,OM-fixed,19.37,coal (conv pul) (cooling pond)
base load generation,coal,coal_base_conv pul 1956-1960,2010,OM-fixed,19.37,coal (conv pul) (dry cooling)
base load generation,coal,coal_base_conv pul 1961-1965,2010,OM-fixed,19.37,coal (conv pul) (once through)
base load generation,coal,coal_base_conv pul 1961-1965,2010,OM-fixed,19.37,coal (conv pul) (seawater)
base load generation,coal,coal_base_conv pul 1961-1965,2010,OM-fixed,19.37,coal (conv pul) (recirculating)
base load generation,coal,coal_base_conv pul 1961-1965,2010,OM-fixed,19.37,coal (conv pul) (cooling pond)
base load generation,coal,coal_base_conv pul 1961-1965,2010,OM-fixed,19.37,coal (conv pul) (dry cooling)
base load generation,coal,coal_base_conv pul 1966-1970,2010,OM-fixed,19.37,coal (conv pul) (once through)
base load generation,coal,coal_base_conv pul 1966-1970,2010,OM-fixed,19.37,coal (conv pul) (seawater)
base load generation,coal,coal_base_conv pul 1966-1970,2010,OM-fixed,19.37,coal (conv pul) (recirculating)
base load generation,coal,coal_base_conv pul 1966-1970,2010,OM-fixed,19.37,coal (conv pul) (cooling pond)
base load generation,coal,coal_base_conv pul 1966-1970,2010,OM-fixed,19.37,coal (conv pul) (dry cooling)
base load generation,coal,coal_base_conv pul 1971-1975,2010,OM-fixed,19.37,coal (conv pul) (once through)
base load generation,coal,coal_base_conv pul 1971-1975,2010,OM-fixed,19.37,coal (conv pul) (seawater)
base load generation,coal,coal_base_conv pul 1971-1975,2010,OM-fixed,19.37,coal (conv pul) (recirculating)
base load generation,coal,coal_base_conv pul 1971-1975,2010,OM-fixed,19.37,coal (conv pul) (cooling pond)
base load generation,coal,coal_base_conv pul 1971-1975,2010,OM-fixed,19.37,coal (conv pul) (dry cooling)
base load generation,coal,coal_base_conv pul 1976-1980,2010,OM-fixed,19.37,coal (conv pul) (once through)
base load generation,coal,coal_base_conv pul 1976-1980,2010,OM-fixed,19.37,coal (conv pul) (seawater)
base load generation,coal,coal_base_conv pul 1976-1980,2010,OM-fixed,19.37,coal (conv pul) (recirculating)
base load generation,coal,coal_base_conv pul 1976-1980,2010,OM-fixed,19.37,coal (conv pul) (cooling pond)
base load generation,coal,coal_base_conv pul 1976-1980,2010,OM-fixed,19.37,coal (conv pul) (dry cooling)
base load generation,coal,coal_base_conv pul 1981-1985,2010,OM-fixed,19.37,coal (conv pul) (once through)
base load generation,coal,coal_base_conv pul 1981-1985,2010,OM-fixed,19.37,coal (conv pul) (seawater)
base load generation,coal,coal_base_conv pul 1981-1985,2010,OM-fixed,19.37,coal (conv pul) (recirculating)
base load generation,coal,coal_base_conv pul 1981-1985,2010,OM-fixed,19.37,coal (conv pul) (cooling pond)
base load generation,coal,coal_base_conv pul 1981-1985,2010,OM-fixed,19.37,coal (conv pul) (dry cooling)
base load generation,coal,coal_base_conv pul 1986-1990,2010,OM-fixed,19.37,coal (conv pul) (once through)
base load generation,coal,coal_base_conv pul 1986-1990,2010,OM-fixed,19.37,coal (conv pul) (seawater)
base load generation,coal,coal_base_conv pul 1986-1990,2010,OM-fixed,19.37,coal (conv pul) (recirculating)
base load generation,coal,coal_base_conv pul 1986-1990,2010,OM-fixed,19.37,coal (conv pul) (cooling pond)
base load generation,coal,coal_base_conv pul 1986-1990,2010,OM-fixed,19.37,coal (conv pul) (dry cooling)
base load generation,coal,coal_base_conv pul 1991-1995,2010,OM-fixed,19.37,coal (conv pul) (once through)
base load generation,coal,coal_base_conv pul 1991-1995,2010,OM-fixed,19.37,coal (conv pul) (seawater)
base load generation,coal,coal_base_conv pul 1991-1995,2010,OM-fixed,19.37,coal (conv pul) (recirculating)
base load generation,coal,coal_base_conv pul 1991-1995,2010,OM-fixed,19.37,coal (conv pul) (cooling pond)
base load generation,coal,coal_base_conv pul 1991-1995,2010,OM-fixed,19.37,coal (conv pul) (dry cooling)
base load generation,coal,coal_base_conv pul 1996-2000,2010,OM-fixed,19.37,coal (conv pul) (once through)
base load generation,coal,coal_base_conv pul 1996-2000,2010,OM-fixed,19.37,coal (conv pul) (seawater)
base load generation,coal,coal_base_conv pul 1996-2000,2010,OM-fixed,19.37,coal (conv pul) (recirculating)
base load generation,coal,coal_base_conv pul 1996-2000,2010,OM-fixed,19.37,coal (conv pul) (cooling pond)
base load generation,coal,coal_base_conv pul 1996-2000,2010,OM-fixed,19.37,coal (conv pul) (dry cooling)
base load generation,coal,coal_base_conv pul 2001-2005,2010,OM-fixed,19.37,coal (conv pul) (once through)
base load generation,coal,coal_base_conv pul 2001-2005,2010,OM-fixed,19.37,coal (conv pul) (seawater)
base load generation,coal,coal_base_conv pul 2001-2005,2010,OM-fixed,19.37,coal (conv pul) (recirculating)
base load generation,coal,coal_base_conv pul 2001-2005,2010,OM-fixed,19.37,coal (conv pul) (cooling pond)
base load generation,coal,coal_base_conv pul 2001-2005,2010,OM-fixed,19.37,coal (conv pul) (dry cooling)
base load generation,coal,coal_base_conv pul 2006-2010,2010,OM-fixed,19.37,coal (conv pul) (once through)
base load generation,coal,coal_base_conv pul 2006-2010,2010,OM-fixed,19.37,coal (conv pul) (seawater)
base load generation,coal,coal_base_conv pul 2006-2010,2010,OM-fixed,19.37,coal (conv pul) (recirculating)
base load generation,coal,coal_base_conv pul 2006-2010,2010,OM-fixed,19.37,coal (conv pul) (cooling pond)
base load generation,coal,coal_base_conv pul 2006-2010,2010,OM-fixed,19.37,coal (conv pul) (dry cooling)
base load generation,coal,coal_base_conv pul 2011-2015,2010,OM-fixed,19.37,coal (conv pul) (once through)
base load generation,coal,coal_base_conv pul 2011-2015,2010,OM-fixed,19.37,coal (conv pul) (seawater)
base load generation,coal,coal_base_conv pul 2011-2015,2010,OM-fixed,19.37,coal (conv pul) (recirculating)
base load generation,coal,coal_base_conv pul 2011-2015,2010,OM-fixed,19.37,coal (conv pul) (cooling pond)
base load generation,coal,coal_base_conv pul 2011-2015,2010,OM-fixed,19.37,coal (conv pul) (dry cooling)
base load generation,coal,coal_base_conv pul 2016-2021,2010,OM-fixed,19.37,coal (conv pul) (once through)
base load generation,coal,coal_base_conv pul 2016-2021,2010,OM-fixed,19.37,coal (conv pul) (seawater)
base load generation,coal,coal_base_conv pul 2016-2021,2010,OM-fixed,19.37,coal (conv pul) (recirculating)
base load generation,coal,coal_base_conv pul 2016-2021,2010,OM-fixed,19.37,coal (conv pul) (cooling pond)
base load generation,coal,coal_base_conv pul 2016-2021,2010,OM-fixed,19.37,coal (conv pul) (dry cooling)
base load generation,coal,coal_base_conv pul before 1950,2010,OM-fixed,19.37,coal (conv pul) (once through)
base load generation,coal,coal_base_conv pul before 1950,2010,OM-fixed,19.37,coal (conv pul) (seawater)
base load generation,coal,coal_base_conv pul before 1950,2010,OM-fixed,19.37,coal (conv pul) (recirculating)
base load generation,coal,coal_base_conv pul before 1950,2010,OM-fixed,19.37,coal (conv pul) (cooling pond)
base load generation,coal,coal_base_conv pul before 1950,2010,OM-fixed,19.37,coal (conv pul) (dry cooling)
base load generation,coal,coal_base_conv pul_retire_2023,2010,OM-fixed,19.37,coal (conv pul) (once through)
base load generation,coal,coal_base_conv pul_retire_2023,2010,OM-fixed,19.37,coal (conv pul) (seawater)
base load generation,coal,coal_base_conv pul_retire_2023,2010,OM-fixed,19.37,coal (conv pul) (recirculating)
base load generation,coal,coal_base_conv pul_retire_2023,2010,OM-fixed,19.37,coal (conv pul) (cooling pond)
base load generation,coal,coal_base_conv pul_retire_2023,2010,OM-fixed,19.37,coal (conv pul) (dry cooling)
base load generation,biomass,biomass_base_conv,2015,OM-fixed,33.68,biomass (conv) (once through)
base load generation,biomass,biomass_base_conv,2015,OM-fixed,33.68,biomass (conv) (seawater)
base load generation,biomass,biomass_base_conv,2015,OM-fixed,33.68,biomass (conv) (recirculating)
base load generation,biomass,biomass_base_conv,2015,OM-fixed,33.68,biomass (conv) (cooling pond)
base load generation,biomass,biomass_base_conv,2015,OM-fixed,33.68,biomass (conv) (dry cooling)
base load generation,biomass,biomass_base_conv_CCS,2015,OM-fixed,43.18,biomass (conv CCS) (once through)
base load generation,biomass,biomass_base_conv_CCS,2015,OM-fixed,43.18,biomass (conv CCS) (seawater)
base load generation,biomass,biomass_base_conv_CCS,2015,OM-fixed,43.18,biomass (conv CCS) (recirculating)
base load generation,biomass,biomass_base_conv_CCS,2015,OM-fixed,43.18,biomass (conv CCS) (dry cooling)
base load generation,biomass,biomass_base_IGCC,2015,OM-fixed,52.86,biomass (IGCC) (once through)
base load generation,biomass,biomass_base_IGCC,2015,OM-fixed,52.86,biomass (IGCC) (seawater)
base load generation,biomass,biomass_base_IGCC,2015,OM-fixed,52.86,biomass (IGCC) (recirculating)
base load generation,biomass,biomass_base_IGCC,2015,OM-fixed,52.86,biomass (IGCC) (dry cooling)
base load generation,biomass,biomass_base_IGCC_CCS,2015,OM-fixed,67.96,biomass (IGCC CCS) (once through)
base load generation,biomass,biomass_base_IGCC_CCS,2015,OM-fixed,67.96,biomass (IGCC CCS) (seawater)
base load generation,biomass,biomass_base_IGCC_CCS,2015,OM-fixed,67.96,biomass (IGCC CCS) (recirculating)
base load generation,biomass,biomass_base_IGCC_CCS,2015,OM-fixed,67.96,biomass (IGCC CCS) (dry cooling)
base load generation,coal,coal_base_conv pul,2015,OM-fixed,19.37,coal (conv pul) (once through)
base load generation,coal,coal_base_conv pul,2015,OM-fixed,19.37,coal (conv pul) (seawater)
base load generation,coal,coal_base_conv pul,2015,OM-fixed,19.37,coal (conv pul) (recirculating)
base load generation,coal,coal_base_conv pul,2015,OM-fixed,19.37,coal (conv pul) (cooling pond)
base load generation,coal,coal_base_conv pul,2015,OM-fixed,19.37,coal (conv pul) (dry cooling)
base load generation,coal,coal_base_conv pul_CCS,2015,OM-fixed,31.07,coal (conv pul CCS) (once through)
base load generation,coal,coal_base_conv pul_CCS,2015,OM-fixed,31.07,coal (conv pul CCS) (seawater)
base load generation,coal,coal_base_conv pul_CCS,2015,OM-fixed,31.07,coal (conv pul CCS) (recirculating)
base load generation,coal,coal_base_conv pul_CCS,2015,OM-fixed,31.07,coal (conv pul CCS) (dry cooling)
base load generation,coal,coal_base_IGCC,2015,OM-fixed,38.55,coal (IGCC) (once through)
base load generation,coal,coal_base_IGCC,2015,OM-fixed,38.55,coal (IGCC) (seawater)
base load generation,coal,coal_base_IGCC,2015,OM-fixed,38.55,coal (IGCC) (recirculating)
base load generation,coal,coal_base_IGCC,2015,OM-fixed,38.55,coal (IGCC) (dry cooling)
base load generation,coal,coal_base_IGCC_CCS,2015,OM-fixed,55.85,coal (IGCC CCS) (once through)
base load generation,coal,coal_base_IGCC_CCS,2015,OM-fixed,55.85,coal (IGCC CCS) (seawater)
base load generation,coal,coal_base_IGCC_CCS,2015,OM-fixed,55.85,coal (IGCC CCS) (recirculating)
base load generation,coal,coal_base_IGCC_CCS,2015,OM-fixed,55.85,coal (IGCC CCS) (dry cooling)
base load generation,gas,gas_base_CC,2015,OM-fixed,7.36,gas (CC) (once through)
base load generation,gas,gas_base_CC,2015,OM-fixed,7.36,gas (CC) (seawater)
base load generation,gas,gas_base_CC,2015,OM-fixed,7.36,gas (CC) (recirculating)
base load generation,gas,gas_base_CC,2015,OM-fixed,7.36,gas (CC) (cooling pond)
base load generation,gas,gas_base_CC,2015,OM-fixed,7.36,gas (CC) (dry cooling)
base load generation,gas,gas_base_CC_CCS,2015,OM-fixed,16.21,gas (CC CCS) (once through)
base load generation,gas,gas_base_CC_CCS,2015,OM-fixed,16.21,gas (CC CCS) (seawater)
base load generation,gas,gas_base_CC_CCS,2015,OM-fixed,16.21,gas (CC CCS) (recirculating)
base load generation,gas,gas_base_CC_CCS,2015,OM-fixed,16.21,gas (CC CCS) (dry cooling)
base load generation,geothermal,geo_base,2015,OM-fixed,38.89,geothermal (recirculating)
base load generation,geothermal,geo_base,2015,OM-fixed,38.89,geothermal (dry_hybrid)
base load generation,nuclear,nuc_base_Gen II,2015,OM-fixed,39.11,Gen_II_LWR (once through)
base load generation,nuclear,nuc_base_Gen II,2015,OM-fixed,39.11,Gen_II_LWR (seawater)
base load generation,nuclear,nuc_base_Gen II,2015,OM-fixed,39.11,Gen_II_LWR (recirculating)
base load generation,nuclear,nuc_base_Gen II,2015,OM-fixed,39.11,Gen_II_LWR (cooling pond)
base load generation,nuclear,nuc_base_large reactor,2015,OM-fixed,39.11,large reactor (once through)
base load generation,nuclear,nuc_base_large reactor,2015,OM-fixed,39.11,large reactor (seawater)
base load generation,nuclear,nuc_base_large reactor,2015,OM-fixed,39.11,large reactor (recirculating)
base load generation,nuclear,nuc_base_large reactor,2015,OM-fixed,39.11,large reactor (cooling pond)
base load generation,nuclear,nuc_base_SMR,2015,OM-fixed,32.05,SMR (once through)
base load generation,nuclear,nuc_base_SMR,2015,OM-fixed,32.05,SMR (seawater)
base load generation,nuclear,nuc_base_SMR,2015,OM-fixed,32.05,SMR (recirculating)
base load generation,nuclear,nuc_base_SMR,2015,OM-fixed,32.05,SMR (cooling pond)
base load generation,refined liquids,refined liquids_base_steam/CT,2015,OM-fixed,5.64,refined liquids (steam/CT) (once through)
base load generation,refined liquids,refined liquids_base_steam/CT,2015,OM-fixed,5.64,refined liquids (steam/CT) (seawater)
base load generation,refined liquids,refined liquids_base_steam/CT,2015,OM-fixed,5.64,refined liquids (steam/CT) (recirculating)
base load generation,refined liquids,refined liquids_base_steam/CT,2015,OM-fixed,5.64,refined liquids (steam/CT) (cooling pond)
base load generation,refined liquids,refined liquids_base_steam/CT,2015,OM-fixed,5.64,refined liquids (steam/CT) (dry cooling)
base load generation,refined liquids,refined liquids_base_CC,2015,OM-fixed,7.36,refined liquids (CC) (once through)
base load generation,refined liquids,refined liquids_base_CC,2015,OM-fixed,7.36,refined liquids (CC) (seawater)
base load generation,refined liquids,refined liquids_base_CC,2015,OM-fixed,7.36,refined liquids (CC) (recirculating)
base load generation,refined liquids,refined liquids_base_CC,2015,OM-fixed,7.36,refined liquids (CC) (dry cooling)
base load generation,refined liquids,refined liquids_base_CC_CCS,2015,OM-fixed,16.21,refined liquids (CC CCS) (once through)
base load generation,refined liquids,refined liquids_base_CC_CCS,2015,OM-fixed,16.21,refined liquids (CC CCS) (seawater)
base load generation,refined liquids,refined liquids_base_CC_CCS,2015,OM-fixed,16.21,refined liquids (CC CCS) (recirculating)
base load generation,refined liquids,refined liquids_base_CC_CCS,2015,OM-fixed,16.21,refined liquids (CC CCS) (dry cooling)
base load generation,solar,PV_base_storage,2015,OM-fixed,41.76,PV_base_storage
base load generation,solar,CSP_base_storage,2015,OM-fixed,18.56,CSP_base_storage
base load generation,wind,wind_base_storage,2015,OM-fixed,45.15,wind_base_storage
base load generation,coal,coal_base_conv pul 1951-1955,2015,OM-fixed,19.37,coal (conv pul) (once through)
base load generation,coal,coal_base_conv pul 1951-1955,2015,OM-fixed,19.37,coal (conv pul) (seawater)
base load generation,coal,coal_base_conv pul 1951-1955,2015,OM-fixed,19.37,coal (conv pul) (recirculating)
base load generation,coal,coal_base_conv pul 1951-1955,2015,OM-fixed,19.37,coal (conv pul) (cooling pond)
base load generation,coal,coal_base_conv pul 1951-1955,2015,OM-fixed,19.37,coal (conv pul) (dry cooling)
base load generation,coal,coal_base_conv pul 1956-1960,2015,OM-fixed,19.37,coal (conv pul) (once through)
base load generation,coal,coal_base_conv pul 1956-1960,2015,OM-fixed,19.37,coal (conv pul) (seawater)
base load generation,coal,coal_base_conv pul 1956-1960,2015,OM-fixed,19.37,coal (conv pul) (recirculating)
base load generation,coal,coal_base_conv pul 1956-1960,2015,OM-fixed,19.37,coal (conv pul) (cooling pond)
base load generation,coal,coal_base_conv pul 1956-1960,2015,OM-fixed,19.37,coal (conv pul) (dry cooling)
base load generation,coal,coal_base_conv pul 1961-1965,2015,OM-fixed,19.37,coal (conv pul) (once through)
base load generation,coal,coal_base_conv pul 1961-1965,2015,OM-fixed,19.37,coal (conv pul) (seawater)
base load generation,coal,coal_base_conv pul 1961-1965,2015,OM-fixed,19.37,coal (conv pul) (recirculating)
base load generation,coal,coal_base_conv pul 1961-1965,2015,OM-fixed,19.37,coal (conv pul) (cooling pond)
base load generation,coal,coal_base_conv pul 1961-1965,2015,OM-fixed,19.37,coal (conv pul) (dry cooling)
base load generation,coal,coal_base_conv pul 1966-1970,2015,OM-fixed,19.37,coal (conv pul) (once through)
base load generation,coal,coal_base_conv pul 1966-1970,2015,OM-fixed,19.37,coal (conv pul) (seawater)
base load generation,coal,coal_base_conv pul 1966-1970,2015,OM-fixed,19.37,coal (conv pul) (recirculating)
base load generation,coal,coal_base_conv pul 1966-1970,2015,OM-fixed,19.37,coal (conv pul) (cooling pond)
base load generation,coal,coal_base_conv pul 1966-1970,2015,OM-fixed,19.37,coal (conv pul) (dry cooling)
base load generation,coal,coal_base_conv pul 1971-1975,2015,OM-fixed,19.37,coal (conv pul) (once through)
base load generation,coal,coal_base_conv pul 1971-1975,2015,OM-fixed,19.37,coal (conv pul) (seawater)
base load generation,coal,coal_base_conv pul 1971-1975,2015,OM-fixed,19.37,coal (conv pul) (recirculating)
base load generation,coal,coal_base_conv pul 1971-1975,2015,OM-fixed,19.37,coal (conv pul) (cooling pond)
base load generation,coal,coal_base_conv pul 1971-1975,2015,OM-fixed,19.37,coal (conv pul) (dry cooling)
base load generation,coal,coal_base_conv pul 1976-1980,2015,OM-fixed,19.37,coal (conv pul) (once through)
base load generation,coal,coal_base_conv pul 1976-1980,2015,OM-fixed,19.37,coal (conv pul) (seawater)
base load generation,coal,coal_base_conv pul 1976-1980,2015,OM-fixed,19.37,coal (conv pul) (recirculating)
base load generation,coal,coal_base_conv pul 1976-1980,2015,OM-fixed,19.37,coal (conv pul) (cooling pond)
base load generation,coal,coal_base_conv pul 1976-1980,2015,OM-fixed,19.37,coal (conv pul) (dry cooling)
base load generation,coal,coal_base_conv pul 1981-1985,2015,OM-fixed,19.37,coal (conv pul) (once through)
base load generation,coal,coal_base_conv pul 1981-1985,2015,OM-fixed,19.37,coal (conv pul) (seawater)
base load generation,coal,coal_base_conv pul 1981-1985,2015,OM-fixed,19.37,coal (conv pul) (recirculating)
base load generation,coal,coal_base_conv pul 1981-1985,2015,OM-fixed,19.37,coal (conv pul) (cooling pond)
base load generation,coal,coal_base_conv pul 1981-1985,2015,OM-fixed,19.37,coal (conv pul) (dry cooling)
base load generation,coal,coal_base_conv pul 1986-1990,2015,OM-fixed,19.37,coal (conv pul) (once through)
base load generation,coal,coal_base_conv pul 1986-1990,2015,OM-fixed,19.37,coal (conv pul) (seawater)
base load generation,coal,coal_base_conv pul 1986-1990,2015,OM-fixed,19.37,coal (conv pul) (recirculating)
base load generation,coal,coal_base_conv pul 1986-1990,2015,OM-fixed,19.37,coal (conv pul) (cooling pond)
base load generation,coal,coal_base_conv pul 1986-1990,2015,OM-fixed,19.37,coal (conv pul) (dry cooling)
base load generation,coal,coal_base_conv pul 1991-1995,2015,OM-fixed,19.37,coal (conv pul) (once through)
base load generation,coal,coal_base_conv pul 1991-1995,2015,OM-fixed,19.37,coal (conv pul) (seawater)
base load generation,coal,coal_base_conv pul 1991-1995,2015,OM-fixed,19.37,coal (conv pul) (recirculating)
base load generation,coal,coal_base_conv pul 1991-1995,2015,OM-fixed,19.37,coal (conv pul) (cooling pond)
base load generation,coal,coal_base_conv pul 1991-1995,2015,OM-fixed,19.37,coal (conv pul) (dry cooling)
base load generation,coal,coal_base_conv pul 1996-2000,2015,OM-fixed,19.37,coal (conv pul) (once through)
base load generation,coal,coal_base_conv pul 1996-2000,2015,OM-fixed,19.37,coal (conv pul) (seawater)
base load generation,coal,coal_base_conv pul 1996-2000,2015,OM-fixed,19.37,coal (conv pul) (recirculating)
base load generation,coal,coal_base_conv pul 1996-2000,2015,OM-fixed,19.37,coal (conv pul) (cooling pond)
base load generation,coal,coal_base_conv pul 1996-2000,2015,OM-fixed,19.37,coal (conv pul) (dry cooling)
base load generation,coal,coal_base_conv pul 2001-2005,2015,OM-fixed,19.37,coal (conv pul) (once through)
base load generation,coal,coal_base_conv pul 2001-2005,2015,OM-fixed,19.37,coal (conv pul) (seawater)
base load generation,coal,coal_base_conv pul 2001-2005,2015,OM-fixed,19.37,coal (conv pul) (recirculating)
base load generation,coal,coal_base_conv pul 2001-2005,2015,OM-fixed,19.37,coal (conv pul) (cooling pond)
base load generation,coal,coal_base_conv pul 2001-2005,2015,OM-fixed,19.37,coal (conv pul) (dry cooling)
base load generation,coal,coal_base_conv pul 2006-2010,2015,OM-fixed,19.37,coal (conv pul) (once through)
base load generation,coal,coal_base_conv pul 2006-2010,2015,OM-fixed,19.37,coal (conv pul) (seawater)
base load generation,coal,coal_base_conv pul 2006-2010,2015,OM-fixed,19.37,coal (conv pul) (recirculating)
base load generation,coal,coal_base_conv pul 2006-2010,2015,OM-fixed,19.37,coal (conv pul) (cooling pond)
base load generation,coal,coal_base_conv pul 2006-2010,2015,OM-fixed,19.37,coal (conv pul) (dry cooling)
base load generation,coal,coal_base_conv pul 2011-2015,2015,OM-fixed,19.37,coal (conv pul) (once through)
base load generation,coal,coal_base_conv pul 2011-2015,2015,OM-fixed,19.37,coal (conv pul) (seawater)
base load generation,coal,coal_base_conv pul 2011-2015,2015,OM-fixed,19.37,coal (conv pul) (recirculating)
base load generation,coal,coal_base_conv pul 2011-2015,2015,OM-fixed,19.37,coal (conv pul) (cooling pond)
base load generation,coal,coal_base_conv pul 2011-2015,2015,OM-fixed,19.37,coal (conv pul) (dry cooling)
base load generation,coal,coal_base_conv pul 2016-2021,2015,OM-fixed,19.37,coal (conv pul) (once through)
base load generation,coal,coal_base_conv pul 2016-2021,2015,OM-fixed,19.37,coal (conv pul) (seawater)
base load generation,coal,coal_base_conv pul 2016-2021,2015,OM-fixed,19.37,coal (conv pul) (recirculating)
base load generation,coal,coal_base_conv pul 2016-2021,2015,OM-fixed,19.37,coal (conv pul) (cooling pond)
base load generation,coal,coal_base_conv pul 2016-2021,2015,OM-fixed,19.37,coal (conv pul) (dry cooling)
base load generation,coal,coal_base_conv pul before 1950,2015,OM-fixed,19.37,coal (conv pul) (once through)
base load generation,coal,coal_base_conv pul before 1950,2015,OM-fixed,19.37,coal (conv pul) (seawater)
base load generation,coal,coal_base_conv pul before 1950,2015,OM-fixed,19.37,coal (conv pul) (recirculating)
base load generation,coal,coal_base_conv pul before 1950,2015,OM-fixed,19.37,coal (conv pul) (cooling pond)
base load generation,coal,coal_base_conv pul before 1950,2015,OM-fixed,19.37,coal (conv pul) (dry cooling)
base load generation,coal,coal_base_conv pul_retire_2023,2015,OM-fixed,19.37,coal (conv pul) (once through)
base load generation,coal,coal_base_conv pul_retire_2023,2015,OM-fixed,19.37,coal (conv pul) (seawater)
base load generation,coal,coal_base_conv pul_retire_2023,2015,OM-fixed,19.37,coal (conv pul) (recirculating)
base load generation,coal,coal_base_conv pul_retire_2023,2015,OM-fixed,19.37,coal (conv pul) (cooling pond)
base load generation,coal,coal_base_conv pul_retire_2023,2015,OM-fixed,19.37,coal (conv pul) (dry cooling)
base load generation,biomass,biomass_base_conv,2021,OM-fixed,40.01,biomass (conv) (once through)
base load generation,biomass,biomass_base_conv,2021,OM-fixed,40.01,biomass (conv) (seawater)
base load generation,biomass,biomass_base_conv,2021,OM-fixed,40.01,biomass (conv) (recirculating)
base load generation,biomass,biomass_base_conv,2021,OM-fixed,40.01,biomass (conv) (cooling pond)
base load generation,biomass,biomass_base_conv,2021,OM-fixed,40.01,biomass (conv) (dry cooling)
base load generation,biomass,biomass_base_conv_CCS,2021,OM-fixed,43.14,biomass (conv CCS) (once through)
base load generation,biomass,biomass_base_conv_CCS,2021,OM-fixed,43.14,biomass (conv CCS) (seawater)
base load generation,biomass,biomass_base_conv_CCS,2021,OM-fixed,43.14,biomass (conv CCS) (recirculating)
base load generation,biomass,biomass_base_conv_CCS,2021,OM-fixed,43.14,biomass (conv CCS) (dry cooling)
base load generation,biomass,biomass_base_IGCC,2021,OM-fixed,58.46,biomass (IGCC) (once through)
base load generation,biomass,biomass_base_IGCC,2021,OM-fixed,58.46,biomass (IGCC) (seawater)
base load generation,biomass,biomass_base_IGCC,2021,OM-fixed,58.46,biomass (IGCC) (recirculating)
base load generation,biomass,biomass_base_IGCC,2021,OM-fixed,58.46,biomass (IGCC) (dry cooling)
base load generation,biomass,biomass_base_IGCC_CCS,2021,OM-fixed,67.91,biomass (IGCC CCS) (once through)
base load generation,biomass,biomass_base_IGCC_CCS,2021,OM-fixed,67.91,biomass (IGCC CCS) (seawater)
base load generation,biomass,biomass_base_IGCC_CCS,2021,OM-fixed,67.91,biomass (IGCC CCS) (recirculating)
base load generation,biomass,biomass_base_IGCC_CCS,2021,OM-fixed,67.91,biomass (IGCC CCS) (dry cooling)
base load generation,coal,coal_base_conv pul,2021,OM-fixed,19.75,coal (conv pul) (once through)
base load generation,coal,coal_base_conv pul,2021,OM-fixed,19.75,coal (conv pul) (seawater)
base load generation,coal,coal_base_conv pul,2021,OM-fixed,19.75,coal (conv pul) (recirculating)
base load generation,coal,coal_base_conv pul,2021,OM-fixed,19.75,coal (conv pul) (cooling pond)
base load generation,coal,coal_base_conv pul,2021,OM-fixed,19.75,coal (conv pul) (dry cooling)
base load generation,coal,coal_base_conv pul_CCS,2021,OM-fixed,31.07,coal (conv pul CCS) (once through)
base load generation,coal,coal_base_conv pul_CCS,2021,OM-fixed,31.07,coal (conv pul CCS) (seawater)
base load generation,coal,coal_base_conv pul_CCS,2021,OM-fixed,31.07,coal (conv pul CCS) (recirculating)
base load generation,coal,coal_base_conv pul_CCS,2021,OM-fixed,31.07,coal (conv pul CCS) (dry cooling)
base load generation,coal,coal_base_IGCC,2021,OM-fixed,38.2,coal (IGCC) (once through)
base load generation,coal,coal_base_IGCC,2021,OM-fixed,38.2,coal (IGCC) (seawater)
base load generation,coal,coal_base_IGCC,2021,OM-fixed,38.2,coal (IGCC) (recirculating)
base load generation,coal,coal_base_IGCC,2021,OM-fixed,38.2,coal (IGCC) (dry cooling)
base load generation,coal,coal_base_IGCC_CCS,2021,OM-fixed,55.85,coal (IGCC CCS) (once through)
base load generation,coal,coal_base_IGCC_CCS,2021,OM-fixed,55.85,coal (IGCC CCS) (seawater)
base load generation,coal,coal_base_IGCC_CCS,2021,OM-fixed,55.85,coal (IGCC CCS) (recirculating)
base load generation,coal,coal_base_IGCC_CCS,2021,OM-fixed,55.85,coal (IGCC CCS) (dry cooling)
base load generation,gas,gas_base_CC,2021,OM-fixed,7.91,gas (CC) (once through)
base load generation,gas,gas_base_CC,2021,OM-fixed,7.91,gas (CC) (seawater)
base load generation,gas,gas_base_CC,2021,OM-fixed,7.91,gas (CC) (recirculating)
base load generation,gas,gas_base_CC,2021,OM-fixed,7.91,gas (CC) (cooling pond)
base load generation,gas,gas_base_CC,2021,OM-fixed,7.91,gas (CC) (dry cooling)
base load generation,gas,gas_base_CC_CCS,2021,OM-fixed,16.21,gas (CC CCS) (once through)
base load generation,gas,gas_base_CC_CCS,2021,OM-fixed,16.21,gas (CC CCS) (seawater)
base load generation,gas,gas_base_CC_CCS,2021,OM-fixed,16.21,gas (CC CCS) (recirculating)
base load generation,gas,gas_base_CC_CCS,2021,OM-fixed,16.21,gas (CC CCS) (dry cooling)
base load generation,geothermal,geo_base,2021,OM-fixed,38.89,geothermal (recirculating)
base load generation,geothermal,geo_base,2021,OM-fixed,38.89,geothermal (dry_hybrid)
base load generation,nuclear,nuc_base_Gen II,2021,OM-fixed,38.71,Gen_II_LWR (once through)
base load generation,nuclear,nuc_base_Gen II,2021,OM-fixed,38.71,Gen_II_LWR (seawater)
base load generation,nuclear,nuc_base_Gen II,2021,OM-fixed,38.71,Gen_II_LWR (recirculating)
base load generation,nuclear,nuc_base_Gen II,2021,OM-fixed,38.71,Gen_II_LWR (cooling pond)
base load generation,nuclear,nuc_base_large reactor,2021,OM-fixed,38.71,large reactor (once through)
base load generation,nuclear,nuc_base_large reactor,2021,OM-fixed,38.71,large reactor (seawater)
base load generation,nuclear,nuc_base_large reactor,2021,OM-fixed,38.71,large reactor (recirculating)
base load generation,nuclear,nuc_base_large reactor,2021,OM-fixed,38.71,large reactor (cooling pond)
base load generation,nuclear,nuc_base_SMR,2021,OM-fixed,32.05,SMR (once through)
base load generation,nuclear,nuc_base_SMR,2021,OM-fixed,32.05,SMR (seawater)
base load generation,nuclear,nuc_base_SMR,2021,OM-fixed,32.05,SMR (recirculating)
base load generation,nuclear,nuc_base_SMR,2021,OM-fixed,32.05,SMR (cooling pond)
base load generation,refined liquids,refined liquids_base_steam/CT,2021,OM-fixed,6.11,refined liquids (steam/CT) (once through)
base load generation,refined liquids,refined liquids_base_steam/CT,2021,OM-fixed,6.11,refined liquids (steam/CT) (seawater)
base load generation,refined liquids,refined liquids_base_steam/CT,2021,OM-fixed,6.11,refined liquids (steam/CT) (recirculating)
base load generation,refined liquids,refined liquids_base_steam/CT,2021,OM-fixed,6.11,refined liquids (steam/CT) (cooling pond)
base load generation,refined liquids,refined liquids_base_steam/CT,2021,OM-fixed,6.11,refined liquids (steam/CT) (dry cooling)
base load generation,refined liquids,refined liquids_base_CC,2021,OM-fixed,7.91,refined liquids (CC) (once through)
base load generation,refined liquids,refined liquids_base_CC,2021,OM-fixed,7.91,refined liquids (CC) (seawater)
base load generation,refined liquids,refined liquids_base_CC,2021,OM-fixed,7.91,refined liquids (CC) (recirculating)
base load generation,refined liquids,refined liquids_base_CC,2021,OM-fixed,7.91,refined liquids (CC) (dry cooling)
base load generation,refined liquids,refined liquids_base_CC_CCS,2021,OM-fixed,16.21,refined liquids (CC CCS) (once through)
base load generation,refined liquids,refined liquids_base_CC_CCS,2021,OM-fixed,16.21,refined liquids (CC CCS) (seawater)
base load generation,refined liquids,refined liquids_base_CC_CCS,2021,OM-fixed,16.21,refined liquids (CC CCS) (recirculating)
base load generation,refined liquids,refined liquids_base_CC_CCS,2021,OM-fixed,16.21,refined liquids (CC CCS) (dry cooling)
base load generation,solar,PV_base_storage,2021,OM-fixed,39.8,PV_base_storage
base load generation,solar,CSP_base_storage,2021,OM-fixed,17.59,CSP_base_storage
base load generation,wind,wind_base_storage,2021,OM-fixed,41.78,wind_base_storage
base load generation,coal,coal_base_conv pul 1951-1955,2021,OM-fixed,19.75,coal (conv pul) (once through)
base load generation,coal,coal_base_conv pul 1951-1955,2021,OM-fixed,19.75,coal (conv pul) (seawater)
base load generation,coal,coal_base_conv pul 1951-1955,2021,OM-fixed,19.75,coal (conv pul) (recirculating)
base load generation,coal,coal_base_conv pul 1951-1955,2021,OM-fixed,19.75,coal (conv pul) (cooling pond)
base load generation,coal,coal_base_conv pul 1951-1955,2021,OM-fixed,19.75,coal (conv pul) (dry cooling)
base load generation,coal,coal_base_conv pul 1956-1960,2021,OM-fixed,19.75,coal (conv pul) (once through)
base load generation,coal,coal_base_conv pul 1956-1960,2021,OM-fixed,19.75,coal (conv pul) (seawater)
base load generation,coal,coal_base_conv pul 1956-1960,2021,OM-fixed,19.75,coal (conv pul) (recirculating)
base load generation,coal,coal_base_conv pul 1956-1960,2021,OM-fixed,19.75,coal (conv pul) (cooling pond)
base load generation,coal,coal_base_conv pul 1956-1960,2021,OM-fixed,19.75,coal (conv pul) (dry cooling)
base load generation,coal,coal_base_conv pul 1961-1965,2021,OM-fixed,19.75,coal (conv pul) (once through)
base load generation,coal,coal_base_conv pul 1961-1965,2021,OM-fixed,19.75,coal (conv pul) (seawater)
base load generation,coal,coal_base_conv pul 1961-1965,2021,OM-fixed,19.75,coal (conv pul) (recirculating)
base load generation,coal,coal_base_conv pul 1961-1965,2021,OM-fixed,19.75,coal (conv pul) (cooling pond)
base load generation,coal,coal_base_conv pul 1961-1965,2021,OM-fixed,19.75,coal (conv pul) (dry cooling)
base load generation,coal,coal_base_conv pul 1966-1970,2021,OM-fixed,19.75,coal (conv pul) (once through)
base load generation,coal,coal_base_conv pul 1966-1970,2021,OM-fixed,19.75,coal (conv pul) (seawater)
base load generation,coal,coal_base_conv pul 1966-1970,2021,OM-fixed,19.75,coal (conv pul) (recirculating)
base load generation,coal,coal_base_conv pul 1966-1970,2021,OM-fixed,19.75,coal (conv pul) (cooling pond)
base load generation,coal,coal_base_conv pul 1966-1970,2021,OM-fixed,19.75,coal (conv pul) (dry cooling)
base load generation,coal,coal_base_conv pul 1971-1975,2021,OM-fixed,19.75,coal (conv pul) (once through)
base load generation,coal,coal_base_conv pul 1971-1975,2021,OM-fixed,19.75,coal (conv pul) (seawater)
base load generation,coal,coal_base_conv pul 1971-1975,2021,OM-fixed,19.75,coal (conv pul) (recirculating)
base load generation,coal,coal_base_conv pul 1971-1975,2021,OM-fixed,19.75,coal (conv pul) (cooling pond)
base load generation,coal,coal_base_conv pul 1971-1975,2021,OM-fixed,19.75,coal (conv pul) (dry cooling)
base load generation,coal,coal_base_conv pul 1976-1980,2021,OM-fixed,19.75,coal (conv pul) (once through)
base load generation,coal,coal_base_conv pul 1976-1980,2021,OM-fixed,19.75,coal (conv pul) (seawater)
base load generation,coal,coal_base_conv pul 1976-1980,2021,OM-fixed,19.75,coal (conv pul) (recirculating)
base load generation,coal,coal_base_conv pul 1976-1980,2021,OM-fixed,19.75,coal (conv pul) (cooling pond)
base load generation,coal,coal_base_conv pul 1976-1980,2021,OM-fixed,19.75,coal (conv pul) (dry cooling)
base load generation,coal,coal_base_conv pul 1981-1985,2021,OM-fixed,19.75,coal (conv pul) (once through)
base load generation,coal,coal_base_conv pul 1981-1985,2021,OM-fixed,19.75,coal (conv pul) (seawater)
base load generation,coal,coal_base_conv pul 1981-1985,2021,OM-fixed,19.75,coal (conv pul) (recirculating)
base load generation,coal,coal_base_conv pul 1981-1985,2021,OM-fixed,19.75,coal (conv pul) (cooling pond)
base load generation,coal,coal_base_conv pul 1981-1985,2021,OM-fixed,19.75,coal (conv pul) (dry cooling)
base load generation,coal,coal_base_conv pul 1986-1990,2021,OM-fixed,19.75,coal (conv pul) (once through)
base load generation,coal,coal_base_conv pul 1986-1990,2021,OM-fixed,19.75,coal (conv pul) (seawater)
base load generation,coal,coal_base_conv pul 1986-1990,2021,OM-fixed,19.75,coal (conv pul) (recirculating)
base load generation,coal,coal_base_conv pul 1986-1990,2021,OM-fixed,19.75,coal (conv pul) (cooling pond)
base load generation,coal,coal_base_conv pul 1986-1990,2021,OM-fixed,19.75,coal (conv pul) (dry cooling)
base load generation,coal,coal_base_conv pul 1991-1995,2021,OM-fixed,19.75,coal (conv pul) (once through)
base load generation,coal,coal_base_conv pul 1991-1995,2021,OM-fixed,19.75,coal (conv pul) (seawater)
base load generation,coal,coal_base_conv pul 1991-1995,2021,OM-fixed,19.75,coal (conv pul) (recirculating)
base load generation,coal,coal_base_conv pul 1991-1995,2021,OM-fixed,19.75,coal (conv pul) (cooling pond)
base load generation,coal,coal_base_conv pul 1991-1995,2021,OM-fixed,19.75,coal (conv pul) (dry cooling)
base load generation,coal,coal_base_conv pul 1996-2000,2021,OM-fixed,19.75,coal (conv pul) (once through)
base load generation,coal,coal_base_conv pul 1996-2000,2021,OM-fixed,19.75,coal (conv pul) (seawater)
base load generation,coal,coal_base_conv pul 1996-2000,2021,OM-fixed,19.75,coal (conv pul) (recirculating)
base load generation,coal,coal_base_conv pul 1996-2000,2021,OM-fixed,19.75,coal (conv pul) (cooling pond)
base load generation,coal,coal_base_conv pul 1996-2000,2021,OM-fixed,19.75,coal (conv pul) (dry cooling)
base load generation,coal,coal_base_conv pul 2001-2005,2021,OM-fixed,19.75,coal (conv pul) (once through)
base load generation,coal,coal_base_conv pul 2001-2005,2021,OM-fixed,19.75,coal (conv pul) (seawater)
base load generation,coal,coal_base_conv pul 2001-2005,2021,OM-fixed,19.75,coal (conv pul) (recirculating)
base load generation,coal,coal_base_conv pul 2001-2005,2021,OM-fixed,19.75,coal (conv pul) (cooling pond)
base load generation,coal,coal_base_conv pul 2001-2005,2021,OM-fixed,19.75,coal (conv pul) (dry cooling)
base load generation,coal,coal_base_conv pul 2006-2010,2021,OM-fixed,19.75,coal (conv pul) (once through)
base load generation,coal,coal_base_conv pul 2006-2010,2021,OM-fixed,19.75,coal (conv pul) (seawater)
base load generation,coal,coal_base_conv pul 2006-2010,2021,OM-fixed,19.75,coal (conv pul) (recirculating)
base load generation,coal,coal_base_conv pul 2006-2010,2021,OM-fixed,19.75,coal (conv pul) (cooling pond)
base load generation,coal,coal_base_conv pul 2006-2010,2021,OM-fixed,19.75,coal (conv pul) (dry cooling)
base load generation,coal,coal_base_conv pul 2011-2015,2021,OM-fixed,19.75,coal (conv pul) (once through)
base load generation,coal,coal_base_conv pul 2011-2015,2021,OM-fixed,19.75,coal (conv pul) (seawater)
base load generation,coal,coal_base_conv pul 2011-2015,2021,OM-fixed,19.75,coal (conv pul) (recirculating)
base load generation,coal,coal_base_conv pul 2011-2015,2021,OM-fixed,19.75,coal (conv pul) (cooling pond)
base load generation,coal,coal_base_conv pul 2011-2015,2021,OM-fixed,19.75,coal (conv pul) (dry cooling)
base load generation,coal,coal_base_conv pul 2016-2021,2021,OM-fixed,19.75,coal (conv pul) (once through)
base load generation,coal,coal_base_conv pul 2016-2021,2021,OM-fixed,19.75,coal (conv pul) (seawater)
base load generation,coal,coal_base_conv pul 2016-2021,2021,OM-fixed,19.75,coal (conv pul) (recirculating)
base load generation,coal,coal_base_conv pul 2016-2021,2021,OM-fixed,19.75,coal (conv pul) (cooling pond)
base load generation,coal,coal_base_conv pul 2016-2021,2021,OM-fixed,19.75,coal (conv pul) (dry cooling)
base load generation,coal,coal_base_conv pul before 1950,2021,OM-fixed,19.75,coal (conv pul) (once through)
base load generation,coal,coal_base_conv pul before 1950,2021,OM-fixed,19.75,coal (conv pul) (seawater)
base load generation,coal,coal_base_conv pul before 1950,2021,OM-fixed,19.75,coal (conv pul) (recirculating)
base load generation,coal,coal_base_conv pul before 1950,2021,OM-fixed,19.75,coal (conv pul) (cooling pond)
base load generation,coal,coal_base_conv pul before 1950,2021,OM-fixed,19.75,coal (conv pul) (dry cooling)
base load generation,coal,coal_base_conv pul_retire_2023,2021,OM-fixed,19.75,coal (conv pul) (once through)
base load generation,coal,coal_base_conv pul_retire_2023,2021,OM-fixed,19.75,coal (conv pul) (seawater)
base load generation,coal,coal_base_conv pul_retire_2023,2021,OM-fixed,19.75,coal (conv pul) (recirculating)
base load generation,coal,coal_base_conv pul_retire_2023,2021,OM-fixed,19.75,coal (conv pul) (cooling pond)
base load generation,coal,coal_base_conv pul_retire_2023,2021,OM-fixed,19.75,coal (conv pul) (dry cooling)
base load generation,biomass,biomass_base_conv,2025,OM-fixed,38.57,biomass (conv) (once through)
base load generation,biomass,biomass_base_conv,2025,OM-fixed,38.57,biomass (conv) (seawater)
base load generation,biomass,biomass_base_conv,2025,OM-fixed,38.57,biomass (conv) (recirculating)
base load generation,biomass,biomass_base_conv,2025,OM-fixed,38.57,biomass (conv) (cooling pond)
base load generation,biomass,biomass_base_conv,2025,OM-fixed,38.57,biomass (conv) (dry cooling)
base load generation,biomass,biomass_base_conv_CCS,2025,OM-fixed,42.97,biomass (conv CCS) (once through)
base load generation,biomass,biomass_base_conv_CCS,2025,OM-fixed,42.97,biomass (conv CCS) (seawater)
base load generation,biomass,biomass_base_conv_CCS,2025,OM-fixed,42.97,biomass (conv CCS) (recirculating)
base load generation,biomass,biomass_base_conv_CCS,2025,OM-fixed,42.97,biomass (conv CCS) (dry cooling)
base load generation,biomass,biomass_base_IGCC,2025,OM-fixed,57.51,biomass (IGCC) (once through)
base load generation,biomass,biomass_base_IGCC,2025,OM-fixed,57.51,biomass (IGCC) (seawater)
base load generation,biomass,biomass_base_IGCC,2025,OM-fixed,57.51,biomass (IGCC) (recirculating)
base load generation,biomass,biomass_base_IGCC,2025,OM-fixed,57.51,biomass (IGCC) (dry cooling)
base load generation,biomass,biomass_base_IGCC_CCS,2025,OM-fixed,66.91,biomass (IGCC CCS) (once through)
base load generation,biomass,biomass_base_IGCC_CCS,2025,OM-fixed,66.91,biomass (IGCC CCS) (seawater)
base load generation,biomass,biomass_base_IGCC_CCS,2025,OM-fixed,66.91,biomass (IGCC CCS) (recirculating)
base load generation,biomass,biomass_base_IGCC_CCS,2025,OM-fixed,66.91,biomass (IGCC CCS) (dry cooling)
base load generation,coal,coal_base_conv pul,2025,OM-fixed,20.1,coal (conv pul) (once through)
base load generation,coal,coal_base_conv pul,2025,OM-fixed,20.1,coal (conv pul) (seawater)
base load generation,coal,coal_base_conv pul,2025,OM-fixed,20.1,coal (conv pul) (recirculating)
base load generation,coal,coal_base_conv pul,2025,OM-fixed,20.1,coal (conv pul) (cooling pond)
base load generation,coal,coal_base_conv pul,2025,OM-fixed,20.1,coal (conv pul) (dry cooling)
base load generation,coal,coal_base_conv pul_CCS,2025,OM-fixed,31.32,coal (conv pul CCS) (once through)
base load generation,coal,coal_base_conv pul_CCS,2025,OM-fixed,31.32,coal (conv pul CCS) (seawater)
base load generation,coal,coal_base_conv pul_CCS,2025,OM-fixed,31.32,coal (conv pul CCS) (recirculating)
base load generation,coal,coal_base_conv pul_CCS,2025,OM-fixed,31.32,coal (conv pul CCS) (dry cooling)
base load generation,coal,coal_base_IGCC,2025,OM-fixed,39.05,coal (IGCC) (once through)
base load generation,coal,coal_base_IGCC,2025,OM-fixed,39.05,coal (IGCC) (seawater)
base load generation,coal,coal_base_IGCC,2025,OM-fixed,39.05,coal (IGCC) (recirculating)
base load generation,coal,coal_base_IGCC,2025,OM-fixed,39.05,coal (IGCC) (dry cooling)
base load generation,coal,coal_base_IGCC_CCS,2025,OM-fixed,55.26,coal (IGCC CCS) (once through)
base load generation,coal,coal_base_IGCC_CCS,2025,OM-fixed,55.26,coal (IGCC CCS) (seawater)
base load generation,coal,coal_base_IGCC_CCS,2025,OM-fixed,55.26,coal (IGCC CCS) (recirculating)
base load generation,coal,coal_base_IGCC_CCS,2025,OM-fixed,55.26,coal (IGCC CCS) (dry cooling)
base load generation,gas,gas_base_CC,2025,OM-fixed,7.89,gas (CC) (once through)
base load generation,gas,gas_base_CC,2025,OM-fixed,7.89,gas (CC) (seawater)
base load generation,gas,gas_base_CC,2025,OM-fixed,7.89,gas (CC) (recirculating)
base load generation,gas,gas_base_CC,2025,OM-fixed,7.89,gas (CC) (cooling pond)
base load generation,gas,gas_base_CC,2025,OM-fixed,7.89,gas (CC) (dry cooling)
base load generation,gas,gas_base_CC_CCS,2025,OM-fixed,15.69,gas (CC CCS) (once through)
base load generation,gas,gas_base_CC_CCS,2025,OM-fixed,15.69,gas (CC CCS) (seawater)
base load generation,gas,gas_base_CC_CCS,2025,OM-fixed,15.69,gas (CC CCS) (recirculating)
base load generation,gas,gas_base_CC_CCS,2025,OM-fixed,15.69,gas (CC CCS) (dry cooling)
base load generation,geothermal,geo_base,2025,OM-fixed,28.06,geothermal (recirculating)
base load generation,geothermal,geo_base,2025,OM-fixed,28.06,geothermal (dry_hybrid)
base load generation,nuclear,nuc_base_Gen II,2025,OM-fixed,41.24,Gen_II_LWR (once through)
base load generation,nuclear,nuc_base_Gen II,2025,OM-fixed,41.24,Gen_II_LWR (seawater)
base load generation,nuclear,nuc_base_Gen II,2025,OM-fixed,41.24,Gen_II_LWR (recirculating)
base load generation,nuclear,nuc_base_Gen II,2025,OM-fixed,41.24,Gen_II_LWR (cooling pond)
base load generation,nuclear,nuc_base_large reactor,2025,OM-fixed,41.24,large reactor (once through)
base load generation,nuclear,nuc_base_large reactor,2025,OM-fixed,41.24,large reactor (seawater)
base load generation,nuclear,nuc_base_large reactor,2025,OM-fixed,41.24,large reactor (recirculating)
base load generation,nuclear,nuc_base_large reactor,2025,OM-fixed,41.24,large reactor (cooling pond)
base load generation,nuclear,nuc_base_SMR,2025,OM-fixed,32.05,SMR (once through)
base load generation,nuclear,nuc_base_SMR,2025,OM-fixed,32.05,SMR (seawater)
base load generation,nuclear,nuc_base_SMR,2025,OM-fixed,32.05,SMR (recirculating)
base load generation,nuclear,nuc_base_SMR,2025,OM-fixed,32.05,SMR (cooling pond)
base load generation,refined liquids,refined liquids_base_steam/CT,2025,OM-fixed,6.06,refined liquids (steam/CT) (once through)
base load generation,refined liquids,refined liquids_base_steam/CT,2025,OM-fixed,6.06,refined liquids (steam/CT) (seawater)
base load generation,refined liquids,refined liquids_base_steam/CT,2025,OM-fixed,6.06,refined liquids (steam/CT) (recirculating)
base load generation,refined liquids,refined liquids_base_steam/CT,2025,OM-fixed,6.06,refined liquids (steam/CT) (cooling pond)
base load generation,refined liquids,refined liquids_base_steam/CT,2025,OM-fixed,6.06,refined liquids (steam/CT) (dry cooling)
base load generation,refined liquids,refined liquids_base_CC,2025,OM-fixed,7.89,refined liquids (CC) (once through)
base load generation,refined liquids,refined liquids_base_CC,2025,OM-fixed,7.89,refined liquids (CC) (seawater)
base load generation,refined liquids,refined liquids_base_CC,2025,OM-fixed,7.89,refined liquids (CC) (recirculating)
base load generation,refined liquids,refined liquids_base_CC,2025,OM-fixed,7.89,refined liquids (CC) (dry cooling)
base load generation,refined liquids,refined liquids_base_CC_CCS,2025,OM-fixed,15.69,refined liquids (CC CCS) (once through)
base load generation,refined liquids,refined liquids_base_CC_CCS,2025,OM-fixed,15.69,refined liquids (CC CCS) (seawater)
base load generation,refined liquids,refined liquids_base_CC_CCS,2025,OM-fixed,15.69,refined liquids (CC CCS) (recirculating)
base load generation,refined liquids,refined liquids_base_CC_CCS,2025,OM-fixed,15.69,refined liquids (CC CCS) (dry cooling)
base load generation,solar,PV_base_storage,2025,OM-fixed,32.36,PV_base_storage
base load generation,solar,CSP_base_storage,2025,OM-fixed,15.85,CSP_base_storage
base load generation,wind,wind_base_storage,2025,OM-fixed,34.78,wind_base_storage
base load generation,coal,coal_base_conv pul 1951-1955,2025,OM-fixed,20.1,coal (conv pul) (once through)
base load generation,coal,coal_base_conv pul 1951-1955,2025,OM-fixed,20.1,coal (conv pul) (seawater)
base load generation,coal,coal_base_conv pul 1951-1955,2025,OM-fixed,20.1,coal (conv pul) (recirculating)
base load generation,coal,coal_base_conv pul 1951-1955,2025,OM-fixed,20.1,coal (conv pul) (cooling pond)
base load generation,coal,coal_base_conv pul 1951-1955,2025,OM-fixed,20.1,coal (conv pul) (dry cooling)
base load generation,coal,coal_base_conv pul 1956-1960,2025,OM-fixed,20.1,coal (conv pul) (once through)
base load generation,coal,coal_base_conv pul 1956-1960,2025,OM-fixed,20.1,coal (conv pul) (seawater)
base load generation,coal,coal_base_conv pul 1956-1960,2025,OM-fixed,20.1,coal (conv pul) (recirculating)
base load generation,coal,coal_base_conv pul 1956-1960,2025,OM-fixed,20.1,coal (conv pul) (cooling pond)
base load generation,coal,coal_base_conv pul 1956-1960,2025,OM-fixed,20.1,coal (conv pul) (dry cooling)
base load generation,coal,coal_base_conv pul 1961-1965,2025,OM-fixed,20.1,coal (conv pul) (once through)
base load generation,coal,coal_base_conv pul 1961-1965,2025,OM-fixed,20.1,coal (conv pul) (seawater)
base load generation,coal,coal_base_conv pul 1961-1965,2025,OM-fixed,20.1,coal (conv pul) (recirculating)
base load generation,coal,coal_base_conv pul 1961-1965,2025,OM-fixed,20.1,coal (conv pul) (cooling pond)
base load generation,coal,coal_base_conv pul 1961-1965,2025,OM-fixed,20.1,coal (conv pul) (dry cooling)
base load generation,coal,coal_base_conv pul 1966-1970,2025,OM-fixed,20.1,coal (conv pul) (once through)
base load generation,coal,coal_base_conv pul 1966-1970,2025,OM-fixed,20.1,coal (conv pul) (seawater)
base load generation,coal,coal_base_conv pul 1966-1970,2025,OM-fixed,20.1,coal (conv pul) (recirculating)
base load generation,coal,coal_base_conv pul 1966-1970,2025,OM-fixed,20.1,coal (conv pul) (cooling pond)
base load generation,coal,coal_base_conv pul 1966-1970,2025,OM-fixed,20.1,coal (conv pul) (dry cooling)
base load generation,coal,coal_base_conv pul 1971-1975,2025,OM-fixed,20.1,coal (conv pul) (once through)
base load generation,coal,coal_base_conv pul 1971-1975,2025,OM-fixed,20.1,coal (conv pul) (seawater)
base load generation,coal,coal_base_conv pul 1971-1975,2025,OM-fixed,20.1,coal (conv pul) (recirculating)
base load generation,coal,coal_base_conv pul 1971-1975,2025,OM-fixed,20.1,coal (conv pul) (cooling pond)
base load generation,coal,coal_base_conv pul 1971-1975,2025,OM-fixed,20.1,coal (conv pul) (dry cooling)
base load generation,coal,coal_base_conv pul 1976-1980,2025,OM-fixed,20.1,coal (conv pul) (once through)
base load generation,coal,coal_base_conv pul 1976-1980,2025,OM-fixed,20.1,coal (conv pul) (seawater)
base load generation,coal,coal_base_conv pul 1976-1980,2025,OM-fixed,20.1,coal (conv pul) (recirculating)
base load generation,coal,coal_base_conv pul 1976-1980,2025,OM-fixed,20.1,coal (conv pul) (cooling pond)
base load generation,coal,coal_base_conv pul 1976-1980,2025,OM-fixed,20.1,coal (conv pul) (dry cooling)
base load generation,coal,coal_base_conv pul 1981-1985,2025,OM-fixed,20.1,coal (conv pul) (once through)
base load generation,coal,coal_base_conv pul 1981-1985,2025,OM-fixed,20.1,coal (conv pul) (seawater)
base load generation,coal,coal_base_conv pul 1981-1985,2025,OM-fixed,20.1,coal (conv pul) (recirculating)
base load generation,coal,coal_base_conv pul 1981-1985,2025,OM-fixed,20.1,coal (conv pul) (cooling pond)
base load generation,coal,coal_base_conv pul 1981-1985,2025,OM-fixed,20.1,coal (conv pul) (dry cooling)
base load generation,coal,coal_base_conv pul 1986-1990,2025,OM-fixed,20.1,coal (conv pul) (once through)
base load generation,coal,coal_base_conv pul 1986-1990,2025,OM-fixed,20.1,coal (conv pul) (seawater)
base load generation,coal,coal_base_conv pul 1986-1990,2025,OM-fixed,20.1,coal (conv pul) (recirculating)
base load generation,coal,coal_base_conv pul 1986-1990,2025,OM-fixed,20.1,coal (conv pul) (cooling pond)
base load generation,coal,coal_base_conv pul 1986-1990,2025,OM-fixed,20.1,coal (conv pul) (dry cooling)
base load generation,coal,coal_base_conv pul 1991-1995,2025,OM-fixed,20.1,coal (conv pul) (once through)
base load generation,coal,coal_base_conv pul 1991-1995,2025,OM-fixed,20.1,coal (conv pul) (seawater)
base load generation,coal,coal_base_conv pul 1991-1995,2025,OM-fixed,20.1,coal (conv pul) (recirculating)
base load generation,coal,coal_base_conv pul 1991-1995,2025,OM-fixed,20.1,coal (conv pul) (cooling pond)
base load generation,coal,coal_base_conv pul 1991-1995,2025,OM-fixed,20.1,coal (conv pul) (dry cooling)
base load generation,coal,coal_base_conv pul 1996-2000,2025,OM-fixed,20.1,coal (conv pul) (once through)
base load generation,coal,coal_base_conv pul 1996-2000,2025,OM-fixed,20.1,coal (conv pul) (seawater)
base load generation,coal,coal_base_conv pul 1996-2000,2025,OM-fixed,20.1,coal (conv pul) (recirculating)
base load generation,coal,coal_base_conv pul 1996-2000,2025,OM-fixed,20.1,coal (conv pul) (cooling pond)
base load generation,coal,coal_base_conv pul 1996-2000,2025,OM-fixed,20.1,coal (conv pul) (dry cooling)
base load generation,coal,coal_base_conv pul 2001-2005,2025,OM-fixed,20.1,coal (conv pul) (once through)
base load generation,coal,coal_base_conv pul 2001-2005,2025,OM-fixed,20.1,coal (conv pul) (seawater)
base load generation,coal,coal_base_conv pul 2001-2005,2025,OM-fixed,20.1,coal (conv pul) (recirculating)
base load generation,coal,coal_base_conv pul 2001-2005,2025,OM-fixed,20.1,coal (conv pul) (cooling pond)
base load generation,coal,coal_base_conv pul 2001-2005,2025,OM-fixed,20.1,coal (conv pul) (dry cooling)
base load generation,coal,coal_base_conv pul 2006-2010,2025,OM-fixed,20.1,coal (conv pul) (once through)
base load generation,coal,coal_base_conv pul 2006-2010,2025,OM-fixed,20.1,coal (conv pul) (seawater)
base load generation,coal,coal_base_conv pul 2006-2010,2025,OM-fixed,20.1,coal (conv pul) (recirculating)
base load generation,coal,coal_base_conv pul 2006-2010,2025,OM-fixed,20.1,coal (conv pul) (cooling pond)
base load generation,coal,coal_base_conv pul 2006-2010,2025,OM-fixed,20.1,coal (conv pul) (dry cooling)
base load generation,coal,coal_base_conv pul 2011-2015,2025,OM-fixed,20.1,coal (conv pul) (once through)
base load generation,coal,coal_base_conv pul 2011-2015,2025,OM-fixed,20.1,coal (conv pul) (seawater)
base load generation,coal,coal_base_conv pul 2011-2015,2025,OM-fixed,20.1,coal (conv pul) (recirculating)
base load generation,coal,coal_base_conv pul 2011-2015,2025,OM-fixed,20.1,coal (conv pul) (cooling pond)
base load generation,coal,coal_base_conv pul 2011-2015,2025,OM-fixed,20.1,coal (conv pul) (dry cooling)
base load generation,coal,coal_base_conv pul 2016-2021,2025,OM-fixed,20.1,coal (conv pul) (once through)
base load generation,coal,coal_base_conv pul 2016-2021,2025,OM-fixed,20.1,coal (conv pul) (seawater)
base load generation,coal,coal_base_conv pul 2016-2021,2025,OM-fixed,20.1,coal (conv pul) (recirculating)
base load generation,coal,coal_base_conv pul 2016-2021,2025,OM-fixed,20.1,coal (conv pul) (cooling pond)
base load generation,coal,coal_base_conv pul 2016-2021,2025,OM-fixed,20.1,coal (conv pul) (dry cooling)
base load generation,coal,coal_base_conv pul before 1950,2025,OM-fixed,20.1,coal (conv pul) (once through)
base load generation,coal,coal_base_conv pul before 1950,2025,OM-fixed,20.1,coal (conv pul) (seawater)
base load generation,coal,coal_base_conv pul before 1950,2025,OM-fixed,20.1,coal (conv pul) (recirculating)
base load generation,coal,coal_base_conv pul before 1950,2025,OM-fixed,20.1,coal (conv pul) (cooling pond)
base load generation,coal,coal_base_conv pul before 1950,2025,OM-fixed,20.1,coal (conv pul) (dry cooling)
base load generation,coal,coal_base_conv pul_retire_2023,2025,OM-fixed,20.1,coal (conv pul) (once through)
base load generation,coal,coal_base_conv pul_retire_2023,2025,OM-fixed,20.1,coal (conv pul) (seawater)
base load generation,coal,coal_base_conv pul_retire_2023,2025,OM-fixed,20.1,coal (conv pul) (recirculating)
base load generation,coal,coal_base_conv pul_retire_2023,2025,OM-fixed,20.1,coal (conv pul) (cooling pond)
base load generation,coal,coal_base_conv pul_retire_2023,2025,OM-fixed,20.1,coal (conv pul) (dry cooling)
base load generation,biomass,biomass_base_conv,2030,OM-fixed,38.57,biomass (conv) (once through)
base load generation,biomass,biomass_base_conv,2030,OM-fixed,38.57,biomass (conv) (seawater)
base load generation,biomass,biomass_base_conv,2030,OM-fixed,38.57,biomass (conv) (recirculating)
base load generation,biomass,biomass_base_conv,2030,OM-fixed,38.57,biomass (conv) (cooling pond)
base load generation,biomass,biomass_base_conv,2030,OM-fixed,38.57,biomass (conv) (dry cooling)
base load generation,biomass,biomass_base_conv_CCS,2030,OM-fixed,40.86,biomass (conv CCS) (once through)
base load generation,biomass,biomass_base_conv_CCS,2030,OM-fixed,40.86,biomass (conv CCS) (seawater)
base load generation,biomass,biomass_base_conv_CCS,2030,OM-fixed,40.86,biomass (conv CCS) (recirculating)
base load generation,biomass,biomass_base_conv_CCS,2030,OM-fixed,40.86,biomass (conv CCS) (dry cooling)
base load generation,biomass,biomass_base_IGCC,2030,OM-fixed,57.3,biomass (IGCC) (once through)
base load generation,biomass,biomass_base_IGCC,2030,OM-fixed,57.3,biomass (IGCC) (seawater)
base load generation,biomass,biomass_base_IGCC,2030,OM-fixed,57.3,biomass (IGCC) (recirculating)
base load generation,biomass,biomass_base_IGCC,2030,OM-fixed,57.3,biomass (IGCC) (dry cooling)
base load generation,biomass,biomass_base_IGCC_CCS,2030,OM-fixed,65.49,biomass (IGCC CCS) (once through)
base load generation,biomass,biomass_base_IGCC_CCS,2030,OM-fixed,65.49,biomass (IGCC CCS) (seawater)
base load generation,biomass,biomass_base_IGCC_CCS,2030,OM-fixed,65.49,biomass (IGCC CCS) (recirculating)
base load generation,biomass,biomass_base_IGCC_CCS,2030,OM-fixed,65.49,biomass (IGCC CCS) (dry cooling)
base load generation,coal,coal_base_conv pul,2030,OM-fixed,19.63,coal (conv pul) (once through)
base load generation,coal,coal_base_conv pul,2030,OM-fixed,19.63,coal (conv pul) (seawater)
base load generation,coal,coal_base_conv pul,2030,OM-fixed,19.63,coal (conv pul) (recirculating)
base load generation,coal,coal_base_conv pul,2030,OM-fixed,19.63,coal (conv pul) (cooling pond)
base load generation,coal,coal_base_conv pul,2030,OM-fixed,19.63,coal (conv pul) (dry cooling)
base load generation,coal,coal_base_conv pul_CCS,2030,OM-fixed,29.62,coal (conv pul CCS) (once through)
base load generation,coal,coal_base_conv pul_CCS,2030,OM-fixed,29.62,coal (conv pul CCS) (seawater)
base load generation,coal,coal_base_conv pul_CCS,2030,OM-fixed,29.62,coal (conv pul CCS) (recirculating)
base load generation,coal,coal_base_conv pul_CCS,2030,OM-fixed,29.62,coal (conv pul CCS) (dry cooling)
base load generation,coal,coal_base_IGCC,2030,OM-fixed,38.36,coal (IGCC) (once through)
base load generation,coal,coal_base_IGCC,2030,OM-fixed,38.36,coal (IGCC) (seawater)
base load generation,coal,coal_base_IGCC,2030,OM-fixed,38.36,coal (IGCC) (recirculating)
base load generation,coal,coal_base_IGCC,2030,OM-fixed,38.36,coal (IGCC) (dry cooling)
base load generation,coal,coal_base_IGCC_CCS,2030,OM-fixed,54.25,coal (IGCC CCS) (once through)
base load generation,coal,coal_base_IGCC_CCS,2030,OM-fixed,54.25,coal (IGCC CCS) (seawater)
base load generation,coal,coal_base_IGCC_CCS,2030,OM-fixed,54.25,coal (IGCC CCS) (recirculating)
base load generation,coal,coal_base_IGCC_CCS,2030,OM-fixed,54.25,coal (IGCC CCS) (dry cooling)
base load generation,gas,gas_base_CC,2030,OM-fixed,7.49,gas (CC) (once through)
base load generation,gas,gas_base_CC,2030,OM-fixed,7.49,gas (CC) (seawater)
base load generation,gas,gas_base_CC,2030,OM-fixed,7.49,gas (CC) (recirculating)
base load generation,gas,gas_base_CC,2030,OM-fixed,7.49,gas (CC) (cooling pond)
base load generation,gas,gas_base_CC,2030,OM-fixed,7.49,gas (CC) (dry cooling)
base load generation,gas,gas_base_CC_CCS,2030,OM-fixed,14.07,gas (CC CCS) (once through)
base load generation,gas,gas_base_CC_CCS,2030,OM-fixed,14.07,gas (CC CCS) (seawater)
base load generation,gas,gas_base_CC_CCS,2030,OM-fixed,14.07,gas (CC CCS) (recirculating)
base load generation,gas,gas_base_CC_CCS,2030,OM-fixed,14.07,gas (CC CCS) (dry cooling)
base load generation,geothermal,geo_base,2030,OM-fixed,27.27,geothermal (recirculating)
base load generation,geothermal,geo_base,2030,OM-fixed,27.27,geothermal (dry_hybrid)
base load generation,nuclear,nuc_base_Gen II,2030,OM-fixed,41.24,Gen_II_LWR (once through)
base load generation,nuclear,nuc_base_Gen II,2030,OM-fixed,41.24,Gen_II_LWR (seawater)
base load generation,nuclear,nuc_base_Gen II,2030,OM-fixed,41.24,Gen_II_LWR (recirculating)
base load generation,nuclear,nuc_base_Gen II,2030,OM-fixed,41.24,Gen_II_LWR (cooling pond)
base load generation,nuclear,nuc_base_large reactor,2030,OM-fixed,41.24,large reactor (once through)
base load generation,nuclear,nuc_base_large reactor,2030,OM-fixed,41.24,large reactor (seawater)
base load generation,nuclear,nuc_base_large reactor,2030,OM-fixed,41.24,large reactor (recirculating)
base load generation,nuclear,nuc_base_large reactor,2030,OM-fixed,41.24,large reactor (cooling pond)
base load generation,nuclear,nuc_base_SMR,2030,OM-fixed,32.05,SMR (once through)
base load generation,nuclear,nuc_base_SMR,2030,OM-fixed,32.05,SMR (seawater)
base load generation,nuclear,nuc_base_SMR,2030,OM-fixed,32.05,SMR (recirculating)
base load generation,nuclear,nuc_base_SMR,2030,OM-fixed,32.05,SMR (cooling pond)
base load generation,refined liquids,refined liquids_base_steam/CT,2030,OM-fixed,5.89,refined liquids (steam/CT) (once through)
base load generation,refined liquids,refined liquids_base_steam/CT,2030,OM-fixed,5.89,refined liquids (steam/CT) (seawater)
base load generation,refined liquids,refined liquids_base_steam/CT,2030,OM-fixed,5.89,refined liquids (steam/CT) (recirculating)
base load generation,refined liquids,refined liquids_base_steam/CT,2030,OM-fixed,5.89,refined liquids (steam/CT) (cooling pond)
base load generation,refined liquids,refined liquids_base_steam/CT,2030,OM-fixed,5.89,refined liquids (steam/CT) (dry cooling)
base load generation,refined liquids,refined liquids_base_CC,2030,OM-fixed,7.49,refined liquids (CC) (once through)
base load generation,refined liquids,refined liquids_base_CC,2030,OM-fixed,7.49,refined liquids (CC) (seawater)
base load generation,refined liquids,refined liquids_base_CC,2030,OM-fixed,7.49,refined liquids (CC) (recirculating)
base load generation,refined liquids,refined liquids_base_CC,2030,OM-fixed,7.49,refined liquids (CC) (dry cooling)
base load generation,refined liquids,refined liquids_base_CC_CCS,2030,OM-fixed,14.07,refined liquids (CC CCS) (once through)
base load generation,refined liquids,refined liquids_base_CC_CCS,2030,OM-fixed,14.07,refined liquids (CC CCS) (seawater)
base load generation,refined liquids,refined liquids_base_CC_CCS,2030,OM-fixed,14.07,refined liquids (CC CCS) (recirculating)
base load generation,refined liquids,refined liquids_base_CC_CCS,2030,OM-fixed,14.07,refined liquids (CC CCS) (dry cooling)
base load generation,solar,PV_base_storage,2030,OM-fixed,27.22,PV_base_storage
base load generation,solar,CSP_base_storage,2030,OM-fixed,12.96,CSP_base_storage
base load generation,wind,wind_base_storage,2030,OM-fixed,29.87,wind_base_storage
base load generation,coal,coal_base_conv pul 1951-1955,2030,OM-fixed,19.63,coal (conv pul) (once through)
base load generation,coal,coal_base_conv pul 1951-1955,2030,OM-fixed,19.63,coal (conv pul) (seawater)
base load generation,coal,coal_base_conv pul 1951-1955,2030,OM-fixed,19.63,coal (conv pul) (recirculating)
base load generation,coal,coal_base_conv pul 1951-1955,2030,OM-fixed,19.63,coal (conv pul) (cooling pond)
base load generation,coal,coal_base_conv pul 1951-1955,2030,OM-fixed,19.63,coal (conv pul) (dry cooling)
base load generation,coal,coal_base_conv pul 1956-1960,2030,OM-fixed,19.63,coal (conv pul) (once through)
base load generation,coal,coal_base_conv pul 1956-1960,2030,OM-fixed,19.63,coal (conv pul) (seawater)
base load generation,coal,coal_base_conv pul 1956-1960,2030,OM-fixed,19.63,coal (conv pul) (recirculating)
base load generation,coal,coal_base_conv pul 1956-1960,2030,OM-fixed,19.63,coal (conv pul) (cooling pond)
base load generation,coal,coal_base_conv pul 1956-1960,2030,OM-fixed,19.63,coal (conv pul) (dry cooling)
base load generation,coal,coal_base_conv pul 1961-1965,2030,OM-fixed,19.63,coal (conv pul) (once through)
base load generation,coal,coal_base_conv pul 1961-1965,2030,OM-fixed,19.63,coal (conv pul) (seawater)
base load generation,coal,coal_base_conv pul 1961-1965,2030,OM-fixed,19.63,coal (conv pul) (recirculating)
base load generation,coal,coal_base_conv pul 1961-1965,2030,OM-fixed,19.63,coal (conv pul) (cooling pond)
base load generation,coal,coal_base_conv pul 1961-1965,2030,OM-fixed,19.63,coal (conv pul) (dry cooling)
base load generation,coal,coal_base_conv pul 1966-1970,2030,OM-fixed,19.63,coal (conv pul) (once through)
base load generation,coal,coal_base_conv pul 1966-1970,2030,OM-fixed,19.63,coal (conv pul) (seawater)
base load generation,coal,coal_base_conv pul 1966-1970,2030,OM-fixed,19.63,coal (conv pul) (recirculating)
base load generation,coal,coal_base_conv pul 1966-1970,2030,OM-fixed,19.63,coal (conv pul) (cooling pond)
base load generation,coal,coal_base_conv pul 1966-1970,2030,OM-fixed,19.63,coal (conv pul) (dry cooling)
base load generation,coal,coal_base_conv pul 1971-1975,2030,OM-fixed,19.63,coal (conv pul) (once through)
base load generation,coal,coal_base_conv pul 1971-1975,2030,OM-fixed,19.63,coal (conv pul) (seawater)
base load generation,coal,coal_base_conv pul 1971-1975,2030,OM-fixed,19.63,coal (conv pul) (recirculating)
base load generation,coal,coal_base_conv pul 1971-1975,2030,OM-fixed,19.63,coal (conv pul) (cooling pond)
base load generation,coal,coal_base_conv pul 1971-1975,2030,OM-fixed,19.63,coal (conv pul) (dry cooling)
base load generation,coal,coal_base_conv pul 1976-1980,2030,OM-fixed,19.63,coal (conv pul) (once through)
base load generation,coal,coal_base_conv pul 1976-1980,2030,OM-fixed,19.63,coal (conv pul) (seawater)
base load generation,coal,coal_base_conv pul 1976-1980,2030,OM-fixed,19.63,coal (conv pul) (recirculating)
base load generation,coal,coal_base_conv pul 1976-1980,2030,OM-fixed,19.63,coal (conv pul) (cooling pond)
base load generation,coal,coal_base_conv pul 1976-1980,2030,OM-fixed,19.63,coal (conv pul) (dry cooling)
base load generation,coal,coal_base_conv pul 1981-1985,2030,OM-fixed,19.63,coal (conv pul) (once through)
base load generation,coal,coal_base_conv pul 1981-1985,2030,OM-fixed,19.63,coal (conv pul) (seawater)
base load generation,coal,coal_base_conv pul 1981-1985,2030,OM-fixed,19.63,coal (conv pul) (recirculating)
base load generation,coal,coal_base_conv pul 1981-1985,2030,OM-fixed,19.63,coal (conv pul) (cooling pond)
base load generation,coal,coal_base_conv pul 1981-1985,2030,OM-fixed,19.63,coal (conv pul) (dry cooling)
base load generation,coal,coal_base_conv pul 1986-1990,2030,OM-fixed,19.63,coal (conv pul) (once through)
base load generation,coal,coal_base_conv pul 1986-1990,2030,OM-fixed,19.63,coal (conv pul) (seawater)
base load generation,coal,coal_base_conv pul 1986-1990,2030,OM-fixed,19.63,coal (conv pul) (recirculating)
base load generation,coal,coal_base_conv pul 1986-1990,2030,OM-fixed,19.63,coal (conv pul) (cooling pond)
base load generation,coal,coal_base_conv pul 1986-1990,2030,OM-fixed,19.63,coal (conv pul) (dry cooling)
base load generation,coal,coal_base_conv pul 1991-1995,2030,OM-fixed,19.63,coal (conv pul) (once through)
base load generation,coal,coal_base_conv pul 1991-1995,2030,OM-fixed,19.63,coal (conv pul) (seawater)
base load generation,coal,coal_base_conv pul 1991-1995,2030,OM-fixed,19.63,coal (conv pul) (recirculating)
base load generation,coal,coal_base_conv pul 1991-1995,2030,OM-fixed,19.63,coal (conv pul) (cooling pond)
base load generation,coal,coal_base_conv pul 1991-1995,2030,OM-fixed,19.63,coal (conv pul) (dry cooling)
base load generation,coal,coal_base_conv pul 1996-2000,2030,OM-fixed,19.63,coal (conv pul) (once through)
base load generation,coal,coal_base_conv pul 1996-2000,2030,OM-fixed,19.63,coal (conv pul) (seawater)
base load generation,coal,coal_base_conv pul 1996-2000,2030,OM-fixed,19.63,coal (conv pul) (recirculating)
base load generation,coal,coal_base_conv pul 1996-2000,2030,OM-fixed,19.63,coal (conv pul) (cooling pond)
base load generation,coal,coal_base_conv pul 1996-2000,2030,OM-fixed,19.63,coal (conv pul) (dry cooling)
base load generation,coal,coal_base_conv pul 2001-2005,2030,OM-fixed,19.63,coal (conv pul) (once through)
base load generation,coal,coal_base_conv pul 2001-2005,2030,OM-fixed,19.63,coal (conv pul) (seawater)
base load generation,coal,coal_base_conv pul 2001-2005,2030,OM-fixed,19.63,coal (conv pul) (recirculating)
base load generation,coal,coal_base_conv pul 2001-2005,2030,OM-fixed,19.63,coal (conv pul) (cooling pond)
base load generation,coal,coal_base_conv pul 2001-2005,2030,OM-fixed,19.63,coal (conv pul) (dry cooling)
base load generation,coal,coal_base_conv pul 2006-2010,2030,OM-fixed,19.63,coal (conv pul) (once through)
base load generation,coal,coal_base_conv pul 2006-2010,2030,OM-fixed,19.63,coal (conv pul) (seawater)
base load generation,coal,coal_base_conv pul 2006-2010,2030,OM-fixed,19.63,coal (conv pul) (recirculating)
base load generation,coal,coal_base_conv pul 2006-2010,2030,OM-fixed,19.63,coal (conv pul) (cooling pond)
base load generation,coal,coal_base_conv pul 2006-2010,2030,OM-fixed,19.63,coal (conv pul) (dry cooling)
base load generation,coal,coal_base_conv pul 2011-2015,2030,OM-fixed,19.63,coal (conv pul) (once through)
base load generation,coal,coal_base_conv pul 2011-2015,2030,OM-fixed,19.63,coal (conv pul) (seawater)
base load generation,coal,coal_base_conv pul 2011-2015,2030,OM-fixed,19.63,coal (conv pul) (recirculating)
base load generation,coal,coal_base_conv pul 2011-2015,2030,OM-fixed,19.63,coal (conv pul) (cooling pond)
base load generation,coal,coal_base_conv pul 2011-2015,2030,OM-fixed,19.63,coal (conv pul) (dry cooling)
base load generation,coal,coal_base_conv pul 2016-2021,2030,OM-fixed,19.63,coal (conv pul) (once through)
base load generation,coal,coal_base_conv pul 2016-2021,2030,OM-fixed,19.63,coal (conv pul) (seawater)
base load generation,coal,coal_base_conv pul 2016-2021,2030,OM-fixed,19.63,coal (conv pul) (recirculating)
base load generation,coal,coal_base_conv pul 2016-2021,2030,OM-fixed,19.63,coal (conv pul) (cooling pond)
base load generation,coal,coal_base_conv pul 2016-2021,2030,OM-fixed,19.63,coal (conv pul) (dry cooling)
base load generation,coal,coal_base_conv pul before 1950,2030,OM-fixed,19.63,coal (conv pul) (once through)
base load generation,coal,coal_base_conv pul before 1950,2030,OM-fixed,19.63,coal (conv pul) (seawater)
base load generation,coal,coal_base_conv pul before 1950,2030,OM-fixed,19.63,coal (conv pul) (recirculating)
base load generation,coal,coal_base_conv pul before 1950,2030,OM-fixed,19.63,coal (conv pul) (cooling pond)
base load generation,coal,coal_base_conv pul before 1950,2030,OM-fixed,19.63,coal (conv pul) (dry cooling)
base load generation,coal,coal_base_conv pul_retire_2023,2030,OM-fixed,19.63,coal (conv pul) (once through)
base load generation,coal,coal_base_conv pul_retire_2023,2030,OM-fixed,19.63,coal (conv pul) (seawater)
base load generation,coal,coal_base_conv pul_retire_2023,2030,OM-fixed,19.63,coal (conv pul) (recirculating)
base load generation,coal,coal_base_conv pul_retire_2023,2030,OM-fixed,19.63,coal (conv pul) (cooling pond)
base load generation,coal,coal_base_conv pul_retire_2023,2030,OM-fixed,19.63,coal (conv pul) (dry cooling)
base load generation,biomass,biomass_base_conv,2035,OM-fixed,38.57,biomass (conv) (once through)
base load generation,biomass,biomass_base_conv,2035,OM-fixed,38.57,biomass (conv) (seawater)
base load generation,biomass,biomass_base_conv,2035,OM-fixed,38.57,biomass (conv) (recirculating)
base load generation,biomass,biomass_base_conv,2035,OM-fixed,38.57,biomass (conv) (cooling pond)
base load generation,biomass,biomass_base_conv,2035,OM-fixed,38.57,biomass (conv) (dry cooling)
base load generation,biomass,biomass_base_conv_CCS,2035,OM-fixed,38.86,biomass (conv CCS) (once through)
base load generation,biomass,biomass_base_conv_CCS,2035,OM-fixed,38.86,biomass (conv CCS) (seawater)
base load generation,biomass,biomass_base_conv_CCS,2035,OM-fixed,38.86,biomass (conv CCS) (recirculating)
base load generation,biomass,biomass_base_conv_CCS,2035,OM-fixed,38.86,biomass (conv CCS) (dry cooling)
base load generation,biomass,biomass_base_IGCC,2035,OM-fixed,57.09,biomass (IGCC) (once through)
base load generation,biomass,biomass_base_IGCC,2035,OM-fixed,57.09,biomass (IGCC) (seawater)
base load generation,biomass,biomass_base_IGCC,2035,OM-fixed,57.09,biomass (IGCC) (recirculating)
base load generation,biomass,biomass_base_IGCC,2035,OM-fixed,57.09,biomass (IGCC) (dry cooling)
base load generation,biomass,biomass_base_IGCC_CCS,2035,OM-fixed,64.17,biomass (IGCC CCS) (once through)
base load generation,biomass,biomass_base_IGCC_CCS,2035,OM-fixed,64.17,biomass (IGCC CCS) (seawater)
base load generation,biomass,biomass_base_IGCC_CCS,2035,OM-fixed,64.17,biomass (IGCC CCS) (recirculating)
base load generation,biomass,biomass_base_IGCC_CCS,2035,OM-fixed,64.17,biomass (IGCC CCS) (dry cooling)
base load generation,coal,coal_base_conv pul,2035,OM-fixed,19.13,coal (conv pul) (once through)
base load generation,coal,coal_base_conv pul,2035,OM-fixed,19.13,coal (conv pul) (seawater)
base load generation,coal,coal_base_conv pul,2035,OM-fixed,19.13,coal (conv pul) (recirculating)
base load generation,coal,coal_base_conv pul,2035,OM-fixed,19.13,coal (conv pul) (cooling pond)
base load generation,coal,coal_base_conv pul,2035,OM-fixed,19.13,coal (conv pul) (dry cooling)
base load generation,coal,coal_base_conv pul_CCS,2035,OM-fixed,27.92,coal (conv pul CCS) (once through)
base load generation,coal,coal_base_conv pul_CCS,2035,OM-fixed,27.92,coal (conv pul CCS) (seawater)
base load generation,coal,coal_base_conv pul_CCS,2035,OM-fixed,27.92,coal (conv pul CCS) (recirculating)
base load generation,coal,coal_base_conv pul_CCS,2035,OM-fixed,27.92,coal (conv pul CCS) (dry cooling)
base load generation,coal,coal_base_IGCC,2035,OM-fixed,37.66,coal (IGCC) (once through)
base load generation,coal,coal_base_IGCC,2035,OM-fixed,37.66,coal (IGCC) (seawater)
base load generation,coal,coal_base_IGCC,2035,OM-fixed,37.66,coal (IGCC) (recirculating)
base load generation,coal,coal_base_IGCC,2035,OM-fixed,37.66,coal (IGCC) (dry cooling)
base load generation,coal,coal_base_IGCC_CCS,2035,OM-fixed,53.23,coal (IGCC CCS) (once through)
base load generation,coal,coal_base_IGCC_CCS,2035,OM-fixed,53.23,coal (IGCC CCS) (seawater)
base load generation,coal,coal_base_IGCC_CCS,2035,OM-fixed,53.23,coal (IGCC CCS) (recirculating)
base load generation,coal,coal_base_IGCC_CCS,2035,OM-fixed,53.23,coal (IGCC CCS) (dry cooling)
base load generation,gas,gas_base_CC,2035,OM-fixed,7.09,gas (CC) (once through)
base load generation,gas,gas_base_CC,2035,OM-fixed,7.09,gas (CC) (seawater)
base load generation,gas,gas_base_CC,2035,OM-fixed,7.09,gas (CC) (recirculating)
base load generation,gas,gas_base_CC,2035,OM-fixed,7.09,gas (CC) (cooling pond)
base load generation,gas,gas_base_CC,2035,OM-fixed,7.09,gas (CC) (dry cooling)
base load generation,gas,gas_base_CC_CCS,2035,OM-fixed,12.44,gas (CC CCS) (once through)
base load generation,gas,gas_base_CC_CCS,2035,OM-fixed,12.44,gas (CC CCS) (seawater)
base load generation,gas,gas_base_CC_CCS,2035,OM-fixed,12.44,gas (CC CCS) (recirculating)
base load generation,gas,gas_base_CC_CCS,2035,OM-fixed,12.44,gas (CC CCS) (dry cooling)
base load generation,geothermal,geo_base,2035,OM-fixed,26.47,geothermal (recirculating)
base load generation,geothermal,geo_base,2035,OM-fixed,26.47,geothermal (dry_hybrid)
base load generation,nuclear,nuc_base_Gen II,2035,OM-fixed,41.24,Gen_II_LWR (once through)
base load generation,nuclear,nuc_base_Gen II,2035,OM-fixed,41.24,Gen_II_LWR (seawater)
base load generation,nuclear,nuc_base_Gen II,2035,OM-fixed,41.24,Gen_II_LWR (recirculating)
base load generation,nuclear,nuc_base_Gen II,2035,OM-fixed,41.24,Gen_II_LWR (cooling pond)
base load generation,nuclear,nuc_base_large reactor,2035,OM-fixed,41.24,large reactor (once through)
base load generation,nuclear,nuc_base_large reactor,2035,OM-fixed,41.24,large reactor (seawater)
base load generation,nuclear,nuc_base_large reactor,2035,OM-fixed,41.24,large reactor (recirculating)
base load generation,nuclear,nuc_base_large reactor,2035,OM-fixed,41.24,large reactor (cooling pond)
base load generation,nuclear,nuc_base_SMR,2035,OM-fixed,32.05,SMR (once through)
base load generation,nuclear,nuc_base_SMR,2035,OM-fixed,32.05,SMR (seawater)
base load generation,nuclear,nuc_base_SMR,2035,OM-fixed,32.05,SMR (recirculating)
base load generation,nuclear,nuc_base_SMR,2035,OM-fixed,32.05,SMR (cooling pond)
base load generation,refined liquids,refined liquids_base_steam/CT,2035,OM-fixed,5.7,refined liquids (steam/CT) (once through)
base load generation,refined liquids,refined liquids_base_steam/CT,2035,OM-fixed,5.7,refined liquids (steam/CT) (seawater)
base load generation,refined liquids,refined liquids_base_steam/CT,2035,OM-fixed,5.7,refined liquids (steam/CT) (recirculating)
base load generation,refined liquids,refined liquids_base_steam/CT,2035,OM-fixed,5.7,refined liquids (steam/CT) (cooling pond)
base load generation,refined liquids,refined liquids_base_steam/CT,2035,OM-fixed,5.7,refined liquids (steam/CT) (dry cooling)
base load generation,refined liquids,refined liquids_base_CC,2035,OM-fixed,7.09,refined liquids (CC) (once through)
base load generation,refined liquids,refined liquids_base_CC,2035,OM-fixed,7.09,refined liquids (CC) (seawater)
base load generation,refined liquids,refined liquids_base_CC,2035,OM-fixed,7.09,refined liquids (CC) (recirculating)
base load generation,refined liquids,refined liquids_base_CC,2035,OM-fixed,7.09,refined liquids (CC) (dry cooling)
base load generation,refined liquids,refined liquids_base_CC_CCS,2035,OM-fixed,12.44,refined liquids (CC CCS) (once through)
base load generation,refined liquids,refined liquids_base_CC_CCS,2035,OM-fixed,12.44,refined liquids (CC CCS) (seawater)
base load generation,refined liquids,refined liquids_base_CC_CCS,2035,OM-fixed,12.44,refined liquids (CC CCS) (recirculating)
base load generation,refined liquids,refined liquids_base_CC_CCS,2035,OM-fixed,12.44,refined liquids (CC CCS) (dry cooling)
base load generation,solar,PV_base_storage,2035,OM-fixed,24.75,PV_base_storage
base load generation,solar,CSP_base_storage,2035,OM-fixed,12.78,CSP_base_storage
base load generation,wind,wind_base_storage,2035,OM-fixed,27.87,wind_base_storage
base load generation,coal,coal_base_conv pul 1951-1955,2035,OM-fixed,19.13,coal (conv pul) (once through)
base load generation,coal,coal_base_conv pul 1951-1955,2035,OM-fixed,19.13,coal (conv pul) (seawater)
base load generation,coal,coal_base_conv pul 1951-1955,2035,OM-fixed,19.13,coal (conv pul) (recirculating)
base load generation,coal,coal_base_conv pul 1951-1955,2035,OM-fixed,19.13,coal (conv pul) (cooling pond)
base load generation,coal,coal_base_conv pul 1951-1955,2035,OM-fixed,19.13,coal (conv pul) (dry cooling)
base load generation,coal,coal_base_conv pul 1956-1960,2035,OM-fixed,19.13,coal (conv pul) (once through)
base load generation,coal,coal_base_conv pul 1956-1960,2035,OM-fixed,19.13,coal (conv pul) (seawater)
base load generation,coal,coal_base_conv pul 1956-1960,2035,OM-fixed,19.13,coal (conv pul) (recirculating)
base load generation,coal,coal_base_conv pul 1956-1960,2035,OM-fixed,19.13,coal (conv pul) (cooling pond)
base load generation,coal,coal_base_conv pul 1956-1960,2035,OM-fixed,19.13,coal (conv pul) (dry cooling)
base load generation,coal,coal_base_conv pul 1961-1965,2035,OM-fixed,19.13,coal (conv pul) (once through)
base load generation,coal,coal_base_conv pul 1961-1965,2035,OM-fixed,19.13,coal (conv pul) (seawater)
base load generation,coal,coal_base_conv pul 1961-1965,2035,OM-fixed,19.13,coal (conv pul) (recirculating)
base load generation,coal,coal_base_conv pul 1961-1965,2035,OM-fixed,19.13,coal (conv pul) (cooling pond)
base load generation,coal,coal_base_conv pul 1961-1965,2035,OM-fixed,19.13,coal (conv pul) (dry cooling)
base load generation,coal,coal_base_conv pul 1966-1970,2035,OM-fixed,19.13,coal (conv pul) (once through)
base load generation,coal,coal_base_conv pul 1966-1970,2035,OM-fixed,19.13,coal (conv pul) (seawater)
base load generation,coal,coal_base_conv pul 1966-1970,2035,OM-fixed,19.13,coal (conv pul) (recirculating)
base load generation,coal,coal_base_conv pul 1966-1970,2035,OM-fixed,19.13,coal (conv pul) (cooling pond)
base load generation,coal,coal_base_conv pul 1966-1970,2035,OM-fixed,19.13,coal (conv pul) (dry cooling)
base load generation,coal,coal_base_conv pul 1971-1975,2035,OM-fixed,19.13,coal (conv pul) (once through)
base load generation,coal,coal_base_conv pul 1971-1975,2035,OM-fixed,19.13,coal (conv pul) (seawater)
base load generation,coal,coal_base_conv pul 1971-1975,2035,OM-fixed,19.13,coal (conv pul) (recirculating)
base load generation,coal,coal_base_conv pul 1971-1975,2035,OM-fixed,19.13,coal (conv pul) (cooling pond)
base load generation,coal,coal_base_conv pul 1971-1975,2035,OM-fixed,19.13,coal (conv pul) (dry cooling)
base load generation,coal,coal_base_conv pul 1976-1980,2035,OM-fixed,19.13,coal (conv pul) (once through)
base load generation,coal,coal_base_conv pul 1976-1980,2035,OM-fixed,19.13,coal (conv pul) (seawater)
base load generation,coal,coal_base_conv pul 1976-1980,2035,OM-fixed,19.13,coal (conv pul) (recirculating)
base load generation,coal,coal_base_conv pul 1976-1980,2035,OM-fixed,19.13,coal (conv pul) (cooling pond)
base load generation,coal,coal_base_conv pul 1976-1980,2035,OM-fixed,19.13,coal (conv pul) (dry cooling)
base load generation,coal,coal_base_conv pul 1981-1985,2035,OM-fixed,19.13,coal (conv pul) (once through)
base load generation,coal,coal_base_conv pul 1981-1985,2035,OM-fixed,19.13,coal (conv pul) (seawater)
base load generation,coal,coal_base_conv pul 1981-1985,2035,OM-fixed,19.13,coal (conv pul) (recirculating)
base load generation,coal,coal_base_conv pul 1981-1985,2035,OM-fixed,19.13,coal (conv pul) (cooling pond)
base load generation,coal,coal_base_conv pul 1981-1985,2035,OM-fixed,19.13,coal (conv pul) (dry cooling)
base load generation,coal,coal_base_conv pul 1986-1990,2035,OM-fixed,19.13,coal (conv pul) (once through)
base load generation,coal,coal_base_conv pul 1986-1990,2035,OM-fixed,19.13,coal (conv pul) (seawater)
base load generation,coal,coal_base_conv pul 1986-1990,2035,OM-fixed,19.13,coal (conv pul) (recirculating)
base load generation,coal,coal_base_conv pul 1986-1990,2035,OM-fixed,19.13,coal (conv pul) (cooling pond)
base load generation,coal,coal_base_conv pul 1986-1990,2035,OM-fixed,19.13,coal (conv pul) (dry cooling)
base load generation,coal,coal_base_conv pul 1991-1995,2035,OM-fixed,19.13,coal (conv pul) (once through)
base load generation,coal,coal_base_conv pul 1991-1995,2035,OM-fixed,19.13,coal (conv pul) (seawater)
base load generation,coal,coal_base_conv pul 1991-1995,2035,OM-fixed,19.13,coal (conv pul) (recirculating)
base load generation,coal,coal_base_conv pul 1991-1995,2035,OM-fixed,19.13,coal (conv pul) (cooling pond)
base load generation,coal,coal_base_conv pul 1991-1995,2035,OM-fixed,19.13,coal (conv pul) (dry cooling)
base load generation,coal,coal_base_conv pul 1996-2000,2035,OM-fixed,19.13,coal (conv pul) (once through)
base load generation,coal,coal_base_conv pul 1996-2000,2035,OM-fixed,19.13,coal (conv pul) (seawater)
base load generation,coal,coal_base_conv pul 1996-2000,2035,OM-fixed,19.13,coal (conv pul) (recirculating)
base load generation,coal,coal_base_conv pul 1996-2000,2035,OM-fixed,19.13,coal (conv pul) (cooling pond)
base load generation,coal,coal_base_conv pul 1996-2000,2035,OM-fixed,19.13,coal (conv pul) (dry cooling)
base load generation,coal,coal_base_conv pul 2001-2005,2035,OM-fixed,19.13,coal (conv pul) (once through)
base load generation,coal,coal_base_conv pul 2001-2005,2035,OM-fixed,19.13,coal (conv pul) (seawater)
base load generation,coal,coal_base_conv pul 2001-2005,2035,OM-fixed,19.13,coal (conv pul) (recirculating)
base load generation,coal,coal_base_conv pul 2001-2005,2035,OM-fixed,19.13,coal (conv pul) (cooling pond)
base load generation,coal,coal_base_conv pul 2001-2005,2035,OM-fixed,19.13,coal (conv pul) (dry cooling)
base load generation,coal,coal_base_conv pul 2006-2010,2035,OM-fixed,19.13,coal (conv pul) (once through)
base load generation,coal,coal_base_conv pul 2006-2010,2035,OM-fixed,19.13,coal (conv pul) (seawater)
base load generation,coal,coal_base_conv pul 2006-2010,2035,OM-fixed,19.13,coal (conv pul) (recirculating)
base load generation,coal,coal_base_conv pul 2006-2010,2035,OM-fixed,19.13,coal (conv pul) (cooling pond)
base load generation,coal,coal_base_conv pul 2006-2010,2035,OM-fixed,19.13,coal (conv pul) (dry cooling)
base load generation,coal,coal_base_conv pul 2011-2015,2035,OM-fixed,19.13,coal (conv pul) (once through)
base load generation,coal,coal_base_conv pul 2011-2015,2035,OM-fixed,19.13,coal (conv pul) (seawater)
base load generation,coal,coal_base_conv pul 2011-2015,2035,OM-fixed,19.13,coal (conv pul) (recirculating)
base load generation,coal,coal_base_conv pul 2011-2015,2035,OM-fixed,19.13,coal (conv pul) (cooling pond)
base load generation,coal,coal_base_conv pul 2011-2015,2035,OM-fixed,19.13,coal (conv pul) (dry cooling)
base load generation,coal,coal_base_conv pul 2016-2021,2035,OM-fixed,19.13,coal (conv pul) (once through)
base load generation,coal,coal_base_conv pul 2016-2021,2035,OM-fixed,19.13,coal (conv pul) (seawater)
base load generation,coal,coal_base_conv pul 2016-2021,2035,OM-fixed,19.13,coal (conv pul) (recirculating)
base load generation,coal,coal_base_conv pul 2016-2021,2035,OM-fixed,19.13,coal (conv pul) (cooling pond)
base load generation,coal,coal_base_conv pul 2016-2021,2035,OM-fixed,19.13,coal (conv pul) (dry cooling)
base load generation,coal,coal_base_conv pul before 1950,2035,OM-fixed,19.13,coal (conv pul) (once through)
base load generation,coal,coal_base_conv pul before 1950,2035,OM-fixed,19.13,coal (conv pul) (seawater)
base load generation,coal,coal_base_conv pul before 1950,2035,OM-fixed,19.13,coal (conv pul) (recirculating)
base load generation,coal,coal_base_conv pul before 1950,2035,OM-fixed,19.13,coal (conv pul) (cooling pond)
base load generation,coal,coal_base_conv pul before 1950,2035,OM-fixed,19.13,coal (conv pul) (dry cooling)
base load generation,coal,coal_base_conv pul_retire_2023,2035,OM-fixed,19.13,coal (conv pul) (once through)
base load generation,coal,coal_base_conv pul_retire_2023,2035,OM-fixed,19.13,coal (conv pul) (seawater)
base load generation,coal,coal_base_conv pul_retire_2023,2035,OM-fixed,19.13,coal (conv pul) (recirculating)
base load generation,coal,coal_base_conv pul_retire_2023,2035,OM-fixed,19.13,coal (conv pul) (cooling pond)
base load generation,coal,coal_base_conv pul_retire_2023,2035,OM-fixed,19.13,coal (conv pul) (dry cooling)
base load generation,biomass,biomass_base_conv,2040,OM-fixed,38.57,biomass (conv) (once through)
base load generation,biomass,biomass_base_conv,2040,OM-fixed,38.57,biomass (conv) (seawater)
base load generation,biomass,biomass_base_conv,2040,OM-fixed,38.57,biomass (conv) (recirculating)
base load generation,biomass,biomass_base_conv,2040,OM-fixed,38.57,biomass (conv) (cooling pond)
base load generation,biomass,biomass_base_conv,2040,OM-fixed,38.57,biomass (conv) (dry cooling)
base load generation,biomass,biomass_base_conv_CCS,2040,OM-fixed,38.67,biomass (conv CCS) (once through)
base load generation,biomass,biomass_base_conv_CCS,2040,OM-fixed,38.67,biomass (conv CCS) (seawater)
base load generation,biomass,biomass_base_conv_CCS,2040,OM-fixed,38.67,biomass (conv CCS) (recirculating)
base load generation,biomass,biomass_base_conv_CCS,2040,OM-fixed,38.67,biomass (conv CCS) (dry cooling)
base load generation,biomass,biomass_base_IGCC,2040,OM-fixed,57.18,biomass (IGCC) (once through)
base load generation,biomass,biomass_base_IGCC,2040,OM-fixed,57.18,biomass (IGCC) (seawater)
base load generation,biomass,biomass_base_IGCC,2040,OM-fixed,57.18,biomass (IGCC) (recirculating)
base load generation,biomass,biomass_base_IGCC,2040,OM-fixed,57.18,biomass (IGCC) (dry cooling)
base load generation,biomass,biomass_base_IGCC_CCS,2040,OM-fixed,64.33,biomass (IGCC CCS) (once through)
base load generation,biomass,biomass_base_IGCC_CCS,2040,OM-fixed,64.33,biomass (IGCC CCS) (seawater)
base load generation,biomass,biomass_base_IGCC_CCS,2040,OM-fixed,64.33,biomass (IGCC CCS) (recirculating)
base load generation,biomass,biomass_base_IGCC_CCS,2040,OM-fixed,64.33,biomass (IGCC CCS) (dry cooling)
base load generation,coal,coal_base_conv pul,2040,OM-fixed,18.36,coal (conv pul) (once through)
base load generation,coal,coal_base_conv pul,2040,OM-fixed,18.36,coal (conv pul) (seawater)
base load generation,coal,coal_base_conv pul,2040,OM-fixed,18.36,coal (conv pul) (recirculating)
base load generation,coal,coal_base_conv pul,2040,OM-fixed,18.36,coal (conv pul) (cooling pond)
base load generation,coal,coal_base_conv pul,2040,OM-fixed,18.36,coal (conv pul) (dry cooling)
base load generation,coal,coal_base_conv pul_CCS,2040,OM-fixed,26.58,coal (conv pul CCS) (once through)
base load generation,coal,coal_base_conv pul_CCS,2040,OM-fixed,26.58,coal (conv pul CCS) (seawater)
base load generation,coal,coal_base_conv pul_CCS,2040,OM-fixed,26.58,coal (conv pul CCS) (recirculating)
base load generation,coal,coal_base_conv pul_CCS,2040,OM-fixed,26.58,coal (conv pul CCS) (dry cooling)
base load generation,coal,coal_base_IGCC,2040,OM-fixed,36.97,coal (IGCC) (once through)
base load generation,coal,coal_base_IGCC,2040,OM-fixed,36.97,coal (IGCC) (seawater)
base load generation,coal,coal_base_IGCC,2040,OM-fixed,36.97,coal (IGCC) (recirculating)
base load generation,coal,coal_base_IGCC,2040,OM-fixed,36.97,coal (IGCC) (dry cooling)
base load generation,coal,coal_base_IGCC_CCS,2040,OM-fixed,52.24,coal (IGCC CCS) (once through)
base load generation,coal,coal_base_IGCC_CCS,2040,OM-fixed,52.24,coal (IGCC CCS) (seawater)
base load generation,coal,coal_base_IGCC_CCS,2040,OM-fixed,52.24,coal (IGCC CCS) (recirculating)
base load generation,coal,coal_base_IGCC_CCS,2040,OM-fixed,52.24,coal (IGCC CCS) (dry cooling)
base load generation,gas,gas_base_CC,2040,OM-fixed,6.83,gas (CC) (once through)
base load generation,gas,gas_base_CC,2040,OM-fixed,6.83,gas (CC) (seawater)
base load generation,gas,gas_base_CC,2040,OM-fixed,6.83,gas (CC) (recirculating)
base load generation,gas,gas_base_CC,2040,OM-fixed,6.83,gas (CC) (cooling pond)
base load generation,gas,gas_base_CC,2040,OM-fixed,6.83,gas (CC) (dry cooling)
base load generation,gas,gas_base_CC_CCS,2040,OM-fixed,11.78,gas (CC CCS) (once through)
base load generation,gas,gas_base_CC_CCS,2040,OM-fixed,11.78,gas (CC CCS) (seawater)
base load generation,gas,gas_base_CC_CCS,2040,OM-fixed,11.78,gas (CC CCS) (recirculating)
base load generation,gas,gas_base_CC_CCS,2040,OM-fixed,11.78,gas (CC CCS) (dry cooling)
base load generation,geothermal,geo_base,2040,OM-fixed,26.47,geothermal (recirculating)
base load generation,geothermal,geo_base,2040,OM-fixed,26.47,geothermal (dry_hybrid)
base load generation,nuclear,nuc_base_Gen II,2040,OM-fixed,41.24,Gen_II_LWR (once through)
base load generation,nuclear,nuc_base_Gen II,2040,OM-fixed,41.24,Gen_II_LWR (seawater)
base load generation,nuclear,nuc_base_Gen II,2040,OM-fixed,41.24,Gen_II_LWR (recirculating)
base load generation,nuclear,nuc_base_Gen II,2040,OM-fixed,41.24,Gen_II_LWR (cooling pond)
base load generation,nuclear,nuc_base_large reactor,2040,OM-fixed,41.24,large reactor (once through)
base load generation,nuclear,nuc_base_large reactor,2040,OM-fixed,41.24,large reactor (seawater)
base load generation,nuclear,nuc_base_large reactor,2040,OM-fixed,41.24,large reactor (recirculating)
base load generation,nuclear,nuc_base_large reactor,2040,OM-fixed,41.24,large reactor (cooling pond)
base load generation,nuclear,nuc_base_SMR,2040,OM-fixed,32.05,SMR (once through)
base load generation,nuclear,nuc_base_SMR,2040,OM-fixed,32.05,SMR (seawater)
base load generation,nuclear,nuc_base_SMR,2040,OM-fixed,32.05,SMR (recirculating)
base load generation,nuclear,nuc_base_SMR,2040,OM-fixed,32.05,SMR (cooling pond)
base load generation,refined liquids,refined liquids_base_steam/CT,2040,OM-fixed,5.54,refined liquids (steam/CT) (once through)
base load generation,refined liquids,refined liquids_base_steam/CT,2040,OM-fixed,5.54,refined liquids (steam/CT) (seawater)
base load generation,refined liquids,refined liquids_base_steam/CT,2040,OM-fixed,5.54,refined liquids (steam/CT) (recirculating)
base load generation,refined liquids,refined liquids_base_steam/CT,2040,OM-fixed,5.54,refined liquids (steam/CT) (cooling pond)
base load generation,refined liquids,refined liquids_base_steam/CT,2040,OM-fixed,5.54,refined liquids (steam/CT) (dry cooling)
base load generation,refined liquids,refined liquids_base_CC,2040,OM-fixed,6.83,refined liquids (CC) (once through)
base load generation,refined liquids,refined liquids_base_CC,2040,OM-fixed,6.83,refined liquids (CC) (seawater)
base load generation,refined liquids,refined liquids_base_CC,2040,OM-fixed,6.83,refined liquids (CC) (recirculating)
base load generation,refined liquids,refined liquids_base_CC,2040,OM-fixed,6.83,refined liquids (CC) (dry cooling)
base load generation,refined liquids,refined liquids_base_CC_CCS,2040,OM-fixed,11.78,refined liquids (CC CCS) (once through)
base load generation,refined liquids,refined liquids_base_CC_CCS,2040,OM-fixed,11.78,refined liquids (CC CCS) (seawater)
base load generation,refined liquids,refined liquids_base_CC_CCS,2040,OM-fixed,11.78,refined liquids (CC CCS) (recirculating)
base load generation,refined liquids,refined liquids_base_CC_CCS,2040,OM-fixed,11.78,refined liquids (CC CCS) (dry cooling)
base load generation,solar,PV_base_storage,2040,OM-fixed,22.8,PV_base_storage
base load generation,solar,CSP_base_storage,2040,OM-fixed,12.61,CSP_base_storage
base load generation,wind,wind_base_storage,2040,OM-fixed,25.86,wind_base_storage
base load generation,coal,coal_base_conv pul 1951-1955,2040,OM-fixed,18.36,coal (conv pul) (once through)
base load generation,coal,coal_base_conv pul 1951-1955,2040,OM-fixed,18.36,coal (conv pul) (seawater)
base load generation,coal,coal_base_conv pul 1951-1955,2040,OM-fixed,18.36,coal (conv pul) (recirculating)
base load generation,coal,coal_base_conv pul 1951-1955,2040,OM-fixed,18.36,coal (conv pul) (cooling pond)
base load generation,coal,coal_base_conv pul 1951-1955,2040,OM-fixed,18.36,coal (conv pul) (dry cooling)
base load generation,coal,coal_base_conv pul 1956-1960,2040,OM-fixed,18.36,coal (conv pul) (once through)
base load generation,coal,coal_base_conv pul 1956-1960,2040,OM-fixed,18.36,coal (conv pul) (seawater)
base load generation,coal,coal_base_conv pul 1956-1960,2040,OM-fixed,18.36,coal (conv pul) (recirculating)
base load generation,coal,coal_base_conv pul 1956-1960,2040,OM-fixed,18.36,coal (conv pul) (cooling pond)
base load generation,coal,coal_base_conv pul 1956-1960,2040,OM-fixed,18.36,coal (conv pul) (dry cooling)
base load generation,coal,coal_base_conv pul 1961-1965,2040,OM-fixed,18.36,coal (conv pul) (once through)
base load generation,coal,coal_base_conv pul 1961-1965,2040,OM-fixed,18.36,coal (conv pul) (seawater)
base load generation,coal,coal_base_conv pul 1961-1965,2040,OM-fixed,18.36,coal (conv pul) (recirculating)
base load generation,coal,coal_base_conv pul 1961-1965,2040,OM-fixed,18.36,coal (conv pul) (cooling pond)
base load generation,coal,coal_base_conv pul 1961-1965,2040,OM-fixed,18.36,coal (conv pul) (dry cooling)
base load generation,coal,coal_base_conv pul 1966-1970,2040,OM-fixed,18.36,coal (conv pul) (once through)
base load generation,coal,coal_base_conv pul 1966-1970,2040,OM-fixed,18.36,coal (conv pul) (seawater)
base load generation,coal,coal_base_conv pul 1966-1970,2040,OM-fixed,18.36,coal (conv pul) (recirculating)
base load generation,coal,coal_base_conv pul 1966-1970,2040,OM-fixed,18.36,coal (conv pul) (cooling pond)
base load generation,coal,coal_base_conv pul 1966-1970,2040,OM-fixed,18.36,coal (conv pul) (dry cooling)
base load generation,coal,coal_base_conv pul 1971-1975,2040,OM-fixed,18.36,coal (conv pul) (once through)
base load generation,coal,coal_base_conv pul 1971-1975,2040,OM-fixed,18.36,coal (conv pul) (seawater)
base load generation,coal,coal_base_conv pul 1971-1975,2040,OM-fixed,18.36,coal (conv pul) (recirculating)
base load generation,coal,coal_base_conv pul 1971-1975,2040,OM-fixed,18.36,coal (conv pul) (cooling pond)
base load generation,coal,coal_base_conv pul 1971-1975,2040,OM-fixed,18.36,coal (conv pul) (dry cooling)
base load generation,coal,coal_base_conv pul 1976-1980,2040,OM-fixed,18.36,coal (conv pul) (once through)
base load generation,coal,coal_base_conv pul 1976-1980,2040,OM-fixed,18.36,coal (conv pul) (seawater)
base load generation,coal,coal_base_conv pul 1976-1980,2040,OM-fixed,18.36,coal (conv pul) (recirculating)
base load generation,coal,coal_base_conv pul 1976-1980,2040,OM-fixed,18.36,coal (conv pul) (cooling pond)
base load generation,coal,coal_base_conv pul 1976-1980,2040,OM-fixed,18.36,coal (conv pul) (dry cooling)
base load generation,coal,coal_base_conv pul 1981-1985,2040,OM-fixed,18.36,coal (conv pul) (once through)
base load generation,coal,coal_base_conv pul 1981-1985,2040,OM-fixed,18.36,coal (conv pul) (seawater)
base load generation,coal,coal_base_conv pul 1981-1985,2040,OM-fixed,18.36,coal (conv pul) (recirculating)
base load generation,coal,coal_base_conv pul 1981-1985,2040,OM-fixed,18.36,coal (conv pul) (cooling pond)
base load generation,coal,coal_base_conv pul 1981-1985,2040,OM-fixed,18.36,coal (conv pul) (dry cooling)
base load generation,coal,coal_base_conv pul 1986-1990,2040,OM-fixed,18.36,coal (conv pul) (once through)
base load generation,coal,coal_base_conv pul 1986-1990,2040,OM-fixed,18.36,coal (conv pul) (seawater)
base load generation,coal,coal_base_conv pul 1986-1990,2040,OM-fixed,18.36,coal (conv pul) (recirculating)
base load generation,coal,coal_base_conv pul 1986-1990,2040,OM-fixed,18.36,coal (conv pul) (cooling pond)
base load generation,coal,coal_base_conv pul 1986-1990,2040,OM-fixed,18.36,coal (conv pul) (dry cooling)
base load generation,coal,coal_base_conv pul 1991-1995,2040,OM-fixed,18.36,coal (conv pul) (once through)
base load generation,coal,coal_base_conv pul 1991-1995,2040,OM-fixed,18.36,coal (conv pul) (seawater)
base load generation,coal,coal_base_conv pul 1991-1995,2040,OM-fixed,18.36,coal (conv pul) (recirculating)
base load generation,coal,coal_base_conv pul 1991-1995,2040,OM-fixed,18.36,coal (conv pul) (cooling pond)
base load generation,coal,coal_base_conv pul 1991-1995,2040,OM-fixed,18.36,coal (conv pul) (dry cooling)
base load generation,coal,coal_base_conv pul 1996-2000,2040,OM-fixed,18.36,coal (conv pul) (once through)
base load generation,coal,coal_base_conv pul 1996-2000,2040,OM-fixed,18.36,coal (conv pul) (seawater)
base load generation,coal,coal_base_conv pul 1996-2000,2040,OM-fixed,18.36,coal (conv pul) (recirculating)
base load generation,coal,coal_base_conv pul 1996-2000,2040,OM-fixed,18.36,coal (conv pul) (cooling pond)
base load generation,coal,coal_base_conv pul 1996-2000,2040,OM-fixed,18.36,coal (conv pul) (dry cooling)
base load generation,coal,coal_base_conv pul 2001-2005,2040,OM-fixed,18.36,coal (conv pul) (once through)
base load generation,coal,coal_base_conv pul 2001-2005,2040,OM-fixed,18.36,coal (conv pul) (seawater)
base load generation,coal,coal_base_conv pul 2001-2005,2040,OM-fixed,18.36,coal (conv pul) (recirculating)
base load generation,coal,coal_base_conv pul 2001-2005,2040,OM-fixed,18.36,coal (conv pul) (cooling pond)
base load generation,coal,coal_base_conv pul 2001-2005,2040,OM-fixed,18.36,coal (conv pul) (dry cooling)
base load generation,coal,coal_base_conv pul 2006-2010,2040,OM-fixed,18.36,coal (conv pul) (once through)
base load generation,coal,coal_base_conv pul 2006-2010,2040,OM-fixed,18.36,coal (conv pul) (seawater)
base load generation,coal,coal_base_conv pul 2006-2010,2040,OM-fixed,18.36,coal (conv pul) (recirculating)
base load generation,coal,coal_base_conv pul 2006-2010,2040,OM-fixed,18.36,coal (conv pul) (cooling pond)
base load generation,coal,coal_base_conv pul 2006-2010,2040,OM-fixed,18.36,coal (conv pul) (dry cooling)
base load generation,coal,coal_base_conv pul 2011-2015,2040,OM-fixed,18.36,coal (conv pul) (once through)
base load generation,coal,coal_base_conv pul 2011-2015,2040,OM-fixed,18.36,coal (conv pul) (seawater)
base load generation,coal,coal_base_conv pul 2011-2015,2040,OM-fixed,18.36,coal (conv pul) (recirculating)
base load generation,coal,coal_base_conv pul 2011-2015,2040,OM-fixed,18.36,coal (conv pul) (cooling pond)
base load generation,coal,coal_base_conv pul 2011-2015,2040,OM-fixed,18.36,coal (conv pul) (dry cooling)
base load generation,coal,coal_base_conv pul 2016-2021,2040,OM-fixed,18.36,coal (conv pul) (once through)
base load generation,coal,coal_base_conv pul 2016-2021,2040,OM-fixed,18.36,coal (conv pul) (seawater)
base load generation,coal,coal_base_conv pul 2016-2021,2040,OM-fixed,18.36,coal (conv pul) (recirculating)
base load generation,coal,coal_base_conv pul 2016-2021,2040,OM-fixed,18.36,coal (conv pul) (cooling pond)
base load generation,coal,coal_base_conv pul 2016-2021,2040,OM-fixed,18.36,coal (conv pul) (dry cooling)
base load generation,coal,coal_base_conv pul before 1950,2040,OM-fixed,18.36,coal (conv pul) (once through)
base load generation,coal,coal_base_conv pul before 1950,2040,OM-fixed,18.36,coal (conv pul) (seawater)
base load generation,coal,coal_base_conv pul before 1950,2040,OM-fixed,18.36,coal (conv pul) (recirculating)
base load generation,coal,coal_base_conv pul before 1950,2040,OM-fixed,18.36,coal (conv pul) (cooling pond)
base load generation,coal,coal_base_conv pul before 1950,2040,OM-fixed,18.36,coal (conv pul) (dry cooling)
base load generation,coal,coal_base_conv pul_retire_2023,2040,OM-fixed,18.36,coal (conv pul) (once through)
base load generation,coal,coal_base_conv pul_retire_2023,2040,OM-fixed,18.36,coal (conv pul) (seawater)
base load generation,coal,coal_base_conv pul_retire_2023,2040,OM-fixed,18.36,coal (conv pul) (recirculating)
base load generation,coal,coal_base_conv pul_retire_2023,2040,OM-fixed,18.36,coal (conv pul) (cooling pond)
base load generation,coal,coal_base_conv pul_retire_2023,2040,OM-fixed,18.36,coal (conv pul) (dry cooling)
base load generation,biomass,biomass_base_conv,2045,OM-fixed,38.57,biomass (conv) (once through)
base load generation,biomass,biomass_base_conv,2045,OM-fixed,38.57,biomass (conv) (seawater)
base load generation,biomass,biomass_base_conv,2045,OM-fixed,38.57,biomass (conv) (recirculating)
base load generation,biomass,biomass_base_conv,2045,OM-fixed,38.57,biomass (conv) (cooling pond)
base load generation,biomass,biomass_base_conv,2045,OM-fixed,38.57,biomass (conv) (dry cooling)
base load generation,biomass,biomass_base_conv_CCS,2045,OM-fixed,38.47,biomass (conv CCS) (once through)
base load generation,biomass,biomass_base_conv_CCS,2045,OM-fixed,38.47,biomass (conv CCS) (seawater)
base load generation,biomass,biomass_base_conv_CCS,2045,OM-fixed,38.47,biomass (conv CCS) (recirculating)
base load generation,biomass,biomass_base_conv_CCS,2045,OM-fixed,38.47,biomass (conv CCS) (dry cooling)
base load generation,biomass,biomass_base_IGCC,2045,OM-fixed,57.25,biomass (IGCC) (once through)
base load generation,biomass,biomass_base_IGCC,2045,OM-fixed,57.25,biomass (IGCC) (seawater)
base load generation,biomass,biomass_base_IGCC,2045,OM-fixed,57.25,biomass (IGCC) (recirculating)
base load generation,biomass,biomass_base_IGCC,2045,OM-fixed,57.25,biomass (IGCC) (dry cooling)
base load generation,biomass,biomass_base_IGCC_CCS,2045,OM-fixed,64.47,biomass (IGCC CCS) (once through)
base load generation,biomass,biomass_base_IGCC_CCS,2045,OM-fixed,64.47,biomass (IGCC CCS) (seawater)
base load generation,biomass,biomass_base_IGCC_CCS,2045,OM-fixed,64.47,biomass (IGCC CCS) (recirculating)
base load generation,biomass,biomass_base_IGCC_CCS,2045,OM-fixed,64.47,biomass (IGCC CCS) (dry cooling)
base load generation,coal,coal_base_conv pul,2045,OM-fixed,17.58,coal (conv pul) (once through)
base load generation,coal,coal_base_conv pul,2045,OM-fixed,17.58,coal (conv pul) (seawater)
base load generation,coal,coal_base_conv pul,2045,OM-fixed,17.58,coal (conv pul) (recirculating)
base load generation,coal,coal_base_conv pul,2045,OM-fixed,17.58,coal (conv pul) (cooling pond)
base load generation,coal,coal_base_conv pul,2045,OM-fixed,17.58,coal (conv pul) (dry cooling)
base load generation,coal,coal_base_conv pul_CCS,2045,OM-fixed,25.24,coal (conv pul CCS) (once through)
base load generation,coal,coal_base_conv pul_CCS,2045,OM-fixed,25.24,coal (conv pul CCS) (seawater)
base load generation,coal,coal_base_conv pul_CCS,2045,OM-fixed,25.24,coal (conv pul CCS) (recirculating)
base load generation,coal,coal_base_conv pul_CCS,2045,OM-fixed,25.24,coal (conv pul CCS) (dry cooling)
base load generation,coal,coal_base_IGCC,2045,OM-fixed,36.27,coal (IGCC) (once through)
base load generation,coal,coal_base_IGCC,2045,OM-fixed,36.27,coal (IGCC) (seawater)
base load generation,coal,coal_base_IGCC,2045,OM-fixed,36.27,coal (IGCC) (recirculating)
base load generation,coal,coal_base_IGCC,2045,OM-fixed,36.27,coal (IGCC) (dry cooling)
base load generation,coal,coal_base_IGCC_CCS,2045,OM-fixed,51.23,coal (IGCC CCS) (once through)
base load generation,coal,coal_base_IGCC_CCS,2045,OM-fixed,51.23,coal (IGCC CCS) (seawater)
base load generation,coal,coal_base_IGCC_CCS,2045,OM-fixed,51.23,coal (IGCC CCS) (recirculating)
base load generation,coal,coal_base_IGCC_CCS,2045,OM-fixed,51.23,coal (IGCC CCS) (dry cooling)
base load generation,gas,gas_base_CC,2045,OM-fixed,6.55,gas (CC) (once through)
base load generation,gas,gas_base_CC,2045,OM-fixed,6.55,gas (CC) (seawater)
base load generation,gas,gas_base_CC,2045,OM-fixed,6.55,gas (CC) (recirculating)
base load generation,gas,gas_base_CC,2045,OM-fixed,6.55,gas (CC) (cooling pond)
base load generation,gas,gas_base_CC,2045,OM-fixed,6.55,gas (CC) (dry cooling)
base load generation,gas,gas_base_CC_CCS,2045,OM-fixed,11.12,gas (CC CCS) (once through)
base load generation,gas,gas_base_CC_CCS,2045,OM-fixed,11.12,gas (CC CCS) (seawater)
base load generation,gas,gas_base_CC_CCS,2045,OM-fixed,11.12,gas (CC CCS) (recirculating)
base load generation,gas,gas_base_CC_CCS,2045,OM-fixed,11.12,gas (CC CCS) (dry cooling)
base load generation,geothermal,geo_base,2045,OM-fixed,26.47,geothermal (recirculating)
base load generation,geothermal,geo_base,2045,OM-fixed,26.47,geothermal (dry_hybrid)
base load generation,nuclear,nuc_base_Gen II,2045,OM-fixed,41.24,Gen_II_LWR (once through)
base load generation,nuclear,nuc_base_Gen II,2045,OM-fixed,41.24,Gen_II_LWR (seawater)
base load generation,nuclear,nuc_base_Gen II,2045,OM-fixed,41.24,Gen_II_LWR (recirculating)
base load generation,nuclear,nuc_base_Gen II,2045,OM-fixed,41.24,Gen_II_LWR (cooling pond)
base load generation,nuclear,nuc_base_large reactor,2045,OM-fixed,41.24,large reactor (once through)
base load generation,nuclear,nuc_base_large reactor,2045,OM-fixed,41.24,large reactor (seawater)
base load generation,nuclear,nuc_base_large reactor,2045,OM-fixed,41.24,large reactor (recirculating)
base load generation,nuclear,nuc_base_large reactor,2045,OM-fixed,41.24,large reactor (cooling pond)
base load generation,nuclear,nuc_base_SMR,2045,OM-fixed,32.05,SMR (once through)
base load generation,nuclear,nuc_base_SMR,2045,OM-fixed,32.05,SMR (seawater)
base load generation,nuclear,nuc_base_SMR,2045,OM-fixed,32.05,SMR (recirculating)
base load generation,nuclear,nuc_base_SMR,2045,OM-fixed,32.05,SMR (cooling pond)
base load generation,refined liquids,refined liquids_base_steam/CT,2045,OM-fixed,5.37,refined liquids (steam/CT) (once through)
base load generation,refined liquids,refined liquids_base_steam/CT,2045,OM-fixed,5.37,refined liquids (steam/CT) (seawater)
base load generation,refined liquids,refined liquids_base_steam/CT,2045,OM-fixed,5.37,refined liquids (steam/CT) (recirculating)
base load generation,refined liquids,refined liquids_base_steam/CT,2045,OM-fixed,5.37,refined liquids (steam/CT) (cooling pond)
base load generation,refined liquids,refined liquids_base_steam/CT,2045,OM-fixed,5.37,refined liquids (steam/CT) (dry cooling)
base load generation,refined liquids,refined liquids_base_CC,2045,OM-fixed,6.55,refined liquids (CC) (once through)
base load generation,refined liquids,refined liquids_base_CC,2045,OM-fixed,6.55,refined liquids (CC) (seawater)
base load generation,refined liquids,refined liquids_base_CC,2045,OM-fixed,6.55,refined liquids (CC) (recirculating)
base load generation,refined liquids,refined liquids_base_CC,2045,OM-fixed,6.55,refined liquids (CC) (dry cooling)
base load generation,refined liquids,refined liquids_base_CC_CCS,2045,OM-fixed,11.12,refined liquids (CC CCS) (once through)
base load generation,refined liquids,refined liquids_base_CC_CCS,2045,OM-fixed,11.12,refined liquids (CC CCS) (seawater)
base load generation,refined liquids,refined liquids_base_CC_CCS,2045,OM-fixed,11.12,refined liquids (CC CCS) (recirculating)
base load generation,refined liquids,refined liquids_base_CC_CCS,2045,OM-fixed,11.12,refined liquids (CC CCS) (dry cooling)
base load generation,solar,PV_base_storage,2045,OM-fixed,20.85,PV_base_storage
base load generation,solar,CSP_base_storage,2045,OM-fixed,12.43,CSP_base_storage
base load generation,wind,wind_base_storage,2045,OM-fixed,23.85,wind_base_storage
base load generation,coal,coal_base_conv pul 1951-1955,2045,OM-fixed,17.58,coal (conv pul) (once through)
base load generation,coal,coal_base_conv pul 1951-1955,2045,OM-fixed,17.58,coal (conv pul) (seawater)
base load generation,coal,coal_base_conv pul 1951-1955,2045,OM-fixed,17.58,coal (conv pul) (recirculating)
base load generation,coal,coal_base_conv pul 1951-1955,2045,OM-fixed,17.58,coal (conv pul) (cooling pond)
base load generation,coal,coal_base_conv pul 1951-1955,2045,OM-fixed,17.58,coal (conv pul) (dry cooling)
base load generation,coal,coal_base_conv pul 1956-1960,2045,OM-fixed,17.58,coal (conv pul) (once through)
base load generation,coal,coal_base_conv pul 1956-1960,2045,OM-fixed,17.58,coal (conv pul) (seawater)
base load generation,coal,coal_base_conv pul 1956-1960,2045,OM-fixed,17.58,coal (conv pul) (recirculating)
base load generation,coal,coal_base_conv pul 1956-1960,2045,OM-fixed,17.58,coal (conv pul) (cooling pond)
base load generation,coal,coal_base_conv pul 1956-1960,2045,OM-fixed,17.58,coal (conv pul) (dry cooling)
base load generation,coal,coal_base_conv pul 1961-1965,2045,OM-fixed,17.58,coal (conv pul) (once through)
base load generation,coal,coal_base_conv pul 1961-1965,2045,OM-fixed,17.58,coal (conv pul) (seawater)
base load generation,coal,coal_base_conv pul 1961-1965,2045,OM-fixed,17.58,coal (conv pul) (recirculating)
base load generation,coal,coal_base_conv pul 1961-1965,2045,OM-fixed,17.58,coal (conv pul) (cooling pond)
base load generation,coal,coal_base_conv pul 1961-1965,2045,OM-fixed,17.58,coal (conv pul) (dry cooling)
base load generation,coal,coal_base_conv pul 1966-1970,2045,OM-fixed,17.58,coal (conv pul) (once through)
base load generation,coal,coal_base_conv pul 1966-1970,2045,OM-fixed,17.58,coal (conv pul) (seawater)
base load generation,coal,coal_base_conv pul 1966-1970,2045,OM-fixed,17.58,coal (conv pul) (recirculating)
base load generation,coal,coal_base_conv pul 1966-1970,2045,OM-fixed,17.58,coal (conv pul) (cooling pond)
base load generation,coal,coal_base_conv pul 1966-1970,2045,OM-fixed,17.58,coal (conv pul) (dry cooling)
base load generation,coal,coal_base_conv pul 1971-1975,2045,OM-fixed,17.58,coal (conv pul) (once through)
base load generation,coal,coal_base_conv pul 1971-1975,2045,OM-fixed,17.58,coal (conv pul) (seawater)
base load generation,coal,coal_base_conv pul 1971-1975,2045,OM-fixed,17.58,coal (conv pul) (recirculating)
base load generation,coal,coal_base_conv pul 1971-1975,2045,OM-fixed,17.58,coal (conv pul) (cooling pond)
base load generation,coal,coal_base_conv pul 1971-1975,2045,OM-fixed,17.58,coal (conv pul) (dry cooling)
base load generation,coal,coal_base_conv pul 1976-1980,2045,OM-fixed,17.58,coal (conv pul) (once through)
base load generation,coal,coal_base_conv pul 1976-1980,2045,OM-fixed,17.58,coal (conv pul) (seawater)
base load generation,coal,coal_base_conv pul 1976-1980,2045,OM-fixed,17.58,coal (conv pul) (recirculating)
base load generation,coal,coal_base_conv pul 1976-1980,2045,OM-fixed,17.58,coal (conv pul) (cooling pond)
base load generation,coal,coal_base_conv pul 1976-1980,2045,OM-fixed,17.58,coal (conv pul) (dry cooling)
base load generation,coal,coal_base_conv pul 1981-1985,2045,OM-fixed,17.58,coal (conv pul) (once through)
base load generation,coal,coal_base_conv pul 1981-1985,2045,OM-fixed,17.58,coal (conv pul) (seawater)
base load generation,coal,coal_base_conv pul 1981-1985,2045,OM-fixed,17.58,coal (conv pul) (recirculating)
base load generation,coal,coal_base_conv pul 1981-1985,2045,OM-fixed,17.58,coal (conv pul) (cooling pond)
base load generation,coal,coal_base_conv pul 1981-1985,2045,OM-fixed,17.58,coal (conv pul) (dry cooling)
base load generation,coal,coal_base_conv pul 1986-1990,2045,OM-fixed,17.58,coal (conv pul) (once through)
base load generation,coal,coal_base_conv pul 1986-1990,2045,OM-fixed,17.58,coal (conv pul) (seawater)
base load generation,coal,coal_base_conv pul 1986-1990,2045,OM-fixed,17.58,coal (conv pul) (recirculating)
base load generation,coal,coal_base_conv pul 1986-1990,2045,OM-fixed,17.58,coal (conv pul) (cooling pond)
base load generation,coal,coal_base_conv pul 1986-1990,2045,OM-fixed,17.58,coal (conv pul) (dry cooling)
base load generation,coal,coal_base_conv pul 1991-1995,2045,OM-fixed,17.58,coal (conv pul) (once through)
base load generation,coal,coal_base_conv pul 1991-1995,2045,OM-fixed,17.58,coal (conv pul) (seawater)
base load generation,coal,coal_base_conv pul 1991-1995,2045,OM-fixed,17.58,coal (conv pul) (recirculating)
base load generation,coal,coal_base_conv pul 1991-1995,2045,OM-fixed,17.58,coal (conv pul) (cooling pond)
base load generation,coal,coal_base_conv pul 1991-1995,2045,OM-fixed,17.58,coal (conv pul) (dry cooling)
base load generation,coal,coal_base_conv pul 1996-2000,2045,OM-fixed,17.58,coal (conv pul) (once through)
base load generation,coal,coal_base_conv pul 1996-2000,2045,OM-fixed,17.58,coal (conv pul) (seawater)
base load generation,coal,coal_base_conv pul 1996-2000,2045,OM-fixed,17.58,coal (conv pul) (recirculating)
base load generation,coal,coal_base_conv pul 1996-2000,2045,OM-fixed,17.58,coal (conv pul) (cooling pond)
base load generation,coal,coal_base_conv pul 1996-2000,2045,OM-fixed,17.58,coal (conv pul) (dry cooling)
base load generation,coal,coal_base_conv pul 2001-2005,2045,OM-fixed,17.58,coal (conv pul) (once through)
base load generation,coal,coal_base_conv pul 2001-2005,2045,OM-fixed,17.58,coal (conv pul) (seawater)
base load generation,coal,coal_base_conv pul 2001-2005,2045,OM-fixed,17.58,coal (conv pul) (recirculating)
base load generation,coal,coal_base_conv pul 2001-2005,2045,OM-fixed,17.58,coal (conv pul) (cooling pond)
base load generation,coal,coal_base_conv pul 2001-2005,2045,OM-fixed,17.58,coal (conv pul) (dry cooling)
base load generation,coal,coal_base_conv pul 2006-2010,2045,OM-fixed,17.58,coal (conv pul) (once through)
base load generation,coal,coal_base_conv pul 2006-2010,2045,OM-fixed,17.58,coal (conv pul) (seawater)
base load generation,coal,coal_base_conv pul 2006-2010,2045,OM-fixed,17.58,coal (conv pul) (recirculating)
base load generation,coal,coal_base_conv pul 2006-2010,2045,OM-fixed,17.58,coal (conv pul) (cooling pond)
base load generation,coal,coal_base_conv pul 2006-2010,2045,OM-fixed,17.58,coal (conv pul) (dry cooling)
base load generation,coal,coal_base_conv pul 2011-2015,2045,OM-fixed,17.58,coal (conv pul) (once through)
base load generation,coal,coal_base_conv pul 2011-2015,2045,OM-fixed,17.58,coal (conv pul) (seawater)
base load generation,coal,coal_base_conv pul 2011-2015,2045,OM-fixed,17.58,coal (conv pul) (recirculating)
base load generation,coal,coal_base_conv pul 2011-2015,2045,OM-fixed,17.58,coal (conv pul) (cooling pond)
base load generation,coal,coal_base_conv pul 2011-2015,2045,OM-fixed,17.58,coal (conv pul) (dry cooling)
base load generation,coal,coal_base_conv pul 2016-2021,2045,OM-fixed,17.58,coal (conv pul) (once through)
base load generation,coal,coal_base_conv pul 2016-2021,2045,OM-fixed,17.58,coal (conv pul) (seawater)
base load generation,coal,coal_base_conv pul 2016-2021,2045,OM-fixed,17.58,coal (conv pul) (recirculating)
base load generation,coal,coal_base_conv pul 2016-2021,2045,OM-fixed,17.58,coal (conv pul) (cooling pond)
base load generation,coal,coal_base_conv pul 2016-2021,2045,OM-fixed,17.58,coal (conv pul) (dry cooling)
base load generation,coal,coal_base_conv pul before 1950,2045,OM-fixed,17.58,coal (conv pul) (once through)
base load generation,coal,coal_base_conv pul before 1950,2045,OM-fixed,17.58,coal (conv pul) (seawater)
base load generation,coal,coal_base_conv pul before 1950,2045,OM-fixed,17.58,coal (conv pul) (recirculating)
base load generation,coal,coal_base_conv pul before 1950,2045,OM-fixed,17.58,coal (conv pul) (cooling pond)
base load generation,coal,coal_base_conv pul before 1950,2045,OM-fixed,17.58,coal (conv pul) (dry cooling)
base load generation,coal,coal_base_conv pul_retire_2023,2045,OM-fixed,17.58,coal (conv pul) (once through)
base load generation,coal,coal_base_conv pul_retire_2023,2045,OM-fixed,17.58,coal (conv pul) (seawater)
base load generation,coal,coal_base_conv pul_retire_2023,2045,OM-fixed,17.58,coal (conv pul) (recirculating)
base load generation,coal,coal_base_conv pul_retire_2023,2045,OM-fixed,17.58,coal (conv pul) (cooling pond)
base load generation,coal,coal_base_conv pul_retire_2023,2045,OM-fixed,17.58,coal (conv pul) (dry cooling)
base load generation,biomass,biomass_base_conv,2050,OM-fixed,38.57,biomass (conv) (once through)
base load generation,biomass,biomass_base_conv,2050,OM-fixed,38.57,biomass (conv) (seawater)
base load generation,biomass,biomass_base_conv,2050,OM-fixed,38.57,biomass (conv) (recirculating)
base load generation,biomass,biomass_base_conv,2050,OM-fixed,38.57,biomass (conv) (cooling pond)
base load generation,biomass,biomass_base_conv,2050,OM-fixed,38.57,biomass (conv) (dry cooling)
base load generation,biomass,biomass_base_conv_CCS,2050,OM-fixed,38.28,biomass (conv CCS) (once through)
base load generation,biomass,biomass_base_conv_CCS,2050,OM-fixed,38.28,biomass (conv CCS) (seawater)
base load generation,biomass,biomass_base_conv_CCS,2050,OM-fixed,38.28,biomass (conv CCS) (recirculating)
base load generation,biomass,biomass_base_conv_CCS,2050,OM-fixed,38.28,biomass (conv CCS) (dry cooling)
base load generation,biomass,biomass_base_IGCC,2050,OM-fixed,57.35,biomass (IGCC) (once through)
base load generation,biomass,biomass_base_IGCC,2050,OM-fixed,57.35,biomass (IGCC) (seawater)
base load generation,biomass,biomass_base_IGCC,2050,OM-fixed,57.35,biomass (IGCC) (recirculating)
base load generation,biomass,biomass_base_IGCC,2050,OM-fixed,57.35,biomass (IGCC) (dry cooling)
base load generation,biomass,biomass_base_IGCC_CCS,2050,OM-fixed,64.6,biomass (IGCC CCS) (once through)
base load generation,biomass,biomass_base_IGCC_CCS,2050,OM-fixed,64.6,biomass (IGCC CCS) (seawater)
base load generation,biomass,biomass_base_IGCC_CCS,2050,OM-fixed,64.6,biomass (IGCC CCS) (recirculating)
base load generation,biomass,biomass_base_IGCC_CCS,2050,OM-fixed,64.6,biomass (IGCC CCS) (dry cooling)
base load generation,coal,coal_base_conv pul,2050,OM-fixed,16.8,coal (conv pul) (once through)
base load generation,coal,coal_base_conv pul,2050,OM-fixed,16.8,coal (conv pul) (seawater)
base load generation,coal,coal_base_conv pul,2050,OM-fixed,16.8,coal (conv pul) (recirculating)
base load generation,coal,coal_base_conv pul,2050,OM-fixed,16.8,coal (conv pul) (cooling pond)
base load generation,coal,coal_base_conv pul,2050,OM-fixed,16.8,coal (conv pul) (dry cooling)
base load generation,coal,coal_base_conv pul_CCS,2050,OM-fixed,23.89,coal (conv pul CCS) (once through)
base load generation,coal,coal_base_conv pul_CCS,2050,OM-fixed,23.89,coal (conv pul CCS) (seawater)
base load generation,coal,coal_base_conv pul_CCS,2050,OM-fixed,23.89,coal (conv pul CCS) (recirculating)
base load generation,coal,coal_base_conv pul_CCS,2050,OM-fixed,23.89,coal (conv pul CCS) (dry cooling)
base load generation,coal,coal_base_IGCC,2050,OM-fixed,35.58,coal (IGCC) (once through)
base load generation,coal,coal_base_IGCC,2050,OM-fixed,35.58,coal (IGCC) (seawater)
base load generation,coal,coal_base_IGCC,2050,OM-fixed,35.58,coal (IGCC) (recirculating)
base load generation,coal,coal_base_IGCC,2050,OM-fixed,35.58,coal (IGCC) (dry cooling)
base load generation,coal,coal_base_IGCC_CCS,2050,OM-fixed,50.22,coal (IGCC CCS) (once through)
base load generation,coal,coal_base_IGCC_CCS,2050,OM-fixed,50.22,coal (IGCC CCS) (seawater)
base load generation,coal,coal_base_IGCC_CCS,2050,OM-fixed,50.22,coal (IGCC CCS) (recirculating)
base load generation,coal,coal_base_IGCC_CCS,2050,OM-fixed,50.22,coal (IGCC CCS) (dry cooling)
base load generation,gas,gas_base_CC,2050,OM-fixed,6.29,gas (CC) (once through)
base load generation,gas,gas_base_CC,2050,OM-fixed,6.29,gas (CC) (seawater)
base load generation,gas,gas_base_CC,2050,OM-fixed,6.29,gas (CC) (recirculating)
base load generation,gas,gas_base_CC,2050,OM-fixed,6.29,gas (CC) (cooling pond)
base load generation,gas,gas_base_CC,2050,OM-fixed,6.29,gas (CC) (dry cooling)
base load generation,gas,gas_base_CC_CCS,2050,OM-fixed,10.46,gas (CC CCS) (once through)
base load generation,gas,gas_base_CC_CCS,2050,OM-fixed,10.46,gas (CC CCS) (seawater)
base load generation,gas,gas_base_CC_CCS,2050,OM-fixed,10.46,gas (CC CCS) (recirculating)
base load generation,gas,gas_base_CC_CCS,2050,OM-fixed,10.46,gas (CC CCS) (dry cooling)
base load generation,geothermal,geo_base,2050,OM-fixed,26.47,geothermal (recirculating)
base load generation,geothermal,geo_base,2050,OM-fixed,26.47,geothermal (dry_hybrid)
base load generation,nuclear,nuc_base_Gen II,2050,OM-fixed,41.24,Gen_II_LWR (once through)
base load generation,nuclear,nuc_base_Gen II,2050,OM-fixed,41.24,Gen_II_LWR (seawater)
base load generation,nuclear,nuc_base_Gen II,2050,OM-fixed,41.24,Gen_II_LWR (recirculating)
base load generation,nuclear,nuc_base_Gen II,2050,OM-fixed,41.24,Gen_II_LWR (cooling pond)
base load generation,nuclear,nuc_base_large reactor,2050,OM-fixed,41.24,large reactor (once through)
base load generation,nuclear,nuc_base_large reactor,2050,OM-fixed,41.24,large reactor (seawater)
base load generation,nuclear,nuc_base_large reactor,2050,OM-fixed,41.24,large reactor (recirculating)
base load generation,nuclear,nuc_base_large reactor,2050,OM-fixed,41.24,large reactor (cooling pond)
base load generation,nuclear,nuc_base_SMR,2050,OM-fixed,32.05,SMR (once through)
base load generation,nuclear,nuc_base_SMR,2050,OM-fixed,32.05,SMR (seawater)
base load generation,nuclear,nuc_base_SMR,2050,OM-fixed,32.05,SMR (recirculating)
base load generation,nuclear,nuc_base_SMR,2050,OM-fixed,32.05,SMR (cooling pond)
base load generation,refined liquids,refined liquids_base_steam/CT,2050,OM-fixed,5.18,refined liquids (steam/CT) (once through)
base load generation,refined liquids,refined liquids_base_steam/CT,2050,OM-fixed,5.18,refined liquids (steam/CT) (seawater)
base load generation,refined liquids,refined liquids_base_steam/CT,2050,OM-fixed,5.18,refined liquids (steam/CT) (recirculating)
base load generation,refined liquids,refined liquids_base_steam/CT,2050,OM-fixed,5.18,refined liquids (steam/CT) (cooling pond)
base load generation,refined liquids,refined liquids_base_steam/CT,2050,OM-fixed,5.18,refined liquids (steam/CT) (dry cooling)
base load generation,refined liquids,refined liquids_base_CC,2050,OM-fixed,6.29,refined liquids (CC) (once through)
base load generation,refined liquids,refined liquids_base_CC,2050,OM-fixed,6.29,refined liquids (CC) (seawater)
base load generation,refined liquids,refined liquids_base_CC,2050,OM-fixed,6.29,refined liquids (CC) (recirculating)
base load generation,refined liquids,refined liquids_base_CC,2050,OM-fixed,6.29,refined liquids (CC) (dry cooling)
base load generation,refined liquids,refined liquids_base_CC_CCS,2050,OM-fixed,10.46,refined liquids (CC CCS) (once through)
base load generation,refined liquids,refined liquids_base_CC_CCS,2050,OM-fixed,10.46,refined liquids (CC CCS) (seawater)
base load generation,refined liquids,refined liquids_base_CC_CCS,2050,OM-fixed,10.46,refined liquids (CC CCS) (recirculating)
base load generation,refined liquids,refined liquids_base_CC_CCS,2050,OM-fixed,10.46,refined liquids (CC CCS) (dry cooling)
base load generation,solar,PV_base_storage,2050,OM-fixed,18.9,PV_base_storage
base load generation,solar,CSP_base_storage,2050,OM-fixed,12.25,CSP_base_storage
base load generation,wind,wind_base_storage,2050,OM-fixed,21.84,wind_base_storage
base load generation,coal,coal_base_conv pul 1951-1955,2050,OM-fixed,16.8,coal (conv pul) (once through)
base load generation,coal,coal_base_conv pul 1951-1955,2050,OM-fixed,16.8,coal (conv pul) (seawater)
base load generation,coal,coal_base_conv pul 1951-1955,2050,OM-fixed,16.8,coal (conv pul) (recirculating)
base load generation,coal,coal_base_conv pul 1951-1955,2050,OM-fixed,16.8,coal (conv pul) (cooling pond)
base load generation,coal,coal_base_conv pul 1951-1955,2050,OM-fixed,16.8,coal (conv pul) (dry cooling)
base load generation,coal,coal_base_conv pul 1956-1960,2050,OM-fixed,16.8,coal (conv pul) (once through)
base load generation,coal,coal_base_conv pul 1956-1960,2050,OM-fixed,16.8,coal (conv pul) (seawater)
base load generation,coal,coal_base_conv pul 1956-1960,2050,OM-fixed,16.8,coal (conv pul) (recirculating)
base load generation,coal,coal_base_conv pul 1956-1960,2050,OM-fixed,16.8,coal (conv pul) (cooling pond)
base load generation,coal,coal_base_conv pul 1956-1960,2050,OM-fixed,16.8,coal (conv pul) (dry cooling)
base load generation,coal,coal_base_conv pul 1961-1965,2050,OM-fixed,16.8,coal (conv pul) (once through)
base load generation,coal,coal_base_conv pul 1961-1965,2050,OM-fixed,16.8,coal (conv pul) (seawater)
base load generation,coal,coal_base_conv pul 1961-1965,2050,OM-fixed,16.8,coal (conv pul) (recirculating)
base load generation,coal,coal_base_conv pul 1961-1965,2050,OM-fixed,16.8,coal (conv pul) (cooling pond)
base load generation,coal,coal_base_conv pul 1961-1965,2050,OM-fixed,16.8,coal (conv pul) (dry cooling)
base load generation,coal,coal_base_conv pul 1966-1970,2050,OM-fixed,16.8,coal (conv pul) (once through)
base load generation,coal,coal_base_conv pul 1966-1970,2050,OM-fixed,16.8,coal (conv pul) (seawater)
base load generation,coal,coal_base_conv pul 1966-1970,2050,OM-fixed,16.8,coal (conv pul) (recirculating)
base load generation,coal,coal_base_conv pul 1966-1970,2050,OM-fixed,16.8,coal (conv pul) (cooling pond)
base load generation,coal,coal_base_conv pul 1966-1970,2050,OM-fixed,16.8,coal (conv pul) (dry cooling)
base load generation,coal,coal_base_conv pul 1971-1975,2050,OM-fixed,16.8,coal (conv pul) (once through)
base load generation,coal,coal_base_conv pul 1971-1975,2050,OM-fixed,16.8,coal (conv pul) (seawater)
base load generation,coal,coal_base_conv pul 1971-1975,2050,OM-fixed,16.8,coal (conv pul) (recirculating)
base load generation,coal,coal_base_conv pul 1971-1975,2050,OM-fixed,16.8,coal (conv pul) (cooling pond)
base load generation,coal,coal_base_conv pul 1971-1975,2050,OM-fixed,16.8,coal (conv pul) (dry cooling)
base load generation,coal,coal_base_conv pul 1976-1980,2050,OM-fixed,16.8,coal (conv pul) (once through)
base load generation,coal,coal_base_conv pul 1976-1980,2050,OM-fixed,16.8,coal (conv pul) (seawater)
base load generation,coal,coal_base_conv pul 1976-1980,2050,OM-fixed,16.8,coal (conv pul) (recirculating)
base load generation,coal,coal_base_conv pul 1976-1980,2050,OM-fixed,16.8,coal (conv pul) (cooling pond)
base load generation,coal,coal_base_conv pul 1976-1980,2050,OM-fixed,16.8,coal (conv pul) (dry cooling)
base load generation,coal,coal_base_conv pul 1981-1985,2050,OM-fixed,16.8,coal (conv pul) (once through)
base load generation,coal,coal_base_conv pul 1981-1985,2050,OM-fixed,16.8,coal (conv pul) (seawater)
base load generation,coal,coal_base_conv pul 1981-1985,2050,OM-fixed,16.8,coal (conv pul) (recirculating)
base load generation,coal,coal_base_conv pul 1981-1985,2050,OM-fixed,16.8,coal (conv pul) (cooling pond)
base load generation,coal,coal_base_conv pul 1981-1985,2050,OM-fixed,16.8,coal (conv pul) (dry cooling)
base load generation,coal,coal_base_conv pul 1986-1990,2050,OM-fixed,16.8,coal (conv pul) (once through)
base load generation,coal,coal_base_conv pul 1986-1990,2050,OM-fixed,16.8,coal (conv pul) (seawater)
base load generation,coal,coal_base_conv pul 1986-1990,2050,OM-fixed,16.8,coal (conv pul) (recirculating)
base load generation,coal,coal_base_conv pul 1986-1990,2050,OM-fixed,16.8,coal (conv pul) (cooling pond)
base load generation,coal,coal_base_conv pul 1986-1990,2050,OM-fixed,16.8,coal (conv pul) (dry cooling)
base load generation,coal,coal_base_conv pul 1991-1995,2050,OM-fixed,16.8,coal (conv pul) (once through)
base load generation,coal,coal_base_conv pul 1991-1995,2050,OM-fixed,16.8,coal (conv pul) (seawater)
base load generation,coal,coal_base_conv pul 1991-1995,2050,OM-fixed,16.8,coal (conv pul) (recirculating)
base load generation,coal,coal_base_conv pul 1991-1995,2050,OM-fixed,16.8,coal (conv pul) (cooling pond)
base load generation,coal,coal_base_conv pul 1991-1995,2050,OM-fixed,16.8,coal (conv pul) (dry cooling)
base load generation,coal,coal_base_conv pul 1996-2000,2050,OM-fixed,16.8,coal (conv pul) (once through)
base load generation,coal,coal_base_conv pul 1996-2000,2050,OM-fixed,16.8,coal (conv pul) (seawater)
base load generation,coal,coal_base_conv pul 1996-2000,2050,OM-fixed,16.8,coal (conv pul) (recirculating)
base load generation,coal,coal_base_conv pul 1996-2000,2050,OM-fixed,16.8,coal (conv pul) (cooling pond)
base load generation,coal,coal_base_conv pul 1996-2000,2050,OM-fixed,16.8,coal (conv pul) (dry cooling)
base load generation,coal,coal_base_conv pul 2001-2005,2050,OM-fixed,16.8,coal (conv pul) (once through)
base load generation,coal,coal_base_conv pul 2001-2005,2050,OM-fixed,16.8,coal (conv pul) (seawater)
base load generation,coal,coal_base_conv pul 2001-2005,2050,OM-fixed,16.8,coal (conv pul) (recirculating)
base load generation,coal,coal_base_conv pul 2001-2005,2050,OM-fixed,16.8,coal (conv pul) (cooling pond)
base load generation,coal,coal_base_conv pul 2001-2005,2050,OM-fixed,16.8,coal (conv pul) (dry cooling)
base load generation,coal,coal_base_conv pul 2006-2010,2050,OM-fixed,16.8,coal (conv pul) (once through)
base load generation,coal,coal_base_conv pul 2006-2010,2050,OM-fixed,16.8,coal (conv pul) (seawater)
base load generation,coal,coal_base_conv pul 2006-2010,2050,OM-fixed,16.8,coal (conv pul) (recirculating)
base load generation,coal,coal_base_conv pul 2006-2010,2050,OM-fixed,16.8,coal (conv pul) (cooling pond)
base load generation,coal,coal_base_conv pul 2006-2010,2050,OM-fixed,16.8,coal (conv pul) (dry cooling)
base load generation,coal,coal_base_conv pul 2011-2015,2050,OM-fixed,16.8,coal (conv pul) (once through)
base load generation,coal,coal_base_conv pul 2011-2015,2050,OM-fixed,16.8,coal (conv pul) (seawater)
base load generation,coal,coal_base_conv pul 2011-2015,2050,OM-fixed,16.8,coal (conv pul) (recirculating)
base load generation,coal,coal_base_conv pul 2011-2015,2050,OM-fixed,16.8,coal (conv pul) (cooling pond)
base load generation,coal,coal_base_conv pul 2011-2015,2050,OM-fixed,16.8,coal (conv pul) (dry cooling)
base load generation,coal,coal_base_conv pul 2016-2021,2050,OM-fixed,16.8,coal (conv pul) (once through)
base load generation,coal,coal_base_conv pul 2016-2021,2050,OM-fixed,16.8,coal (conv pul) (seawater)
base load generation,coal,coal_base_conv pul 2016-2021,2050,OM-fixed,16.8,coal (conv pul) (recirculating)
base load generation,coal,coal_base_conv pul 2016-2021,2050,OM-fixed,16.8,coal (conv pul) (cooling pond)
base load generation,coal,coal_base_conv pul 2016-2021,2050,OM-fixed,16.8,coal (conv pul) (dry cooling)
base load generation,coal,coal_base_conv pul before 1950,2050,OM-fixed,16.8,coal (conv pul) (once through)
base load generation,coal,coal_base_conv pul before 1950,2050,OM-fixed,16.8,coal (conv pul) (seawater)
base load generation,coal,coal_base_conv pul before 1950,2050,OM-fixed,16.8,coal (conv pul) (recirculating)
base load generation,coal,coal_base_conv pul before 1950,2050,OM-fixed,16.8,coal (conv pul) (cooling pond)
base load generation,coal,coal_base_conv pul before 1950,2050,OM-fixed,16.8,coal (conv pul) (dry cooling)
base load generation,coal,coal_base_conv pul_retire_2023,2050,OM-fixed,16.8,coal (conv pul) (once through)
base load generation,coal,coal_base_conv pul_retire_2023,2050,OM-fixed,16.8,coal (conv pul) (seawater)
base load generation,coal,coal_base_conv pul_retire_2023,2050,OM-fixed,16.8,coal (conv pul) (recirculating)
base load generation,coal,coal_base_conv pul_retire_2023,2050,OM-fixed,16.8,coal (conv pul) (cooling pond)
base load generation,coal,coal_base_conv pul_retire_2023,2050,OM-fixed,16.8,coal (conv pul) (dry cooling)
base load generation,biomass,biomass_base_conv,2055,OM-fixed,38.37,biomass (conv) (once through)
base load generation,biomass,biomass_base_conv,2055,OM-fixed,38.37,biomass (conv) (seawater)
base load generation,biomass,biomass_base_conv,2055,OM-fixed,38.37,biomass (conv) (recirculating)
base load generation,biomass,biomass_base_conv,2055,OM-fixed,38.37,biomass (conv) (cooling pond)
base load generation,biomass,biomass_base_conv,2055,OM-fixed,38.37,biomass (conv) (dry cooling)
base load generation,biomass,biomass_base_conv_CCS,2055,OM-fixed,38.09,biomass (conv CCS) (once through)
base load generation,biomass,biomass_base_conv_CCS,2055,OM-fixed,38.09,biomass (conv CCS) (seawater)
base load generation,biomass,biomass_base_conv_CCS,2055,OM-fixed,38.09,biomass (conv CCS) (recirculating)
base load generation,biomass,biomass_base_conv_CCS,2055,OM-fixed,38.09,biomass (conv CCS) (dry cooling)
base load generation,biomass,biomass_base_IGCC,2055,OM-fixed,57.06,biomass (IGCC) (once through)
base load generation,biomass,biomass_base_IGCC,2055,OM-fixed,57.06,biomass (IGCC) (seawater)
base load generation,biomass,biomass_base_IGCC,2055,OM-fixed,57.06,biomass (IGCC) (recirculating)
base load generation,biomass,biomass_base_IGCC,2055,OM-fixed,57.06,biomass (IGCC) (dry cooling)
base load generation,biomass,biomass_base_IGCC_CCS,2055,OM-fixed,64.28,biomass (IGCC CCS) (once through)
base load generation,biomass,biomass_base_IGCC_CCS,2055,OM-fixed,64.28,biomass (IGCC CCS) (seawater)
base load generation,biomass,biomass_base_IGCC_CCS,2055,OM-fixed,64.28,biomass (IGCC CCS) (recirculating)
base load generation,biomass,biomass_base_IGCC_CCS,2055,OM-fixed,64.28,biomass (IGCC CCS) (dry cooling)
base load generation,coal,coal_base_conv pul,2055,OM-fixed,16.72,coal (conv pul) (once through)
base load generation,coal,coal_base_conv pul,2055,OM-fixed,16.72,coal (conv pul) (seawater)
base load generation,coal,coal_base_conv pul,2055,OM-fixed,16.72,coal (conv pul) (recirculating)
base load generation,coal,coal_base_conv pul,2055,OM-fixed,16.72,coal (conv pul) (cooling pond)
base load generation,coal,coal_base_conv pul,2055,OM-fixed,16.72,coal (conv pul) (dry cooling)
base load generation,coal,coal_base_conv pul_CCS,2055,OM-fixed,23.78,coal (conv pul CCS) (once through)
base load generation,coal,coal_base_conv pul_CCS,2055,OM-fixed,23.78,coal (conv pul CCS) (seawater)
base load generation,coal,coal_base_conv pul_CCS,2055,OM-fixed,23.78,coal (conv pul CCS) (recirculating)
base load generation,coal,coal_base_conv pul_CCS,2055,OM-fixed,23.78,coal (conv pul CCS) (dry cooling)
base load generation,coal,coal_base_IGCC,2055,OM-fixed,35.41,coal (IGCC) (once through)
base load generation,coal,coal_base_IGCC,2055,OM-fixed,35.41,coal (IGCC) (seawater)
base load generation,coal,coal_base_IGCC,2055,OM-fixed,35.41,coal (IGCC) (recirculating)
base load generation,coal,coal_base_IGCC,2055,OM-fixed,35.41,coal (IGCC) (dry cooling)
base load generation,coal,coal_base_IGCC_CCS,2055,OM-fixed,49.97,coal (IGCC CCS) (once through)
base load generation,coal,coal_base_IGCC_CCS,2055,OM-fixed,49.97,coal (IGCC CCS) (seawater)
base load generation,coal,coal_base_IGCC_CCS,2055,OM-fixed,49.97,coal (IGCC CCS) (recirculating)
base load generation,coal,coal_base_IGCC_CCS,2055,OM-fixed,49.97,coal (IGCC CCS) (dry cooling)
base load generation,gas,gas_base_CC,2055,OM-fixed,6.26,gas (CC) (once through)
base load generation,gas,gas_base_CC,2055,OM-fixed,6.26,gas (CC) (seawater)
base load generation,gas,gas_base_CC,2055,OM-fixed,6.26,gas (CC) (recirculating)
base load generation,gas,gas_base_CC,2055,OM-fixed,6.26,gas (CC) (cooling pond)
base load generation,gas,gas_base_CC,2055,OM-fixed,6.26,gas (CC) (dry cooling)
base load generation,gas,gas_base_CC_CCS,2055,OM-fixed,10.41,gas (CC CCS) (once through)
base load generation,gas,gas_base_CC_CCS,2055,OM-fixed,10.41,gas (CC CCS) (seawater)
base load generation,gas,gas_base_CC_CCS,2055,OM-fixed,10.41,gas (CC CCS) (recirculating)
base load generation,gas,gas_base_CC_CCS,2055,OM-fixed,10.41,gas (CC CCS) (dry cooling)
base load generation,geothermal,geo_base,2055,OM-fixed,26.34,geothermal (recirculating)
base load generation,geothermal,geo_base,2055,OM-fixed,26.34,geothermal (dry_hybrid)
base load generation,nuclear,nuc_base_Gen II,2055,OM-fixed,41.24,Gen_II_LWR (once through)
base load generation,nuclear,nuc_base_Gen II,2055,OM-fixed,41.24,Gen_II_LWR (seawater)
base load generation,nuclear,nuc_base_Gen II,2055,OM-fixed,41.24,Gen_II_LWR (recirculating)
base load generation,nuclear,nuc_base_Gen II,2055,OM-fixed,41.24,Gen_II_LWR (cooling pond)
base load generation,nuclear,nuc_base_large reactor,2055,OM-fixed,41.03,large reactor (once through)
base load generation,nuclear,nuc_base_large reactor,2055,OM-fixed,41.03,large reactor (seawater)
base load generation,nuclear,nuc_base_large reactor,2055,OM-fixed,41.03,large reactor (recirculating)
base load generation,nuclear,nuc_base_large reactor,2055,OM-fixed,41.03,large reactor (cooling pond)
base load generation,nuclear,nuc_base_SMR,2055,OM-fixed,31.89,SMR (once through)
base load generation,nuclear,nuc_base_SMR,2055,OM-fixed,31.89,SMR (seawater)
base load generation,nuclear,nuc_base_SMR,2055,OM-fixed,31.89,SMR (recirculating)
base load generation,nuclear,nuc_base_SMR,2055,OM-fixed,31.89,SMR (cooling pond)
base load generation,refined liquids,refined liquids_base_steam/CT,2055,OM-fixed,5.16,refined liquids (steam/CT) (once through)
base load generation,refined liquids,refined liquids_base_steam/CT,2055,OM-fixed,5.16,refined liquids (steam/CT) (seawater)
base load generation,refined liquids,refined liquids_base_steam/CT,2055,OM-fixed,5.16,refined liquids (steam/CT) (recirculating)
base load generation,refined liquids,refined liquids_base_steam/CT,2055,OM-fixed,5.16,refined liquids (steam/CT) (cooling pond)
base load generation,refined liquids,refined liquids_base_steam/CT,2055,OM-fixed,5.16,refined liquids (steam/CT) (dry cooling)
base load generation,refined liquids,refined liquids_base_CC,2055,OM-fixed,6.26,refined liquids (CC) (once through)
base load generation,refined liquids,refined liquids_base_CC,2055,OM-fixed,6.26,refined liquids (CC) (seawater)
base load generation,refined liquids,refined liquids_base_CC,2055,OM-fixed,6.26,refined liquids (CC) (recirculating)
base load generation,refined liquids,refined liquids_base_CC,2055,OM-fixed,6.26,refined liquids (CC) (dry cooling)
base load generation,refined liquids,refined liquids_base_CC_CCS,2055,OM-fixed,10.41,refined liquids (CC CCS) (once through)
base load generation,refined liquids,refined liquids_base_CC_CCS,2055,OM-fixed,10.41,refined liquids (CC CCS) (seawater)
base load generation,refined liquids,refined liquids_base_CC_CCS,2055,OM-fixed,10.41,refined liquids (CC CCS) (recirculating)
base load generation,refined liquids,refined liquids_base_CC_CCS,2055,OM-fixed,10.41,refined liquids (CC CCS) (dry cooling)
base load generation,solar,PV_base_storage,2055,OM-fixed,18.81,PV_base_storage
base load generation,solar,CSP_base_storage,2055,OM-fixed,12.19,CSP_base_storage
base load generation,wind,wind_base_storage,2055,OM-fixed,21.73,wind_base_storage
base load generation,coal,coal_base_conv pul 1951-1955,2055,OM-fixed,16.72,coal (conv pul) (once through)
base load generation,coal,coal_base_conv pul 1951-1955,2055,OM-fixed,16.72,coal (conv pul) (seawater)
base load generation,coal,coal_base_conv pul 1951-1955,2055,OM-fixed,16.72,coal (conv pul) (recirculating)
base load generation,coal,coal_base_conv pul 1951-1955,2055,OM-fixed,16.72,coal (conv pul) (cooling pond)
base load generation,coal,coal_base_conv pul 1951-1955,2055,OM-fixed,16.72,coal (conv pul) (dry cooling)
base load generation,coal,coal_base_conv pul 1956-1960,2055,OM-fixed,16.72,coal (conv pul) (once through)
base load generation,coal,coal_base_conv pul 1956-1960,2055,OM-fixed,16.72,coal (conv pul) (seawater)
base load generation,coal,coal_base_conv pul 1956-1960,2055,OM-fixed,16.72,coal (conv pul) (recirculating)
base load generation,coal,coal_base_conv pul 1956-1960,2055,OM-fixed,16.72,coal (conv pul) (cooling pond)
base load generation,coal,coal_base_conv pul 1956-1960,2055,OM-fixed,16.72,coal (conv pul) (dry cooling)
base load generation,coal,coal_base_conv pul 1961-1965,2055,OM-fixed,16.72,coal (conv pul) (once through)
base load generation,coal,coal_base_conv pul 1961-1965,2055,OM-fixed,16.72,coal (conv pul) (seawater)
base load generation,coal,coal_base_conv pul 1961-1965,2055,OM-fixed,16.72,coal (conv pul) (recirculating)
base load generation,coal,coal_base_conv pul 1961-1965,2055,OM-fixed,16.72,coal (conv pul) (cooling pond)
base load generation,coal,coal_base_conv pul 1961-1965,2055,OM-fixed,16.72,coal (conv pul) (dry cooling)
base load generation,coal,coal_base_conv pul 1966-1970,2055,OM-fixed,16.72,coal (conv pul) (once through)
base load generation,coal,coal_base_conv pul 1966-1970,2055,OM-fixed,16.72,coal (conv pul) (seawater)
base load generation,coal,coal_base_conv pul 1966-1970,2055,OM-fixed,16.72,coal (conv pul) (recirculating)
base load generation,coal,coal_base_conv pul 1966-1970,2055,OM-fixed,16.72,coal (conv pul) (cooling pond)
base load generation,coal,coal_base_conv pul 1966-1970,2055,OM-fixed,16.72,coal (conv pul) (dry cooling)
base load generation,coal,coal_base_conv pul 1971-1975,2055,OM-fixed,16.72,coal (conv pul) (once through)
base load generation,coal,coal_base_conv pul 1971-1975,2055,OM-fixed,16.72,coal (conv pul) (seawater)
base load generation,coal,coal_base_conv pul 1971-1975,2055,OM-fixed,16.72,coal (conv pul) (recirculating)
base load generation,coal,coal_base_conv pul 1971-1975,2055,OM-fixed,16.72,coal (conv pul) (cooling pond)
base load generation,coal,coal_base_conv pul 1971-1975,2055,OM-fixed,16.72,coal (conv pul) (dry cooling)
base load generation,coal,coal_base_conv pul 1976-1980,2055,OM-fixed,16.72,coal (conv pul) (once through)
base load generation,coal,coal_base_conv pul 1976-1980,2055,OM-fixed,16.72,coal (conv pul) (seawater)
base load generation,coal,coal_base_conv pul 1976-1980,2055,OM-fixed,16.72,coal (conv pul) (recirculating)
base load generation,coal,coal_base_conv pul 1976-1980,2055,OM-fixed,16.72,coal (conv pul) (cooling pond)
base load generation,coal,coal_base_conv pul 1976-1980,2055,OM-fixed,16.72,coal (conv pul) (dry cooling)
base load generation,coal,coal_base_conv pul 1981-1985,2055,OM-fixed,16.72,coal (conv pul) (once through)
base load generation,coal,coal_base_conv pul 1981-1985,2055,OM-fixed,16.72,coal (conv pul) (seawater)
base load generation,coal,coal_base_conv pul 1981-1985,2055,OM-fixed,16.72,coal (conv pul) (recirculating)
base load generation,coal,coal_base_conv pul 1981-1985,2055,OM-fixed,16.72,coal (conv pul) (cooling pond)
base load generation,coal,coal_base_conv pul 1981-1985,2055,OM-fixed,16.72,coal (conv pul) (dry cooling)
base load generation,coal,coal_base_conv pul 1986-1990,2055,OM-fixed,16.72,coal (conv pul) (once through)
base load generation,coal,coal_base_conv pul 1986-1990,2055,OM-fixed,16.72,coal (conv pul) (seawater)
base load generation,coal,coal_base_conv pul 1986-1990,2055,OM-fixed,16.72,coal (conv pul) (recirculating)
base load generation,coal,coal_base_conv pul 1986-1990,2055,OM-fixed,16.72,coal (conv pul) (cooling pond)
base load generation,coal,coal_base_conv pul 1986-1990,2055,OM-fixed,16.72,coal (conv pul) (dry cooling)
base load generation,coal,coal_base_conv pul 1991-1995,2055,OM-fixed,16.72,coal (conv pul) (once through)
base load generation,coal,coal_base_conv pul 1991-1995,2055,OM-fixed,16.72,coal (conv pul) (seawater)
base load generation,coal,coal_base_conv pul 1991-1995,2055,OM-fixed,16.72,coal (conv pul) (recirculating)
base load generation,coal,coal_base_conv pul 1991-1995,2055,OM-fixed,16.72,coal (conv pul) (cooling pond)
base load generation,coal,coal_base_conv pul 1991-1995,2055,OM-fixed,16.72,coal (conv pul) (dry cooling)
base load generation,coal,coal_base_conv pul 1996-2000,2055,OM-fixed,16.72,coal (conv pul) (once through)
base load generation,coal,coal_base_conv pul 1996-2000,2055,OM-fixed,16.72,coal (conv pul) (seawater)
base load generation,coal,coal_base_conv pul 1996-2000,2055,OM-fixed,16.72,coal (conv pul) (recirculating)
base load generation,coal,coal_base_conv pul 1996-2000,2055,OM-fixed,16.72,coal (conv pul) (cooling pond)
base load generation,coal,coal_base_conv pul 1996-2000,2055,OM-fixed,16.72,coal (conv pul) (dry cooling)
base load generation,coal,coal_base_conv pul 2001-2005,2055,OM-fixed,16.72,coal (conv pul) (once through)
base load generation,coal,coal_base_conv pul 2001-2005,2055,OM-fixed,16.72,coal (conv pul) (seawater)
base load generation,coal,coal_base_conv pul 2001-2005,2055,OM-fixed,16.72,coal (conv pul) (recirculating)
base load generation,coal,coal_base_conv pul 2001-2005,2055,OM-fixed,16.72,coal (conv pul) (cooling pond)
base load generation,coal,coal_base_conv pul 2001-2005,2055,OM-fixed,16.72,coal (conv pul) (dry cooling)
base load generation,coal,coal_base_conv pul 2006-2010,2055,OM-fixed,16.72,coal (conv pul) (once through)
base load generation,coal,coal_base_conv pul 2006-2010,2055,OM-fixed,16.72,coal (conv pul) (seawater)
base load generation,coal,coal_base_conv pul 2006-2010,2055,OM-fixed,16.72,coal (conv pul) (recirculating)
base load generation,coal,coal_base_conv pul 2006-2010,2055,OM-fixed,16.72,coal (conv pul) (cooling pond)
base load generation,coal,coal_base_conv pul 2006-2010,2055,OM-fixed,16.72,coal (conv pul) (dry cooling)
base load generation,coal,coal_base_conv pul 2011-2015,2055,OM-fixed,16.72,coal (conv pul) (once through)
base load generation,coal,coal_base_conv pul 2011-2015,2055,OM-fixed,16.72,coal (conv pul) (seawater)
base load generation,coal,coal_base_conv pul 2011-2015,2055,OM-fixed,16.72,coal (conv pul) (recirculating)
base load generation,coal,coal_base_conv pul 2011-2015,2055,OM-fixed,16.72,coal (conv pul) (cooling pond)
base load generation,coal,coal_base_conv pul 2011-2015,2055,OM-fixed,16.72,coal (conv pul) (dry cooling)
base load generation,coal,coal_base_conv pul 2016-2021,2055,OM-fixed,16.72,coal (conv pul) (once through)
base load generation,coal,coal_base_conv pul 2016-2021,2055,OM-fixed,16.72,coal (conv pul) (seawater)
base load generation,coal,coal_base_conv pul 2016-2021,2055,OM-fixed,16.72,coal (conv pul) (recirculating)
base load generation,coal,coal_base_conv pul 2016-2021,2055,OM-fixed,16.72,coal (conv pul) (cooling pond)
base load generation,coal,coal_base_conv pul 2016-2021,2055,OM-fixed,16.72,coal (conv pul) (dry cooling)
base load generation,coal,coal_base_conv pul before 1950,2055,OM-fixed,16.72,coal (conv pul) (once through)
base load generation,coal,coal_base_conv pul before 1950,2055,OM-fixed,16.72,coal (conv pul) (seawater)
base load generation,coal,coal_base_conv pul before 1950,2055,OM-fixed,16.72,coal (conv pul) (recirculating)
base load generation,coal,coal_base_conv pul before 1950,2055,OM-fixed,16.72,coal (conv pul) (cooling pond)
base load generation,coal,coal_base_conv pul before 1950,2055,OM-fixed,16.72,coal (conv pul) (dry cooling)
base load generation,coal,coal_base_conv pul_retire_2023,2055,OM-fixed,16.72,coal (conv pul) (once through)
base load generation,coal,coal_base_conv pul_retire_2023,2055,OM-fixed,16.72,coal (conv pul) (seawater)
base load generation,coal,coal_base_conv pul_retire_2023,2055,OM-fixed,16.72,coal (conv pul) (recirculating)
base load generation,coal,coal_base_conv pul_retire_2023,2055,OM-fixed,16.72,coal (conv pul) (cooling pond)
base load generation,coal,coal_base_conv pul_retire_2023,2055,OM-fixed,16.72,coal (conv pul) (dry cooling)
base load generation,biomass,biomass_base_conv,2060,OM-fixed,38.18,biomass (conv) (once through)
base load generation,biomass,biomass_base_conv,2060,OM-fixed,38.18,biomass (conv) (seawater)
base load generation,biomass,biomass_base_conv,2060,OM-fixed,38.18,biomass (conv) (recirculating)
base load generation,biomass,biomass_base_conv,2060,OM-fixed,38.18,biomass (conv) (cooling pond)
base load generation,biomass,biomass_base_conv,2060,OM-fixed,38.18,biomass (conv) (dry cooling)
base load generation,biomass,biomass_base_conv_CCS,2060,OM-fixed,37.9,biomass (conv CCS) (once through)
base load generation,biomass,biomass_base_conv_CCS,2060,OM-fixed,37.9,biomass (conv CCS) (seawater)
base load generation,biomass,biomass_base_conv_CCS,2060,OM-fixed,37.9,biomass (conv CCS) (recirculating)
base load generation,biomass,biomass_base_conv_CCS,2060,OM-fixed,37.9,biomass (conv CCS) (dry cooling)
base load generation,biomass,biomass_base_IGCC,2060,OM-fixed,56.78,biomass (IGCC) (once through)
base load generation,biomass,biomass_base_IGCC,2060,OM-fixed,56.78,biomass (IGCC) (seawater)
base load generation,biomass,biomass_base_IGCC,2060,OM-fixed,56.78,biomass (IGCC) (recirculating)
base load generation,biomass,biomass_base_IGCC,2060,OM-fixed,56.78,biomass (IGCC) (dry cooling)
base load generation,biomass,biomass_base_IGCC_CCS,2060,OM-fixed,63.96,biomass (IGCC CCS) (once through)
base load generation,biomass,biomass_base_IGCC_CCS,2060,OM-fixed,63.96,biomass (IGCC CCS) (seawater)
base load generation,biomass,biomass_base_IGCC_CCS,2060,OM-fixed,63.96,biomass (IGCC CCS) (recirculating)
base load generation,biomass,biomass_base_IGCC_CCS,2060,OM-fixed,63.96,biomass (IGCC CCS) (dry cooling)
base load generation,coal,coal_base_conv pul,2060,OM-fixed,16.63,coal (conv pul) (once through)
base load generation,coal,coal_base_conv pul,2060,OM-fixed,16.63,coal (conv pul) (seawater)
base load generation,coal,coal_base_conv pul,2060,OM-fixed,16.63,coal (conv pul) (recirculating)
base load generation,coal,coal_base_conv pul,2060,OM-fixed,16.63,coal (conv pul) (cooling pond)
base load generation,coal,coal_base_conv pul,2060,OM-fixed,16.63,coal (conv pul) (dry cooling)
base load generation,coal,coal_base_conv pul_CCS,2060,OM-fixed,23.66,coal (conv pul CCS) (once through)
base load generation,coal,coal_base_conv pul_CCS,2060,OM-fixed,23.66,coal (conv pul CCS) (seawater)
base load generation,coal,coal_base_conv pul_CCS,2060,OM-fixed,23.66,coal (conv pul CCS) (recirculating)
base load generation,coal,coal_base_conv pul_CCS,2060,OM-fixed,23.66,coal (conv pul CCS) (dry cooling)
base load generation,coal,coal_base_IGCC,2060,OM-fixed,35.23,coal (IGCC) (once through)
base load generation,coal,coal_base_IGCC,2060,OM-fixed,35.23,coal (IGCC) (seawater)
base load generation,coal,coal_base_IGCC,2060,OM-fixed,35.23,coal (IGCC) (recirculating)
base load generation,coal,coal_base_IGCC,2060,OM-fixed,35.23,coal (IGCC) (dry cooling)
base load generation,coal,coal_base_IGCC_CCS,2060,OM-fixed,49.72,coal (IGCC CCS) (once through)
base load generation,coal,coal_base_IGCC_CCS,2060,OM-fixed,49.72,coal (IGCC CCS) (seawater)
base load generation,coal,coal_base_IGCC_CCS,2060,OM-fixed,49.72,coal (IGCC CCS) (recirculating)
base load generation,coal,coal_base_IGCC_CCS,2060,OM-fixed,49.72,coal (IGCC CCS) (dry cooling)
base load generation,gas,gas_base_CC,2060,OM-fixed,6.23,gas (CC) (once through)
base load generation,gas,gas_base_CC,2060,OM-fixed,6.23,gas (CC) (seawater)
base load generation,gas,gas_base_CC,2060,OM-fixed,6.23,gas (CC) (recirculating)
base load generation,gas,gas_base_CC,2060,OM-fixed,6.23,gas (CC) (cooling pond)
base load generation,gas,gas_base_CC,2060,OM-fixed,6.23,gas (CC) (dry cooling)
base load generation,gas,gas_base_CC_CCS,2060,OM-fixed,10.36,gas (CC CCS) (once through)
base load generation,gas,gas_base_CC_CCS,2060,OM-fixed,10.36,gas (CC CCS) (seawater)
base load generation,gas,gas_base_CC_CCS,2060,OM-fixed,10.36,gas (CC CCS) (recirculating)
base load generation,gas,gas_base_CC_CCS,2060,OM-fixed,10.36,gas (CC CCS) (dry cooling)
base load generation,geothermal,geo_base,2060,OM-fixed,26.21,geothermal (recirculating)
base load generation,geothermal,geo_base,2060,OM-fixed,26.21,geothermal (dry_hybrid)
base load generation,nuclear,nuc_base_Gen II,2060,OM-fixed,41.24,Gen_II_LWR (once through)
base load generation,nuclear,nuc_base_Gen II,2060,OM-fixed,41.24,Gen_II_LWR (seawater)
base load generation,nuclear,nuc_base_Gen II,2060,OM-fixed,41.24,Gen_II_LWR (recirculating)
base load generation,nuclear,nuc_base_Gen II,2060,OM-fixed,41.24,Gen_II_LWR (cooling pond)
base load generation,nuclear,nuc_base_large reactor,2060,OM-fixed,40.83,large reactor (once through)
base load generation,nuclear,nuc_base_large reactor,2060,OM-fixed,40.83,large reactor (seawater)
base load generation,nuclear,nuc_base_large reactor,2060,OM-fixed,40.83,large reactor (recirculating)
base load generation,nuclear,nuc_base_large reactor,2060,OM-fixed,40.83,large reactor (cooling pond)
base load generation,nuclear,nuc_base_SMR,2060,OM-fixed,31.73,SMR (once through)
base load generation,nuclear,nuc_base_SMR,2060,OM-fixed,31.73,SMR (seawater)
base load generation,nuclear,nuc_base_SMR,2060,OM-fixed,31.73,SMR (recirculating)
base load generation,nuclear,nuc_base_SMR,2060,OM-fixed,31.73,SMR (cooling pond)
base load generation,refined liquids,refined liquids_base_steam/CT,2060,OM-fixed,5.13,refined liquids (steam/CT) (once through)
base load generation,refined liquids,refined liquids_base_steam/CT,2060,OM-fixed,5.13,refined liquids (steam/CT) (seawater)
base load generation,refined liquids,refined liquids_base_steam/CT,2060,OM-fixed,5.13,refined liquids (steam/CT) (recirculating)
base load generation,refined liquids,refined liquids_base_steam/CT,2060,OM-fixed,5.13,refined liquids (steam/CT) (cooling pond)
base load generation,refined liquids,refined liquids_base_steam/CT,2060,OM-fixed,5.13,refined liquids (steam/CT) (dry cooling)
base load generation,refined liquids,refined liquids_base_CC,2060,OM-fixed,6.23,refined liquids (CC) (once through)
base load generation,refined liquids,refined liquids_base_CC,2060,OM-fixed,6.23,refined liquids (CC) (seawater)
base load generation,refined liquids,refined liquids_base_CC,2060,OM-fixed,6.23,refined liquids (CC) (recirculating)
base load generation,refined liquids,refined liquids_base_CC,2060,OM-fixed,6.23,refined liquids (CC) (dry cooling)
base load generation,refined liquids,refined liquids_base_CC_CCS,2060,OM-fixed,10.36,refined liquids (CC CCS) (once through)
base load generation,refined liquids,refined liquids_base_CC_CCS,2060,OM-fixed,10.36,refined liquids (CC CCS) (seawater)
base load generation,refined liquids,refined liquids_base_CC_CCS,2060,OM-fixed,10.36,refined liquids (CC CCS) (recirculating)
base load generation,refined liquids,refined liquids_base_CC_CCS,2060,OM-fixed,10.36,refined liquids (CC CCS) (dry cooling)
base load generation,solar,PV_base_storage,2060,OM-fixed,18.71,PV_base_storage
base load generation,solar,CSP_base_storage,2060,OM-fixed,12.13,CSP_base_storage
base load generation,wind,wind_base_storage,2060,OM-fixed,21.63,wind_base_storage
base load generation,coal,coal_base_conv pul 1951-1955,2060,OM-fixed,16.63,coal (conv pul) (once through)
base load generation,coal,coal_base_conv pul 1951-1955,2060,OM-fixed,16.63,coal (conv pul) (seawater)
base load generation,coal,coal_base_conv pul 1951-1955,2060,OM-fixed,16.63,coal (conv pul) (recirculating)
base load generation,coal,coal_base_conv pul 1951-1955,2060,OM-fixed,16.63,coal (conv pul) (cooling pond)
base load generation,coal,coal_base_conv pul 1951-1955,2060,OM-fixed,16.63,coal (conv pul) (dry cooling)
base load generation,coal,coal_base_conv pul 1956-1960,2060,OM-fixed,16.63,coal (conv pul) (once through)
base load generation,coal,coal_base_conv pul 1956-1960,2060,OM-fixed,16.63,coal (conv pul) (seawater)
base load generation,coal,coal_base_conv pul 1956-1960,2060,OM-fixed,16.63,coal (conv pul) (recirculating)
base load generation,coal,coal_base_conv pul 1956-1960,2060,OM-fixed,16.63,coal (conv pul) (cooling pond)
base load generation,coal,coal_base_conv pul 1956-1960,2060,OM-fixed,16.63,coal (conv pul) (dry cooling)
base load generation,coal,coal_base_conv pul 1961-1965,2060,OM-fixed,16.63,coal (conv pul) (once through)
base load generation,coal,coal_base_conv pul 1961-1965,2060,OM-fixed,16.63,coal (conv pul) (seawater)
base load generation,coal,coal_base_conv pul 1961-1965,2060,OM-fixed,16.63,coal (conv pul) (recirculating)
base load generation,coal,coal_base_conv pul 1961-1965,2060,OM-fixed,16.63,coal (conv pul) (cooling pond)
base load generation,coal,coal_base_conv pul 1961-1965,2060,OM-fixed,16.63,coal (conv pul) (dry cooling)
base load generation,coal,coal_base_conv pul 1966-1970,2060,OM-fixed,16.63,coal (conv pul) (once through)
base load generation,coal,coal_base_conv pul 1966-1970,2060,OM-fixed,16.63,coal (conv pul) (seawater)
base load generation,coal,coal_base_conv pul 1966-1970,2060,OM-fixed,16.63,coal (conv pul) (recirculating)
base load generation,coal,coal_base_conv pul 1966-1970,2060,OM-fixed,16.63,coal (conv pul) (cooling pond)
base load generation,coal,coal_base_conv pul 1966-1970,2060,OM-fixed,16.63,coal (conv pul) (dry cooling)
base load generation,coal,coal_base_conv pul 1971-1975,2060,OM-fixed,16.63,coal (conv pul) (once through)
base load generation,coal,coal_base_conv pul 1971-1975,2060,OM-fixed,16.63,coal (conv pul) (seawater)
base load generation,coal,coal_base_conv pul 1971-1975,2060,OM-fixed,16.63,coal (conv pul) (recirculating)
base load generation,coal,coal_base_conv pul 1971-1975,2060,OM-fixed,16.63,coal (conv pul) (cooling pond)
base load generation,coal,coal_base_conv pul 1971-1975,2060,OM-fixed,16.63,coal (conv pul) (dry cooling)
base load generation,coal,coal_base_conv pul 1976-1980,2060,OM-fixed,16.63,coal (conv pul) (once through)
base load generation,coal,coal_base_conv pul 1976-1980,2060,OM-fixed,16.63,coal (conv pul) (seawater)
base load generation,coal,coal_base_conv pul 1976-1980,2060,OM-fixed,16.63,coal (conv pul) (recirculating)
base load generation,coal,coal_base_conv pul 1976-1980,2060,OM-fixed,16.63,coal (conv pul) (cooling pond)
base load generation,coal,coal_base_conv pul 1976-1980,2060,OM-fixed,16.63,coal (conv pul) (dry cooling)
base load generation,coal,coal_base_conv pul 1981-1985,2060,OM-fixed,16.63,coal (conv pul) (once through)
base load generation,coal,coal_base_conv pul 1981-1985,2060,OM-fixed,16.63,coal (conv pul) (seawater)
base load generation,coal,coal_base_conv pul 1981-1985,2060,OM-fixed,16.63,coal (conv pul) (recirculating)
base load generation,coal,coal_base_conv pul 1981-1985,2060,OM-fixed,16.63,coal (conv pul) (cooling pond)
base load generation,coal,coal_base_conv pul 1981-1985,2060,OM-fixed,16.63,coal (conv pul) (dry cooling)
base load generation,coal,coal_base_conv pul 1986-1990,2060,OM-fixed,16.63,coal (conv pul) (once through)
base load generation,coal,coal_base_conv pul 1986-1990,2060,OM-fixed,16.63,coal (conv pul) (seawater)
base load generation,coal,coal_base_conv pul 1986-1990,2060,OM-fixed,16.63,coal (conv pul) (recirculating)
base load generation,coal,coal_base_conv pul 1986-1990,2060,OM-fixed,16.63,coal (conv pul) (cooling pond)
base load generation,coal,coal_base_conv pul 1986-1990,2060,OM-fixed,16.63,coal (conv pul) (dry cooling)
base load generation,coal,coal_base_conv pul 1991-1995,2060,OM-fixed,16.63,coal (conv pul) (once through)
base load generation,coal,coal_base_conv pul 1991-1995,2060,OM-fixed,16.63,coal (conv pul) (seawater)
base load generation,coal,coal_base_conv pul 1991-1995,2060,OM-fixed,16.63,coal (conv pul) (recirculating)
base load generation,coal,coal_base_conv pul 1991-1995,2060,OM-fixed,16.63,coal (conv pul) (cooling pond)
base load generation,coal,coal_base_conv pul 1991-1995,2060,OM-fixed,16.63,coal (conv pul) (dry cooling)
base load generation,coal,coal_base_conv pul 1996-2000,2060,OM-fixed,16.63,coal (conv pul) (once through)
base load generation,coal,coal_base_conv pul 1996-2000,2060,OM-fixed,16.63,coal (conv pul) (seawater)
base load generation,coal,coal_base_conv pul 1996-2000,2060,OM-fixed,16.63,coal (conv pul) (recirculating)
base load generation,coal,coal_base_conv pul 1996-2000,2060,OM-fixed,16.63,coal (conv pul) (cooling pond)
base load generation,coal,coal_base_conv pul 1996-2000,2060,OM-fixed,16.63,coal (conv pul) (dry cooling)
base load generation,coal,coal_base_conv pul 2001-2005,2060,OM-fixed,16.63,coal (conv pul) (once through)
base load generation,coal,coal_base_conv pul 2001-2005,2060,OM-fixed,16.63,coal (conv pul) (seawater)
base load generation,coal,coal_base_conv pul 2001-2005,2060,OM-fixed,16.63,coal (conv pul) (recirculating)
base load generation,coal,coal_base_conv pul 2001-2005,2060,OM-fixed,16.63,coal (conv pul) (cooling pond)
base load generation,coal,coal_base_conv pul 2001-2005,2060,OM-fixed,16.63,coal (conv pul) (dry cooling)
base load generation,coal,coal_base_conv pul 2006-2010,2060,OM-fixed,16.63,coal (conv pul) (once through)
base load generation,coal,coal_base_conv pul 2006-2010,2060,OM-fixed,16.63,coal (conv pul) (seawater)
base load generation,coal,coal_base_conv pul 2006-2010,2060,OM-fixed,16.63,coal (conv pul) (recirculating)
base load generation,coal,coal_base_conv pul 2006-2010,2060,OM-fixed,16.63,coal (conv pul) (cooling pond)
base load generation,coal,coal_base_conv pul 2006-2010,2060,OM-fixed,16.63,coal (conv pul) (dry cooling)
base load generation,coal,coal_base_conv pul 2011-2015,2060,OM-fixed,16.63,coal (conv pul) (once through)
base load generation,coal,coal_base_conv pul 2011-2015,2060,OM-fixed,16.63,coal (conv pul) (seawater)
base load generation,coal,coal_base_conv pul 2011-2015,2060,OM-fixed,16.63,coal (conv pul) (recirculating)
base load generation,coal,coal_base_conv pul 2011-2015,2060,OM-fixed,16.63,coal (conv pul) (cooling pond)
base load generation,coal,coal_base_conv pul 2011-2015,2060,OM-fixed,16.63,coal (conv pul) (dry cooling)
base load generation,coal,coal_base_conv pul 2016-2021,2060,OM-fixed,16.63,coal (conv pul) (once through)
base load generation,coal,coal_base_conv pul 2016-2021,2060,OM-fixed,16.63,coal (conv pul) (seawater)
base load generation,coal,coal_base_conv pul 2016-2021,2060,OM-fixed,16.63,coal (conv pul) (recirculating)
base load generation,coal,coal_base_conv pul 2016-2021,2060,OM-fixed,16.63,coal (conv pul) (cooling pond)
base load generation,coal,coal_base_conv pul 2016-2021,2060,OM-fixed,16.63,coal (conv pul) (dry cooling)
base load generation,coal,coal_base_conv pul before 1950,2060,OM-fixed,16.63,coal (conv pul) (once through)
base load generation,coal,coal_base_conv pul before 1950,2060,OM-fixed,16.63,coal (conv pul) (seawater)
base load generation,coal,coal_base_conv pul before 1950,2060,OM-fixed,16.63,coal (conv pul) (recirculating)
base load generation,coal,coal_base_conv pul before 1950,2060,OM-fixed,16.63,coal (conv pul) (cooling pond)
base load generation,coal,coal_base_conv pul before 1950,2060,OM-fixed,16.63,coal (conv pul) (dry cooling)
base load generation,coal,coal_base_conv pul_retire_2023,2060,OM-fixed,16.63,coal (conv pul) (once through)
base load generation,coal,coal_base_conv pul_retire_2023,2060,OM-fixed,16.63,coal (conv pul) (seawater)
base load generation,coal,coal_base_conv pul_retire_2023,2060,OM-fixed,16.63,coal (conv pul) (recirculating)
base load generation,coal,coal_base_conv pul_retire_2023,2060,OM-fixed,16.63,coal (conv pul) (cooling pond)
base load generation,coal,coal_base_conv pul_retire_2023,2060,OM-fixed,16.63,coal (conv pul) (dry cooling)
base load generation,biomass,biomass_base_conv,2065,OM-fixed,37.99,biomass (conv) (once through)
base load generation,biomass,biomass_base_conv,2065,OM-fixed,37.99,biomass (conv) (seawater)
base load generation,biomass,biomass_base_conv,2065,OM-fixed,37.99,biomass (conv) (recirculating)
base load generation,biomass,biomass_base_conv,2065,OM-fixed,37.99,biomass (conv) (cooling pond)
base load generation,biomass,biomass_base_conv,2065,OM-fixed,37.99,biomass (conv) (dry cooling)
base load generation,biomass,biomass_base_conv_CCS,2065,OM-fixed,37.71,biomass (conv CCS) (once through)
base load generation,biomass,biomass_base_conv_CCS,2065,OM-fixed,37.71,biomass (conv CCS) (seawater)
base load generation,biomass,biomass_base_conv_CCS,2065,OM-fixed,37.71,biomass (conv CCS) (recirculating)
base load generation,biomass,biomass_base_conv_CCS,2065,OM-fixed,37.71,biomass (conv CCS) (dry cooling)
base load generation,biomass,biomass_base_IGCC,2065,OM-fixed,56.49,biomass (IGCC) (once through)
base load generation,biomass,biomass_base_IGCC,2065,OM-fixed,56.49,biomass (IGCC) (seawater)
base load generation,biomass,biomass_base_IGCC,2065,OM-fixed,56.49,biomass (IGCC) (recirculating)
base load generation,biomass,biomass_base_IGCC,2065,OM-fixed,56.49,biomass (IGCC) (dry cooling)
base load generation,biomass,biomass_base_IGCC_CCS,2065,OM-fixed,63.64,biomass (IGCC CCS) (once through)
base load generation,biomass,biomass_base_IGCC_CCS,2065,OM-fixed,63.64,biomass (IGCC CCS) (seawater)
base load generation,biomass,biomass_base_IGCC_CCS,2065,OM-fixed,63.64,biomass (IGCC CCS) (recirculating)
base load generation,biomass,biomass_base_IGCC_CCS,2065,OM-fixed,63.64,biomass (IGCC CCS) (dry cooling)
base load generation,coal,coal_base_conv pul,2065,OM-fixed,16.55,coal (conv pul) (once through)
base load generation,coal,coal_base_conv pul,2065,OM-fixed,16.55,coal (conv pul) (seawater)
base load generation,coal,coal_base_conv pul,2065,OM-fixed,16.55,coal (conv pul) (recirculating)
base load generation,coal,coal_base_conv pul,2065,OM-fixed,16.55,coal (conv pul) (cooling pond)
base load generation,coal,coal_base_conv pul,2065,OM-fixed,16.55,coal (conv pul) (dry cooling)
base load generation,coal,coal_base_conv pul_CCS,2065,OM-fixed,23.54,coal (conv pul CCS) (once through)
base load generation,coal,coal_base_conv pul_CCS,2065,OM-fixed,23.54,coal (conv pul CCS) (seawater)
base load generation,coal,coal_base_conv pul_CCS,2065,OM-fixed,23.54,coal (conv pul CCS) (recirculating)
base load generation,coal,coal_base_conv pul_CCS,2065,OM-fixed,23.54,coal (conv pul CCS) (dry cooling)
base load generation,coal,coal_base_IGCC,2065,OM-fixed,35.05,coal (IGCC) (once through)
base load generation,coal,coal_base_IGCC,2065,OM-fixed,35.05,coal (IGCC) (seawater)
base load generation,coal,coal_base_IGCC,2065,OM-fixed,35.05,coal (IGCC) (recirculating)
base load generation,coal,coal_base_IGCC,2065,OM-fixed,35.05,coal (IGCC) (dry cooling)
base load generation,coal,coal_base_IGCC_CCS,2065,OM-fixed,49.47,coal (IGCC CCS) (once through)
base load generation,coal,coal_base_IGCC_CCS,2065,OM-fixed,49.47,coal (IGCC CCS) (seawater)
base load generation,coal,coal_base_IGCC_CCS,2065,OM-fixed,49.47,coal (IGCC CCS) (recirculating)
base load generation,coal,coal_base_IGCC_CCS,2065,OM-fixed,49.47,coal (IGCC CCS) (dry cooling)
base load generation,gas,gas_base_CC,2065,OM-fixed,6.2,gas (CC) (once through)
base load generation,gas,gas_base_CC,2065,OM-fixed,6.2,gas (CC) (seawater)
base load generation,gas,gas_base_CC,2065,OM-fixed,6.2,gas (CC) (recirculating)
base load generation,gas,gas_base_CC,2065,OM-fixed,6.2,gas (CC) (cooling pond)
base load generation,gas,gas_base_CC,2065,OM-fixed,6.2,gas (CC) (dry cooling)
base load generation,gas,gas_base_CC_CCS,2065,OM-fixed,10.31,gas (CC CCS) (once through)
base load generation,gas,gas_base_CC_CCS,2065,OM-fixed,10.31,gas (CC CCS) (seawater)
base load generation,gas,gas_base_CC_CCS,2065,OM-fixed,10.31,gas (CC CCS) (recirculating)
base load generation,gas,gas_base_CC_CCS,2065,OM-fixed,10.31,gas (CC CCS) (dry cooling)
base load generation,geothermal,geo_base,2065,OM-fixed,26.08,geothermal (recirculating)
base load generation,geothermal,geo_base,2065,OM-fixed,26.08,geothermal (dry_hybrid)
base load generation,nuclear,nuc_base_Gen II,2065,OM-fixed,41.24,Gen_II_LWR (once through)
base load generation,nuclear,nuc_base_Gen II,2065,OM-fixed,41.24,Gen_II_LWR (seawater)
base load generation,nuclear,nuc_base_Gen II,2065,OM-fixed,41.24,Gen_II_LWR (recirculating)
base load generation,nuclear,nuc_base_Gen II,2065,OM-fixed,41.24,Gen_II_LWR (cooling pond)
base load generation,nuclear,nuc_base_large reactor,2065,OM-fixed,40.62,large reactor (once through)
base load generation,nuclear,nuc_base_large reactor,2065,OM-fixed,40.62,large reactor (seawater)
base load generation,nuclear,nuc_base_large reactor,2065,OM-fixed,40.62,large reactor (recirculating)
base load generation,nuclear,nuc_base_large reactor,2065,OM-fixed,40.62,large reactor (cooling pond)
base load generation,nuclear,nuc_base_SMR,2065,OM-fixed,31.57,SMR (once through)
base load generation,nuclear,nuc_base_SMR,2065,OM-fixed,31.57,SMR (seawater)
base load generation,nuclear,nuc_base_SMR,2065,OM-fixed,31.57,SMR (recirculating)
base load generation,nuclear,nuc_base_SMR,2065,OM-fixed,31.57,SMR (cooling pond)
base load generation,refined liquids,refined liquids_base_steam/CT,2065,OM-fixed,5.11,refined liquids (steam/CT) (once through)
base load generation,refined liquids,refined liquids_base_steam/CT,2065,OM-fixed,5.11,refined liquids (steam/CT) (seawater)
base load generation,refined liquids,refined liquids_base_steam/CT,2065,OM-fixed,5.11,refined liquids (steam/CT) (recirculating)
base load generation,refined liquids,refined liquids_base_steam/CT,2065,OM-fixed,5.11,refined liquids (steam/CT) (cooling pond)
base load generation,refined liquids,refined liquids_base_steam/CT,2065,OM-fixed,5.11,refined liquids (steam/CT) (dry cooling)
base load generation,refined liquids,refined liquids_base_CC,2065,OM-fixed,6.2,refined liquids (CC) (once through)
base load generation,refined liquids,refined liquids_base_CC,2065,OM-fixed,6.2,refined liquids (CC) (seawater)
base load generation,refined liquids,refined liquids_base_CC,2065,OM-fixed,6.2,refined liquids (CC) (recirculating)
base load generation,refined liquids,refined liquids_base_CC,2065,OM-fixed,6.2,refined liquids (CC) (dry cooling)
base load generation,refined liquids,refined liquids_base_CC_CCS,2065,OM-fixed,10.31,refined liquids (CC CCS) (once through)
base load generation,refined liquids,refined liquids_base_CC_CCS,2065,OM-fixed,10.31,refined liquids (CC CCS) (seawater)
base load generation,refined liquids,refined liquids_base_CC_CCS,2065,OM-fixed,10.31,refined liquids (CC CCS) (recirculating)
base load generation,refined liquids,refined liquids_base_CC_CCS,2065,OM-fixed,10.31,refined liquids (CC CCS) (dry cooling)
base load generation,solar,PV_base_storage,2065,OM-fixed,18.62,PV_base_storage
base load generation,solar,CSP_base_storage,2065,OM-fixed,12.07,CSP_base_storage
base load generation,wind,wind_base_storage,2065,OM-fixed,21.52,wind_base_storage
base load generation,coal,coal_base_conv pul 1951-1955,2065,OM-fixed,16.55,coal (conv pul) (once through)
base load generation,coal,coal_base_conv pul 1951-1955,2065,OM-fixed,16.55,coal (conv pul) (seawater)
base load generation,coal,coal_base_conv pul 1951-1955,2065,OM-fixed,16.55,coal (conv pul) (recirculating)
base load generation,coal,coal_base_conv pul 1951-1955,2065,OM-fixed,16.55,coal (conv pul) (cooling pond)
base load generation,coal,coal_base_conv pul 1951-1955,2065,OM-fixed,16.55,coal (conv pul) (dry cooling)
base load generation,coal,coal_base_conv pul 1956-1960,2065,OM-fixed,16.55,coal (conv pul) (once through)
base load generation,coal,coal_base_conv pul 1956-1960,2065,OM-fixed,16.55,coal (conv pul) (seawater)
base load generation,coal,coal_base_conv pul 1956-1960,2065,OM-fixed,16.55,coal (conv pul) (recirculating)
base load generation,coal,coal_base_conv pul 1956-1960,2065,OM-fixed,16.55,coal (conv pul) (cooling pond)
base load generation,coal,coal_base_conv pul 1956-1960,2065,OM-fixed,16.55,coal (conv pul) (dry cooling)
base load generation,coal,coal_base_conv pul 1961-1965,2065,OM-fixed,16.55,coal (conv pul) (once through)
base load generation,coal,coal_base_conv pul 1961-1965,2065,OM-fixed,16.55,coal (conv pul) (seawater)
base load generation,coal,coal_base_conv pul 1961-1965,2065,OM-fixed,16.55,coal (conv pul) (recirculating)
base load generation,coal,coal_base_conv pul 1961-1965,2065,OM-fixed,16.55,coal (conv pul) (cooling pond)
base load generation,coal,coal_base_conv pul 1961-1965,2065,OM-fixed,16.55,coal (conv pul) (dry cooling)
base load generation,coal,coal_base_conv pul 1966-1970,2065,OM-fixed,16.55,coal (conv pul) (once through)
base load generation,coal,coal_base_conv pul 1966-1970,2065,OM-fixed,16.55,coal (conv pul) (seawater)
base load generation,coal,coal_base_conv pul 1966-1970,2065,OM-fixed,16.55,coal (conv pul) (recirculating)
base load generation,coal,coal_base_conv pul 1966-1970,2065,OM-fixed,16.55,coal (conv pul) (cooling pond)
base load generation,coal,coal_base_conv pul 1966-1970,2065,OM-fixed,16.55,coal (conv pul) (dry cooling)
base load generation,coal,coal_base_conv pul 1971-1975,2065,OM-fixed,16.55,coal (conv pul) (once through)
base load generation,coal,coal_base_conv pul 1971-1975,2065,OM-fixed,16.55,coal (conv pul) (seawater)
base load generation,coal,coal_base_conv pul 1971-1975,2065,OM-fixed,16.55,coal (conv pul) (recirculating)
base load generation,coal,coal_base_conv pul 1971-1975,2065,OM-fixed,16.55,coal (conv pul) (cooling pond)
base load generation,coal,coal_base_conv pul 1971-1975,2065,OM-fixed,16.55,coal (conv pul) (dry cooling)
base load generation,coal,coal_base_conv pul 1976-1980,2065,OM-fixed,16.55,coal (conv pul) (once through)
base load generation,coal,coal_base_conv pul 1976-1980,2065,OM-fixed,16.55,coal (conv pul) (seawater)
base load generation,coal,coal_base_conv pul 1976-1980,2065,OM-fixed,16.55,coal (conv pul) (recirculating)
base load generation,coal,coal_base_conv pul 1976-1980,2065,OM-fixed,16.55,coal (conv pul) (cooling pond)
base load generation,coal,coal_base_conv pul 1976-1980,2065,OM-fixed,16.55,coal (conv pul) (dry cooling)
base load generation,coal,coal_base_conv pul 1981-1985,2065,OM-fixed,16.55,coal (conv pul) (once through)
base load generation,coal,coal_base_conv pul 1981-1985,2065,OM-fixed,16.55,coal (conv pul) (seawater)
base load generation,coal,coal_base_conv pul 1981-1985,2065,OM-fixed,16.55,coal (conv pul) (recirculating)
base load generation,coal,coal_base_conv pul 1981-1985,2065,OM-fixed,16.55,coal (conv pul) (cooling pond)
base load generation,coal,coal_base_conv pul 1981-1985,2065,OM-fixed,16.55,coal (conv pul) (dry cooling)
base load generation,coal,coal_base_conv pul 1986-1990,2065,OM-fixed,16.55,coal (conv pul) (once through)
base load generation,coal,coal_base_conv pul 1986-1990,2065,OM-fixed,16.55,coal (conv pul) (seawater)
base load generation,coal,coal_base_conv pul 1986-1990,2065,OM-fixed,16.55,coal (conv pul) (recirculating)
base load generation,coal,coal_base_conv pul 1986-1990,2065,OM-fixed,16.55,coal (conv pul) (cooling pond)
base load generation,coal,coal_base_conv pul 1986-1990,2065,OM-fixed,16.55,coal (conv pul) (dry cooling)
base load generation,coal,coal_base_conv pul 1991-1995,2065,OM-fixed,16.55,coal (conv pul) (once through)
base load generation,coal,coal_base_conv pul 1991-1995,2065,OM-fixed,16.55,coal (conv pul) (seawater)
base load generation,coal,coal_base_conv pul 1991-1995,2065,OM-fixed,16.55,coal (conv pul) (recirculating)
base load generation,coal,coal_base_conv pul 1991-1995,2065,OM-fixed,16.55,coal (conv pul) (cooling pond)
base load generation,coal,coal_base_conv pul 1991-1995,2065,OM-fixed,16.55,coal (conv pul) (dry cooling)
base load generation,coal,coal_base_conv pul 1996-2000,2065,OM-fixed,16.55,coal (conv pul) (once through)
base load generation,coal,coal_base_conv pul 1996-2000,2065,OM-fixed,16.55,coal (conv pul) (seawater)
base load generation,coal,coal_base_conv pul 1996-2000,2065,OM-fixed,16.55,coal (conv pul) (recirculating)
base load generation,coal,coal_base_conv pul 1996-2000,2065,OM-fixed,16.55,coal (conv pul) (cooling pond)
base load generation,coal,coal_base_conv pul 1996-2000,2065,OM-fixed,16.55,coal (conv pul) (dry cooling)
base load generation,coal,coal_base_conv pul 2001-2005,2065,OM-fixed,16.55,coal (conv pul) (once through)
base load generation,coal,coal_base_conv pul 2001-2005,2065,OM-fixed,16.55,coal (conv pul) (seawater)
base load generation,coal,coal_base_conv pul 2001-2005,2065,OM-fixed,16.55,coal (conv pul) (recirculating)
base load generation,coal,coal_base_conv pul 2001-2005,2065,OM-fixed,16.55,coal (conv pul) (cooling pond)
base load generation,coal,coal_base_conv pul 2001-2005,2065,OM-fixed,16.55,coal (conv pul) (dry cooling)
base load generation,coal,coal_base_conv pul 2006-2010,2065,OM-fixed,16.55,coal (conv pul) (once through)
base load generation,coal,coal_base_conv pul 2006-2010,2065,OM-fixed,16.55,coal (conv pul) (seawater)
base load generation,coal,coal_base_conv pul 2006-2010,2065,OM-fixed,16.55,coal (conv pul) (recirculating)
base load generation,coal,coal_base_conv pul 2006-2010,2065,OM-fixed,16.55,coal (conv pul) (cooling pond)
base load generation,coal,coal_base_conv pul 2006-2010,2065,OM-fixed,16.55,coal (conv pul) (dry cooling)
base load generation,coal,coal_base_conv pul 2011-2015,2065,OM-fixed,16.55,coal (conv pul) (once through)
base load generation,coal,coal_base_conv pul 2011-2015,2065,OM-fixed,16.55,coal (conv pul) (seawater)
base load generation,coal,coal_base_conv pul 2011-2015,2065,OM-fixed,16.55,coal (conv pul) (recirculating)
base load generation,coal,coal_base_conv pul 2011-2015,2065,OM-fixed,16.55,coal (conv pul) (cooling pond)
base load generation,coal,coal_base_conv pul 2011-2015,2065,OM-fixed,16.55,coal (conv pul) (dry cooling)
base load generation,coal,coal_base_conv pul 2016-2021,2065,OM-fixed,16.55,coal (conv pul) (once through)
base load generation,coal,coal_base_conv pul 2016-2021,2065,OM-fixed,16.55,coal (conv pul) (seawater)
base load generation,coal,coal_base_conv pul 2016-2021,2065,OM-fixed,16.55,coal (conv pul) (recirculating)
base load generation,coal,coal_base_conv pul 2016-2021,2065,OM-fixed,16.55,coal (conv pul) (cooling pond)
base load generation,coal,coal_base_conv pul 2016-2021,2065,OM-fixed,16.55,coal (conv pul) (dry cooling)
base load generation,coal,coal_base_conv pul before 1950,2065,OM-fixed,16.55,coal (conv pul) (once through)
base load generation,coal,coal_base_conv pul before 1950,2065,OM-fixed,16.55,coal (conv pul) (seawater)
base load generation,coal,coal_base_conv pul before 1950,2065,OM-fixed,16.55,coal (conv pul) (recirculating)
base load generation,coal,coal_base_conv pul before 1950,2065,OM-fixed,16.55,coal (conv pul) (cooling pond)
base load generation,coal,coal_base_conv pul before 1950,2065,OM-fixed,16.55,coal (conv pul) (dry cooling)
base load generation,coal,coal_base_conv pul_retire_2023,2065,OM-fixed,16.55,coal (conv pul) (once through)
base load generation,coal,coal_base_conv pul_retire_2023,2065,OM-fixed,16.55,coal (conv pul) (seawater)
base load generation,coal,coal_base_conv pul_retire_2023,2065,OM-fixed,16.55,coal (conv pul) (recirculating)
base load generation,coal,coal_base_conv pul_retire_2023,2065,OM-fixed,16.55,coal (conv pul) (cooling pond)
base load generation,coal,coal_base_conv pul_retire_2023,2065,OM-fixed,16.55,coal (conv pul) (dry cooling)
base load generation,biomass,biomass_base_conv,2070,OM-fixed,37.8,biomass (conv) (once through)
base load generation,biomass,biomass_base_conv,2070,OM-fixed,37.8,biomass (conv) (seawater)
base load generation,biomass,biomass_base_conv,2070,OM-fixed,37.8,biomass (conv) (recirculating)
base load generation,biomass,biomass_base_conv,2070,OM-fixed,37.8,biomass (conv) (cooling pond)
base load generation,biomass,biomass_base_conv,2070,OM-fixed,37.8,biomass (conv) (dry cooling)
base load generation,biomass,biomass_base_conv_CCS,2070,OM-fixed,37.52,biomass (conv CCS) (once through)
base load generation,biomass,biomass_base_conv_CCS,2070,OM-fixed,37.52,biomass (conv CCS) (seawater)
base load generation,biomass,biomass_base_conv_CCS,2070,OM-fixed,37.52,biomass (conv CCS) (recirculating)
base load generation,biomass,biomass_base_conv_CCS,2070,OM-fixed,37.52,biomass (conv CCS) (dry cooling)
base load generation,biomass,biomass_base_IGCC,2070,OM-fixed,56.21,biomass (IGCC) (once through)
base load generation,biomass,biomass_base_IGCC,2070,OM-fixed,56.21,biomass (IGCC) (seawater)
base load generation,biomass,biomass_base_IGCC,2070,OM-fixed,56.21,biomass (IGCC) (recirculating)
base load generation,biomass,biomass_base_IGCC,2070,OM-fixed,56.21,biomass (IGCC) (dry cooling)
base load generation,biomass,biomass_base_IGCC_CCS,2070,OM-fixed,63.32,biomass (IGCC CCS) (once through)
base load generation,biomass,biomass_base_IGCC_CCS,2070,OM-fixed,63.32,biomass (IGCC CCS) (seawater)
base load generation,biomass,biomass_base_IGCC_CCS,2070,OM-fixed,63.32,biomass (IGCC CCS) (recirculating)
base load generation,biomass,biomass_base_IGCC_CCS,2070,OM-fixed,63.32,biomass (IGCC CCS) (dry cooling)
base load generation,coal,coal_base_conv pul,2070,OM-fixed,16.47,coal (conv pul) (once through)
base load generation,coal,coal_base_conv pul,2070,OM-fixed,16.47,coal (conv pul) (seawater)
base load generation,coal,coal_base_conv pul,2070,OM-fixed,16.47,coal (conv pul) (recirculating)
base load generation,coal,coal_base_conv pul,2070,OM-fixed,16.47,coal (conv pul) (cooling pond)
base load generation,coal,coal_base_conv pul,2070,OM-fixed,16.47,coal (conv pul) (dry cooling)
base load generation,coal,coal_base_conv pul_CCS,2070,OM-fixed,23.42,coal (conv pul CCS) (once through)
base load generation,coal,coal_base_conv pul_CCS,2070,OM-fixed,23.42,coal (conv pul CCS) (seawater)
base load generation,coal,coal_base_conv pul_CCS,2070,OM-fixed,23.42,coal (conv pul CCS) (recirculating)
base load generation,coal,coal_base_conv pul_CCS,2070,OM-fixed,23.42,coal (conv pul CCS) (dry cooling)
base load generation,coal,coal_base_IGCC,2070,OM-fixed,34.88,coal (IGCC) (once through)
base load generation,coal,coal_base_IGCC,2070,OM-fixed,34.88,coal (IGCC) (seawater)
base load generation,coal,coal_base_IGCC,2070,OM-fixed,34.88,coal (IGCC) (recirculating)
base load generation,coal,coal_base_IGCC,2070,OM-fixed,34.88,coal (IGCC) (dry cooling)
base load generation,coal,coal_base_IGCC_CCS,2070,OM-fixed,49.22,coal (IGCC CCS) (once through)
base load generation,coal,coal_base_IGCC_CCS,2070,OM-fixed,49.22,coal (IGCC CCS) (seawater)
base load generation,coal,coal_base_IGCC_CCS,2070,OM-fixed,49.22,coal (IGCC CCS) (recirculating)
base load generation,coal,coal_base_IGCC_CCS,2070,OM-fixed,49.22,coal (IGCC CCS) (dry cooling)
base load generation,gas,gas_base_CC,2070,OM-fixed,6.17,gas (CC) (once through)
base load generation,gas,gas_base_CC,2070,OM-fixed,6.17,gas (CC) (seawater)
base load generation,gas,gas_base_CC,2070,OM-fixed,6.17,gas (CC) (recirculating)
base load generation,gas,gas_base_CC,2070,OM-fixed,6.17,gas (CC) (cooling pond)
base load generation,gas,gas_base_CC,2070,OM-fixed,6.17,gas (CC) (dry cooling)
base load generation,gas,gas_base_CC_CCS,2070,OM-fixed,10.26,gas (CC CCS) (once through)
base load generation,gas,gas_base_CC_CCS,2070,OM-fixed,10.26,gas (CC CCS) (seawater)
base load generation,gas,gas_base_CC_CCS,2070,OM-fixed,10.26,gas (CC CCS) (recirculating)
base load generation,gas,gas_base_CC_CCS,2070,OM-fixed,10.26,gas (CC CCS) (dry cooling)
base load generation,geothermal,geo_base,2070,OM-fixed,25.95,geothermal (recirculating)
base load generation,geothermal,geo_base,2070,OM-fixed,25.95,geothermal (dry_hybrid)
base load generation,nuclear,nuc_base_Gen II,2070,OM-fixed,41.24,Gen_II_LWR (once through)
base load generation,nuclear,nuc_base_Gen II,2070,OM-fixed,41.24,Gen_II_LWR (seawater)
base load generation,nuclear,nuc_base_Gen II,2070,OM-fixed,41.24,Gen_II_LWR (recirculating)
base load generation,nuclear,nuc_base_Gen II,2070,OM-fixed,41.24,Gen_II_LWR (cooling pond)
base load generation,nuclear,nuc_base_large reactor,2070,OM-fixed,40.42,large reactor (once through)
base load generation,nuclear,nuc_base_large reactor,2070,OM-fixed,40.42,large reactor (seawater)
base load generation,nuclear,nuc_base_large reactor,2070,OM-fixed,40.42,large reactor (recirculating)
base load generation,nuclear,nuc_base_large reactor,2070,OM-fixed,40.42,large reactor (cooling pond)
base load generation,nuclear,nuc_base_SMR,2070,OM-fixed,31.41,SMR (once through)
base load generation,nuclear,nuc_base_SMR,2070,OM-fixed,31.41,SMR (seawater)
base load generation,nuclear,nuc_base_SMR,2070,OM-fixed,31.41,SMR (recirculating)
base load generation,nuclear,nuc_base_SMR,2070,OM-fixed,31.41,SMR (cooling pond)
base load generation,refined liquids,refined liquids_base_steam/CT,2070,OM-fixed,5.08,refined liquids (steam/CT) (once through)
base load generation,refined liquids,refined liquids_base_steam/CT,2070,OM-fixed,5.08,refined liquids (steam/CT) (seawater)
base load generation,refined liquids,refined liquids_base_steam/CT,2070,OM-fixed,5.08,refined liquids (steam/CT) (recirculating)
base load generation,refined liquids,refined liquids_base_steam/CT,2070,OM-fixed,5.08,refined liquids (steam/CT) (cooling pond)
base load generation,refined liquids,refined liquids_base_steam/CT,2070,OM-fixed,5.08,refined liquids (steam/CT) (dry cooling)
base load generation,refined liquids,refined liquids_base_CC,2070,OM-fixed,6.17,refined liquids (CC) (once through)
base load generation,refined liquids,refined liquids_base_CC,2070,OM-fixed,6.17,refined liquids (CC) (seawater)
base load generation,refined liquids,refined liquids_base_CC,2070,OM-fixed,6.17,refined liquids (CC) (recirculating)
base load generation,refined liquids,refined liquids_base_CC,2070,OM-fixed,6.17,refined liquids (CC) (dry cooling)
base load generation,refined liquids,refined liquids_base_CC_CCS,2070,OM-fixed,10.26,refined liquids (CC CCS) (once through)
base load generation,refined liquids,refined liquids_base_CC_CCS,2070,OM-fixed,10.26,refined liquids (CC CCS) (seawater)
base load generation,refined liquids,refined liquids_base_CC_CCS,2070,OM-fixed,10.26,refined liquids (CC CCS) (recirculating)
base load generation,refined liquids,refined liquids_base_CC_CCS,2070,OM-fixed,10.26,refined liquids (CC CCS) (dry cooling)
base load generation,solar,PV_base_storage,2070,OM-fixed,18.53,PV_base_storage
base load generation,solar,CSP_base_storage,2070,OM-fixed,12.01,CSP_base_storage
base load generation,wind,wind_base_storage,2070,OM-fixed,21.41,wind_base_storage
base load generation,coal,coal_base_conv pul 1951-1955,2070,OM-fixed,16.47,coal (conv pul) (once through)
base load generation,coal,coal_base_conv pul 1951-1955,2070,OM-fixed,16.47,coal (conv pul) (seawater)
base load generation,coal,coal_base_conv pul 1951-1955,2070,OM-fixed,16.47,coal (conv pul) (recirculating)
base load generation,coal,coal_base_conv pul 1951-1955,2070,OM-fixed,16.47,coal (conv pul) (cooling pond)
base load generation,coal,coal_base_conv pul 1951-1955,2070,OM-fixed,16.47,coal (conv pul) (dry cooling)
base load generation,coal,coal_base_conv pul 1956-1960,2070,OM-fixed,16.47,coal (conv pul) (once through)
base load generation,coal,coal_base_conv pul 1956-1960,2070,OM-fixed,16.47,coal (conv pul) (seawater)
base load generation,coal,coal_base_conv pul 1956-1960,2070,OM-fixed,16.47,coal (conv pul) (recirculating)
base load generation,coal,coal_base_conv pul 1956-1960,2070,OM-fixed,16.47,coal (conv pul) (cooling pond)
base load generation,coal,coal_base_conv pul 1956-1960,2070,OM-fixed,16.47,coal (conv pul) (dry cooling)
base load generation,coal,coal_base_conv pul 1961-1965,2070,OM-fixed,16.47,coal (conv pul) (once through)
base load generation,coal,coal_base_conv pul 1961-1965,2070,OM-fixed,16.47,coal (conv pul) (seawater)
base load generation,coal,coal_base_conv pul 1961-1965,2070,OM-fixed,16.47,coal (conv pul) (recirculating)
base load generation,coal,coal_base_conv pul 1961-1965,2070,OM-fixed,16.47,coal (conv pul) (cooling pond)
base load generation,coal,coal_base_conv pul 1961-1965,2070,OM-fixed,16.47,coal (conv pul) (dry cooling)
base load generation,coal,coal_base_conv pul 1966-1970,2070,OM-fixed,16.47,coal (conv pul) (once through)
base load generation,coal,coal_base_conv pul 1966-1970,2070,OM-fixed,16.47,coal (conv pul) (seawater)
base load generation,coal,coal_base_conv pul 1966-1970,2070,OM-fixed,16.47,coal (conv pul) (recirculating)
base load generation,coal,coal_base_conv pul 1966-1970,2070,OM-fixed,16.47,coal (conv pul) (cooling pond)
base load generation,coal,coal_base_conv pul 1966-1970,2070,OM-fixed,16.47,coal (conv pul) (dry cooling)
base load generation,coal,coal_base_conv pul 1971-1975,2070,OM-fixed,16.47,coal (conv pul) (once through)
base load generation,coal,coal_base_conv pul 1971-1975,2070,OM-fixed,16.47,coal (conv pul) (seawater)
base load generation,coal,coal_base_conv pul 1971-1975,2070,OM-fixed,16.47,coal (conv pul) (recirculating)
base load generation,coal,coal_base_conv pul 1971-1975,2070,OM-fixed,16.47,coal (conv pul) (cooling pond)
base load generation,coal,coal_base_conv pul 1971-1975,2070,OM-fixed,16.47,coal (conv pul) (dry cooling)
base load generation,coal,coal_base_conv pul 1976-1980,2070,OM-fixed,16.47,coal (conv pul) (once through)
base load generation,coal,coal_base_conv pul 1976-1980,2070,OM-fixed,16.47,coal (conv pul) (seawater)
base load generation,coal,coal_base_conv pul 1976-1980,2070,OM-fixed,16.47,coal (conv pul) (recirculating)
base load generation,coal,coal_base_conv pul 1976-1980,2070,OM-fixed,16.47,coal (conv pul) (cooling pond)
base load generation,coal,coal_base_conv pul 1976-1980,2070,OM-fixed,16.47,coal (conv pul) (dry cooling)
base load generation,coal,coal_base_conv pul 1981-1985,2070,OM-fixed,16.47,coal (conv pul) (once through)
base load generation,coal,coal_base_conv pul 1981-1985,2070,OM-fixed,16.47,coal (conv pul) (seawater)
base load generation,coal,coal_base_conv pul 1981-1985,2070,OM-fixed,16.47,coal (conv pul) (recirculating)
base load generation,coal,coal_base_conv pul 1981-1985,2070,OM-fixed,16.47,coal (conv pul) (cooling pond)
base load generation,coal,coal_base_conv pul 1981-1985,2070,OM-fixed,16.47,coal (conv pul) (dry cooling)
base load generation,coal,coal_base_conv pul 1986-1990,2070,OM-fixed,16.47,coal (conv pul) (once through)
base load generation,coal,coal_base_conv pul 1986-1990,2070,OM-fixed,16.47,coal (conv pul) (seawater)
base load generation,coal,coal_base_conv pul 1986-1990,2070,OM-fixed,16.47,coal (conv pul) (recirculating)
base load generation,coal,coal_base_conv pul 1986-1990,2070,OM-fixed,16.47,coal (conv pul) (cooling pond)
base load generation,coal,coal_base_conv pul 1986-1990,2070,OM-fixed,16.47,coal (conv pul) (dry cooling)
base load generation,coal,coal_base_conv pul 1991-1995,2070,OM-fixed,16.47,coal (conv pul) (once through)
base load generation,coal,coal_base_conv pul 1991-1995,2070,OM-fixed,16.47,coal (conv pul) (seawater)
base load generation,coal,coal_base_conv pul 1991-1995,2070,OM-fixed,16.47,coal (conv pul) (recirculating)
base load generation,coal,coal_base_conv pul 1991-1995,2070,OM-fixed,16.47,coal (conv pul) (cooling pond)
base load generation,coal,coal_base_conv pul 1991-1995,2070,OM-fixed,16.47,coal (conv pul) (dry cooling)
base load generation,coal,coal_base_conv pul 1996-2000,2070,OM-fixed,16.47,coal (conv pul) (once through)
base load generation,coal,coal_base_conv pul 1996-2000,2070,OM-fixed,16.47,coal (conv pul) (seawater)
base load generation,coal,coal_base_conv pul 1996-2000,2070,OM-fixed,16.47,coal (conv pul) (recirculating)
base load generation,coal,coal_base_conv pul 1996-2000,2070,OM-fixed,16.47,coal (conv pul) (cooling pond)
base load generation,coal,coal_base_conv pul 1996-2000,2070,OM-fixed,16.47,coal (conv pul) (dry cooling)
base load generation,coal,coal_base_conv pul 2001-2005,2070,OM-fixed,16.47,coal (conv pul) (once through)
base load generation,coal,coal_base_conv pul 2001-2005,2070,OM-fixed,16.47,coal (conv pul) (seawater)
base load generation,coal,coal_base_conv pul 2001-2005,2070,OM-fixed,16.47,coal (conv pul) (recirculating)
base load generation,coal,coal_base_conv pul 2001-2005,2070,OM-fixed,16.47,coal (conv pul) (cooling pond)
base load generation,coal,coal_base_conv pul 2001-2005,2070,OM-fixed,16.47,coal (conv pul) (dry cooling)
base load generation,coal,coal_base_conv pul 2006-2010,2070,OM-fixed,16.47,coal (conv pul) (once through)
base load generation,coal,coal_base_conv pul 2006-2010,2070,OM-fixed,16.47,coal (conv pul) (seawater)
base load generation,coal,coal_base_conv pul 2006-2010,2070,OM-fixed,16.47,coal (conv pul) (recirculating)
base load generation,coal,coal_base_conv pul 2006-2010,2070,OM-fixed,16.47,coal (conv pul) (cooling pond)
base load generation,coal,coal_base_conv pul 2006-2010,2070,OM-fixed,16.47,coal (conv pul) (dry cooling)
base load generation,coal,coal_base_conv pul 2011-2015,2070,OM-fixed,16.47,coal (conv pul) (once through)
base load generation,coal,coal_base_conv pul 2011-2015,2070,OM-fixed,16.47,coal (conv pul) (seawater)
base load generation,coal,coal_base_conv pul 2011-2015,2070,OM-fixed,16.47,coal (conv pul) (recirculating)
base load generation,coal,coal_base_conv pul 2011-2015,2070,OM-fixed,16.47,coal (conv pul) (cooling pond)
base load generation,coal,coal_base_conv pul 2011-2015,2070,OM-fixed,16.47,coal (conv pul) (dry cooling)
base load generation,coal,coal_base_conv pul 2016-2021,2070,OM-fixed,16.47,coal (conv pul) (once through)
base load generation,coal,coal_base_conv pul 2016-2021,2070,OM-fixed,16.47,coal (conv pul) (seawater)
base load generation,coal,coal_base_conv pul 2016-2021,2070,OM-fixed,16.47,coal (conv pul) (recirculating)
base load generation,coal,coal_base_conv pul 2016-2021,2070,OM-fixed,16.47,coal (conv pul) (cooling pond)
base load generation,coal,coal_base_conv pul 2016-2021,2070,OM-fixed,16.47,coal (conv pul) (dry cooling)
base load generation,coal,coal_base_conv pul before 1950,2070,OM-fixed,16.47,coal (conv pul) (once through)
base load generation,coal,coal_base_conv pul before 1950,2070,OM-fixed,16.47,coal (conv pul) (seawater)
base load generation,coal,coal_base_conv pul before 1950,2070,OM-fixed,16.47,coal (conv pul) (recirculating)
base load generation,coal,coal_base_conv pul before 1950,2070,OM-fixed,16.47,coal (conv pul) (cooling pond)
base load generation,coal,coal_base_conv pul before 1950,2070,OM-fixed,16.47,coal (conv pul) (dry cooling)
base load generation,coal,coal_base_conv pul_retire_2023,2070,OM-fixed,16.47,coal (conv pul) (once through)
base load generation,coal,coal_base_conv pul_retire_2023,2070,OM-fixed,16.47,coal (conv pul) (seawater)
base load generation,coal,coal_base_conv pul_retire_2023,2070,OM-fixed,16.47,coal (conv pul) (recirculating)
base load generation,coal,coal_base_conv pul_retire_2023,2070,OM-fixed,16.47,coal (conv pul) (cooling pond)
base load generation,coal,coal_base_conv pul_retire_2023,2070,OM-fixed,16.47,coal (conv pul) (dry cooling)
base load generation,biomass,biomass_base_conv,2075,OM-fixed,37.61,biomass (conv) (once through)
base load generation,biomass,biomass_base_conv,2075,OM-fixed,37.61,biomass (conv) (seawater)
base load generation,biomass,biomass_base_conv,2075,OM-fixed,37.61,biomass (conv) (recirculating)
base load generation,biomass,biomass_base_conv,2075,OM-fixed,37.61,biomass (conv) (cooling pond)
base load generation,biomass,biomass_base_conv,2075,OM-fixed,37.61,biomass (conv) (dry cooling)
base load generation,biomass,biomass_base_conv_CCS,2075,OM-fixed,37.34,biomass (conv CCS) (once through)
base load generation,biomass,biomass_base_conv_CCS,2075,OM-fixed,37.34,biomass (conv CCS) (seawater)
base load generation,biomass,biomass_base_conv_CCS,2075,OM-fixed,37.34,biomass (conv CCS) (recirculating)
base load generation,biomass,biomass_base_conv_CCS,2075,OM-fixed,37.34,biomass (conv CCS) (dry cooling)
base load generation,biomass,biomass_base_IGCC,2075,OM-fixed,55.93,biomass (IGCC) (once through)
base load generation,biomass,biomass_base_IGCC,2075,OM-fixed,55.93,biomass (IGCC) (seawater)
base load generation,biomass,biomass_base_IGCC,2075,OM-fixed,55.93,biomass (IGCC) (recirculating)
base load generation,biomass,biomass_base_IGCC,2075,OM-fixed,55.93,biomass (IGCC) (dry cooling)
base load generation,biomass,biomass_base_IGCC_CCS,2075,OM-fixed,63.01,biomass (IGCC CCS) (once through)
base load generation,biomass,biomass_base_IGCC_CCS,2075,OM-fixed,63.01,biomass (IGCC CCS) (seawater)
base load generation,biomass,biomass_base_IGCC_CCS,2075,OM-fixed,63.01,biomass (IGCC CCS) (recirculating)
base load generation,biomass,biomass_base_IGCC_CCS,2075,OM-fixed,63.01,biomass (IGCC CCS) (dry cooling)
base load generation,coal,coal_base_conv pul,2075,OM-fixed,16.39,coal (conv pul) (once through)
base load generation,coal,coal_base_conv pul,2075,OM-fixed,16.39,coal (conv pul) (seawater)
base load generation,coal,coal_base_conv pul,2075,OM-fixed,16.39,coal (conv pul) (recirculating)
base load generation,coal,coal_base_conv pul,2075,OM-fixed,16.39,coal (conv pul) (cooling pond)
base load generation,coal,coal_base_conv pul,2075,OM-fixed,16.39,coal (conv pul) (dry cooling)
base load generation,coal,coal_base_conv pul_CCS,2075,OM-fixed,23.3,coal (conv pul CCS) (once through)
base load generation,coal,coal_base_conv pul_CCS,2075,OM-fixed,23.3,coal (conv pul CCS) (seawater)
base load generation,coal,coal_base_conv pul_CCS,2075,OM-fixed,23.3,coal (conv pul CCS) (recirculating)
base load generation,coal,coal_base_conv pul_CCS,2075,OM-fixed,23.3,coal (conv pul CCS) (dry cooling)
base load generation,coal,coal_base_IGCC,2075,OM-fixed,34.7,coal (IGCC) (once through)
base load generation,coal,coal_base_IGCC,2075,OM-fixed,34.7,coal (IGCC) (seawater)
base load generation,coal,coal_base_IGCC,2075,OM-fixed,34.7,coal (IGCC) (recirculating)
base load generation,coal,coal_base_IGCC,2075,OM-fixed,34.7,coal (IGCC) (dry cooling)
base load generation,coal,coal_base_IGCC_CCS,2075,OM-fixed,48.98,coal (IGCC CCS) (once through)
base load generation,coal,coal_base_IGCC_CCS,2075,OM-fixed,48.98,coal (IGCC CCS) (seawater)
base load generation,coal,coal_base_IGCC_CCS,2075,OM-fixed,48.98,coal (IGCC CCS) (recirculating)
base load generation,coal,coal_base_IGCC_CCS,2075,OM-fixed,48.98,coal (IGCC CCS) (dry cooling)
base load generation,gas,gas_base_CC,2075,OM-fixed,6.14,gas (CC) (once through)
base load generation,gas,gas_base_CC,2075,OM-fixed,6.14,gas (CC) (seawater)
base load generation,gas,gas_base_CC,2075,OM-fixed,6.14,gas (CC) (recirculating)
base load generation,gas,gas_base_CC,2075,OM-fixed,6.14,gas (CC) (cooling pond)
base load generation,gas,gas_base_CC,2075,OM-fixed,6.14,gas (CC) (dry cooling)
base load generation,gas,gas_base_CC_CCS,2075,OM-fixed,10.2,gas (CC CCS) (once through)
base load generation,gas,gas_base_CC_CCS,2075,OM-fixed,10.2,gas (CC CCS) (seawater)
base load generation,gas,gas_base_CC_CCS,2075,OM-fixed,10.2,gas (CC CCS) (recirculating)
base load generation,gas,gas_base_CC_CCS,2075,OM-fixed,10.2,gas (CC CCS) (dry cooling)
base load generation,geothermal,geo_base,2075,OM-fixed,25.82,geothermal (recirculating)
base load generation,geothermal,geo_base,2075,OM-fixed,25.82,geothermal (dry_hybrid)
base load generation,nuclear,nuc_base_Gen II,2075,OM-fixed,41.24,Gen_II_LWR (once through)
base load generation,nuclear,nuc_base_Gen II,2075,OM-fixed,41.24,Gen_II_LWR (seawater)
base load generation,nuclear,nuc_base_Gen II,2075,OM-fixed,41.24,Gen_II_LWR (recirculating)
base load generation,nuclear,nuc_base_Gen II,2075,OM-fixed,41.24,Gen_II_LWR (cooling pond)
base load generation,nuclear,nuc_base_large reactor,2075,OM-fixed,40.22,large reactor (once through)
base load generation,nuclear,nuc_base_large reactor,2075,OM-fixed,40.22,large reactor (seawater)
base load generation,nuclear,nuc_base_large reactor,2075,OM-fixed,40.22,large reactor (recirculating)
base load generation,nuclear,nuc_base_large reactor,2075,OM-fixed,40.22,large reactor (cooling pond)
base load generation,nuclear,nuc_base_SMR,2075,OM-fixed,31.26,SMR (once through)
base load generation,nuclear,nuc_base_SMR,2075,OM-fixed,31.26,SMR (seawater)
base load generation,nuclear,nuc_base_SMR,2075,OM-fixed,31.26,SMR (recirculating)
base load generation,nuclear,nuc_base_SMR,2075,OM-fixed,31.26,SMR (cooling pond)
base load generation,refined liquids,refined liquids_base_steam/CT,2075,OM-fixed,5.06,refined liquids (steam/CT) (once through)
base load generation,refined liquids,refined liquids_base_steam/CT,2075,OM-fixed,5.06,refined liquids (steam/CT) (seawater)
base load generation,refined liquids,refined liquids_base_steam/CT,2075,OM-fixed,5.06,refined liquids (steam/CT) (recirculating)
base load generation,refined liquids,refined liquids_base_steam/CT,2075,OM-fixed,5.06,refined liquids (steam/CT) (cooling pond)
base load generation,refined liquids,refined liquids_base_steam/CT,2075,OM-fixed,5.06,refined liquids (steam/CT) (dry cooling)
base load generation,refined liquids,refined liquids_base_CC,2075,OM-fixed,6.14,refined liquids (CC) (once through)
base load generation,refined liquids,refined liquids_base_CC,2075,OM-fixed,6.14,refined liquids (CC) (seawater)
base load generation,refined liquids,refined liquids_base_CC,2075,OM-fixed,6.14,refined liquids (CC) (recirculating)
base load generation,refined liquids,refined liquids_base_CC,2075,OM-fixed,6.14,refined liquids (CC) (dry cooling)
base load generation,refined liquids,refined liquids_base_CC_CCS,2075,OM-fixed,10.2,refined liquids (CC CCS) (once through)
base load generation,refined liquids,refined liquids_base_CC_CCS,2075,OM-fixed,10.2,refined liquids (CC CCS) (seawater)
base load generation,refined liquids,refined liquids_base_CC_CCS,2075,OM-fixed,10.2,refined liquids (CC CCS) (recirculating)
base load generation,refined liquids,refined liquids_base_CC_CCS,2075,OM-fixed,10.2,refined liquids (CC CCS) (dry cooling)
base load generation,solar,PV_base_storage,2075,OM-fixed,18.43,PV_base_storage
base load generation,solar,CSP_base_storage,2075,OM-fixed,11.95,CSP_base_storage
base load generation,wind,wind_base_storage,2075,OM-fixed,21.3,wind_base_storage
base load generation,coal,coal_base_conv pul 1951-1955,2075,OM-fixed,16.39,coal (conv pul) (once through)
base load generation,coal,coal_base_conv pul 1951-1955,2075,OM-fixed,16.39,coal (conv pul) (seawater)
base load generation,coal,coal_base_conv pul 1951-1955,2075,OM-fixed,16.39,coal (conv pul) (recirculating)
base load generation,coal,coal_base_conv pul 1951-1955,2075,OM-fixed,16.39,coal (conv pul) (cooling pond)
base load generation,coal,coal_base_conv pul 1951-1955,2075,OM-fixed,16.39,coal (conv pul) (dry cooling)
base load generation,coal,coal_base_conv pul 1956-1960,2075,OM-fixed,16.39,coal (conv pul) (once through)
base load generation,coal,coal_base_conv pul 1956-1960,2075,OM-fixed,16.39,coal (conv pul) (seawater)
base load generation,coal,coal_base_conv pul 1956-1960,2075,OM-fixed,16.39,coal (conv pul) (recirculating)
base load generation,coal,coal_base_conv pul 1956-1960,2075,OM-fixed,16.39,coal (conv pul) (cooling pond)
base load generation,coal,coal_base_conv pul 1956-1960,2075,OM-fixed,16.39,coal (conv pul) (dry cooling)
base load generation,coal,coal_base_conv pul 1961-1965,2075,OM-fixed,16.39,coal (conv pul) (once through)
base load generation,coal,coal_base_conv pul 1961-1965,2075,OM-fixed,16.39,coal (conv pul) (seawater)
base load generation,coal,coal_base_conv pul 1961-1965,2075,OM-fixed,16.39,coal (conv pul) (recirculating)
base load generation,coal,coal_base_conv pul 1961-1965,2075,OM-fixed,16.39,coal (conv pul) (cooling pond)
base load generation,coal,coal_base_conv pul 1961-1965,2075,OM-fixed,16.39,coal (conv pul) (dry cooling)
base load generation,coal,coal_base_conv pul 1966-1970,2075,OM-fixed,16.39,coal (conv pul) (once through)
base load generation,coal,coal_base_conv pul 1966-1970,2075,OM-fixed,16.39,coal (conv pul) (seawater)
base load generation,coal,coal_base_conv pul 1966-1970,2075,OM-fixed,16.39,coal (conv pul) (recirculating)
base load generation,coal,coal_base_conv pul 1966-1970,2075,OM-fixed,16.39,coal (conv pul) (cooling pond)
base load generation,coal,coal_base_conv pul 1966-1970,2075,OM-fixed,16.39,coal (conv pul) (dry cooling)
base load generation,coal,coal_base_conv pul 1971-1975,2075,OM-fixed,16.39,coal (conv pul) (once through)
base load generation,coal,coal_base_conv pul 1971-1975,2075,OM-fixed,16.39,coal (conv pul) (seawater)
base load generation,coal,coal_base_conv pul 1971-1975,2075,OM-fixed,16.39,coal (conv pul) (recirculating)
base load generation,coal,coal_base_conv pul 1971-1975,2075,OM-fixed,16.39,coal (conv pul) (cooling pond)
base load generation,coal,coal_base_conv pul 1971-1975,2075,OM-fixed,16.39,coal (conv pul) (dry cooling)
base load generation,coal,coal_base_conv pul 1976-1980,2075,OM-fixed,16.39,coal (conv pul) (once through)
base load generation,coal,coal_base_conv pul 1976-1980,2075,OM-fixed,16.39,coal (conv pul) (seawater)
base load generation,coal,coal_base_conv pul 1976-1980,2075,OM-fixed,16.39,coal (conv pul) (recirculating)
base load generation,coal,coal_base_conv pul 1976-1980,2075,OM-fixed,16.39,coal (conv pul) (cooling pond)
base load generation,coal,coal_base_conv pul 1976-1980,2075,OM-fixed,16.39,coal (conv pul) (dry cooling)
base load generation,coal,coal_base_conv pul 1981-1985,2075,OM-fixed,16.39,coal (conv pul) (once through)
base load generation,coal,coal_base_conv pul 1981-1985,2075,OM-fixed,16.39,coal (conv pul) (seawater)
base load generation,coal,coal_base_conv pul 1981-1985,2075,OM-fixed,16.39,coal (conv pul) (recirculating)
base load generation,coal,coal_base_conv pul 1981-1985,2075,OM-fixed,16.39,coal (conv pul) (cooling pond)
base load generation,coal,coal_base_conv pul 1981-1985,2075,OM-fixed,16.39,coal (conv pul) (dry cooling)
base load generation,coal,coal_base_conv pul 1986-1990,2075,OM-fixed,16.39,coal (conv pul) (once through)
base load generation,coal,coal_base_conv pul 1986-1990,2075,OM-fixed,16.39,coal (conv pul) (seawater)
base load generation,coal,coal_base_conv pul 1986-1990,2075,OM-fixed,16.39,coal (conv pul) (recirculating)
base load generation,coal,coal_base_conv pul 1986-1990,2075,OM-fixed,16.39,coal (conv pul) (cooling pond)
base load generation,coal,coal_base_conv pul 1986-1990,2075,OM-fixed,16.39,coal (conv pul) (dry cooling)
base load generation,coal,coal_base_conv pul 1991-1995,2075,OM-fixed,16.39,coal (conv pul) (once through)
base load generation,coal,coal_base_conv pul 1991-1995,2075,OM-fixed,16.39,coal (conv pul) (seawater)
base load generation,coal,coal_base_conv pul 1991-1995,2075,OM-fixed,16.39,coal (conv pul) (recirculating)
base load generation,coal,coal_base_conv pul 1991-1995,2075,OM-fixed,16.39,coal (conv pul) (cooling pond)
base load generation,coal,coal_base_conv pul 1991-1995,2075,OM-fixed,16.39,coal (conv pul) (dry cooling)
base load generation,coal,coal_base_conv pul 1996-2000,2075,OM-fixed,16.39,coal (conv pul) (once through)
base load generation,coal,coal_base_conv pul 1996-2000,2075,OM-fixed,16.39,coal (conv pul) (seawater)
base load generation,coal,coal_base_conv pul 1996-2000,2075,OM-fixed,16.39,coal (conv pul) (recirculating)
base load generation,coal,coal_base_conv pul 1996-2000,2075,OM-fixed,16.39,coal (conv pul) (cooling pond)
base load generation,coal,coal_base_conv pul 1996-2000,2075,OM-fixed,16.39,coal (conv pul) (dry cooling)
base load generation,coal,coal_base_conv pul 2001-2005,2075,OM-fixed,16.39,coal (conv pul) (once through)
base load generation,coal,coal_base_conv pul 2001-2005,2075,OM-fixed,16.39,coal (conv pul) (seawater)
base load generation,coal,coal_base_conv pul 2001-2005,2075,OM-fixed,16.39,coal (conv pul) (recirculating)
base load generation,coal,coal_base_conv pul 2001-2005,2075,OM-fixed,16.39,coal (conv pul) (cooling pond)
base load generation,coal,coal_base_conv pul 2001-2005,2075,OM-fixed,16.39,coal (conv pul) (dry cooling)
base load generation,coal,coal_base_conv pul 2006-2010,2075,OM-fixed,16.39,coal (conv pul) (once through)
base load generation,coal,coal_base_conv pul 2006-2010,2075,OM-fixed,16.39,coal (conv pul) (seawater)
base load generation,coal,coal_base_conv pul 2006-2010,2075,OM-fixed,16.39,coal (conv pul) (recirculating)
base load generation,coal,coal_base_conv pul 2006-2010,2075,OM-fixed,16.39,coal (conv pul) (cooling pond)
base load generation,coal,coal_base_conv pul 2006-2010,2075,OM-fixed,16.39,coal (conv pul) (dry cooling)
base load generation,coal,coal_base_conv pul 2011-2015,2075,OM-fixed,16.39,coal (conv pul) (once through)
base load generation,coal,coal_base_conv pul 2011-2015,2075,OM-fixed,16.39,coal (conv pul) (seawater)
base load generation,coal,coal_base_conv pul 2011-2015,2075,OM-fixed,16.39,coal (conv pul) (recirculating)
base load generation,coal,coal_base_conv pul 2011-2015,2075,OM-fixed,16.39,coal (conv pul) (cooling pond)
base load generation,coal,coal_base_conv pul 2011-2015,2075,OM-fixed,16.39,coal (conv pul) (dry cooling)
base load generation,coal,coal_base_conv pul 2016-2021,2075,OM-fixed,16.39,coal (conv pul) (once through)
base load generation,coal,coal_base_conv pul 2016-2021,2075,OM-fixed,16.39,coal (conv pul) (seawater)
base load generation,coal,coal_base_conv pul 2016-2021,2075,OM-fixed,16.39,coal (conv pul) (recirculating)
base load generation,coal,coal_base_conv pul 2016-2021,2075,OM-fixed,16.39,coal (conv pul) (cooling pond)
base load generation,coal,coal_base_conv pul 2016-2021,2075,OM-fixed,16.39,coal (conv pul) (dry cooling)
base load generation,coal,coal_base_conv pul before 1950,2075,OM-fixed,16.39,coal (conv pul) (once through)
base load generation,coal,coal_base_conv pul before 1950,2075,OM-fixed,16.39,coal (conv pul) (seawater)
base load generation,coal,coal_base_conv pul before 1950,2075,OM-fixed,16.39,coal (conv pul) (recirculating)
base load generation,coal,coal_base_conv pul before 1950,2075,OM-fixed,16.39,coal (conv pul) (cooling pond)
base load generation,coal,coal_base_conv pul before 1950,2075,OM-fixed,16.39,coal (conv pul) (dry cooling)
base load generation,coal,coal_base_conv pul_retire_2023,2075,OM-fixed,16.39,coal (conv pul) (once through)
base load generation,coal,coal_base_conv pul_retire_2023,2075,OM-fixed,16.39,coal (conv pul) (seawater)
base load generation,coal,coal_base_conv pul_retire_2023,2075,OM-fixed,16.39,coal (conv pul) (recirculating)
base load generation,coal,coal_base_conv pul_retire_2023,2075,OM-fixed,16.39,coal (conv pul) (cooling pond)
base load generation,coal,coal_base_conv pul_retire_2023,2075,OM-fixed,16.39,coal (conv pul) (dry cooling)
base load generation,biomass,biomass_base_conv,2080,OM-fixed,37.43,biomass (conv) (once through)
base load generation,biomass,biomass_base_conv,2080,OM-fixed,37.43,biomass (conv) (seawater)
base load generation,biomass,biomass_base_conv,2080,OM-fixed,37.43,biomass (conv) (recirculating)
base load generation,biomass,biomass_base_conv,2080,OM-fixed,37.43,biomass (conv) (cooling pond)
base load generation,biomass,biomass_base_conv,2080,OM-fixed,37.43,biomass (conv) (dry cooling)
base load generation,biomass,biomass_base_conv_CCS,2080,OM-fixed,37.15,biomass (conv CCS) (once through)
base load generation,biomass,biomass_base_conv_CCS,2080,OM-fixed,37.15,biomass (conv CCS) (seawater)
base load generation,biomass,biomass_base_conv_CCS,2080,OM-fixed,37.15,biomass (conv CCS) (recirculating)
base load generation,biomass,biomass_base_conv_CCS,2080,OM-fixed,37.15,biomass (conv CCS) (dry cooling)
base load generation,biomass,biomass_base_IGCC,2080,OM-fixed,55.65,biomass (IGCC) (once through)
base load generation,biomass,biomass_base_IGCC,2080,OM-fixed,55.65,biomass (IGCC) (seawater)
base load generation,biomass,biomass_base_IGCC,2080,OM-fixed,55.65,biomass (IGCC) (recirculating)
base load generation,biomass,biomass_base_IGCC,2080,OM-fixed,55.65,biomass (IGCC) (dry cooling)
base load generation,biomass,biomass_base_IGCC_CCS,2080,OM-fixed,62.69,biomass (IGCC CCS) (once through)
base load generation,biomass,biomass_base_IGCC_CCS,2080,OM-fixed,62.69,biomass (IGCC CCS) (seawater)
base load generation,biomass,biomass_base_IGCC_CCS,2080,OM-fixed,62.69,biomass (IGCC CCS) (recirculating)
base load generation,biomass,biomass_base_IGCC_CCS,2080,OM-fixed,62.69,biomass (IGCC CCS) (dry cooling)
base load generation,coal,coal_base_conv pul,2080,OM-fixed,16.3,coal (conv pul) (once through)
base load generation,coal,coal_base_conv pul,2080,OM-fixed,16.3,coal (conv pul) (seawater)
base load generation,coal,coal_base_conv pul,2080,OM-fixed,16.3,coal (conv pul) (recirculating)
base load generation,coal,coal_base_conv pul,2080,OM-fixed,16.3,coal (conv pul) (cooling pond)
base load generation,coal,coal_base_conv pul,2080,OM-fixed,16.3,coal (conv pul) (dry cooling)
base load generation,coal,coal_base_conv pul_CCS,2080,OM-fixed,23.19,coal (conv pul CCS) (once through)
base load generation,coal,coal_base_conv pul_CCS,2080,OM-fixed,23.19,coal (conv pul CCS) (seawater)
base load generation,coal,coal_base_conv pul_CCS,2080,OM-fixed,23.19,coal (conv pul CCS) (recirculating)
base load generation,coal,coal_base_conv pul_CCS,2080,OM-fixed,23.19,coal (conv pul CCS) (dry cooling)
base load generation,coal,coal_base_IGCC,2080,OM-fixed,34.53,coal (IGCC) (once through)
base load generation,coal,coal_base_IGCC,2080,OM-fixed,34.53,coal (IGCC) (seawater)
base load generation,coal,coal_base_IGCC,2080,OM-fixed,34.53,coal (IGCC) (recirculating)
base load generation,coal,coal_base_IGCC,2080,OM-fixed,34.53,coal (IGCC) (dry cooling)
base load generation,coal,coal_base_IGCC_CCS,2080,OM-fixed,48.73,coal (IGCC CCS) (once through)
base load generation,coal,coal_base_IGCC_CCS,2080,OM-fixed,48.73,coal (IGCC CCS) (seawater)
base load generation,coal,coal_base_IGCC_CCS,2080,OM-fixed,48.73,coal (IGCC CCS) (recirculating)
base load generation,coal,coal_base_IGCC_CCS,2080,OM-fixed,48.73,coal (IGCC CCS) (dry cooling)
base load generation,gas,gas_base_CC,2080,OM-fixed,6.11,gas (CC) (once through)
base load generation,gas,gas_base_CC,2080,OM-fixed,6.11,gas (CC) (seawater)
base load generation,gas,gas_base_CC,2080,OM-fixed,6.11,gas (CC) (recirculating)
base load generation,gas,gas_base_CC,2080,OM-fixed,6.11,gas (CC) (cooling pond)
base load generation,gas,gas_base_CC,2080,OM-fixed,6.11,gas (CC) (dry cooling)
base load generation,gas,gas_base_CC_CCS,2080,OM-fixed,10.15,gas (CC CCS) (once through)
base load generation,gas,gas_base_CC_CCS,2080,OM-fixed,10.15,gas (CC CCS) (seawater)
base load generation,gas,gas_base_CC_CCS,2080,OM-fixed,10.15,gas (CC CCS) (recirculating)
base load generation,gas,gas_base_CC_CCS,2080,OM-fixed,10.15,gas (CC CCS) (dry cooling)
base load generation,geothermal,geo_base,2080,OM-fixed,25.69,geothermal (recirculating)
base load generation,geothermal,geo_base,2080,OM-fixed,25.69,geothermal (dry_hybrid)
base load generation,nuclear,nuc_base_Gen II,2080,OM-fixed,41.24,Gen_II_LWR (once through)
base load generation,nuclear,nuc_base_Gen II,2080,OM-fixed,41.24,Gen_II_LWR (seawater)
base load generation,nuclear,nuc_base_Gen II,2080,OM-fixed,41.24,Gen_II_LWR (recirculating)
base load generation,nuclear,nuc_base_Gen II,2080,OM-fixed,41.24,Gen_II_LWR (cooling pond)
base load generation,nuclear,nuc_base_large reactor,2080,OM-fixed,40.02,large reactor (once through)
base load generation,nuclear,nuc_base_large reactor,2080,OM-fixed,40.02,large reactor (seawater)
base load generation,nuclear,nuc_base_large reactor,2080,OM-fixed,40.02,large reactor (recirculating)
base load generation,nuclear,nuc_base_large reactor,2080,OM-fixed,40.02,large reactor (cooling pond)
base load generation,nuclear,nuc_base_SMR,2080,OM-fixed,31.1,SMR (once through)
base load generation,nuclear,nuc_base_SMR,2080,OM-fixed,31.1,SMR (seawater)
base load generation,nuclear,nuc_base_SMR,2080,OM-fixed,31.1,SMR (recirculating)
base load generation,nuclear,nuc_base_SMR,2080,OM-fixed,31.1,SMR (cooling pond)
base load generation,refined liquids,refined liquids_base_steam/CT,2080,OM-fixed,5.03,refined liquids (steam/CT) (once through)
base load generation,refined liquids,refined liquids_base_steam/CT,2080,OM-fixed,5.03,refined liquids (steam/CT) (seawater)
base load generation,refined liquids,refined liquids_base_steam/CT,2080,OM-fixed,5.03,refined liquids (steam/CT) (recirculating)
base load generation,refined liquids,refined liquids_base_steam/CT,2080,OM-fixed,5.03,refined liquids (steam/CT) (cooling pond)
base load generation,refined liquids,refined liquids_base_steam/CT,2080,OM-fixed,5.03,refined liquids (steam/CT) (dry cooling)
base load generation,refined liquids,refined liquids_base_CC,2080,OM-fixed,6.11,refined liquids (CC) (once through)
base load generation,refined liquids,refined liquids_base_CC,2080,OM-fixed,6.11,refined liquids (CC) (seawater)
base load generation,refined liquids,refined liquids_base_CC,2080,OM-fixed,6.11,refined liquids (CC) (recirculating)
base load generation,refined liquids,refined liquids_base_CC,2080,OM-fixed,6.11,refined liquids (CC) (dry cooling)
base load generation,refined liquids,refined liquids_base_CC_CCS,2080,OM-fixed,10.15,refined liquids (CC CCS) (once through)
base load generation,refined liquids,refined liquids_base_CC_CCS,2080,OM-fixed,10.15,refined liquids (CC CCS) (seawater)
base load generation,refined liquids,refined liquids_base_CC_CCS,2080,OM-fixed,10.15,refined liquids (CC CCS) (recirculating)
base load generation,refined liquids,refined liquids_base_CC_CCS,2080,OM-fixed,10.15,refined liquids (CC CCS) (dry cooling)
base load generation,solar,PV_base_storage,2080,OM-fixed,18.34,PV_base_storage
base load generation,solar,CSP_base_storage,2080,OM-fixed,11.89,CSP_base_storage
base load generation,wind,wind_base_storage,2080,OM-fixed,21.2,wind_base_storage
base load generation,coal,coal_base_conv pul 1951-1955,2080,OM-fixed,16.3,coal (conv pul) (once through)
base load generation,coal,coal_base_conv pul 1951-1955,2080,OM-fixed,16.3,coal (conv pul) (seawater)
base load generation,coal,coal_base_conv pul 1951-1955,2080,OM-fixed,16.3,coal (conv pul) (recirculating)
base load generation,coal,coal_base_conv pul 1951-1955,2080,OM-fixed,16.3,coal (conv pul) (cooling pond)
base load generation,coal,coal_base_conv pul 1951-1955,2080,OM-fixed,16.3,coal (conv pul) (dry cooling)
base load generation,coal,coal_base_conv pul 1956-1960,2080,OM-fixed,16.3,coal (conv pul) (once through)
base load generation,coal,coal_base_conv pul 1956-1960,2080,OM-fixed,16.3,coal (conv pul) (seawater)
base load generation,coal,coal_base_conv pul 1956-1960,2080,OM-fixed,16.3,coal (conv pul) (recirculating)
base load generation,coal,coal_base_conv pul 1956-1960,2080,OM-fixed,16.3,coal (conv pul) (cooling pond)
base load generation,coal,coal_base_conv pul 1956-1960,2080,OM-fixed,16.3,coal (conv pul) (dry cooling)
base load generation,coal,coal_base_conv pul 1961-1965,2080,OM-fixed,16.3,coal (conv pul) (once through)
base load generation,coal,coal_base_conv pul 1961-1965,2080,OM-fixed,16.3,coal (conv pul) (seawater)
base load generation,coal,coal_base_conv pul 1961-1965,2080,OM-fixed,16.3,coal (conv pul) (recirculating)
base load generation,coal,coal_base_conv pul 1961-1965,2080,OM-fixed,16.3,coal (conv pul) (cooling pond)
base load generation,coal,coal_base_conv pul 1961-1965,2080,OM-fixed,16.3,coal (conv pul) (dry cooling)
base load generation,coal,coal_base_conv pul 1966-1970,2080,OM-fixed,16.3,coal (conv pul) (once through)
base load generation,coal,coal_base_conv pul 1966-1970,2080,OM-fixed,16.3,coal (conv pul) (seawater)
base load generation,coal,coal_base_conv pul 1966-1970,2080,OM-fixed,16.3,coal (conv pul) (recirculating)
base load generation,coal,coal_base_conv pul 1966-1970,2080,OM-fixed,16.3,coal (conv pul) (cooling pond)
base load generation,coal,coal_base_conv pul 1966-1970,2080,OM-fixed,16.3,coal (conv pul) (dry cooling)
base load generation,coal,coal_base_conv pul 1971-1975,2080,OM-fixed,16.3,coal (conv pul) (once through)
base load generation,coal,coal_base_conv pul 1971-1975,2080,OM-fixed,16.3,coal (conv pul) (seawater)
base load generation,coal,coal_base_conv pul 1971-1975,2080,OM-fixed,16.3,coal (conv pul) (recirculating)
base load generation,coal,coal_base_conv pul 1971-1975,2080,OM-fixed,16.3,coal (conv pul) (cooling pond)
base load generation,coal,coal_base_conv pul 1971-1975,2080,OM-fixed,16.3,coal (conv pul) (dry cooling)
base load generation,coal,coal_base_conv pul 1976-1980,2080,OM-fixed,16.3,coal (conv pul) (once through)
base load generation,coal,coal_base_conv pul 1976-1980,2080,OM-fixed,16.3,coal (conv pul) (seawater)
base load generation,coal,coal_base_conv pul 1976-1980,2080,OM-fixed,16.3,coal (conv pul) (recirculating)
base load generation,coal,coal_base_conv pul 1976-1980,2080,OM-fixed,16.3,coal (conv pul) (cooling pond)
base load generation,coal,coal_base_conv pul 1976-1980,2080,OM-fixed,16.3,coal (conv pul) (dry cooling)
base load generation,coal,coal_base_conv pul 1981-1985,2080,OM-fixed,16.3,coal (conv pul) (once through)
base load generation,coal,coal_base_conv pul 1981-1985,2080,OM-fixed,16.3,coal (conv pul) (seawater)
base load generation,coal,coal_base_conv pul 1981-1985,2080,OM-fixed,16.3,coal (conv pul) (recirculating)
base load generation,coal,coal_base_conv pul 1981-1985,2080,OM-fixed,16.3,coal (conv pul) (cooling pond)
base load generation,coal,coal_base_conv pul 1981-1985,2080,OM-fixed,16.3,coal (conv pul) (dry cooling)
base load generation,coal,coal_base_conv pul 1986-1990,2080,OM-fixed,16.3,coal (conv pul) (once through)
base load generation,coal,coal_base_conv pul 1986-1990,2080,OM-fixed,16.3,coal (conv pul) (seawater)
base load generation,coal,coal_base_conv pul 1986-1990,2080,OM-fixed,16.3,coal (conv pul) (recirculating)
base load generation,coal,coal_base_conv pul 1986-1990,2080,OM-fixed,16.3,coal (conv pul) (cooling pond)
base load generation,coal,coal_base_conv pul 1986-1990,2080,OM-fixed,16.3,coal (conv pul) (dry cooling)
base load generation,coal,coal_base_conv pul 1991-1995,2080,OM-fixed,16.3,coal (conv pul) (once through)
base load generation,coal,coal_base_conv pul 1991-1995,2080,OM-fixed,16.3,coal (conv pul) (seawater)
base load generation,coal,coal_base_conv pul 1991-1995,2080,OM-fixed,16.3,coal (conv pul) (recirculating)
base load generation,coal,coal_base_conv pul 1991-1995,2080,OM-fixed,16.3,coal (conv pul) (cooling pond)
base load generation,coal,coal_base_conv pul 1991-1995,2080,OM-fixed,16.3,coal (conv pul) (dry cooling)
base load generation,coal,coal_base_conv pul 1996-2000,2080,OM-fixed,16.3,coal (conv pul) (once through)
base load generation,coal,coal_base_conv pul 1996-2000,2080,OM-fixed,16.3,coal (conv pul) (seawater)
base load generation,coal,coal_base_conv pul 1996-2000,2080,OM-fixed,16.3,coal (conv pul) (recirculating)
base load generation,coal,coal_base_conv pul 1996-2000,2080,OM-fixed,16.3,coal (conv pul) (cooling pond)
base load generation,coal,coal_base_conv pul 1996-2000,2080,OM-fixed,16.3,coal (conv pul) (dry cooling)
base load generation,coal,coal_base_conv pul 2001-2005,2080,OM-fixed,16.3,coal (conv pul) (once through)
base load generation,coal,coal_base_conv pul 2001-2005,2080,OM-fixed,16.3,coal (conv pul) (seawater)
base load generation,coal,coal_base_conv pul 2001-2005,2080,OM-fixed,16.3,coal (conv pul) (recirculating)
base load generation,coal,coal_base_conv pul 2001-2005,2080,OM-fixed,16.3,coal (conv pul) (cooling pond)
base load generation,coal,coal_base_conv pul 2001-2005,2080,OM-fixed,16.3,coal (conv pul) (dry cooling)
base load generation,coal,coal_base_conv pul 2006-2010,2080,OM-fixed,16.3,coal (conv pul) (once through)
base load generation,coal,coal_base_conv pul 2006-2010,2080,OM-fixed,16.3,coal (conv pul) (seawater)
base load generation,coal,coal_base_conv pul 2006-2010,2080,OM-fixed,16.3,coal (conv pul) (recirculating)
base load generation,coal,coal_base_conv pul 2006-2010,2080,OM-fixed,16.3,coal (conv pul) (cooling pond)
base load generation,coal,coal_base_conv pul 2006-2010,2080,OM-fixed,16.3,coal (conv pul) (dry cooling)
base load generation,coal,coal_base_conv pul 2011-2015,2080,OM-fixed,16.3,coal (conv pul) (once through)
base load generation,coal,coal_base_conv pul 2011-2015,2080,OM-fixed,16.3,coal (conv pul) (seawater)
base load generation,coal,coal_base_conv pul 2011-2015,2080,OM-fixed,16.3,coal (conv pul) (recirculating)
base load generation,coal,coal_base_conv pul 2011-2015,2080,OM-fixed,16.3,coal (conv pul) (cooling pond)
base load generation,coal,coal_base_conv pul 2011-2015,2080,OM-fixed,16.3,coal (conv pul) (dry cooling)
base load generation,coal,coal_base_conv pul 2016-2021,2080,OM-fixed,16.3,coal (conv pul) (once through)
base load generation,coal,coal_base_conv pul 2016-2021,2080,OM-fixed,16.3,coal (conv pul) (seawater)
base load generation,coal,coal_base_conv pul 2016-2021,2080,OM-fixed,16.3,coal (conv pul) (recirculating)
base load generation,coal,coal_base_conv pul 2016-2021,2080,OM-fixed,16.3,coal (conv pul) (cooling pond)
base load generation,coal,coal_base_conv pul 2016-2021,2080,OM-fixed,16.3,coal (conv pul) (dry cooling)
base load generation,coal,coal_base_conv pul before 1950,2080,OM-fixed,16.3,coal (conv pul) (once through)
base load generation,coal,coal_base_conv pul before 1950,2080,OM-fixed,16.3,coal (conv pul) (seawater)
base load generation,coal,coal_base_conv pul before 1950,2080,OM-fixed,16.3,coal (conv pul) (recirculating)
base load generation,coal,coal_base_conv pul before 1950,2080,OM-fixed,16.3,coal (conv pul) (cooling pond)
base load generation,coal,coal_base_conv pul before 1950,2080,OM-fixed,16.3,coal (conv pul) (dry cooling)
base load generation,coal,coal_base_conv pul_retire_2023,2080,OM-fixed,16.3,coal (conv pul) (once through)
base load generation,coal,coal_base_conv pul_retire_2023,2080,OM-fixed,16.3,coal (conv pul) (seawater)
base load generation,coal,coal_base_conv pul_retire_2023,2080,OM-fixed,16.3,coal (conv pul) (recirculating)
base load generation,coal,coal_base_conv pul_retire_2023,2080,OM-fixed,16.3,coal (conv pul) (cooling pond)
base load generation,coal,coal_base_conv pul_retire_2023,2080,OM-fixed,16.3,coal (conv pul) (dry cooling)
base load generation,biomass,biomass_base_conv,2085,OM-fixed,37.24,biomass (conv) (once through)
base load generation,biomass,biomass_base_conv,2085,OM-fixed,37.24,biomass (conv) (seawater)
base load generation,biomass,biomass_base_conv,2085,OM-fixed,37.24,biomass (conv) (recirculating)
base load generation,biomass,biomass_base_conv,2085,OM-fixed,37.24,biomass (conv) (cooling pond)
base load generation,biomass,biomass_base_conv,2085,OM-fixed,37.24,biomass (conv) (dry cooling)
base load generation,biomass,biomass_base_conv_CCS,2085,OM-fixed,36.96,biomass (conv CCS) (once through)
base load generation,biomass,biomass_base_conv_CCS,2085,OM-fixed,36.96,biomass (conv CCS) (seawater)
base load generation,biomass,biomass_base_conv_CCS,2085,OM-fixed,36.96,biomass (conv CCS) (recirculating)
base load generation,biomass,biomass_base_conv_CCS,2085,OM-fixed,36.96,biomass (conv CCS) (dry cooling)
base load generation,biomass,biomass_base_IGCC,2085,OM-fixed,55.38,biomass (IGCC) (once through)
base load generation,biomass,biomass_base_IGCC,2085,OM-fixed,55.38,biomass (IGCC) (seawater)
base load generation,biomass,biomass_base_IGCC,2085,OM-fixed,55.38,biomass (IGCC) (recirculating)
base load generation,biomass,biomass_base_IGCC,2085,OM-fixed,55.38,biomass (IGCC) (dry cooling)
base load generation,biomass,biomass_base_IGCC_CCS,2085,OM-fixed,62.38,biomass (IGCC CCS) (once through)
base load generation,biomass,biomass_base_IGCC_CCS,2085,OM-fixed,62.38,biomass (IGCC CCS) (seawater)
base load generation,biomass,biomass_base_IGCC_CCS,2085,OM-fixed,62.38,biomass (IGCC CCS) (recirculating)
base load generation,biomass,biomass_base_IGCC_CCS,2085,OM-fixed,62.38,biomass (IGCC CCS) (dry cooling)
base load generation,coal,coal_base_conv pul,2085,OM-fixed,16.22,coal (conv pul) (once through)
base load generation,coal,coal_base_conv pul,2085,OM-fixed,16.22,coal (conv pul) (seawater)
base load generation,coal,coal_base_conv pul,2085,OM-fixed,16.22,coal (conv pul) (recirculating)
base load generation,coal,coal_base_conv pul,2085,OM-fixed,16.22,coal (conv pul) (cooling pond)
base load generation,coal,coal_base_conv pul,2085,OM-fixed,16.22,coal (conv pul) (dry cooling)
base load generation,coal,coal_base_conv pul_CCS,2085,OM-fixed,23.07,coal (conv pul CCS) (once through)
base load generation,coal,coal_base_conv pul_CCS,2085,OM-fixed,23.07,coal (conv pul CCS) (seawater)
base load generation,coal,coal_base_conv pul_CCS,2085,OM-fixed,23.07,coal (conv pul CCS) (recirculating)
base load generation,coal,coal_base_conv pul_CCS,2085,OM-fixed,23.07,coal (conv pul CCS) (dry cooling)
base load generation,coal,coal_base_IGCC,2085,OM-fixed,34.36,coal (IGCC) (once through)
base load generation,coal,coal_base_IGCC,2085,OM-fixed,34.36,coal (IGCC) (seawater)
base load generation,coal,coal_base_IGCC,2085,OM-fixed,34.36,coal (IGCC) (recirculating)
base load generation,coal,coal_base_IGCC,2085,OM-fixed,34.36,coal (IGCC) (dry cooling)
base load generation,coal,coal_base_IGCC_CCS,2085,OM-fixed,48.49,coal (IGCC CCS) (once through)
base load generation,coal,coal_base_IGCC_CCS,2085,OM-fixed,48.49,coal (IGCC CCS) (seawater)
base load generation,coal,coal_base_IGCC_CCS,2085,OM-fixed,48.49,coal (IGCC CCS) (recirculating)
base load generation,coal,coal_base_IGCC_CCS,2085,OM-fixed,48.49,coal (IGCC CCS) (dry cooling)
base load generation,gas,gas_base_CC,2085,OM-fixed,6.08,gas (CC) (once through)
base load generation,gas,gas_base_CC,2085,OM-fixed,6.08,gas (CC) (seawater)
base load generation,gas,gas_base_CC,2085,OM-fixed,6.08,gas (CC) (recirculating)
base load generation,gas,gas_base_CC,2085,OM-fixed,6.08,gas (CC) (cooling pond)
base load generation,gas,gas_base_CC,2085,OM-fixed,6.08,gas (CC) (dry cooling)
base load generation,gas,gas_base_CC_CCS,2085,OM-fixed,10.1,gas (CC CCS) (once through)
base load generation,gas,gas_base_CC_CCS,2085,OM-fixed,10.1,gas (CC CCS) (seawater)
base load generation,gas,gas_base_CC_CCS,2085,OM-fixed,10.1,gas (CC CCS) (recirculating)
base load generation,gas,gas_base_CC_CCS,2085,OM-fixed,10.1,gas (CC CCS) (dry cooling)
base load generation,geothermal,geo_base,2085,OM-fixed,25.56,geothermal (recirculating)
base load generation,geothermal,geo_base,2085,OM-fixed,25.56,geothermal (dry_hybrid)
base load generation,nuclear,nuc_base_Gen II,2085,OM-fixed,41.24,Gen_II_LWR (once through)
base load generation,nuclear,nuc_base_Gen II,2085,OM-fixed,41.24,Gen_II_LWR (seawater)
base load generation,nuclear,nuc_base_Gen II,2085,OM-fixed,41.24,Gen_II_LWR (recirculating)
base load generation,nuclear,nuc_base_Gen II,2085,OM-fixed,41.24,Gen_II_LWR (cooling pond)
base load generation,nuclear,nuc_base_large reactor,2085,OM-fixed,39.82,large reactor (once through)
base load generation,nuclear,nuc_base_large reactor,2085,OM-fixed,39.82,large reactor (seawater)
base load generation,nuclear,nuc_base_large reactor,2085,OM-fixed,39.82,large reactor (recirculating)
base load generation,nuclear,nuc_base_large reactor,2085,OM-fixed,39.82,large reactor (cooling pond)
base load generation,nuclear,nuc_base_SMR,2085,OM-fixed,30.95,SMR (once through)
base load generation,nuclear,nuc_base_SMR,2085,OM-fixed,30.95,SMR (seawater)
base load generation,nuclear,nuc_base_SMR,2085,OM-fixed,30.95,SMR (recirculating)
base load generation,nuclear,nuc_base_SMR,2085,OM-fixed,30.95,SMR (cooling pond)
base load generation,refined liquids,refined liquids_base_steam/CT,2085,OM-fixed,5.01,refined liquids (steam/CT) (once through)
base load generation,refined liquids,refined liquids_base_steam/CT,2085,OM-fixed,5.01,refined liquids (steam/CT) (seawater)
base load generation,refined liquids,refined liquids_base_steam/CT,2085,OM-fixed,5.01,refined liquids (steam/CT) (recirculating)
base load generation,refined liquids,refined liquids_base_steam/CT,2085,OM-fixed,5.01,refined liquids (steam/CT) (cooling pond)
base load generation,refined liquids,refined liquids_base_steam/CT,2085,OM-fixed,5.01,refined liquids (steam/CT) (dry cooling)
base load generation,refined liquids,refined liquids_base_CC,2085,OM-fixed,6.08,refined liquids (CC) (once through)
base load generation,refined liquids,refined liquids_base_CC,2085,OM-fixed,6.08,refined liquids (CC) (seawater)
base load generation,refined liquids,refined liquids_base_CC,2085,OM-fixed,6.08,refined liquids (CC) (recirculating)
base load generation,refined liquids,refined liquids_base_CC,2085,OM-fixed,6.08,refined liquids (CC) (dry cooling)
base load generation,refined liquids,refined liquids_base_CC_CCS,2085,OM-fixed,10.1,refined liquids (CC CCS) (once through)
base load generation,refined liquids,refined liquids_base_CC_CCS,2085,OM-fixed,10.1,refined liquids (CC CCS) (seawater)
base load generation,refined liquids,refined liquids_base_CC_CCS,2085,OM-fixed,10.1,refined liquids (CC CCS) (recirculating)
base load generation,refined liquids,refined liquids_base_CC_CCS,2085,OM-fixed,10.1,refined liquids (CC CCS) (dry cooling)
base load generation,solar,PV_base_storage,2085,OM-fixed,18.25,PV_base_storage
base load generation,solar,CSP_base_storage,2085,OM-fixed,11.83,CSP_base_storage
base load generation,wind,wind_base_storage,2085,OM-fixed,21.09,wind_base_storage
base load generation,coal,coal_base_conv pul 1951-1955,2085,OM-fixed,16.22,coal (conv pul) (once through)
base load generation,coal,coal_base_conv pul 1951-1955,2085,OM-fixed,16.22,coal (conv pul) (seawater)
base load generation,coal,coal_base_conv pul 1951-1955,2085,OM-fixed,16.22,coal (conv pul) (recirculating)
base load generation,coal,coal_base_conv pul 1951-1955,2085,OM-fixed,16.22,coal (conv pul) (cooling pond)
base load generation,coal,coal_base_conv pul 1951-1955,2085,OM-fixed,16.22,coal (conv pul) (dry cooling)
base load generation,coal,coal_base_conv pul 1956-1960,2085,OM-fixed,16.22,coal (conv pul) (once through)
base load generation,coal,coal_base_conv pul 1956-1960,2085,OM-fixed,16.22,coal (conv pul) (seawater)
base load generation,coal,coal_base_conv pul 1956-1960,2085,OM-fixed,16.22,coal (conv pul) (recirculating)
base load generation,coal,coal_base_conv pul 1956-1960,2085,OM-fixed,16.22,coal (conv pul) (cooling pond)
base load generation,coal,coal_base_conv pul 1956-1960,2085,OM-fixed,16.22,coal (conv pul) (dry cooling)
base load generation,coal,coal_base_conv pul 1961-1965,2085,OM-fixed,16.22,coal (conv pul) (once through)
base load generation,coal,coal_base_conv pul 1961-1965,2085,OM-fixed,16.22,coal (conv pul) (seawater)
base load generation,coal,coal_base_conv pul 1961-1965,2085,OM-fixed,16.22,coal (conv pul) (recirculating)
base load generation,coal,coal_base_conv pul 1961-1965,2085,OM-fixed,16.22,coal (conv pul) (cooling pond)
base load generation,coal,coal_base_conv pul 1961-1965,2085,OM-fixed,16.22,coal (conv pul) (dry cooling)
base load generation,coal,coal_base_conv pul 1966-1970,2085,OM-fixed,16.22,coal (conv pul) (once through)
base load generation,coal,coal_base_conv pul 1966-1970,2085,OM-fixed,16.22,coal (conv pul) (seawater)
base load generation,coal,coal_base_conv pul 1966-1970,2085,OM-fixed,16.22,coal (conv pul) (recirculating)
base load generation,coal,coal_base_conv pul 1966-1970,2085,OM-fixed,16.22,coal (conv pul) (cooling pond)
base load generation,coal,coal_base_conv pul 1966-1970,2085,OM-fixed,16.22,coal (conv pul) (dry cooling)
base load generation,coal,coal_base_conv pul 1971-1975,2085,OM-fixed,16.22,coal (conv pul) (once through)
base load generation,coal,coal_base_conv pul 1971-1975,2085,OM-fixed,16.22,coal (conv pul) (seawater)
base load generation,coal,coal_base_conv pul 1971-1975,2085,OM-fixed,16.22,coal (conv pul) (recirculating)
base load generation,coal,coal_base_conv pul 1971-1975,2085,OM-fixed,16.22,coal (conv pul) (cooling pond)
base load generation,coal,coal_base_conv pul 1971-1975,2085,OM-fixed,16.22,coal (conv pul) (dry cooling)
base load generation,coal,coal_base_conv pul 1976-1980,2085,OM-fixed,16.22,coal (conv pul) (once through)
base load generation,coal,coal_base_conv pul 1976-1980,2085,OM-fixed,16.22,coal (conv pul) (seawater)
base load generation,coal,coal_base_conv pul 1976-1980,2085,OM-fixed,16.22,coal (conv pul) (recirculating)
base load generation,coal,coal_base_conv pul 1976-1980,2085,OM-fixed,16.22,coal (conv pul) (cooling pond)
base load generation,coal,coal_base_conv pul 1976-1980,2085,OM-fixed,16.22,coal (conv pul) (dry cooling)
base load generation,coal,coal_base_conv pul 1981-1985,2085,OM-fixed,16.22,coal (conv pul) (once through)
base load generation,coal,coal_base_conv pul 1981-1985,2085,OM-fixed,16.22,coal (conv pul) (seawater)
base load generation,coal,coal_base_conv pul 1981-1985,2085,OM-fixed,16.22,coal (conv pul) (recirculating)
base load generation,coal,coal_base_conv pul 1981-1985,2085,OM-fixed,16.22,coal (conv pul) (cooling pond)
base load generation,coal,coal_base_conv pul 1981-1985,2085,OM-fixed,16.22,coal (conv pul) (dry cooling)
base load generation,coal,coal_base_conv pul 1986-1990,2085,OM-fixed,16.22,coal (conv pul) (once through)
base load generation,coal,coal_base_conv pul 1986-1990,2085,OM-fixed,16.22,coal (conv pul) (seawater)
base load generation,coal,coal_base_conv pul 1986-1990,2085,OM-fixed,16.22,coal (conv pul) (recirculating)
base load generation,coal,coal_base_conv pul 1986-1990,2085,OM-fixed,16.22,coal (conv pul) (cooling pond)
base load generation,coal,coal_base_conv pul 1986-1990,2085,OM-fixed,16.22,coal (conv pul) (dry cooling)
base load generation,coal,coal_base_conv pul 1991-1995,2085,OM-fixed,16.22,coal (conv pul) (once through)
base load generation,coal,coal_base_conv pul 1991-1995,2085,OM-fixed,16.22,coal (conv pul) (seawater)
base load generation,coal,coal_base_conv pul 1991-1995,2085,OM-fixed,16.22,coal (conv pul) (recirculating)
base load generation,coal,coal_base_conv pul 1991-1995,2085,OM-fixed,16.22,coal (conv pul) (cooling pond)
base load generation,coal,coal_base_conv pul 1991-1995,2085,OM-fixed,16.22,coal (conv pul) (dry cooling)
base load generation,coal,coal_base_conv pul 1996-2000,2085,OM-fixed,16.22,coal (conv pul) (once through)
base load generation,coal,coal_base_conv pul 1996-2000,2085,OM-fixed,16.22,coal (conv pul) (seawater)
base load generation,coal,coal_base_conv pul 1996-2000,2085,OM-fixed,16.22,coal (conv pul) (recirculating)
base load generation,coal,coal_base_conv pul 1996-2000,2085,OM-fixed,16.22,coal (conv pul) (cooling pond)
base load generation,coal,coal_base_conv pul 1996-2000,2085,OM-fixed,16.22,coal (conv pul) (dry cooling)
base load generation,coal,coal_base_conv pul 2001-2005,2085,OM-fixed,16.22,coal (conv pul) (once through)
base load generation,coal,coal_base_conv pul 2001-2005,2085,OM-fixed,16.22,coal (conv pul) (seawater)
base load generation,coal,coal_base_conv pul 2001-2005,2085,OM-fixed,16.22,coal (conv pul) (recirculating)
base load generation,coal,coal_base_conv pul 2001-2005,2085,OM-fixed,16.22,coal (conv pul) (cooling pond)
base load generation,coal,coal_base_conv pul 2001-2005,2085,OM-fixed,16.22,coal (conv pul) (dry cooling)
base load generation,coal,coal_base_conv pul 2006-2010,2085,OM-fixed,16.22,coal (conv pul) (once through)
base load generation,coal,coal_base_conv pul 2006-2010,2085,OM-fixed,16.22,coal (conv pul) (seawater)
base load generation,coal,coal_base_conv pul 2006-2010,2085,OM-fixed,16.22,coal (conv pul) (recirculating)
base load generation,coal,coal_base_conv pul 2006-2010,2085,OM-fixed,16.22,coal (conv pul) (cooling pond)
base load generation,coal,coal_base_conv pul 2006-2010,2085,OM-fixed,16.22,coal (conv pul) (dry cooling)
base load generation,coal,coal_base_conv pul 2011-2015,2085,OM-fixed,16.22,coal (conv pul) (once through)
base load generation,coal,coal_base_conv pul 2011-2015,2085,OM-fixed,16.22,coal (conv pul) (seawater)
base load generation,coal,coal_base_conv pul 2011-2015,2085,OM-fixed,16.22,coal (conv pul) (recirculating)
base load generation,coal,coal_base_conv pul 2011-2015,2085,OM-fixed,16.22,coal (conv pul) (cooling pond)
base load generation,coal,coal_base_conv pul 2011-2015,2085,OM-fixed,16.22,coal (conv pul) (dry cooling)
base load generation,coal,coal_base_conv pul 2016-2021,2085,OM-fixed,16.22,coal (conv pul) (once through)
base load generation,coal,coal_base_conv pul 2016-2021,2085,OM-fixed,16.22,coal (conv pul) (seawater)
base load generation,coal,coal_base_conv pul 2016-2021,2085,OM-fixed,16.22,coal (conv pul) (recirculating)
base load generation,coal,coal_base_conv pul 2016-2021,2085,OM-fixed,16.22,coal (conv pul) (cooling pond)
base load generation,coal,coal_base_conv pul 2016-2021,2085,OM-fixed,16.22,coal (conv pul) (dry cooling)
base load generation,coal,coal_base_conv pul before 1950,2085,OM-fixed,16.22,coal (conv pul) (once through)
base load generation,coal,coal_base_conv pul before 1950,2085,OM-fixed,16.22,coal (conv pul) (seawater)
base load generation,coal,coal_base_conv pul before 1950,2085,OM-fixed,16.22,coal (conv pul) (recirculating)
base load generation,coal,coal_base_conv pul before 1950,2085,OM-fixed,16.22,coal (conv pul) (cooling pond)
base load generation,coal,coal_base_conv pul before 1950,2085,OM-fixed,16.22,coal (conv pul) (dry cooling)
base load generation,coal,coal_base_conv pul_retire_2023,2085,OM-fixed,16.22,coal (conv pul) (once through)
base load generation,coal,coal_base_conv pul_retire_2023,2085,OM-fixed,16.22,coal (conv pul) (seawater)
base load generation,coal,coal_base_conv pul_retire_2023,2085,OM-fixed,16.22,coal (conv pul) (recirculating)
base load generation,coal,coal_base_conv pul_retire_2023,2085,OM-fixed,16.22,coal (conv pul) (cooling pond)
base load generation,coal,coal_base_conv pul_retire_2023,2085,OM-fixed,16.22,coal (conv pul) (dry cooling)
base load generation,biomass,biomass_base_conv,2090,OM-fixed,37.05,biomass (conv) (once through)
base load generation,biomass,biomass_base_conv,2090,OM-fixed,37.05,biomass (conv) (seawater)
base load generation,biomass,biomass_base_conv,2090,OM-fixed,37.05,biomass (conv) (recirculating)
base load generation,biomass,biomass_base_conv,2090,OM-fixed,37.05,biomass (conv) (cooling pond)
base load generation,biomass,biomass_base_conv,2090,OM-fixed,37.05,biomass (conv) (dry cooling)
base load generation,biomass,biomass_base_conv_CCS,2090,OM-fixed,36.78,biomass (conv CCS) (once through)
base load generation,biomass,biomass_base_conv_CCS,2090,OM-fixed,36.78,biomass (conv CCS) (seawater)
base load generation,biomass,biomass_base_conv_CCS,2090,OM-fixed,36.78,biomass (conv CCS) (recirculating)
base load generation,biomass,biomass_base_conv_CCS,2090,OM-fixed,36.78,biomass (conv CCS) (dry cooling)
base load generation,biomass,biomass_base_IGCC,2090,OM-fixed,55.1,biomass (IGCC) (once through)
base load generation,biomass,biomass_base_IGCC,2090,OM-fixed,55.1,biomass (IGCC) (seawater)
base load generation,biomass,biomass_base_IGCC,2090,OM-fixed,55.1,biomass (IGCC) (recirculating)
base load generation,biomass,biomass_base_IGCC,2090,OM-fixed,55.1,biomass (IGCC) (dry cooling)
base load generation,biomass,biomass_base_IGCC_CCS,2090,OM-fixed,62.07,biomass (IGCC CCS) (once through)
base load generation,biomass,biomass_base_IGCC_CCS,2090,OM-fixed,62.07,biomass (IGCC CCS) (seawater)
base load generation,biomass,biomass_base_IGCC_CCS,2090,OM-fixed,62.07,biomass (IGCC CCS) (recirculating)
base load generation,biomass,biomass_base_IGCC_CCS,2090,OM-fixed,62.07,biomass (IGCC CCS) (dry cooling)
base load generation,coal,coal_base_conv pul,2090,OM-fixed,16.14,coal (conv pul) (once through)
base load generation,coal,coal_base_conv pul,2090,OM-fixed,16.14,coal (conv pul) (seawater)
base load generation,coal,coal_base_conv pul,2090,OM-fixed,16.14,coal (conv pul) (recirculating)
base load generation,coal,coal_base_conv pul,2090,OM-fixed,16.14,coal (conv pul) (cooling pond)
base load generation,coal,coal_base_conv pul,2090,OM-fixed,16.14,coal (conv pul) (dry cooling)
base load generation,coal,coal_base_conv pul_CCS,2090,OM-fixed,22.96,coal (conv pul CCS) (once through)
base load generation,coal,coal_base_conv pul_CCS,2090,OM-fixed,22.96,coal (conv pul CCS) (seawater)
base load generation,coal,coal_base_conv pul_CCS,2090,OM-fixed,22.96,coal (conv pul CCS) (recirculating)
base load generation,coal,coal_base_conv pul_CCS,2090,OM-fixed,22.96,coal (conv pul CCS) (dry cooling)
base load generation,coal,coal_base_IGCC,2090,OM-fixed,34.19,coal (IGCC) (once through)
base load generation,coal,coal_base_IGCC,2090,OM-fixed,34.19,coal (IGCC) (seawater)
base load generation,coal,coal_base_IGCC,2090,OM-fixed,34.19,coal (IGCC) (recirculating)
base load generation,coal,coal_base_IGCC,2090,OM-fixed,34.19,coal (IGCC) (dry cooling)
base load generation,coal,coal_base_IGCC_CCS,2090,OM-fixed,48.25,coal (IGCC CCS) (once through)
base load generation,coal,coal_base_IGCC_CCS,2090,OM-fixed,48.25,coal (IGCC CCS) (seawater)
base load generation,coal,coal_base_IGCC_CCS,2090,OM-fixed,48.25,coal (IGCC CCS) (recirculating)
base load generation,coal,coal_base_IGCC_CCS,2090,OM-fixed,48.25,coal (IGCC CCS) (dry cooling)
base load generation,gas,gas_base_CC,2090,OM-fixed,6.04,gas (CC) (once through)
base load generation,gas,gas_base_CC,2090,OM-fixed,6.04,gas (CC) (seawater)
base load generation,gas,gas_base_CC,2090,OM-fixed,6.04,gas (CC) (recirculating)
base load generation,gas,gas_base_CC,2090,OM-fixed,6.04,gas (CC) (cooling pond)
base load generation,gas,gas_base_CC,2090,OM-fixed,6.04,gas (CC) (dry cooling)
base load generation,gas,gas_base_CC_CCS,2090,OM-fixed,10.05,gas (CC CCS) (once through)
base load generation,gas,gas_base_CC_CCS,2090,OM-fixed,10.05,gas (CC CCS) (seawater)
base load generation,gas,gas_base_CC_CCS,2090,OM-fixed,10.05,gas (CC CCS) (recirculating)
base load generation,gas,gas_base_CC_CCS,2090,OM-fixed,10.05,gas (CC CCS) (dry cooling)
base load generation,geothermal,geo_base,2090,OM-fixed,25.43,geothermal (recirculating)
base load generation,geothermal,geo_base,2090,OM-fixed,25.43,geothermal (dry_hybrid)
base load generation,nuclear,nuc_base_Gen II,2090,OM-fixed,41.24,Gen_II_LWR (once through)
base load generation,nuclear,nuc_base_Gen II,2090,OM-fixed,41.24,Gen_II_LWR (seawater)
base load generation,nuclear,nuc_base_Gen II,2090,OM-fixed,41.24,Gen_II_LWR (recirculating)
base load generation,nuclear,nuc_base_Gen II,2090,OM-fixed,41.24,Gen_II_LWR (cooling pond)
base load generation,nuclear,nuc_base_large reactor,2090,OM-fixed,39.62,large reactor (once through)
base load generation,nuclear,nuc_base_large reactor,2090,OM-fixed,39.62,large reactor (seawater)
base load generation,nuclear,nuc_base_large reactor,2090,OM-fixed,39.62,large reactor (recirculating)
base load generation,nuclear,nuc_base_large reactor,2090,OM-fixed,39.62,large reactor (cooling pond)
base load generation,nuclear,nuc_base_SMR,2090,OM-fixed,30.79,SMR (once through)
base load generation,nuclear,nuc_base_SMR,2090,OM-fixed,30.79,SMR (seawater)
base load generation,nuclear,nuc_base_SMR,2090,OM-fixed,30.79,SMR (recirculating)
base load generation,nuclear,nuc_base_SMR,2090,OM-fixed,30.79,SMR (cooling pond)
base load generation,refined liquids,refined liquids_base_steam/CT,2090,OM-fixed,4.98,refined liquids (steam/CT) (once through)
base load generation,refined liquids,refined liquids_base_steam/CT,2090,OM-fixed,4.98,refined liquids (steam/CT) (seawater)
base load generation,refined liquids,refined liquids_base_steam/CT,2090,OM-fixed,4.98,refined liquids (steam/CT) (recirculating)
base load generation,refined liquids,refined liquids_base_steam/CT,2090,OM-fixed,4.98,refined liquids (steam/CT) (cooling pond)
base load generation,refined liquids,refined liquids_base_steam/CT,2090,OM-fixed,4.98,refined liquids (steam/CT) (dry cooling)
base load generation,refined liquids,refined liquids_base_CC,2090,OM-fixed,6.04,refined liquids (CC) (once through)
base load generation,refined liquids,refined liquids_base_CC,2090,OM-fixed,6.04,refined liquids (CC) (seawater)
base load generation,refined liquids,refined liquids_base_CC,2090,OM-fixed,6.04,refined liquids (CC) (recirculating)
base load generation,refined liquids,refined liquids_base_CC,2090,OM-fixed,6.04,refined liquids (CC) (dry cooling)
base load generation,refined liquids,refined liquids_base_CC_CCS,2090,OM-fixed,10.05,refined liquids (CC CCS) (once through)
base load generation,refined liquids,refined liquids_base_CC_CCS,2090,OM-fixed,10.05,refined liquids (CC CCS) (seawater)
base load generation,refined liquids,refined liquids_base_CC_CCS,2090,OM-fixed,10.05,refined liquids (CC CCS) (recirculating)
base load generation,refined liquids,refined liquids_base_CC_CCS,2090,OM-fixed,10.05,refined liquids (CC CCS) (dry cooling)
base load generation,solar,PV_base_storage,2090,OM-fixed,18.16,PV_base_storage
base load generation,solar,CSP_base_storage,2090,OM-fixed,11.77,CSP_base_storage
base load generation,wind,wind_base_storage,2090,OM-fixed,20.99,wind_base_storage
base load generation,coal,coal_base_conv pul 1951-1955,2090,OM-fixed,16.14,coal (conv pul) (once through)
base load generation,coal,coal_base_conv pul 1951-1955,2090,OM-fixed,16.14,coal (conv pul) (seawater)
base load generation,coal,coal_base_conv pul 1951-1955,2090,OM-fixed,16.14,coal (conv pul) (recirculating)
base load generation,coal,coal_base_conv pul 1951-1955,2090,OM-fixed,16.14,coal (conv pul) (cooling pond)
base load generation,coal,coal_base_conv pul 1951-1955,2090,OM-fixed,16.14,coal (conv pul) (dry cooling)
base load generation,coal,coal_base_conv pul 1956-1960,2090,OM-fixed,16.14,coal (conv pul) (once through)
base load generation,coal,coal_base_conv pul 1956-1960,2090,OM-fixed,16.14,coal (conv pul) (seawater)
base load generation,coal,coal_base_conv pul 1956-1960,2090,OM-fixed,16.14,coal (conv pul) (recirculating)
base load generation,coal,coal_base_conv pul 1956-1960,2090,OM-fixed,16.14,coal (conv pul) (cooling pond)
base load generation,coal,coal_base_conv pul 1956-1960,2090,OM-fixed,16.14,coal (conv pul) (dry cooling)
base load generation,coal,coal_base_conv pul 1961-1965,2090,OM-fixed,16.14,coal (conv pul) (once through)
base load generation,coal,coal_base_conv pul 1961-1965,2090,OM-fixed,16.14,coal (conv pul) (seawater)
base load generation,coal,coal_base_conv pul 1961-1965,2090,OM-fixed,16.14,coal (conv pul) (recirculating)
base load generation,coal,coal_base_conv pul 1961-1965,2090,OM-fixed,16.14,coal (conv pul) (cooling pond)
base load generation,coal,coal_base_conv pul 1961-1965,2090,OM-fixed,16.14,coal (conv pul) (dry cooling)
base load generation,coal,coal_base_conv pul 1966-1970,2090,OM-fixed,16.14,coal (conv pul) (once through)
base load generation,coal,coal_base_conv pul 1966-1970,2090,OM-fixed,16.14,coal (conv pul) (seawater)
base load generation,coal,coal_base_conv pul 1966-1970,2090,OM-fixed,16.14,coal (conv pul) (recirculating)
base load generation,coal,coal_base_conv pul 1966-1970,2090,OM-fixed,16.14,coal (conv pul) (cooling pond)
base load generation,coal,coal_base_conv pul 1966-1970,2090,OM-fixed,16.14,coal (conv pul) (dry cooling)
base load generation,coal,coal_base_conv pul 1971-1975,2090,OM-fixed,16.14,coal (conv pul) (once through)
base load generation,coal,coal_base_conv pul 1971-1975,2090,OM-fixed,16.14,coal (conv pul) (seawater)
base load generation,coal,coal_base_conv pul 1971-1975,2090,OM-fixed,16.14,coal (conv pul) (recirculating)
base load generation,coal,coal_base_conv pul 1971-1975,2090,OM-fixed,16.14,coal (conv pul) (cooling pond)
base load generation,coal,coal_base_conv pul 1971-1975,2090,OM-fixed,16.14,coal (conv pul) (dry cooling)
base load generation,coal,coal_base_conv pul 1976-1980,2090,OM-fixed,16.14,coal (conv pul) (once through)
base load generation,coal,coal_base_conv pul 1976-1980,2090,OM-fixed,16.14,coal (conv pul) (seawater)
base load generation,coal,coal_base_conv pul 1976-1980,2090,OM-fixed,16.14,coal (conv pul) (recirculating)
base load generation,coal,coal_base_conv pul 1976-1980,2090,OM-fixed,16.14,coal (conv pul) (cooling pond)
base load generation,coal,coal_base_conv pul 1976-1980,2090,OM-fixed,16.14,coal (conv pul) (dry cooling)
base load generation,coal,coal_base_conv pul 1981-1985,2090,OM-fixed,16.14,coal (conv pul) (once through)
base load generation,coal,coal_base_conv pul 1981-1985,2090,OM-fixed,16.14,coal (conv pul) (seawater)
base load generation,coal,coal_base_conv pul 1981-1985,2090,OM-fixed,16.14,coal (conv pul) (recirculating)
base load generation,coal,coal_base_conv pul 1981-1985,2090,OM-fixed,16.14,coal (conv pul) (cooling pond)
base load generation,coal,coal_base_conv pul 1981-1985,2090,OM-fixed,16.14,coal (conv pul) (dry cooling)
base load generation,coal,coal_base_conv pul 1986-1990,2090,OM-fixed,16.14,coal (conv pul) (once through)
base load generation,coal,coal_base_conv pul 1986-1990,2090,OM-fixed,16.14,coal (conv pul) (seawater)
base load generation,coal,coal_base_conv pul 1986-1990,2090,OM-fixed,16.14,coal (conv pul) (recirculating)
base load generation,coal,coal_base_conv pul 1986-1990,2090,OM-fixed,16.14,coal (conv pul) (cooling pond)
base load generation,coal,coal_base_conv pul 1986-1990,2090,OM-fixed,16.14,coal (conv pul) (dry cooling)
base load generation,coal,coal_base_conv pul 1991-1995,2090,OM-fixed,16.14,coal (conv pul) (once through)
base load generation,coal,coal_base_conv pul 1991-1995,2090,OM-fixed,16.14,coal (conv pul) (seawater)
base load generation,coal,coal_base_conv pul 1991-1995,2090,OM-fixed,16.14,coal (conv pul) (recirculating)
base load generation,coal,coal_base_conv pul 1991-1995,2090,OM-fixed,16.14,coal (conv pul) (cooling pond)
base load generation,coal,coal_base_conv pul 1991-1995,2090,OM-fixed,16.14,coal (conv pul) (dry cooling)
base load generation,coal,coal_base_conv pul 1996-2000,2090,OM-fixed,16.14,coal (conv pul) (once through)
base load generation,coal,coal_base_conv pul 1996-2000,2090,OM-fixed,16.14,coal (conv pul) (seawater)
base load generation,coal,coal_base_conv pul 1996-2000,2090,OM-fixed,16.14,coal (conv pul) (recirculating)
base load generation,coal,coal_base_conv pul 1996-2000,2090,OM-fixed,16.14,coal (conv pul) (cooling pond)
base load generation,coal,coal_base_conv pul 1996-2000,2090,OM-fixed,16.14,coal (conv pul) (dry cooling)
base load generation,coal,coal_base_conv pul 2001-2005,2090,OM-fixed,16.14,coal (conv pul) (once through)
base load generation,coal,coal_base_conv pul 2001-2005,2090,OM-fixed,16.14,coal (conv pul) (seawater)
base load generation,coal,coal_base_conv pul 2001-2005,2090,OM-fixed,16.14,coal (conv pul) (recirculating)
base load generation,coal,coal_base_conv pul 2001-2005,2090,OM-fixed,16.14,coal (conv pul) (cooling pond)
base load generation,coal,coal_base_conv pul 2001-2005,2090,OM-fixed,16.14,coal (conv pul) (dry cooling)
base load generation,coal,coal_base_conv pul 2006-2010,2090,OM-fixed,16.14,coal (conv pul) (once through)
base load generation,coal,coal_base_conv pul 2006-2010,2090,OM-fixed,16.14,coal (conv pul) (seawater)
base load generation,coal,coal_base_conv pul 2006-2010,2090,OM-fixed,16.14,coal (conv pul) (recirculating)
base load generation,coal,coal_base_conv pul 2006-2010,2090,OM-fixed,16.14,coal (conv pul) (cooling pond)
base load generation,coal,coal_base_conv pul 2006-2010,2090,OM-fixed,16.14,coal (conv pul) (dry cooling)
base load generation,coal,coal_base_conv pul 2011-2015,2090,OM-fixed,16.14,coal (conv pul) (once through)
base load generation,coal,coal_base_conv pul 2011-2015,2090,OM-fixed,16.14,coal (conv pul) (seawater)
base load generation,coal,coal_base_conv pul 2011-2015,2090,OM-fixed,16.14,coal (conv pul) (recirculating)
base load generation,coal,coal_base_conv pul 2011-2015,2090,OM-fixed,16.14,coal (conv pul) (cooling pond)
base load generation,coal,coal_base_conv pul 2011-2015,2090,OM-fixed,16.14,coal (conv pul) (dry cooling)
base load generation,coal,coal_base_conv pul 2016-2021,2090,OM-fixed,16.14,coal (conv pul) (once through)
base load generation,coal,coal_base_conv pul 2016-2021,2090,OM-fixed,16.14,coal (conv pul) (seawater)
base load generation,coal,coal_base_conv pul 2016-2021,2090,OM-fixed,16.14,coal (conv pul) (recirculating)
base load generation,coal,coal_base_conv pul 2016-2021,2090,OM-fixed,16.14,coal (conv pul) (cooling pond)
base load generation,coal,coal_base_conv pul 2016-2021,2090,OM-fixed,16.14,coal (conv pul) (dry cooling)
base load generation,coal,coal_base_conv pul before 1950,2090,OM-fixed,16.14,coal (conv pul) (once through)
base load generation,coal,coal_base_conv pul before 1950,2090,OM-fixed,16.14,coal (conv pul) (seawater)
base load generation,coal,coal_base_conv pul before 1950,2090,OM-fixed,16.14,coal (conv pul) (recirculating)
base load generation,coal,coal_base_conv pul before 1950,2090,OM-fixed,16.14,coal (conv pul) (cooling pond)
base load generation,coal,coal_base_conv pul before 1950,2090,OM-fixed,16.14,coal (conv pul) (dry cooling)
base load generation,coal,coal_base_conv pul_retire_2023,2090,OM-fixed,16.14,coal (conv pul) (once through)
base load generation,coal,coal_base_conv pul_retire_2023,2090,OM-fixed,16.14,coal (conv pul) (seawater)
base load generation,coal,coal_base_conv pul_retire_2023,2090,OM-fixed,16.14,coal (conv pul) (recirculating)
base load generation,coal,coal_base_conv pul_retire_2023,2090,OM-fixed,16.14,coal (conv pul) (cooling pond)
base load generation,coal,coal_base_conv pul_retire_2023,2090,OM-fixed,16.14,coal (conv pul) (dry cooling)
base load generation,biomass,biomass_base_conv,2095,OM-fixed,36.87,biomass (conv) (once through)
base load generation,biomass,biomass_base_conv,2095,OM-fixed,36.87,biomass (conv) (seawater)
base load generation,biomass,biomass_base_conv,2095,OM-fixed,36.87,biomass (conv) (recirculating)
base load generation,biomass,biomass_base_conv,2095,OM-fixed,36.87,biomass (conv) (cooling pond)
base load generation,biomass,biomass_base_conv,2095,OM-fixed,36.87,biomass (conv) (dry cooling)
base load generation,biomass,biomass_base_conv_CCS,2095,OM-fixed,36.6,biomass (conv CCS) (once through)
base load generation,biomass,biomass_base_conv_CCS,2095,OM-fixed,36.6,biomass (conv CCS) (seawater)
base load generation,biomass,biomass_base_conv_CCS,2095,OM-fixed,36.6,biomass (conv CCS) (recirculating)
base load generation,biomass,biomass_base_conv_CCS,2095,OM-fixed,36.6,biomass (conv CCS) (dry cooling)
base load generation,biomass,biomass_base_IGCC,2095,OM-fixed,54.82,biomass (IGCC) (once through)
base load generation,biomass,biomass_base_IGCC,2095,OM-fixed,54.82,biomass (IGCC) (seawater)
base load generation,biomass,biomass_base_IGCC,2095,OM-fixed,54.82,biomass (IGCC) (recirculating)
base load generation,biomass,biomass_base_IGCC,2095,OM-fixed,54.82,biomass (IGCC) (dry cooling)
base load generation,biomass,biomass_base_IGCC_CCS,2095,OM-fixed,61.76,biomass (IGCC CCS) (once through)
base load generation,biomass,biomass_base_IGCC_CCS,2095,OM-fixed,61.76,biomass (IGCC CCS) (seawater)
base load generation,biomass,biomass_base_IGCC_CCS,2095,OM-fixed,61.76,biomass (IGCC CCS) (recirculating)
base load generation,biomass,biomass_base_IGCC_CCS,2095,OM-fixed,61.76,biomass (IGCC CCS) (dry cooling)
base load generation,coal,coal_base_conv pul,2095,OM-fixed,16.06,coal (conv pul) (once through)
base load generation,coal,coal_base_conv pul,2095,OM-fixed,16.06,coal (conv pul) (seawater)
base load generation,coal,coal_base_conv pul,2095,OM-fixed,16.06,coal (conv pul) (recirculating)
base load generation,coal,coal_base_conv pul,2095,OM-fixed,16.06,coal (conv pul) (cooling pond)
base load generation,coal,coal_base_conv pul,2095,OM-fixed,16.06,coal (conv pul) (dry cooling)
base load generation,coal,coal_base_conv pul_CCS,2095,OM-fixed,22.84,coal (conv pul CCS) (once through)
base load generation,coal,coal_base_conv pul_CCS,2095,OM-fixed,22.84,coal (conv pul CCS) (seawater)
base load generation,coal,coal_base_conv pul_CCS,2095,OM-fixed,22.84,coal (conv pul CCS) (recirculating)
base load generation,coal,coal_base_conv pul_CCS,2095,OM-fixed,22.84,coal (conv pul CCS) (dry cooling)
base load generation,coal,coal_base_IGCC,2095,OM-fixed,34.02,coal (IGCC) (once through)
base load generation,coal,coal_base_IGCC,2095,OM-fixed,34.02,coal (IGCC) (seawater)
base load generation,coal,coal_base_IGCC,2095,OM-fixed,34.02,coal (IGCC) (recirculating)
base load generation,coal,coal_base_IGCC,2095,OM-fixed,34.02,coal (IGCC) (dry cooling)
base load generation,coal,coal_base_IGCC_CCS,2095,OM-fixed,48.01,coal (IGCC CCS) (once through)
base load generation,coal,coal_base_IGCC_CCS,2095,OM-fixed,48.01,coal (IGCC CCS) (seawater)
base load generation,coal,coal_base_IGCC_CCS,2095,OM-fixed,48.01,coal (IGCC CCS) (recirculating)
base load generation,coal,coal_base_IGCC_CCS,2095,OM-fixed,48.01,coal (IGCC CCS) (dry cooling)
base load generation,gas,gas_base_CC,2095,OM-fixed,6.01,gas (CC) (once through)
base load generation,gas,gas_base_CC,2095,OM-fixed,6.01,gas (CC) (seawater)
base load generation,gas,gas_base_CC,2095,OM-fixed,6.01,gas (CC) (recirculating)
base load generation,gas,gas_base_CC,2095,OM-fixed,6.01,gas (CC) (cooling pond)
base load generation,gas,gas_base_CC,2095,OM-fixed,6.01,gas (CC) (dry cooling)
base load generation,gas,gas_base_CC_CCS,2095,OM-fixed,10,gas (CC CCS) (once through)
base load generation,gas,gas_base_CC_CCS,2095,OM-fixed,10,gas (CC CCS) (seawater)
base load generation,gas,gas_base_CC_CCS,2095,OM-fixed,10,gas (CC CCS) (recirculating)
base load generation,gas,gas_base_CC_CCS,2095,OM-fixed,10,gas (CC CCS) (dry cooling)
base load generation,geothermal,geo_base,2095,OM-fixed,25.3,geothermal (recirculating)
base load generation,geothermal,geo_base,2095,OM-fixed,25.3,geothermal (dry_hybrid)
base load generation,nuclear,nuc_base_Gen II,2095,OM-fixed,41.24,Gen_II_LWR (once through)
base load generation,nuclear,nuc_base_Gen II,2095,OM-fixed,41.24,Gen_II_LWR (seawater)
base load generation,nuclear,nuc_base_Gen II,2095,OM-fixed,41.24,Gen_II_LWR (recirculating)
base load generation,nuclear,nuc_base_Gen II,2095,OM-fixed,41.24,Gen_II_LWR (cooling pond)
base load generation,nuclear,nuc_base_large reactor,2095,OM-fixed,39.42,large reactor (once through)
base load generation,nuclear,nuc_base_large reactor,2095,OM-fixed,39.42,large reactor (seawater)
base load generation,nuclear,nuc_base_large reactor,2095,OM-fixed,39.42,large reactor (recirculating)
base load generation,nuclear,nuc_base_large reactor,2095,OM-fixed,39.42,large reactor (cooling pond)
base load generation,nuclear,nuc_base_SMR,2095,OM-fixed,30.64,SMR (once through)
base load generation,nuclear,nuc_base_SMR,2095,OM-fixed,30.64,SMR (seawater)
base load generation,nuclear,nuc_base_SMR,2095,OM-fixed,30.64,SMR (recirculating)
base load generation,nuclear,nuc_base_SMR,2095,OM-fixed,30.64,SMR (cooling pond)
base load generation,refined liquids,refined liquids_base_steam/CT,2095,OM-fixed,4.96,refined liquids (steam/CT) (once through)
base load generation,refined liquids,refined liquids_base_steam/CT,2095,OM-fixed,4.96,refined liquids (steam/CT) (seawater)
base load generation,refined liquids,refined liquids_base_steam/CT,2095,OM-fixed,4.96,refined liquids (steam/CT) (recirculating)
base load generation,refined liquids,refined liquids_base_steam/CT,2095,OM-fixed,4.96,refined liquids (steam/CT) (cooling pond)
base load generation,refined liquids,refined liquids_base_steam/CT,2095,OM-fixed,4.96,refined liquids (steam/CT) (dry cooling)
base load generation,refined liquids,refined liquids_base_CC,2095,OM-fixed,6.01,refined liquids (CC) (once through)
base load generation,refined liquids,refined liquids_base_CC,2095,OM-fixed,6.01,refined liquids (CC) (seawater)
base load generation,refined liquids,refined liquids_base_CC,2095,OM-fixed,6.01,refined liquids (CC) (recirculating)
base load generation,refined liquids,refined liquids_base_CC,2095,OM-fixed,6.01,refined liquids (CC) (dry cooling)
base load generation,refined liquids,refined liquids_base_CC_CCS,2095,OM-fixed,10,refined liquids (CC CCS) (once through)
base load generation,refined liquids,refined liquids_base_CC_CCS,2095,OM-fixed,10,refined liquids (CC CCS) (seawater)
base load generation,refined liquids,refined liquids_base_CC_CCS,2095,OM-fixed,10,refined liquids (CC CCS) (recirculating)
base load generation,refined liquids,refined liquids_base_CC_CCS,2095,OM-fixed,10,refined liquids (CC CCS) (dry cooling)
base load generation,solar,PV_base_storage,2095,OM-fixed,18.07,PV_base_storage
base load generation,solar,CSP_base_storage,2095,OM-fixed,11.71,CSP_base_storage
base load generation,wind,wind_base_storage,2095,OM-fixed,20.88,wind_base_storage
base load generation,coal,coal_base_conv pul 1951-1955,2095,OM-fixed,16.06,coal (conv pul) (once through)
base load generation,coal,coal_base_conv pul 1951-1955,2095,OM-fixed,16.06,coal (conv pul) (seawater)
base load generation,coal,coal_base_conv pul 1951-1955,2095,OM-fixed,16.06,coal (conv pul) (recirculating)
base load generation,coal,coal_base_conv pul 1951-1955,2095,OM-fixed,16.06,coal (conv pul) (cooling pond)
base load generation,coal,coal_base_conv pul 1951-1955,2095,OM-fixed,16.06,coal (conv pul) (dry cooling)
base load generation,coal,coal_base_conv pul 1956-1960,2095,OM-fixed,16.06,coal (conv pul) (once through)
base load generation,coal,coal_base_conv pul 1956-1960,2095,OM-fixed,16.06,coal (conv pul) (seawater)
base load generation,coal,coal_base_conv pul 1956-1960,2095,OM-fixed,16.06,coal (conv pul) (recirculating)
base load generation,coal,coal_base_conv pul 1956-1960,2095,OM-fixed,16.06,coal (conv pul) (cooling pond)
base load generation,coal,coal_base_conv pul 1956-1960,2095,OM-fixed,16.06,coal (conv pul) (dry cooling)
base load generation,coal,coal_base_conv pul 1961-1965,2095,OM-fixed,16.06,coal (conv pul) (once through)
base load generation,coal,coal_base_conv pul 1961-1965,2095,OM-fixed,16.06,coal (conv pul) (seawater)
base load generation,coal,coal_base_conv pul 1961-1965,2095,OM-fixed,16.06,coal (conv pul) (recirculating)
base load generation,coal,coal_base_conv pul 1961-1965,2095,OM-fixed,16.06,coal (conv pul) (cooling pond)
base load generation,coal,coal_base_conv pul 1961-1965,2095,OM-fixed,16.06,coal (conv pul) (dry cooling)
base load generation,coal,coal_base_conv pul 1966-1970,2095,OM-fixed,16.06,coal (conv pul) (once through)
base load generation,coal,coal_base_conv pul 1966-1970,2095,OM-fixed,16.06,coal (conv pul) (seawater)
base load generation,coal,coal_base_conv pul 1966-1970,2095,OM-fixed,16.06,coal (conv pul) (recirculating)
base load generation,coal,coal_base_conv pul 1966-1970,2095,OM-fixed,16.06,coal (conv pul) (cooling pond)
base load generation,coal,coal_base_conv pul 1966-1970,2095,OM-fixed,16.06,coal (conv pul) (dry cooling)
base load generation,coal,coal_base_conv pul 1971-1975,2095,OM-fixed,16.06,coal (conv pul) (once through)
base load generation,coal,coal_base_conv pul 1971-1975,2095,OM-fixed,16.06,coal (conv pul) (seawater)
base load generation,coal,coal_base_conv pul 1971-1975,2095,OM-fixed,16.06,coal (conv pul) (recirculating)
base load generation,coal,coal_base_conv pul 1971-1975,2095,OM-fixed,16.06,coal (conv pul) (cooling pond)
base load generation,coal,coal_base_conv pul 1971-1975,2095,OM-fixed,16.06,coal (conv pul) (dry cooling)
base load generation,coal,coal_base_conv pul 1976-1980,2095,OM-fixed,16.06,coal (conv pul) (once through)
base load generation,coal,coal_base_conv pul 1976-1980,2095,OM-fixed,16.06,coal (conv pul) (seawater)
base load generation,coal,coal_base_conv pul 1976-1980,2095,OM-fixed,16.06,coal (conv pul) (recirculating)
base load generation,coal,coal_base_conv pul 1976-1980,2095,OM-fixed,16.06,coal (conv pul) (cooling pond)
base load generation,coal,coal_base_conv pul 1976-1980,2095,OM-fixed,16.06,coal (conv pul) (dry cooling)
base load generation,coal,coal_base_conv pul 1981-1985,2095,OM-fixed,16.06,coal (conv pul) (once through)
base load generation,coal,coal_base_conv pul 1981-1985,2095,OM-fixed,16.06,coal (conv pul) (seawater)
base load generation,coal,coal_base_conv pul 1981-1985,2095,OM-fixed,16.06,coal (conv pul) (recirculating)
base load generation,coal,coal_base_conv pul 1981-1985,2095,OM-fixed,16.06,coal (conv pul) (cooling pond)
base load generation,coal,coal_base_conv pul 1981-1985,2095,OM-fixed,16.06,coal (conv pul) (dry cooling)
base load generation,coal,coal_base_conv pul 1986-1990,2095,OM-fixed,16.06,coal (conv pul) (once through)
base load generation,coal,coal_base_conv pul 1986-1990,2095,OM-fixed,16.06,coal (conv pul) (seawater)
base load generation,coal,coal_base_conv pul 1986-1990,2095,OM-fixed,16.06,coal (conv pul) (recirculating)
base load generation,coal,coal_base_conv pul 1986-1990,2095,OM-fixed,16.06,coal (conv pul) (cooling pond)
base load generation,coal,coal_base_conv pul 1986-1990,2095,OM-fixed,16.06,coal (conv pul) (dry cooling)
base load generation,coal,coal_base_conv pul 1991-1995,2095,OM-fixed,16.06,coal (conv pul) (once through)
base load generation,coal,coal_base_conv pul 1991-1995,2095,OM-fixed,16.06,coal (conv pul) (seawater)
base load generation,coal,coal_base_conv pul 1991-1995,2095,OM-fixed,16.06,coal (conv pul) (recirculating)
base load generation,coal,coal_base_conv pul 1991-1995,2095,OM-fixed,16.06,coal (conv pul) (cooling pond)
base load generation,coal,coal_base_conv pul 1991-1995,2095,OM-fixed,16.06,coal (conv pul) (dry cooling)
base load generation,coal,coal_base_conv pul 1996-2000,2095,OM-fixed,16.06,coal (conv pul) (once through)
base load generation,coal,coal_base_conv pul 1996-2000,2095,OM-fixed,16.06,coal (conv pul) (seawater)
base load generation,coal,coal_base_conv pul 1996-2000,2095,OM-fixed,16.06,coal (conv pul) (recirculating)
base load generation,coal,coal_base_conv pul 1996-2000,2095,OM-fixed,16.06,coal (conv pul) (cooling pond)
base load generation,coal,coal_base_conv pul 1996-2000,2095,OM-fixed,16.06,coal (conv pul) (dry cooling)
base load generation,coal,coal_base_conv pul 2001-2005,2095,OM-fixed,16.06,coal (conv pul) (once through)
base load generation,coal,coal_base_conv pul 2001-2005,2095,OM-fixed,16.06,coal (conv pul) (seawater)
base load generation,coal,coal_base_conv pul 2001-2005,2095,OM-fixed,16.06,coal (conv pul) (recirculating)
base load generation,coal,coal_base_conv pul 2001-2005,2095,OM-fixed,16.06,coal (conv pul) (cooling pond)
base load generation,coal,coal_base_conv pul 2001-2005,2095,OM-fixed,16.06,coal (conv pul) (dry cooling)
base load generation,coal,coal_base_conv pul 2006-2010,2095,OM-fixed,16.06,coal (conv pul) (once through)
base load generation,coal,coal_base_conv pul 2006-2010,2095,OM-fixed,16.06,coal (conv pul) (seawater)
base load generation,coal,coal_base_conv pul 2006-2010,2095,OM-fixed,16.06,coal (conv pul) (recirculating)
base load generation,coal,coal_base_conv pul 2006-2010,2095,OM-fixed,16.06,coal (conv pul) (cooling pond)
base load generation,coal,coal_base_conv pul 2006-2010,2095,OM-fixed,16.06,coal (conv pul) (dry cooling)
base load generation,coal,coal_base_conv pul 2011-2015,2095,OM-fixed,16.06,coal (conv pul) (once through)
base load generation,coal,coal_base_conv pul 2011-2015,2095,OM-fixed,16.06,coal (conv pul) (seawater)
base load generation,coal,coal_base_conv pul 2011-2015,2095,OM-fixed,16.06,coal (conv pul) (recirculating)
base load generation,coal,coal_base_conv pul 2011-2015,2095,OM-fixed,16.06,coal (conv pul) (cooling pond)
base load generation,coal,coal_base_conv pul 2011-2015,2095,OM-fixed,16.06,coal (conv pul) (dry cooling)
base load generation,coal,coal_base_conv pul 2016-2021,2095,OM-fixed,16.06,coal (conv pul) (once through)
base load generation,coal,coal_base_conv pul 2016-2021,2095,OM-fixed,16.06,coal (conv pul) (seawater)
base load generation,coal,coal_base_conv pul 2016-2021,2095,OM-fixed,16.06,coal (conv pul) (recirculating)
base load generation,coal,coal_base_conv pul 2016-2021,2095,OM-fixed,16.06,coal (conv pul) (cooling pond)
base load generation,coal,coal_base_conv pul 2016-2021,2095,OM-fixed,16.06,coal (conv pul) (dry cooling)
base load generation,coal,coal_base_conv pul before 1950,2095,OM-fixed,16.06,coal (conv pul) (once through)
base load generation,coal,coal_base_conv pul before 1950,2095,OM-fixed,16.06,coal (conv pul) (seawater)
base load generation,coal,coal_base_conv pul before 1950,2095,OM-fixed,16.06,coal (conv pul) (recirculating)
base load generation,coal,coal_base_conv pul before 1950,2095,OM-fixed,16.06,coal (conv pul) (cooling pond)
base load generation,coal,coal_base_conv pul before 1950,2095,OM-fixed,16.06,coal (conv pul) (dry cooling)
base load generation,coal,coal_base_conv pul_retire_2023,2095,OM-fixed,16.06,coal (conv pul) (once through)
base load generation,coal,coal_base_conv pul_retire_2023,2095,OM-fixed,16.06,coal (conv pul) (seawater)
base load generation,coal,coal_base_conv pul_retire_2023,2095,OM-fixed,16.06,coal (conv pul) (recirculating)
base load generation,coal,coal_base_conv pul_retire_2023,2095,OM-fixed,16.06,coal (conv pul) (cooling pond)
base load generation,coal,coal_base_conv pul_retire_2023,2095,OM-fixed,16.06,coal (conv pul) (dry cooling)
base load generation,biomass,biomass_base_conv,2100,OM-fixed,36.69,biomass (conv) (once through)
base load generation,biomass,biomass_base_conv,2100,OM-fixed,36.69,biomass (conv) (seawater)
base load generation,biomass,biomass_base_conv,2100,OM-fixed,36.69,biomass (conv) (recirculating)
base load generation,biomass,biomass_base_conv,2100,OM-fixed,36.69,biomass (conv) (cooling pond)
base load generation,biomass,biomass_base_conv,2100,OM-fixed,36.69,biomass (conv) (dry cooling)
base load generation,biomass,biomass_base_conv_CCS,2100,OM-fixed,36.41,biomass (conv CCS) (once through)
base load generation,biomass,biomass_base_conv_CCS,2100,OM-fixed,36.41,biomass (conv CCS) (seawater)
base load generation,biomass,biomass_base_conv_CCS,2100,OM-fixed,36.41,biomass (conv CCS) (recirculating)
base load generation,biomass,biomass_base_conv_CCS,2100,OM-fixed,36.41,biomass (conv CCS) (dry cooling)
base load generation,biomass,biomass_base_IGCC,2100,OM-fixed,54.55,biomass (IGCC) (once through)
base load generation,biomass,biomass_base_IGCC,2100,OM-fixed,54.55,biomass (IGCC) (seawater)
base load generation,biomass,biomass_base_IGCC,2100,OM-fixed,54.55,biomass (IGCC) (recirculating)
base load generation,biomass,biomass_base_IGCC,2100,OM-fixed,54.55,biomass (IGCC) (dry cooling)
base load generation,biomass,biomass_base_IGCC_CCS,2100,OM-fixed,61.45,biomass (IGCC CCS) (once through)
base load generation,biomass,biomass_base_IGCC_CCS,2100,OM-fixed,61.45,biomass (IGCC CCS) (seawater)
base load generation,biomass,biomass_base_IGCC_CCS,2100,OM-fixed,61.45,biomass (IGCC CCS) (recirculating)
base load generation,biomass,biomass_base_IGCC_CCS,2100,OM-fixed,61.45,biomass (IGCC CCS) (dry cooling)
base load generation,coal,coal_base_conv pul,2100,OM-fixed,15.98,coal (conv pul) (once through)
base load generation,coal,coal_base_conv pul,2100,OM-fixed,15.98,coal (conv pul) (seawater)
base load generation,coal,coal_base_conv pul,2100,OM-fixed,15.98,coal (conv pul) (recirculating)
base load generation,coal,coal_base_conv pul,2100,OM-fixed,15.98,coal (conv pul) (cooling pond)
base load generation,coal,coal_base_conv pul,2100,OM-fixed,15.98,coal (conv pul) (dry cooling)
base load generation,coal,coal_base_conv pul_CCS,2100,OM-fixed,22.73,coal (conv pul CCS) (once through)
base load generation,coal,coal_base_conv pul_CCS,2100,OM-fixed,22.73,coal (conv pul CCS) (seawater)
base load generation,coal,coal_base_conv pul_CCS,2100,OM-fixed,22.73,coal (conv pul CCS) (recirculating)
base load generation,coal,coal_base_conv pul_CCS,2100,OM-fixed,22.73,coal (conv pul CCS) (dry cooling)
base load generation,coal,coal_base_IGCC,2100,OM-fixed,33.85,coal (IGCC) (once through)
base load generation,coal,coal_base_IGCC,2100,OM-fixed,33.85,coal (IGCC) (seawater)
base load generation,coal,coal_base_IGCC,2100,OM-fixed,33.85,coal (IGCC) (recirculating)
base load generation,coal,coal_base_IGCC,2100,OM-fixed,33.85,coal (IGCC) (dry cooling)
base load generation,coal,coal_base_IGCC_CCS,2100,OM-fixed,47.77,coal (IGCC CCS) (once through)
base load generation,coal,coal_base_IGCC_CCS,2100,OM-fixed,47.77,coal (IGCC CCS) (seawater)
base load generation,coal,coal_base_IGCC_CCS,2100,OM-fixed,47.77,coal (IGCC CCS) (recirculating)
base load generation,coal,coal_base_IGCC_CCS,2100,OM-fixed,47.77,coal (IGCC CCS) (dry cooling)
base load generation,gas,gas_base_CC,2100,OM-fixed,5.98,gas (CC) (once through)
base load generation,gas,gas_base_CC,2100,OM-fixed,5.98,gas (CC) (seawater)
base load generation,gas,gas_base_CC,2100,OM-fixed,5.98,gas (CC) (recirculating)
base load generation,gas,gas_base_CC,2100,OM-fixed,5.98,gas (CC) (cooling pond)
base load generation,gas,gas_base_CC,2100,OM-fixed,5.98,gas (CC) (dry cooling)
base load generation,gas,gas_base_CC_CCS,2100,OM-fixed,9.95,gas (CC CCS) (once through)
base load generation,gas,gas_base_CC_CCS,2100,OM-fixed,9.95,gas (CC CCS) (seawater)
base load generation,gas,gas_base_CC_CCS,2100,OM-fixed,9.95,gas (CC CCS) (recirculating)
base load generation,gas,gas_base_CC_CCS,2100,OM-fixed,9.95,gas (CC CCS) (dry cooling)
base load generation,geothermal,geo_base,2100,OM-fixed,25.18,geothermal (recirculating)
base load generation,geothermal,geo_base,2100,OM-fixed,25.18,geothermal (dry_hybrid)
base load generation,nuclear,nuc_base_Gen II,2100,OM-fixed,41.24,Gen_II_LWR (once through)
base load generation,nuclear,nuc_base_Gen II,2100,OM-fixed,41.24,Gen_II_LWR (seawater)
base load generation,nuclear,nuc_base_Gen II,2100,OM-fixed,41.24,Gen_II_LWR (recirculating)
base load generation,nuclear,nuc_base_Gen II,2100,OM-fixed,41.24,Gen_II_LWR (cooling pond)
base load generation,nuclear,nuc_base_large reactor,2100,OM-fixed,39.23,large reactor (once through)
base load generation,nuclear,nuc_base_large reactor,2100,OM-fixed,39.23,large reactor (seawater)
base load generation,nuclear,nuc_base_large reactor,2100,OM-fixed,39.23,large reactor (recirculating)
base load generation,nuclear,nuc_base_large reactor,2100,OM-fixed,39.23,large reactor (cooling pond)
base load generation,nuclear,nuc_base_SMR,2100,OM-fixed,30.48,SMR (once through)
base load generation,nuclear,nuc_base_SMR,2100,OM-fixed,30.48,SMR (seawater)
base load generation,nuclear,nuc_base_SMR,2100,OM-fixed,30.48,SMR (recirculating)
base load generation,nuclear,nuc_base_SMR,2100,OM-fixed,30.48,SMR (cooling pond)
base load generation,refined liquids,refined liquids_base_steam/CT,2100,OM-fixed,4.93,refined liquids (steam/CT) (once through)
base load generation,refined liquids,refined liquids_base_steam/CT,2100,OM-fixed,4.93,refined liquids (steam/CT) (seawater)
base load generation,refined liquids,refined liquids_base_steam/CT,2100,OM-fixed,4.93,refined liquids (steam/CT) (recirculating)
base load generation,refined liquids,refined liquids_base_steam/CT,2100,OM-fixed,4.93,refined liquids (steam/CT) (cooling pond)
base load generation,refined liquids,refined liquids_base_steam/CT,2100,OM-fixed,4.93,refined liquids (steam/CT) (dry cooling)
base load generation,refined liquids,refined liquids_base_CC,2100,OM-fixed,5.98,refined liquids (CC) (once through)
base load generation,refined liquids,refined liquids_base_CC,2100,OM-fixed,5.98,refined liquids (CC) (seawater)
base load generation,refined liquids,refined liquids_base_CC,2100,OM-fixed,5.98,refined liquids (CC) (recirculating)
base load generation,refined liquids,refined liquids_base_CC,2100,OM-fixed,5.98,refined liquids (CC) (dry cooling)
base load generation,refined liquids,refined liquids_base_CC_CCS,2100,OM-fixed,9.95,refined liquids (CC CCS) (once through)
base load generation,refined liquids,refined liquids_base_CC_CCS,2100,OM-fixed,9.95,refined liquids (CC CCS) (seawater)
base load generation,refined liquids,refined liquids_base_CC_CCS,2100,OM-fixed,9.95,refined liquids (CC CCS) (recirculating)
base load generation,refined liquids,refined liquids_base_CC_CCS,2100,OM-fixed,9.95,refined liquids (CC CCS) (dry cooling)
base load generation,solar,PV_base_storage,2100,OM-fixed,17.98,PV_base_storage
base load generation,solar,CSP_base_storage,2100,OM-fixed,11.66,CSP_base_storage
base load generation,wind,wind_base_storage,2100,OM-fixed,20.78,wind_base_storage
base load generation,coal,coal_base_conv pul 1951-1955,2100,OM-fixed,15.98,coal (conv pul) (once through)
base load generation,coal,coal_base_conv pul 1951-1955,2100,OM-fixed,15.98,coal (conv pul) (seawater)
base load generation,coal,coal_base_conv pul 1951-1955,2100,OM-fixed,15.98,coal (conv pul) (recirculating)
base load generation,coal,coal_base_conv pul 1951-1955,2100,OM-fixed,15.98,coal (conv pul) (cooling pond)
base load generation,coal,coal_base_conv pul 1951-1955,2100,OM-fixed,15.98,coal (conv pul) (dry cooling)
base load generation,coal,coal_base_conv pul 1956-1960,2100,OM-fixed,15.98,coal (conv pul) (once through)
base load generation,coal,coal_base_conv pul 1956-1960,2100,OM-fixed,15.98,coal (conv pul) (seawater)
base load generation,coal,coal_base_conv pul 1956-1960,2100,OM-fixed,15.98,coal (conv pul) (recirculating)
base load generation,coal,coal_base_conv pul 1956-1960,2100,OM-fixed,15.98,coal (conv pul) (cooling pond)
base load generation,coal,coal_base_conv pul 1956-1960,2100,OM-fixed,15.98,coal (conv pul) (dry cooling)
base load generation,coal,coal_base_conv pul 1961-1965,2100,OM-fixed,15.98,coal (conv pul) (once through)
base load generation,coal,coal_base_conv pul 1961-1965,2100,OM-fixed,15.98,coal (conv pul) (seawater)
base load generation,coal,coal_base_conv pul 1961-1965,2100,OM-fixed,15.98,coal (conv pul) (recirculating)
base load generation,coal,coal_base_conv pul 1961-1965,2100,OM-fixed,15.98,coal (conv pul) (cooling pond)
base load generation,coal,coal_base_conv pul 1961-1965,2100,OM-fixed,15.98,coal (conv pul) (dry cooling)
base load generation,coal,coal_base_conv pul 1966-1970,2100,OM-fixed,15.98,coal (conv pul) (once through)
base load generation,coal,coal_base_conv pul 1966-1970,2100,OM-fixed,15.98,coal (conv pul) (seawater)
base load generation,coal,coal_base_conv pul 1966-1970,2100,OM-fixed,15.98,coal (conv pul) (recirculating)
base load generation,coal,coal_base_conv pul 1966-1970,2100,OM-fixed,15.98,coal (conv pul) (cooling pond)
base load generation,coal,coal_base_conv pul 1966-1970,2100,OM-fixed,15.98,coal (conv pul) (dry cooling)
base load generation,coal,coal_base_conv pul 1971-1975,2100,OM-fixed,15.98,coal (conv pul) (once through)
base load generation,coal,coal_base_conv pul 1971-1975,2100,OM-fixed,15.98,coal (conv pul) (seawater)
base load generation,coal,coal_base_conv pul 1971-1975,2100,OM-fixed,15.98,coal (conv pul) (recirculating)
base load generation,coal,coal_base_conv pul 1971-1975,2100,OM-fixed,15.98,coal (conv pul) (cooling pond)
base load generation,coal,coal_base_conv pul 1971-1975,2100,OM-fixed,15.98,coal (conv pul) (dry cooling)
base load generation,coal,coal_base_conv pul 1976-1980,2100,OM-fixed,15.98,coal (conv pul) (once through)
base load generation,coal,coal_base_conv pul 1976-1980,2100,OM-fixed,15.98,coal (conv pul) (seawater)
base load generation,coal,coal_base_conv pul 1976-1980,2100,OM-fixed,15.98,coal (conv pul) (recirculating)
base load generation,coal,coal_base_conv pul 1976-1980,2100,OM-fixed,15.98,coal (conv pul) (cooling pond)
base load generation,coal,coal_base_conv pul 1976-1980,2100,OM-fixed,15.98,coal (conv pul) (dry cooling)
base load generation,coal,coal_base_conv pul 1981-1985,2100,OM-fixed,15.98,coal (conv pul) (once through)
base load generation,coal,coal_base_conv pul 1981-1985,2100,OM-fixed,15.98,coal (conv pul) (seawater)
base load generation,coal,coal_base_conv pul 1981-1985,2100,OM-fixed,15.98,coal (conv pul) (recirculating)
base load generation,coal,coal_base_conv pul 1981-1985,2100,OM-fixed,15.98,coal (conv pul) (cooling pond)
base load generation,coal,coal_base_conv pul 1981-1985,2100,OM-fixed,15.98,coal (conv pul) (dry cooling)
base load generation,coal,coal_base_conv pul 1986-1990,2100,OM-fixed,15.98,coal (conv pul) (once through)
base load generation,coal,coal_base_conv pul 1986-1990,2100,OM-fixed,15.98,coal (conv pul) (seawater)
base load generation,coal,coal_base_conv pul 1986-1990,2100,OM-fixed,15.98,coal (conv pul) (recirculating)
base load generation,coal,coal_base_conv pul 1986-1990,2100,OM-fixed,15.98,coal (conv pul) (cooling pond)
base load generation,coal,coal_base_conv pul 1986-1990,2100,OM-fixed,15.98,coal (conv pul) (dry cooling)
base load generation,coal,coal_base_conv pul 1991-1995,2100,OM-fixed,15.98,coal (conv pul) (once through)
base load generation,coal,coal_base_conv pul 1991-1995,2100,OM-fixed,15.98,coal (conv pul) (seawater)
base load generation,coal,coal_base_conv pul 1991-1995,2100,OM-fixed,15.98,coal (conv pul) (recirculating)
base load generation,coal,coal_base_conv pul 1991-1995,2100,OM-fixed,15.98,coal (conv pul) (cooling pond)
base load generation,coal,coal_base_conv pul 1991-1995,2100,OM-fixed,15.98,coal (conv pul) (dry cooling)
base load generation,coal,coal_base_conv pul 1996-2000,2100,OM-fixed,15.98,coal (conv pul) (once through)
base load generation,coal,coal_base_conv pul 1996-2000,2100,OM-fixed,15.98,coal (conv pul) (seawater)
base load generation,coal,coal_base_conv pul 1996-2000,2100,OM-fixed,15.98,coal (conv pul) (recirculating)
base load generation,coal,coal_base_conv pul 1996-2000,2100,OM-fixed,15.98,coal (conv pul) (cooling pond)
base load generation,coal,coal_base_conv pul 1996-2000,2100,OM-fixed,15.98,coal (conv pul) (dry cooling)
base load generation,coal,coal_base_conv pul 2001-2005,2100,OM-fixed,15.98,coal (conv pul) (once through)
base load generation,coal,coal_base_conv pul 2001-2005,2100,OM-fixed,15.98,coal (conv pul) (seawater)
base load generation,coal,coal_base_conv pul 2001-2005,2100,OM-fixed,15.98,coal (conv pul) (recirculating)
base load generation,coal,coal_base_conv pul 2001-2005,2100,OM-fixed,15.98,coal (conv pul) (cooling pond)
base load generation,coal,coal_base_conv pul 2001-2005,2100,OM-fixed,15.98,coal (conv pul) (dry cooling)
base load generation,coal,coal_base_conv pul 2006-2010,2100,OM-fixed,15.98,coal (conv pul) (once through)
base load generation,coal,coal_base_conv pul 2006-2010,2100,OM-fixed,15.98,coal (conv pul) (seawater)
base load generation,coal,coal_base_conv pul 2006-2010,2100,OM-fixed,15.98,coal (conv pul) (recirculating)
base load generation,coal,coal_base_conv pul 2006-2010,2100,OM-fixed,15.98,coal (conv pul) (cooling pond)
base load generation,coal,coal_base_conv pul 2006-2010,2100,OM-fixed,15.98,coal (conv pul) (dry cooling)
base load generation,coal,coal_base_conv pul 2011-2015,2100,OM-fixed,15.98,coal (conv pul) (once through)
base load generation,coal,coal_base_conv pul 2011-2015,2100,OM-fixed,15.98,coal (conv pul) (seawater)
base load generation,coal,coal_base_conv pul 2011-2015,2100,OM-fixed,15.98,coal (conv pul) (recirculating)
base load generation,coal,coal_base_conv pul 2011-2015,2100,OM-fixed,15.98,coal (conv pul) (cooling pond)
base load generation,coal,coal_base_conv pul 2011-2015,2100,OM-fixed,15.98,coal (conv pul) (dry cooling)
base load generation,coal,coal_base_conv pul 2016-2021,2100,OM-fixed,15.98,coal (conv pul) (once through)
base load generation,coal,coal_base_conv pul 2016-2021,2100,OM-fixed,15.98,coal (conv pul) (seawater)
base load generation,coal,coal_base_conv pul 2016-2021,2100,OM-fixed,15.98,coal (conv pul) (recirculating)
base load generation,coal,coal_base_conv pul 2016-2021,2100,OM-fixed,15.98,coal (conv pul) (cooling pond)
base load generation,coal,coal_base_conv pul 2016-2021,2100,OM-fixed,15.98,coal (conv pul) (dry cooling)
base load generation,coal,coal_base_conv pul before 1950,2100,OM-fixed,15.98,coal (conv pul) (once through)
base load generation,coal,coal_base_conv pul before 1950,2100,OM-fixed,15.98,coal (conv pul) (seawater)
base load generation,coal,coal_base_conv pul before 1950,2100,OM-fixed,15.98,coal (conv pul) (recirculating)
base load generation,coal,coal_base_conv pul before 1950,2100,OM-fixed,15.98,coal (conv pul) (cooling pond)
base load generation,coal,coal_base_conv pul before 1950,2100,OM-fixed,15.98,coal (conv pul) (dry cooling)
base load generation,coal,coal_base_conv pul_retire_2023,2100,OM-fixed,15.98,coal (conv pul) (once through)
base load generation,coal,coal_base_conv pul_retire_2023,2100,OM-fixed,15.98,coal (conv pul) (seawater)
base load generation,coal,coal_base_conv pul_retire_2023,2100,OM-fixed,15.98,coal (conv pul) (recirculating)
base load generation,coal,coal_base_conv pul_retire_2023,2100,OM-fixed,15.98,coal (conv pul) (cooling pond)
base load generation,coal,coal_base_conv pul_retire_2023,2100,OM-fixed,15.98,coal (conv pul) (dry cooling)
intermediate generation,biomass,biomass_int_conv,1975,OM-fixed,33.68,biomass (conv) (once through)
intermediate generation,biomass,biomass_int_conv,1975,OM-fixed,33.68,biomass (conv) (seawater)
intermediate generation,biomass,biomass_int_conv,1975,OM-fixed,33.68,biomass (conv) (recirculating)
intermediate generation,biomass,biomass_int_conv,1975,OM-fixed,33.68,biomass (conv) (cooling pond)
intermediate generation,biomass,biomass_int_conv,1975,OM-fixed,33.68,biomass (conv) (dry cooling)
intermediate generation,biomass,biomass_int_conv_CCS,1975,OM-fixed,43.18,biomass (conv CCS) (once through)
intermediate generation,biomass,biomass_int_conv_CCS,1975,OM-fixed,43.18,biomass (conv CCS) (seawater)
intermediate generation,biomass,biomass_int_conv_CCS,1975,OM-fixed,43.18,biomass (conv CCS) (recirculating)
intermediate generation,biomass,biomass_int_conv_CCS,1975,OM-fixed,43.18,biomass (conv CCS) (dry cooling)
intermediate generation,biomass,biomass_int_IGCC,1975,OM-fixed,52.86,biomass (IGCC) (once through)
intermediate generation,biomass,biomass_int_IGCC,1975,OM-fixed,52.86,biomass (IGCC) (seawater)
intermediate generation,biomass,biomass_int_IGCC,1975,OM-fixed,52.86,biomass (IGCC) (recirculating)
intermediate generation,biomass,biomass_int_IGCC,1975,OM-fixed,52.86,biomass (IGCC) (dry cooling)
intermediate generation,biomass,biomass_int_IGCC_CCS,1975,OM-fixed,67.96,biomass (IGCC CCS) (once through)
intermediate generation,biomass,biomass_int_IGCC_CCS,1975,OM-fixed,67.96,biomass (IGCC CCS) (seawater)
intermediate generation,biomass,biomass_int_IGCC_CCS,1975,OM-fixed,67.96,biomass (IGCC CCS) (recirculating)
intermediate generation,biomass,biomass_int_IGCC_CCS,1975,OM-fixed,67.96,biomass (IGCC CCS) (dry cooling)
intermediate generation,coal,coal_int_conv pul,1975,OM-fixed,19.37,coal (conv pul) (once through)
intermediate generation,coal,coal_int_conv pul,1975,OM-fixed,19.37,coal (conv pul) (seawater)
intermediate generation,coal,coal_int_conv pul,1975,OM-fixed,19.37,coal (conv pul) (recirculating)
intermediate generation,coal,coal_int_conv pul,1975,OM-fixed,19.37,coal (conv pul) (cooling pond)
intermediate generation,coal,coal_int_conv pul,1975,OM-fixed,19.37,coal (conv pul) (dry cooling)
intermediate generation,coal,coal_int_conv pul_CCS,1975,OM-fixed,31.07,coal (conv pul CCS) (once through)
intermediate generation,coal,coal_int_conv pul_CCS,1975,OM-fixed,31.07,coal (conv pul CCS) (seawater)
intermediate generation,coal,coal_int_conv pul_CCS,1975,OM-fixed,31.07,coal (conv pul CCS) (recirculating)
intermediate generation,coal,coal_int_conv pul_CCS,1975,OM-fixed,31.07,coal (conv pul CCS) (dry cooling)
intermediate generation,coal,coal_int_IGCC,1975,OM-fixed,38.55,coal (IGCC) (once through)
intermediate generation,coal,coal_int_IGCC,1975,OM-fixed,38.55,coal (IGCC) (seawater)
intermediate generation,coal,coal_int_IGCC,1975,OM-fixed,38.55,coal (IGCC) (recirculating)
intermediate generation,coal,coal_int_IGCC,1975,OM-fixed,38.55,coal (IGCC) (dry cooling)
intermediate generation,coal,coal_int_IGCC_CCS,1975,OM-fixed,55.85,coal (IGCC CCS) (once through)
intermediate generation,coal,coal_int_IGCC_CCS,1975,OM-fixed,55.85,coal (IGCC CCS) (seawater)
intermediate generation,coal,coal_int_IGCC_CCS,1975,OM-fixed,55.85,coal (IGCC CCS) (recirculating)
intermediate generation,coal,coal_int_IGCC_CCS,1975,OM-fixed,55.85,coal (IGCC CCS) (dry cooling)
intermediate generation,gas,gas_int_CC,1975,OM-fixed,7.36,gas (CC) (once through)
intermediate generation,gas,gas_int_CC,1975,OM-fixed,7.36,gas (CC) (seawater)
intermediate generation,gas,gas_int_CC,1975,OM-fixed,7.36,gas (CC) (recirculating)
intermediate generation,gas,gas_int_CC,1975,OM-fixed,7.36,gas (CC) (cooling pond)
intermediate generation,gas,gas_int_CC,1975,OM-fixed,7.36,gas (CC) (dry cooling)
intermediate generation,gas,gas_int_CC_CCS,1975,OM-fixed,16.21,gas (CC CCS) (once through)
intermediate generation,gas,gas_int_CC_CCS,1975,OM-fixed,16.21,gas (CC CCS) (seawater)
intermediate generation,gas,gas_int_CC_CCS,1975,OM-fixed,16.21,gas (CC CCS) (recirculating)
intermediate generation,gas,gas_int_CC_CCS,1975,OM-fixed,16.21,gas (CC CCS) (dry cooling)
intermediate generation,refined liquids,refined liquids_int_steam/CT,1975,OM-fixed,5.64,refined liquids (steam/CT) (once through)
intermediate generation,refined liquids,refined liquids_int_steam/CT,1975,OM-fixed,5.64,refined liquids (steam/CT) (seawater)
intermediate generation,refined liquids,refined liquids_int_steam/CT,1975,OM-fixed,5.64,refined liquids (steam/CT) (recirculating)
intermediate generation,refined liquids,refined liquids_int_steam/CT,1975,OM-fixed,5.64,refined liquids (steam/CT) (cooling pond)
intermediate generation,refined liquids,refined liquids_int_steam/CT,1975,OM-fixed,5.64,refined liquids (steam/CT) (dry cooling)
intermediate generation,refined liquids,refined liquids_int_CC,1975,OM-fixed,7.36,refined liquids (CC) (once through)
intermediate generation,refined liquids,refined liquids_int_CC,1975,OM-fixed,7.36,refined liquids (CC) (seawater)
intermediate generation,refined liquids,refined liquids_int_CC,1975,OM-fixed,7.36,refined liquids (CC) (recirculating)
intermediate generation,refined liquids,refined liquids_int_CC,1975,OM-fixed,7.36,refined liquids (CC) (dry cooling)
intermediate generation,refined liquids,refined liquids_int_CC_CCS,1975,OM-fixed,16.21,refined liquids (CC CCS) (once through)
intermediate generation,refined liquids,refined liquids_int_CC_CCS,1975,OM-fixed,16.21,refined liquids (CC CCS) (seawater)
intermediate generation,refined liquids,refined liquids_int_CC_CCS,1975,OM-fixed,16.21,refined liquids (CC CCS) (recirculating)
intermediate generation,refined liquids,refined liquids_int_CC_CCS,1975,OM-fixed,16.21,refined liquids (CC CCS) (dry cooling)
intermediate generation,coal,coal_int_conv pul 1951-1955,1975,OM-fixed,19.37,coal (conv pul) (once through)
intermediate generation,coal,coal_int_conv pul 1951-1955,1975,OM-fixed,19.37,coal (conv pul) (seawater)
intermediate generation,coal,coal_int_conv pul 1951-1955,1975,OM-fixed,19.37,coal (conv pul) (recirculating)
intermediate generation,coal,coal_int_conv pul 1951-1955,1975,OM-fixed,19.37,coal (conv pul) (cooling pond)
intermediate generation,coal,coal_int_conv pul 1951-1955,1975,OM-fixed,19.37,coal (conv pul) (dry cooling)
intermediate generation,coal,coal_int_conv pul 1956-1960,1975,OM-fixed,19.37,coal (conv pul) (once through)
intermediate generation,coal,coal_int_conv pul 1956-1960,1975,OM-fixed,19.37,coal (conv pul) (seawater)
intermediate generation,coal,coal_int_conv pul 1956-1960,1975,OM-fixed,19.37,coal (conv pul) (recirculating)
intermediate generation,coal,coal_int_conv pul 1956-1960,1975,OM-fixed,19.37,coal (conv pul) (cooling pond)
intermediate generation,coal,coal_int_conv pul 1956-1960,1975,OM-fixed,19.37,coal (conv pul) (dry cooling)
intermediate generation,coal,coal_int_conv pul 1961-1965,1975,OM-fixed,19.37,coal (conv pul) (once through)
intermediate generation,coal,coal_int_conv pul 1961-1965,1975,OM-fixed,19.37,coal (conv pul) (seawater)
intermediate generation,coal,coal_int_conv pul 1961-1965,1975,OM-fixed,19.37,coal (conv pul) (recirculating)
intermediate generation,coal,coal_int_conv pul 1961-1965,1975,OM-fixed,19.37,coal (conv pul) (cooling pond)
intermediate generation,coal,coal_int_conv pul 1961-1965,1975,OM-fixed,19.37,coal (conv pul) (dry cooling)
intermediate generation,coal,coal_int_conv pul 1966-1970,1975,OM-fixed,19.37,coal (conv pul) (once through)
intermediate generation,coal,coal_int_conv pul 1966-1970,1975,OM-fixed,19.37,coal (conv pul) (seawater)
intermediate generation,coal,coal_int_conv pul 1966-1970,1975,OM-fixed,19.37,coal (conv pul) (recirculating)
intermediate generation,coal,coal_int_conv pul 1966-1970,1975,OM-fixed,19.37,coal (conv pul) (cooling pond)
intermediate generation,coal,coal_int_conv pul 1966-1970,1975,OM-fixed,19.37,coal (conv pul) (dry cooling)
intermediate generation,coal,coal_int_conv pul 1971-1975,1975,OM-fixed,19.37,coal (conv pul) (once through)
intermediate generation,coal,coal_int_conv pul 1971-1975,1975,OM-fixed,19.37,coal (conv pul) (seawater)
intermediate generation,coal,coal_int_conv pul 1971-1975,1975,OM-fixed,19.37,coal (conv pul) (recirculating)
intermediate generation,coal,coal_int_conv pul 1971-1975,1975,OM-fixed,19.37,coal (conv pul) (cooling pond)
intermediate generation,coal,coal_int_conv pul 1971-1975,1975,OM-fixed,19.37,coal (conv pul) (dry cooling)
intermediate generation,coal,coal_int_conv pul 1976-1980,1975,OM-fixed,19.37,coal (conv pul) (once through)
intermediate generation,coal,coal_int_conv pul 1976-1980,1975,OM-fixed,19.37,coal (conv pul) (seawater)
intermediate generation,coal,coal_int_conv pul 1976-1980,1975,OM-fixed,19.37,coal (conv pul) (recirculating)
intermediate generation,coal,coal_int_conv pul 1976-1980,1975,OM-fixed,19.37,coal (conv pul) (cooling pond)
intermediate generation,coal,coal_int_conv pul 1976-1980,1975,OM-fixed,19.37,coal (conv pul) (dry cooling)
intermediate generation,coal,coal_int_conv pul 1981-1985,1975,OM-fixed,19.37,coal (conv pul) (once through)
intermediate generation,coal,coal_int_conv pul 1981-1985,1975,OM-fixed,19.37,coal (conv pul) (seawater)
intermediate generation,coal,coal_int_conv pul 1981-1985,1975,OM-fixed,19.37,coal (conv pul) (recirculating)
intermediate generation,coal,coal_int_conv pul 1981-1985,1975,OM-fixed,19.37,coal (conv pul) (cooling pond)
intermediate generation,coal,coal_int_conv pul 1981-1985,1975,OM-fixed,19.37,coal (conv pul) (dry cooling)
intermediate generation,coal,coal_int_conv pul 1986-1990,1975,OM-fixed,19.37,coal (conv pul) (once through)
intermediate generation,coal,coal_int_conv pul 1986-1990,1975,OM-fixed,19.37,coal (conv pul) (seawater)
intermediate generation,coal,coal_int_conv pul 1986-1990,1975,OM-fixed,19.37,coal (conv pul) (recirculating)
intermediate generation,coal,coal_int_conv pul 1986-1990,1975,OM-fixed,19.37,coal (conv pul) (cooling pond)
intermediate generation,coal,coal_int_conv pul 1986-1990,1975,OM-fixed,19.37,coal (conv pul) (dry cooling)
intermediate generation,coal,coal_int_conv pul 1991-1995,1975,OM-fixed,19.37,coal (conv pul) (once through)
intermediate generation,coal,coal_int_conv pul 1991-1995,1975,OM-fixed,19.37,coal (conv pul) (seawater)
intermediate generation,coal,coal_int_conv pul 1991-1995,1975,OM-fixed,19.37,coal (conv pul) (recirculating)
intermediate generation,coal,coal_int_conv pul 1991-1995,1975,OM-fixed,19.37,coal (conv pul) (cooling pond)
intermediate generation,coal,coal_int_conv pul 1991-1995,1975,OM-fixed,19.37,coal (conv pul) (dry cooling)
intermediate generation,coal,coal_int_conv pul 1996-2000,1975,OM-fixed,19.37,coal (conv pul) (once through)
intermediate generation,coal,coal_int_conv pul 1996-2000,1975,OM-fixed,19.37,coal (conv pul) (seawater)
intermediate generation,coal,coal_int_conv pul 1996-2000,1975,OM-fixed,19.37,coal (conv pul) (recirculating)
intermediate generation,coal,coal_int_conv pul 1996-2000,1975,OM-fixed,19.37,coal (conv pul) (cooling pond)
intermediate generation,coal,coal_int_conv pul 1996-2000,1975,OM-fixed,19.37,coal (conv pul) (dry cooling)
intermediate generation,coal,coal_int_conv pul 2001-2005,1975,OM-fixed,19.37,coal (conv pul) (once through)
intermediate generation,coal,coal_int_conv pul 2001-2005,1975,OM-fixed,19.37,coal (conv pul) (seawater)
intermediate generation,coal,coal_int_conv pul 2001-2005,1975,OM-fixed,19.37,coal (conv pul) (recirculating)
intermediate generation,coal,coal_int_conv pul 2001-2005,1975,OM-fixed,19.37,coal (conv pul) (cooling pond)
intermediate generation,coal,coal_int_conv pul 2001-2005,1975,OM-fixed,19.37,coal (conv pul) (dry cooling)
intermediate generation,coal,coal_int_conv pul 2006-2010,1975,OM-fixed,19.37,coal (conv pul) (once through)
intermediate generation,coal,coal_int_conv pul 2006-2010,1975,OM-fixed,19.37,coal (conv pul) (seawater)
intermediate generation,coal,coal_int_conv pul 2006-2010,1975,OM-fixed,19.37,coal (conv pul) (recirculating)
intermediate generation,coal,coal_int_conv pul 2006-2010,1975,OM-fixed,19.37,coal (conv pul) (cooling pond)
intermediate generation,coal,coal_int_conv pul 2006-2010,1975,OM-fixed,19.37,coal (conv pul) (dry cooling)
intermediate generation,coal,coal_int_conv pul 2011-2015,1975,OM-fixed,19.37,coal (conv pul) (once through)
intermediate generation,coal,coal_int_conv pul 2011-2015,1975,OM-fixed,19.37,coal (conv pul) (seawater)
intermediate generation,coal,coal_int_conv pul 2011-2015,1975,OM-fixed,19.37,coal (conv pul) (recirculating)
intermediate generation,coal,coal_int_conv pul 2011-2015,1975,OM-fixed,19.37,coal (conv pul) (cooling pond)
intermediate generation,coal,coal_int_conv pul 2011-2015,1975,OM-fixed,19.37,coal (conv pul) (dry cooling)
intermediate generation,coal,coal_int_conv pul 2016-2021,1975,OM-fixed,19.37,coal (conv pul) (once through)
intermediate generation,coal,coal_int_conv pul 2016-2021,1975,OM-fixed,19.37,coal (conv pul) (seawater)
intermediate generation,coal,coal_int_conv pul 2016-2021,1975,OM-fixed,19.37,coal (conv pul) (recirculating)
intermediate generation,coal,coal_int_conv pul 2016-2021,1975,OM-fixed,19.37,coal (conv pul) (cooling pond)
intermediate generation,coal,coal_int_conv pul 2016-2021,1975,OM-fixed,19.37,coal (conv pul) (dry cooling)
intermediate generation,coal,coal_int_conv pul before 1950,1975,OM-fixed,19.37,coal (conv pul) (once through)
intermediate generation,coal,coal_int_conv pul before 1950,1975,OM-fixed,19.37,coal (conv pul) (seawater)
intermediate generation,coal,coal_int_conv pul before 1950,1975,OM-fixed,19.37,coal (conv pul) (recirculating)
intermediate generation,coal,coal_int_conv pul before 1950,1975,OM-fixed,19.37,coal (conv pul) (cooling pond)
intermediate generation,coal,coal_int_conv pul before 1950,1975,OM-fixed,19.37,coal (conv pul) (dry cooling)
intermediate generation,coal,coal_int_conv pul_retire_2023,1975,OM-fixed,19.37,coal (conv pul) (once through)
intermediate generation,coal,coal_int_conv pul_retire_2023,1975,OM-fixed,19.37,coal (conv pul) (seawater)
intermediate generation,coal,coal_int_conv pul_retire_2023,1975,OM-fixed,19.37,coal (conv pul) (recirculating)
intermediate generation,coal,coal_int_conv pul_retire_2023,1975,OM-fixed,19.37,coal (conv pul) (cooling pond)
intermediate generation,coal,coal_int_conv pul_retire_2023,1975,OM-fixed,19.37,coal (conv pul) (dry cooling)
intermediate generation,biomass,biomass_int_conv,1990,OM-fixed,33.68,biomass (conv) (once through)
intermediate generation,biomass,biomass_int_conv,1990,OM-fixed,33.68,biomass (conv) (seawater)
intermediate generation,biomass,biomass_int_conv,1990,OM-fixed,33.68,biomass (conv) (recirculating)
intermediate generation,biomass,biomass_int_conv,1990,OM-fixed,33.68,biomass (conv) (cooling pond)
intermediate generation,biomass,biomass_int_conv,1990,OM-fixed,33.68,biomass (conv) (dry cooling)
intermediate generation,biomass,biomass_int_conv_CCS,1990,OM-fixed,43.18,biomass (conv CCS) (once through)
intermediate generation,biomass,biomass_int_conv_CCS,1990,OM-fixed,43.18,biomass (conv CCS) (seawater)
intermediate generation,biomass,biomass_int_conv_CCS,1990,OM-fixed,43.18,biomass (conv CCS) (recirculating)
intermediate generation,biomass,biomass_int_conv_CCS,1990,OM-fixed,43.18,biomass (conv CCS) (dry cooling)
intermediate generation,biomass,biomass_int_IGCC,1990,OM-fixed,52.86,biomass (IGCC) (once through)
intermediate generation,biomass,biomass_int_IGCC,1990,OM-fixed,52.86,biomass (IGCC) (seawater)
intermediate generation,biomass,biomass_int_IGCC,1990,OM-fixed,52.86,biomass (IGCC) (recirculating)
intermediate generation,biomass,biomass_int_IGCC,1990,OM-fixed,52.86,biomass (IGCC) (dry cooling)
intermediate generation,biomass,biomass_int_IGCC_CCS,1990,OM-fixed,67.96,biomass (IGCC CCS) (once through)
intermediate generation,biomass,biomass_int_IGCC_CCS,1990,OM-fixed,67.96,biomass (IGCC CCS) (seawater)
intermediate generation,biomass,biomass_int_IGCC_CCS,1990,OM-fixed,67.96,biomass (IGCC CCS) (recirculating)
intermediate generation,biomass,biomass_int_IGCC_CCS,1990,OM-fixed,67.96,biomass (IGCC CCS) (dry cooling)
intermediate generation,coal,coal_int_conv pul,1990,OM-fixed,19.37,coal (conv pul) (once through)
intermediate generation,coal,coal_int_conv pul,1990,OM-fixed,19.37,coal (conv pul) (seawater)
intermediate generation,coal,coal_int_conv pul,1990,OM-fixed,19.37,coal (conv pul) (recirculating)
intermediate generation,coal,coal_int_conv pul,1990,OM-fixed,19.37,coal (conv pul) (cooling pond)
intermediate generation,coal,coal_int_conv pul,1990,OM-fixed,19.37,coal (conv pul) (dry cooling)
intermediate generation,coal,coal_int_conv pul_CCS,1990,OM-fixed,31.07,coal (conv pul CCS) (once through)
intermediate generation,coal,coal_int_conv pul_CCS,1990,OM-fixed,31.07,coal (conv pul CCS) (seawater)
intermediate generation,coal,coal_int_conv pul_CCS,1990,OM-fixed,31.07,coal (conv pul CCS) (recirculating)
intermediate generation,coal,coal_int_conv pul_CCS,1990,OM-fixed,31.07,coal (conv pul CCS) (dry cooling)
intermediate generation,coal,coal_int_IGCC,1990,OM-fixed,38.55,coal (IGCC) (once through)
intermediate generation,coal,coal_int_IGCC,1990,OM-fixed,38.55,coal (IGCC) (seawater)
intermediate generation,coal,coal_int_IGCC,1990,OM-fixed,38.55,coal (IGCC) (recirculating)
intermediate generation,coal,coal_int_IGCC,1990,OM-fixed,38.55,coal (IGCC) (dry cooling)
intermediate generation,coal,coal_int_IGCC_CCS,1990,OM-fixed,55.85,coal (IGCC CCS) (once through)
intermediate generation,coal,coal_int_IGCC_CCS,1990,OM-fixed,55.85,coal (IGCC CCS) (seawater)
intermediate generation,coal,coal_int_IGCC_CCS,1990,OM-fixed,55.85,coal (IGCC CCS) (recirculating)
intermediate generation,coal,coal_int_IGCC_CCS,1990,OM-fixed,55.85,coal (IGCC CCS) (dry cooling)
intermediate generation,gas,gas_int_CC,1990,OM-fixed,7.36,gas (CC) (once through)
intermediate generation,gas,gas_int_CC,1990,OM-fixed,7.36,gas (CC) (seawater)
intermediate generation,gas,gas_int_CC,1990,OM-fixed,7.36,gas (CC) (recirculating)
intermediate generation,gas,gas_int_CC,1990,OM-fixed,7.36,gas (CC) (cooling pond)
intermediate generation,gas,gas_int_CC,1990,OM-fixed,7.36,gas (CC) (dry cooling)
intermediate generation,gas,gas_int_CC_CCS,1990,OM-fixed,16.21,gas (CC CCS) (once through)
intermediate generation,gas,gas_int_CC_CCS,1990,OM-fixed,16.21,gas (CC CCS) (seawater)
intermediate generation,gas,gas_int_CC_CCS,1990,OM-fixed,16.21,gas (CC CCS) (recirculating)
intermediate generation,gas,gas_int_CC_CCS,1990,OM-fixed,16.21,gas (CC CCS) (dry cooling)
intermediate generation,refined liquids,refined liquids_int_steam/CT,1990,OM-fixed,5.64,refined liquids (steam/CT) (once through)
intermediate generation,refined liquids,refined liquids_int_steam/CT,1990,OM-fixed,5.64,refined liquids (steam/CT) (seawater)
intermediate generation,refined liquids,refined liquids_int_steam/CT,1990,OM-fixed,5.64,refined liquids (steam/CT) (recirculating)
intermediate generation,refined liquids,refined liquids_int_steam/CT,1990,OM-fixed,5.64,refined liquids (steam/CT) (cooling pond)
intermediate generation,refined liquids,refined liquids_int_steam/CT,1990,OM-fixed,5.64,refined liquids (steam/CT) (dry cooling)
intermediate generation,refined liquids,refined liquids_int_CC,1990,OM-fixed,7.36,refined liquids (CC) (once through)
intermediate generation,refined liquids,refined liquids_int_CC,1990,OM-fixed,7.36,refined liquids (CC) (seawater)
intermediate generation,refined liquids,refined liquids_int_CC,1990,OM-fixed,7.36,refined liquids (CC) (recirculating)
intermediate generation,refined liquids,refined liquids_int_CC,1990,OM-fixed,7.36,refined liquids (CC) (dry cooling)
intermediate generation,refined liquids,refined liquids_int_CC_CCS,1990,OM-fixed,16.21,refined liquids (CC CCS) (once through)
intermediate generation,refined liquids,refined liquids_int_CC_CCS,1990,OM-fixed,16.21,refined liquids (CC CCS) (seawater)
intermediate generation,refined liquids,refined liquids_int_CC_CCS,1990,OM-fixed,16.21,refined liquids (CC CCS) (recirculating)
intermediate generation,refined liquids,refined liquids_int_CC_CCS,1990,OM-fixed,16.21,refined liquids (CC CCS) (dry cooling)
intermediate generation,coal,coal_int_conv pul 1951-1955,1990,OM-fixed,19.37,coal (conv pul) (once through)
intermediate generation,coal,coal_int_conv pul 1951-1955,1990,OM-fixed,19.37,coal (conv pul) (seawater)
intermediate generation,coal,coal_int_conv pul 1951-1955,1990,OM-fixed,19.37,coal (conv pul) (recirculating)
intermediate generation,coal,coal_int_conv pul 1951-1955,1990,OM-fixed,19.37,coal (conv pul) (cooling pond)
intermediate generation,coal,coal_int_conv pul 1951-1955,1990,OM-fixed,19.37,coal (conv pul) (dry cooling)
intermediate generation,coal,coal_int_conv pul 1956-1960,1990,OM-fixed,19.37,coal (conv pul) (once through)
intermediate generation,coal,coal_int_conv pul 1956-1960,1990,OM-fixed,19.37,coal (conv pul) (seawater)
intermediate generation,coal,coal_int_conv pul 1956-1960,1990,OM-fixed,19.37,coal (conv pul) (recirculating)
intermediate generation,coal,coal_int_conv pul 1956-1960,1990,OM-fixed,19.37,coal (conv pul) (cooling pond)
intermediate generation,coal,coal_int_conv pul 1956-1960,1990,OM-fixed,19.37,coal (conv pul) (dry cooling)
intermediate generation,coal,coal_int_conv pul 1961-1965,1990,OM-fixed,19.37,coal (conv pul) (once through)
intermediate generation,coal,coal_int_conv pul 1961-1965,1990,OM-fixed,19.37,coal (conv pul) (seawater)
intermediate generation,coal,coal_int_conv pul 1961-1965,1990,OM-fixed,19.37,coal (conv pul) (recirculating)
intermediate generation,coal,coal_int_conv pul 1961-1965,1990,OM-fixed,19.37,coal (conv pul) (cooling pond)
intermediate generation,coal,coal_int_conv pul 1961-1965,1990,OM-fixed,19.37,coal (conv pul) (dry cooling)
intermediate generation,coal,coal_int_conv pul 1966-1970,1990,OM-fixed,19.37,coal (conv pul) (once through)
intermediate generation,coal,coal_int_conv pul 1966-1970,1990,OM-fixed,19.37,coal (conv pul) (seawater)
intermediate generation,coal,coal_int_conv pul 1966-1970,1990,OM-fixed,19.37,coal (conv pul) (recirculating)
intermediate generation,coal,coal_int_conv pul 1966-1970,1990,OM-fixed,19.37,coal (conv pul) (cooling pond)
intermediate generation,coal,coal_int_conv pul 1966-1970,1990,OM-fixed,19.37,coal (conv pul) (dry cooling)
intermediate generation,coal,coal_int_conv pul 1971-1975,1990,OM-fixed,19.37,coal (conv pul) (once through)
intermediate generation,coal,coal_int_conv pul 1971-1975,1990,OM-fixed,19.37,coal (conv pul) (seawater)
intermediate generation,coal,coal_int_conv pul 1971-1975,1990,OM-fixed,19.37,coal (conv pul) (recirculating)
intermediate generation,coal,coal_int_conv pul 1971-1975,1990,OM-fixed,19.37,coal (conv pul) (cooling pond)
intermediate generation,coal,coal_int_conv pul 1971-1975,1990,OM-fixed,19.37,coal (conv pul) (dry cooling)
intermediate generation,coal,coal_int_conv pul 1976-1980,1990,OM-fixed,19.37,coal (conv pul) (once through)
intermediate generation,coal,coal_int_conv pul 1976-1980,1990,OM-fixed,19.37,coal (conv pul) (seawater)
intermediate generation,coal,coal_int_conv pul 1976-1980,1990,OM-fixed,19.37,coal (conv pul) (recirculating)
intermediate generation,coal,coal_int_conv pul 1976-1980,1990,OM-fixed,19.37,coal (conv pul) (cooling pond)
intermediate generation,coal,coal_int_conv pul 1976-1980,1990,OM-fixed,19.37,coal (conv pul) (dry cooling)
intermediate generation,coal,coal_int_conv pul 1981-1985,1990,OM-fixed,19.37,coal (conv pul) (once through)
intermediate generation,coal,coal_int_conv pul 1981-1985,1990,OM-fixed,19.37,coal (conv pul) (seawater)
intermediate generation,coal,coal_int_conv pul 1981-1985,1990,OM-fixed,19.37,coal (conv pul) (recirculating)
intermediate generation,coal,coal_int_conv pul 1981-1985,1990,OM-fixed,19.37,coal (conv pul) (cooling pond)
intermediate generation,coal,coal_int_conv pul 1981-1985,1990,OM-fixed,19.37,coal (conv pul) (dry cooling)
intermediate generation,coal,coal_int_conv pul 1986-1990,1990,OM-fixed,19.37,coal (conv pul) (once through)
intermediate generation,coal,coal_int_conv pul 1986-1990,1990,OM-fixed,19.37,coal (conv pul) (seawater)
intermediate generation,coal,coal_int_conv pul 1986-1990,1990,OM-fixed,19.37,coal (conv pul) (recirculating)
intermediate generation,coal,coal_int_conv pul 1986-1990,1990,OM-fixed,19.37,coal (conv pul) (cooling pond)
intermediate generation,coal,coal_int_conv pul 1986-1990,1990,OM-fixed,19.37,coal (conv pul) (dry cooling)
intermediate generation,coal,coal_int_conv pul 1991-1995,1990,OM-fixed,19.37,coal (conv pul) (once through)
intermediate generation,coal,coal_int_conv pul 1991-1995,1990,OM-fixed,19.37,coal (conv pul) (seawater)
intermediate generation,coal,coal_int_conv pul 1991-1995,1990,OM-fixed,19.37,coal (conv pul) (recirculating)
intermediate generation,coal,coal_int_conv pul 1991-1995,1990,OM-fixed,19.37,coal (conv pul) (cooling pond)
intermediate generation,coal,coal_int_conv pul 1991-1995,1990,OM-fixed,19.37,coal (conv pul) (dry cooling)
intermediate generation,coal,coal_int_conv pul 1996-2000,1990,OM-fixed,19.37,coal (conv pul) (once through)
intermediate generation,coal,coal_int_conv pul 1996-2000,1990,OM-fixed,19.37,coal (conv pul) (seawater)
intermediate generation,coal,coal_int_conv pul 1996-2000,1990,OM-fixed,19.37,coal (conv pul) (recirculating)
intermediate generation,coal,coal_int_conv pul 1996-2000,1990,OM-fixed,19.37,coal (conv pul) (cooling pond)
intermediate generation,coal,coal_int_conv pul 1996-2000,1990,OM-fixed,19.37,coal (conv pul) (dry cooling)
intermediate generation,coal,coal_int_conv pul 2001-2005,1990,OM-fixed,19.37,coal (conv pul) (once through)
intermediate generation,coal,coal_int_conv pul 2001-2005,1990,OM-fixed,19.37,coal (conv pul) (seawater)
intermediate generation,coal,coal_int_conv pul 2001-2005,1990,OM-fixed,19.37,coal (conv pul) (recirculating)
intermediate generation,coal,coal_int_conv pul 2001-2005,1990,OM-fixed,19.37,coal (conv pul) (cooling pond)
intermediate generation,coal,coal_int_conv pul 2001-2005,1990,OM-fixed,19.37,coal (conv pul) (dry cooling)
intermediate generation,coal,coal_int_conv pul 2006-2010,1990,OM-fixed,19.37,coal (conv pul) (once through)
intermediate generation,coal,coal_int_conv pul 2006-2010,1990,OM-fixed,19.37,coal (conv pul) (seawater)
intermediate generation,coal,coal_int_conv pul 2006-2010,1990,OM-fixed,19.37,coal (conv pul) (recirculating)
intermediate generation,coal,coal_int_conv pul 2006-2010,1990,OM-fixed,19.37,coal (conv pul) (cooling pond)
intermediate generation,coal,coal_int_conv pul 2006-2010,1990,OM-fixed,19.37,coal (conv pul) (dry cooling)
intermediate generation,coal,coal_int_conv pul 2011-2015,1990,OM-fixed,19.37,coal (conv pul) (once through)
intermediate generation,coal,coal_int_conv pul 2011-2015,1990,OM-fixed,19.37,coal (conv pul) (seawater)
intermediate generation,coal,coal_int_conv pul 2011-2015,1990,OM-fixed,19.37,coal (conv pul) (recirculating)
intermediate generation,coal,coal_int_conv pul 2011-2015,1990,OM-fixed,19.37,coal (conv pul) (cooling pond)
intermediate generation,coal,coal_int_conv pul 2011-2015,1990,OM-fixed,19.37,coal (conv pul) (dry cooling)
intermediate generation,coal,coal_int_conv pul 2016-2021,1990,OM-fixed,19.37,coal (conv pul) (once through)
intermediate generation,coal,coal_int_conv pul 2016-2021,1990,OM-fixed,19.37,coal (conv pul) (seawater)
intermediate generation,coal,coal_int_conv pul 2016-2021,1990,OM-fixed,19.37,coal (conv pul) (recirculating)
intermediate generation,coal,coal_int_conv pul 2016-2021,1990,OM-fixed,19.37,coal (conv pul) (cooling pond)
intermediate generation,coal,coal_int_conv pul 2016-2021,1990,OM-fixed,19.37,coal (conv pul) (dry cooling)
intermediate generation,coal,coal_int_conv pul before 1950,1990,OM-fixed,19.37,coal (conv pul) (once through)
intermediate generation,coal,coal_int_conv pul before 1950,1990,OM-fixed,19.37,coal (conv pul) (seawater)
intermediate generation,coal,coal_int_conv pul before 1950,1990,OM-fixed,19.37,coal (conv pul) (recirculating)
intermediate generation,coal,coal_int_conv pul before 1950,1990,OM-fixed,19.37,coal (conv pul) (cooling pond)
intermediate generation,coal,coal_int_conv pul before 1950,1990,OM-fixed,19.37,coal (conv pul) (dry cooling)
intermediate generation,coal,coal_int_conv pul_retire_2023,1990,OM-fixed,19.37,coal (conv pul) (once through)
intermediate generation,coal,coal_int_conv pul_retire_2023,1990,OM-fixed,19.37,coal (conv pul) (seawater)
intermediate generation,coal,coal_int_conv pul_retire_2023,1990,OM-fixed,19.37,coal (conv pul) (recirculating)
intermediate generation,coal,coal_int_conv pul_retire_2023,1990,OM-fixed,19.37,coal (conv pul) (cooling pond)
intermediate generation,coal,coal_int_conv pul_retire_2023,1990,OM-fixed,19.37,coal (conv pul) (dry cooling)
intermediate generation,biomass,biomass_int_conv,2005,OM-fixed,33.68,biomass (conv) (once through)
intermediate generation,biomass,biomass_int_conv,2005,OM-fixed,33.68,biomass (conv) (seawater)
intermediate generation,biomass,biomass_int_conv,2005,OM-fixed,33.68,biomass (conv) (recirculating)
intermediate generation,biomass,biomass_int_conv,2005,OM-fixed,33.68,biomass (conv) (cooling pond)
intermediate generation,biomass,biomass_int_conv,2005,OM-fixed,33.68,biomass (conv) (dry cooling)
intermediate generation,biomass,biomass_int_conv_CCS,2005,OM-fixed,43.18,biomass (conv CCS) (once through)
intermediate generation,biomass,biomass_int_conv_CCS,2005,OM-fixed,43.18,biomass (conv CCS) (seawater)
intermediate generation,biomass,biomass_int_conv_CCS,2005,OM-fixed,43.18,biomass (conv CCS) (recirculating)
intermediate generation,biomass,biomass_int_conv_CCS,2005,OM-fixed,43.18,biomass (conv CCS) (dry cooling)
intermediate generation,biomass,biomass_int_IGCC,2005,OM-fixed,52.86,biomass (IGCC) (once through)
intermediate generation,biomass,biomass_int_IGCC,2005,OM-fixed,52.86,biomass (IGCC) (seawater)
intermediate generation,biomass,biomass_int_IGCC,2005,OM-fixed,52.86,biomass (IGCC) (recirculating)
intermediate generation,biomass,biomass_int_IGCC,2005,OM-fixed,52.86,biomass (IGCC) (dry cooling)
intermediate generation,biomass,biomass_int_IGCC_CCS,2005,OM-fixed,67.96,biomass (IGCC CCS) (once through)
intermediate generation,biomass,biomass_int_IGCC_CCS,2005,OM-fixed,67.96,biomass (IGCC CCS) (seawater)
intermediate generation,biomass,biomass_int_IGCC_CCS,2005,OM-fixed,67.96,biomass (IGCC CCS) (recirculating)
intermediate generation,biomass,biomass_int_IGCC_CCS,2005,OM-fixed,67.96,biomass (IGCC CCS) (dry cooling)
intermediate generation,coal,coal_int_conv pul,2005,OM-fixed,19.37,coal (conv pul) (once through)
intermediate generation,coal,coal_int_conv pul,2005,OM-fixed,19.37,coal (conv pul) (seawater)
intermediate generation,coal,coal_int_conv pul,2005,OM-fixed,19.37,coal (conv pul) (recirculating)
intermediate generation,coal,coal_int_conv pul,2005,OM-fixed,19.37,coal (conv pul) (cooling pond)
intermediate generation,coal,coal_int_conv pul,2005,OM-fixed,19.37,coal (conv pul) (dry cooling)
intermediate generation,coal,coal_int_conv pul_CCS,2005,OM-fixed,31.07,coal (conv pul CCS) (once through)
intermediate generation,coal,coal_int_conv pul_CCS,2005,OM-fixed,31.07,coal (conv pul CCS) (seawater)
intermediate generation,coal,coal_int_conv pul_CCS,2005,OM-fixed,31.07,coal (conv pul CCS) (recirculating)
intermediate generation,coal,coal_int_conv pul_CCS,2005,OM-fixed,31.07,coal (conv pul CCS) (dry cooling)
intermediate generation,coal,coal_int_IGCC,2005,OM-fixed,38.55,coal (IGCC) (once through)
intermediate generation,coal,coal_int_IGCC,2005,OM-fixed,38.55,coal (IGCC) (seawater)
intermediate generation,coal,coal_int_IGCC,2005,OM-fixed,38.55,coal (IGCC) (recirculating)
intermediate generation,coal,coal_int_IGCC,2005,OM-fixed,38.55,coal (IGCC) (dry cooling)
intermediate generation,coal,coal_int_IGCC_CCS,2005,OM-fixed,55.85,coal (IGCC CCS) (once through)
intermediate generation,coal,coal_int_IGCC_CCS,2005,OM-fixed,55.85,coal (IGCC CCS) (seawater)
intermediate generation,coal,coal_int_IGCC_CCS,2005,OM-fixed,55.85,coal (IGCC CCS) (recirculating)
intermediate generation,coal,coal_int_IGCC_CCS,2005,OM-fixed,55.85,coal (IGCC CCS) (dry cooling)
intermediate generation,gas,gas_int_CC,2005,OM-fixed,7.36,gas (CC) (once through)
intermediate generation,gas,gas_int_CC,2005,OM-fixed,7.36,gas (CC) (seawater)
intermediate generation,gas,gas_int_CC,2005,OM-fixed,7.36,gas (CC) (recirculating)
intermediate generation,gas,gas_int_CC,2005,OM-fixed,7.36,gas (CC) (cooling pond)
intermediate generation,gas,gas_int_CC,2005,OM-fixed,7.36,gas (CC) (dry cooling)
intermediate generation,gas,gas_int_CC_CCS,2005,OM-fixed,16.21,gas (CC CCS) (once through)
intermediate generation,gas,gas_int_CC_CCS,2005,OM-fixed,16.21,gas (CC CCS) (seawater)
intermediate generation,gas,gas_int_CC_CCS,2005,OM-fixed,16.21,gas (CC CCS) (recirculating)
intermediate generation,gas,gas_int_CC_CCS,2005,OM-fixed,16.21,gas (CC CCS) (dry cooling)
intermediate generation,refined liquids,refined liquids_int_steam/CT,2005,OM-fixed,5.64,refined liquids (steam/CT) (once through)
intermediate generation,refined liquids,refined liquids_int_steam/CT,2005,OM-fixed,5.64,refined liquids (steam/CT) (seawater)
intermediate generation,refined liquids,refined liquids_int_steam/CT,2005,OM-fixed,5.64,refined liquids (steam/CT) (recirculating)
intermediate generation,refined liquids,refined liquids_int_steam/CT,2005,OM-fixed,5.64,refined liquids (steam/CT) (cooling pond)
intermediate generation,refined liquids,refined liquids_int_steam/CT,2005,OM-fixed,5.64,refined liquids (steam/CT) (dry cooling)
intermediate generation,refined liquids,refined liquids_int_CC,2005,OM-fixed,7.36,refined liquids (CC) (once through)
intermediate generation,refined liquids,refined liquids_int_CC,2005,OM-fixed,7.36,refined liquids (CC) (seawater)
intermediate generation,refined liquids,refined liquids_int_CC,2005,OM-fixed,7.36,refined liquids (CC) (recirculating)
intermediate generation,refined liquids,refined liquids_int_CC,2005,OM-fixed,7.36,refined liquids (CC) (dry cooling)
intermediate generation,refined liquids,refined liquids_int_CC_CCS,2005,OM-fixed,16.21,refined liquids (CC CCS) (once through)
intermediate generation,refined liquids,refined liquids_int_CC_CCS,2005,OM-fixed,16.21,refined liquids (CC CCS) (seawater)
intermediate generation,refined liquids,refined liquids_int_CC_CCS,2005,OM-fixed,16.21,refined liquids (CC CCS) (recirculating)
intermediate generation,refined liquids,refined liquids_int_CC_CCS,2005,OM-fixed,16.21,refined liquids (CC CCS) (dry cooling)
intermediate generation,coal,coal_int_conv pul 1951-1955,2005,OM-fixed,19.37,coal (conv pul) (once through)
intermediate generation,coal,coal_int_conv pul 1951-1955,2005,OM-fixed,19.37,coal (conv pul) (seawater)
intermediate generation,coal,coal_int_conv pul 1951-1955,2005,OM-fixed,19.37,coal (conv pul) (recirculating)
intermediate generation,coal,coal_int_conv pul 1951-1955,2005,OM-fixed,19.37,coal (conv pul) (cooling pond)
intermediate generation,coal,coal_int_conv pul 1951-1955,2005,OM-fixed,19.37,coal (conv pul) (dry cooling)
intermediate generation,coal,coal_int_conv pul 1956-1960,2005,OM-fixed,19.37,coal (conv pul) (once through)
intermediate generation,coal,coal_int_conv pul 1956-1960,2005,OM-fixed,19.37,coal (conv pul) (seawater)
intermediate generation,coal,coal_int_conv pul 1956-1960,2005,OM-fixed,19.37,coal (conv pul) (recirculating)
intermediate generation,coal,coal_int_conv pul 1956-1960,2005,OM-fixed,19.37,coal (conv pul) (cooling pond)
intermediate generation,coal,coal_int_conv pul 1956-1960,2005,OM-fixed,19.37,coal (conv pul) (dry cooling)
intermediate generation,coal,coal_int_conv pul 1961-1965,2005,OM-fixed,19.37,coal (conv pul) (once through)
intermediate generation,coal,coal_int_conv pul 1961-1965,2005,OM-fixed,19.37,coal (conv pul) (seawater)
intermediate generation,coal,coal_int_conv pul 1961-1965,2005,OM-fixed,19.37,coal (conv pul) (recirculating)
intermediate generation,coal,coal_int_conv pul 1961-1965,2005,OM-fixed,19.37,coal (conv pul) (cooling pond)
intermediate generation,coal,coal_int_conv pul 1961-1965,2005,OM-fixed,19.37,coal (conv pul) (dry cooling)
intermediate generation,coal,coal_int_conv pul 1966-1970,2005,OM-fixed,19.37,coal (conv pul) (once through)
intermediate generation,coal,coal_int_conv pul 1966-1970,2005,OM-fixed,19.37,coal (conv pul) (seawater)
intermediate generation,coal,coal_int_conv pul 1966-1970,2005,OM-fixed,19.37,coal (conv pul) (recirculating)
intermediate generation,coal,coal_int_conv pul 1966-1970,2005,OM-fixed,19.37,coal (conv pul) (cooling pond)
intermediate generation,coal,coal_int_conv pul 1966-1970,2005,OM-fixed,19.37,coal (conv pul) (dry cooling)
intermediate generation,coal,coal_int_conv pul 1971-1975,2005,OM-fixed,19.37,coal (conv pul) (once through)
intermediate generation,coal,coal_int_conv pul 1971-1975,2005,OM-fixed,19.37,coal (conv pul) (seawater)
intermediate generation,coal,coal_int_conv pul 1971-1975,2005,OM-fixed,19.37,coal (conv pul) (recirculating)
intermediate generation,coal,coal_int_conv pul 1971-1975,2005,OM-fixed,19.37,coal (conv pul) (cooling pond)
intermediate generation,coal,coal_int_conv pul 1971-1975,2005,OM-fixed,19.37,coal (conv pul) (dry cooling)
intermediate generation,coal,coal_int_conv pul 1976-1980,2005,OM-fixed,19.37,coal (conv pul) (once through)
intermediate generation,coal,coal_int_conv pul 1976-1980,2005,OM-fixed,19.37,coal (conv pul) (seawater)
intermediate generation,coal,coal_int_conv pul 1976-1980,2005,OM-fixed,19.37,coal (conv pul) (recirculating)
intermediate generation,coal,coal_int_conv pul 1976-1980,2005,OM-fixed,19.37,coal (conv pul) (cooling pond)
intermediate generation,coal,coal_int_conv pul 1976-1980,2005,OM-fixed,19.37,coal (conv pul) (dry cooling)
intermediate generation,coal,coal_int_conv pul 1981-1985,2005,OM-fixed,19.37,coal (conv pul) (once through)
intermediate generation,coal,coal_int_conv pul 1981-1985,2005,OM-fixed,19.37,coal (conv pul) (seawater)
intermediate generation,coal,coal_int_conv pul 1981-1985,2005,OM-fixed,19.37,coal (conv pul) (recirculating)
intermediate generation,coal,coal_int_conv pul 1981-1985,2005,OM-fixed,19.37,coal (conv pul) (cooling pond)
intermediate generation,coal,coal_int_conv pul 1981-1985,2005,OM-fixed,19.37,coal (conv pul) (dry cooling)
intermediate generation,coal,coal_int_conv pul 1986-1990,2005,OM-fixed,19.37,coal (conv pul) (once through)
intermediate generation,coal,coal_int_conv pul 1986-1990,2005,OM-fixed,19.37,coal (conv pul) (seawater)
intermediate generation,coal,coal_int_conv pul 1986-1990,2005,OM-fixed,19.37,coal (conv pul) (recirculating)
intermediate generation,coal,coal_int_conv pul 1986-1990,2005,OM-fixed,19.37,coal (conv pul) (cooling pond)
intermediate generation,coal,coal_int_conv pul 1986-1990,2005,OM-fixed,19.37,coal (conv pul) (dry cooling)
intermediate generation,coal,coal_int_conv pul 1991-1995,2005,OM-fixed,19.37,coal (conv pul) (once through)
intermediate generation,coal,coal_int_conv pul 1991-1995,2005,OM-fixed,19.37,coal (conv pul) (seawater)
intermediate generation,coal,coal_int_conv pul 1991-1995,2005,OM-fixed,19.37,coal (conv pul) (recirculating)
intermediate generation,coal,coal_int_conv pul 1991-1995,2005,OM-fixed,19.37,coal (conv pul) (cooling pond)
intermediate generation,coal,coal_int_conv pul 1991-1995,2005,OM-fixed,19.37,coal (conv pul) (dry cooling)
intermediate generation,coal,coal_int_conv pul 1996-2000,2005,OM-fixed,19.37,coal (conv pul) (once through)
intermediate generation,coal,coal_int_conv pul 1996-2000,2005,OM-fixed,19.37,coal (conv pul) (seawater)
intermediate generation,coal,coal_int_conv pul 1996-2000,2005,OM-fixed,19.37,coal (conv pul) (recirculating)
intermediate generation,coal,coal_int_conv pul 1996-2000,2005,OM-fixed,19.37,coal (conv pul) (cooling pond)
intermediate generation,coal,coal_int_conv pul 1996-2000,2005,OM-fixed,19.37,coal (conv pul) (dry cooling)
intermediate generation,coal,coal_int_conv pul 2001-2005,2005,OM-fixed,19.37,coal (conv pul) (once through)
intermediate generation,coal,coal_int_conv pul 2001-2005,2005,OM-fixed,19.37,coal (conv pul) (seawater)
intermediate generation,coal,coal_int_conv pul 2001-2005,2005,OM-fixed,19.37,coal (conv pul) (recirculating)
intermediate generation,coal,coal_int_conv pul 2001-2005,2005,OM-fixed,19.37,coal (conv pul) (cooling pond)
intermediate generation,coal,coal_int_conv pul 2001-2005,2005,OM-fixed,19.37,coal (conv pul) (dry cooling)
intermediate generation,coal,coal_int_conv pul 2006-2010,2005,OM-fixed,19.37,coal (conv pul) (once through)
intermediate generation,coal,coal_int_conv pul 2006-2010,2005,OM-fixed,19.37,coal (conv pul) (seawater)
intermediate generation,coal,coal_int_conv pul 2006-2010,2005,OM-fixed,19.37,coal (conv pul) (recirculating)
intermediate generation,coal,coal_int_conv pul 2006-2010,2005,OM-fixed,19.37,coal (conv pul) (cooling pond)
intermediate generation,coal,coal_int_conv pul 2006-2010,2005,OM-fixed,19.37,coal (conv pul) (dry cooling)
intermediate generation,coal,coal_int_conv pul 2011-2015,2005,OM-fixed,19.37,coal (conv pul) (once through)
intermediate generation,coal,coal_int_conv pul 2011-2015,2005,OM-fixed,19.37,coal (conv pul) (seawater)
intermediate generation,coal,coal_int_conv pul 2011-2015,2005,OM-fixed,19.37,coal (conv pul) (recirculating)
intermediate generation,coal,coal_int_conv pul 2011-2015,2005,OM-fixed,19.37,coal (conv pul) (cooling pond)
intermediate generation,coal,coal_int_conv pul 2011-2015,2005,OM-fixed,19.37,coal (conv pul) (dry cooling)
intermediate generation,coal,coal_int_conv pul 2016-2021,2005,OM-fixed,19.37,coal (conv pul) (once through)
intermediate generation,coal,coal_int_conv pul 2016-2021,2005,OM-fixed,19.37,coal (conv pul) (seawater)
intermediate generation,coal,coal_int_conv pul 2016-2021,2005,OM-fixed,19.37,coal (conv pul) (recirculating)
intermediate generation,coal,coal_int_conv pul 2016-2021,2005,OM-fixed,19.37,coal (conv pul) (cooling pond)
intermediate generation,coal,coal_int_conv pul 2016-2021,2005,OM-fixed,19.37,coal (conv pul) (dry cooling)
intermediate generation,coal,coal_int_conv pul before 1950,2005,OM-fixed,19.37,coal (conv pul) (once through)
intermediate generation,coal,coal_int_conv pul before 1950,2005,OM-fixed,19.37,coal (conv pul) (seawater)
intermediate generation,coal,coal_int_conv pul before 1950,2005,OM-fixed,19.37,coal (conv pul) (recirculating)
intermediate generation,coal,coal_int_conv pul before 1950,2005,OM-fixed,19.37,coal (conv pul) (cooling pond)
intermediate generation,coal,coal_int_conv pul before 1950,2005,OM-fixed,19.37,coal (conv pul) (dry cooling)
intermediate generation,coal,coal_int_conv pul_retire_2023,2005,OM-fixed,19.37,coal (conv pul) (once through)
intermediate generation,coal,coal_int_conv pul_retire_2023,2005,OM-fixed,19.37,coal (conv pul) (seawater)
intermediate generation,coal,coal_int_conv pul_retire_2023,2005,OM-fixed,19.37,coal (conv pul) (recirculating)
intermediate generation,coal,coal_int_conv pul_retire_2023,2005,OM-fixed,19.37,coal (conv pul) (cooling pond)
intermediate generation,coal,coal_int_conv pul_retire_2023,2005,OM-fixed,19.37,coal (conv pul) (dry cooling)
intermediate generation,biomass,biomass_int_conv,2010,OM-fixed,33.68,biomass (conv) (once through)
intermediate generation,biomass,biomass_int_conv,2010,OM-fixed,33.68,biomass (conv) (seawater)
intermediate generation,biomass,biomass_int_conv,2010,OM-fixed,33.68,biomass (conv) (recirculating)
intermediate generation,biomass,biomass_int_conv,2010,OM-fixed,33.68,biomass (conv) (cooling pond)
intermediate generation,biomass,biomass_int_conv,2010,OM-fixed,33.68,biomass (conv) (dry cooling)
intermediate generation,biomass,biomass_int_conv_CCS,2010,OM-fixed,43.18,biomass (conv CCS) (once through)
intermediate generation,biomass,biomass_int_conv_CCS,2010,OM-fixed,43.18,biomass (conv CCS) (seawater)
intermediate generation,biomass,biomass_int_conv_CCS,2010,OM-fixed,43.18,biomass (conv CCS) (recirculating)
intermediate generation,biomass,biomass_int_conv_CCS,2010,OM-fixed,43.18,biomass (conv CCS) (dry cooling)
intermediate generation,biomass,biomass_int_IGCC,2010,OM-fixed,52.86,biomass (IGCC) (once through)
intermediate generation,biomass,biomass_int_IGCC,2010,OM-fixed,52.86,biomass (IGCC) (seawater)
intermediate generation,biomass,biomass_int_IGCC,2010,OM-fixed,52.86,biomass (IGCC) (recirculating)
intermediate generation,biomass,biomass_int_IGCC,2010,OM-fixed,52.86,biomass (IGCC) (dry cooling)
intermediate generation,biomass,biomass_int_IGCC_CCS,2010,OM-fixed,67.96,biomass (IGCC CCS) (once through)
intermediate generation,biomass,biomass_int_IGCC_CCS,2010,OM-fixed,67.96,biomass (IGCC CCS) (seawater)
intermediate generation,biomass,biomass_int_IGCC_CCS,2010,OM-fixed,67.96,biomass (IGCC CCS) (recirculating)
intermediate generation,biomass,biomass_int_IGCC_CCS,2010,OM-fixed,67.96,biomass (IGCC CCS) (dry cooling)
intermediate generation,coal,coal_int_conv pul,2010,OM-fixed,19.37,coal (conv pul) (once through)
intermediate generation,coal,coal_int_conv pul,2010,OM-fixed,19.37,coal (conv pul) (seawater)
intermediate generation,coal,coal_int_conv pul,2010,OM-fixed,19.37,coal (conv pul) (recirculating)
intermediate generation,coal,coal_int_conv pul,2010,OM-fixed,19.37,coal (conv pul) (cooling pond)
intermediate generation,coal,coal_int_conv pul,2010,OM-fixed,19.37,coal (conv pul) (dry cooling)
intermediate generation,coal,coal_int_conv pul_CCS,2010,OM-fixed,31.07,coal (conv pul CCS) (once through)
intermediate generation,coal,coal_int_conv pul_CCS,2010,OM-fixed,31.07,coal (conv pul CCS) (seawater)
intermediate generation,coal,coal_int_conv pul_CCS,2010,OM-fixed,31.07,coal (conv pul CCS) (recirculating)
intermediate generation,coal,coal_int_conv pul_CCS,2010,OM-fixed,31.07,coal (conv pul CCS) (dry cooling)
intermediate generation,coal,coal_int_IGCC,2010,OM-fixed,38.55,coal (IGCC) (once through)
intermediate generation,coal,coal_int_IGCC,2010,OM-fixed,38.55,coal (IGCC) (seawater)
intermediate generation,coal,coal_int_IGCC,2010,OM-fixed,38.55,coal (IGCC) (recirculating)
intermediate generation,coal,coal_int_IGCC,2010,OM-fixed,38.55,coal (IGCC) (dry cooling)
intermediate generation,coal,coal_int_IGCC_CCS,2010,OM-fixed,55.85,coal (IGCC CCS) (once through)
intermediate generation,coal,coal_int_IGCC_CCS,2010,OM-fixed,55.85,coal (IGCC CCS) (seawater)
intermediate generation,coal,coal_int_IGCC_CCS,2010,OM-fixed,55.85,coal (IGCC CCS) (recirculating)
intermediate generation,coal,coal_int_IGCC_CCS,2010,OM-fixed,55.85,coal (IGCC CCS) (dry cooling)
intermediate generation,gas,gas_int_CC,2010,OM-fixed,7.36,gas (CC) (once through)
intermediate generation,gas,gas_int_CC,2010,OM-fixed,7.36,gas (CC) (seawater)
intermediate generation,gas,gas_int_CC,2010,OM-fixed,7.36,gas (CC) (recirculating)
intermediate generation,gas,gas_int_CC,2010,OM-fixed,7.36,gas (CC) (cooling pond)
intermediate generation,gas,gas_int_CC,2010,OM-fixed,7.36,gas (CC) (dry cooling)
intermediate generation,gas,gas_int_CC_CCS,2010,OM-fixed,16.21,gas (CC CCS) (once through)
intermediate generation,gas,gas_int_CC_CCS,2010,OM-fixed,16.21,gas (CC CCS) (seawater)
intermediate generation,gas,gas_int_CC_CCS,2010,OM-fixed,16.21,gas (CC CCS) (recirculating)
intermediate generation,gas,gas_int_CC_CCS,2010,OM-fixed,16.21,gas (CC CCS) (dry cooling)
intermediate generation,refined liquids,refined liquids_int_steam/CT,2010,OM-fixed,5.64,refined liquids (steam/CT) (once through)
intermediate generation,refined liquids,refined liquids_int_steam/CT,2010,OM-fixed,5.64,refined liquids (steam/CT) (seawater)
intermediate generation,refined liquids,refined liquids_int_steam/CT,2010,OM-fixed,5.64,refined liquids (steam/CT) (recirculating)
intermediate generation,refined liquids,refined liquids_int_steam/CT,2010,OM-fixed,5.64,refined liquids (steam/CT) (cooling pond)
intermediate generation,refined liquids,refined liquids_int_steam/CT,2010,OM-fixed,5.64,refined liquids (steam/CT) (dry cooling)
intermediate generation,refined liquids,refined liquids_int_CC,2010,OM-fixed,7.36,refined liquids (CC) (once through)
intermediate generation,refined liquids,refined liquids_int_CC,2010,OM-fixed,7.36,refined liquids (CC) (seawater)
intermediate generation,refined liquids,refined liquids_int_CC,2010,OM-fixed,7.36,refined liquids (CC) (recirculating)
intermediate generation,refined liquids,refined liquids_int_CC,2010,OM-fixed,7.36,refined liquids (CC) (dry cooling)
intermediate generation,refined liquids,refined liquids_int_CC_CCS,2010,OM-fixed,16.21,refined liquids (CC CCS) (once through)
intermediate generation,refined liquids,refined liquids_int_CC_CCS,2010,OM-fixed,16.21,refined liquids (CC CCS) (seawater)
intermediate generation,refined liquids,refined liquids_int_CC_CCS,2010,OM-fixed,16.21,refined liquids (CC CCS) (recirculating)
intermediate generation,refined liquids,refined liquids_int_CC_CCS,2010,OM-fixed,16.21,refined liquids (CC CCS) (dry cooling)
intermediate generation,coal,coal_int_conv pul 1951-1955,2010,OM-fixed,19.37,coal (conv pul) (once through)
intermediate generation,coal,coal_int_conv pul 1951-1955,2010,OM-fixed,19.37,coal (conv pul) (seawater)
intermediate generation,coal,coal_int_conv pul 1951-1955,2010,OM-fixed,19.37,coal (conv pul) (recirculating)
intermediate generation,coal,coal_int_conv pul 1951-1955,2010,OM-fixed,19.37,coal (conv pul) (cooling pond)
intermediate generation,coal,coal_int_conv pul 1951-1955,2010,OM-fixed,19.37,coal (conv pul) (dry cooling)
intermediate generation,coal,coal_int_conv pul 1956-1960,2010,OM-fixed,19.37,coal (conv pul) (once through)
intermediate generation,coal,coal_int_conv pul 1956-1960,2010,OM-fixed,19.37,coal (conv pul) (seawater)
intermediate generation,coal,coal_int_conv pul 1956-1960,2010,OM-fixed,19.37,coal (conv pul) (recirculating)
intermediate generation,coal,coal_int_conv pul 1956-1960,2010,OM-fixed,19.37,coal (conv pul) (cooling pond)
intermediate generation,coal,coal_int_conv pul 1956-1960,2010,OM-fixed,19.37,coal (conv pul) (dry cooling)
intermediate generation,coal,coal_int_conv pul 1961-1965,2010,OM-fixed,19.37,coal (conv pul) (once through)
intermediate generation,coal,coal_int_conv pul 1961-1965,2010,OM-fixed,19.37,coal (conv pul) (seawater)
intermediate generation,coal,coal_int_conv pul 1961-1965,2010,OM-fixed,19.37,coal (conv pul) (recirculating)
intermediate generation,coal,coal_int_conv pul 1961-1965,2010,OM-fixed,19.37,coal (conv pul) (cooling pond)
intermediate generation,coal,coal_int_conv pul 1961-1965,2010,OM-fixed,19.37,coal (conv pul) (dry cooling)
intermediate generation,coal,coal_int_conv pul 1966-1970,2010,OM-fixed,19.37,coal (conv pul) (once through)
intermediate generation,coal,coal_int_conv pul 1966-1970,2010,OM-fixed,19.37,coal (conv pul) (seawater)
intermediate generation,coal,coal_int_conv pul 1966-1970,2010,OM-fixed,19.37,coal (conv pul) (recirculating)
intermediate generation,coal,coal_int_conv pul 1966-1970,2010,OM-fixed,19.37,coal (conv pul) (cooling pond)
intermediate generation,coal,coal_int_conv pul 1966-1970,2010,OM-fixed,19.37,coal (conv pul) (dry cooling)
intermediate generation,coal,coal_int_conv pul 1971-1975,2010,OM-fixed,19.37,coal (conv pul) (once through)
intermediate generation,coal,coal_int_conv pul 1971-1975,2010,OM-fixed,19.37,coal (conv pul) (seawater)
intermediate generation,coal,coal_int_conv pul 1971-1975,2010,OM-fixed,19.37,coal (conv pul) (recirculating)
intermediate generation,coal,coal_int_conv pul 1971-1975,2010,OM-fixed,19.37,coal (conv pul) (cooling pond)
intermediate generation,coal,coal_int_conv pul 1971-1975,2010,OM-fixed,19.37,coal (conv pul) (dry cooling)
intermediate generation,coal,coal_int_conv pul 1976-1980,2010,OM-fixed,19.37,coal (conv pul) (once through)
intermediate generation,coal,coal_int_conv pul 1976-1980,2010,OM-fixed,19.37,coal (conv pul) (seawater)
intermediate generation,coal,coal_int_conv pul 1976-1980,2010,OM-fixed,19.37,coal (conv pul) (recirculating)
intermediate generation,coal,coal_int_conv pul 1976-1980,2010,OM-fixed,19.37,coal (conv pul) (cooling pond)
intermediate generation,coal,coal_int_conv pul 1976-1980,2010,OM-fixed,19.37,coal (conv pul) (dry cooling)
intermediate generation,coal,coal_int_conv pul 1981-1985,2010,OM-fixed,19.37,coal (conv pul) (once through)
intermediate generation,coal,coal_int_conv pul 1981-1985,2010,OM-fixed,19.37,coal (conv pul) (seawater)
intermediate generation,coal,coal_int_conv pul 1981-1985,2010,OM-fixed,19.37,coal (conv pul) (recirculating)
intermediate generation,coal,coal_int_conv pul 1981-1985,2010,OM-fixed,19.37,coal (conv pul) (cooling pond)
intermediate generation,coal,coal_int_conv pul 1981-1985,2010,OM-fixed,19.37,coal (conv pul) (dry cooling)
intermediate generation,coal,coal_int_conv pul 1986-1990,2010,OM-fixed,19.37,coal (conv pul) (once through)
intermediate generation,coal,coal_int_conv pul 1986-1990,2010,OM-fixed,19.37,coal (conv pul) (seawater)
intermediate generation,coal,coal_int_conv pul 1986-1990,2010,OM-fixed,19.37,coal (conv pul) (recirculating)
intermediate generation,coal,coal_int_conv pul 1986-1990,2010,OM-fixed,19.37,coal (conv pul) (cooling pond)
intermediate generation,coal,coal_int_conv pul 1986-1990,2010,OM-fixed,19.37,coal (conv pul) (dry cooling)
intermediate generation,coal,coal_int_conv pul 1991-1995,2010,OM-fixed,19.37,coal (conv pul) (once through)
intermediate generation,coal,coal_int_conv pul 1991-1995,2010,OM-fixed,19.37,coal (conv pul) (seawater)
intermediate generation,coal,coal_int_conv pul 1991-1995,2010,OM-fixed,19.37,coal (conv pul) (recirculating)
intermediate generation,coal,coal_int_conv pul 1991-1995,2010,OM-fixed,19.37,coal (conv pul) (cooling pond)
intermediate generation,coal,coal_int_conv pul 1991-1995,2010,OM-fixed,19.37,coal (conv pul) (dry cooling)
intermediate generation,coal,coal_int_conv pul 1996-2000,2010,OM-fixed,19.37,coal (conv pul) (once through)
intermediate generation,coal,coal_int_conv pul 1996-2000,2010,OM-fixed,19.37,coal (conv pul) (seawater)
intermediate generation,coal,coal_int_conv pul 1996-2000,2010,OM-fixed,19.37,coal (conv pul) (recirculating)
intermediate generation,coal,coal_int_conv pul 1996-2000,2010,OM-fixed,19.37,coal (conv pul) (cooling pond)
intermediate generation,coal,coal_int_conv pul 1996-2000,2010,OM-fixed,19.37,coal (conv pul) (dry cooling)
intermediate generation,coal,coal_int_conv pul 2001-2005,2010,OM-fixed,19.37,coal (conv pul) (once through)
intermediate generation,coal,coal_int_conv pul 2001-2005,2010,OM-fixed,19.37,coal (conv pul) (seawater)
intermediate generation,coal,coal_int_conv pul 2001-2005,2010,OM-fixed,19.37,coal (conv pul) (recirculating)
intermediate generation,coal,coal_int_conv pul 2001-2005,2010,OM-fixed,19.37,coal (conv pul) (cooling pond)
intermediate generation,coal,coal_int_conv pul 2001-2005,2010,OM-fixed,19.37,coal (conv pul) (dry cooling)
intermediate generation,coal,coal_int_conv pul 2006-2010,2010,OM-fixed,19.37,coal (conv pul) (once through)
intermediate generation,coal,coal_int_conv pul 2006-2010,2010,OM-fixed,19.37,coal (conv pul) (seawater)
intermediate generation,coal,coal_int_conv pul 2006-2010,2010,OM-fixed,19.37,coal (conv pul) (recirculating)
intermediate generation,coal,coal_int_conv pul 2006-2010,2010,OM-fixed,19.37,coal (conv pul) (cooling pond)
intermediate generation,coal,coal_int_conv pul 2006-2010,2010,OM-fixed,19.37,coal (conv pul) (dry cooling)
intermediate generation,coal,coal_int_conv pul 2011-2015,2010,OM-fixed,19.37,coal (conv pul) (once through)
intermediate generation,coal,coal_int_conv pul 2011-2015,2010,OM-fixed,19.37,coal (conv pul) (seawater)
intermediate generation,coal,coal_int_conv pul 2011-2015,2010,OM-fixed,19.37,coal (conv pul) (recirculating)
intermediate generation,coal,coal_int_conv pul 2011-2015,2010,OM-fixed,19.37,coal (conv pul) (cooling pond)
intermediate generation,coal,coal_int_conv pul 2011-2015,2010,OM-fixed,19.37,coal (conv pul) (dry cooling)
intermediate generation,coal,coal_int_conv pul 2016-2021,2010,OM-fixed,19.37,coal (conv pul) (once through)
intermediate generation,coal,coal_int_conv pul 2016-2021,2010,OM-fixed,19.37,coal (conv pul) (seawater)
intermediate generation,coal,coal_int_conv pul 2016-2021,2010,OM-fixed,19.37,coal (conv pul) (recirculating)
intermediate generation,coal,coal_int_conv pul 2016-2021,2010,OM-fixed,19.37,coal (conv pul) (cooling pond)
intermediate generation,coal,coal_int_conv pul 2016-2021,2010,OM-fixed,19.37,coal (conv pul) (dry cooling)
intermediate generation,coal,coal_int_conv pul before 1950,2010,OM-fixed,19.37,coal (conv pul) (once through)
intermediate generation,coal,coal_int_conv pul before 1950,2010,OM-fixed,19.37,coal (conv pul) (seawater)
intermediate generation,coal,coal_int_conv pul before 1950,2010,OM-fixed,19.37,coal (conv pul) (recirculating)
intermediate generation,coal,coal_int_conv pul before 1950,2010,OM-fixed,19.37,coal (conv pul) (cooling pond)
intermediate generation,coal,coal_int_conv pul before 1950,2010,OM-fixed,19.37,coal (conv pul) (dry cooling)
intermediate generation,coal,coal_int_conv pul_retire_2023,2010,OM-fixed,19.37,coal (conv pul) (once through)
intermediate generation,coal,coal_int_conv pul_retire_2023,2010,OM-fixed,19.37,coal (conv pul) (seawater)
intermediate generation,coal,coal_int_conv pul_retire_2023,2010,OM-fixed,19.37,coal (conv pul) (recirculating)
intermediate generation,coal,coal_int_conv pul_retire_2023,2010,OM-fixed,19.37,coal (conv pul) (cooling pond)
intermediate generation,coal,coal_int_conv pul_retire_2023,2010,OM-fixed,19.37,coal (conv pul) (dry cooling)
intermediate generation,biomass,biomass_int_conv,2015,OM-fixed,33.68,biomass (conv) (once through)
intermediate generation,biomass,biomass_int_conv,2015,OM-fixed,33.68,biomass (conv) (seawater)
intermediate generation,biomass,biomass_int_conv,2015,OM-fixed,33.68,biomass (conv) (recirculating)
intermediate generation,biomass,biomass_int_conv,2015,OM-fixed,33.68,biomass (conv) (cooling pond)
intermediate generation,biomass,biomass_int_conv,2015,OM-fixed,33.68,biomass (conv) (dry cooling)
intermediate generation,biomass,biomass_int_conv_CCS,2015,OM-fixed,43.18,biomass (conv CCS) (once through)
intermediate generation,biomass,biomass_int_conv_CCS,2015,OM-fixed,43.18,biomass (conv CCS) (seawater)
intermediate generation,biomass,biomass_int_conv_CCS,2015,OM-fixed,43.18,biomass (conv CCS) (recirculating)
intermediate generation,biomass,biomass_int_conv_CCS,2015,OM-fixed,43.18,biomass (conv CCS) (dry cooling)
intermediate generation,biomass,biomass_int_IGCC,2015,OM-fixed,52.86,biomass (IGCC) (once through)
intermediate generation,biomass,biomass_int_IGCC,2015,OM-fixed,52.86,biomass (IGCC) (seawater)
intermediate generation,biomass,biomass_int_IGCC,2015,OM-fixed,52.86,biomass (IGCC) (recirculating)
intermediate generation,biomass,biomass_int_IGCC,2015,OM-fixed,52.86,biomass (IGCC) (dry cooling)
intermediate generation,biomass,biomass_int_IGCC_CCS,2015,OM-fixed,67.96,biomass (IGCC CCS) (once through)
intermediate generation,biomass,biomass_int_IGCC_CCS,2015,OM-fixed,67.96,biomass (IGCC CCS) (seawater)
intermediate generation,biomass,biomass_int_IGCC_CCS,2015,OM-fixed,67.96,biomass (IGCC CCS) (recirculating)
intermediate generation,biomass,biomass_int_IGCC_CCS,2015,OM-fixed,67.96,biomass (IGCC CCS) (dry cooling)
intermediate generation,coal,coal_int_conv pul,2015,OM-fixed,19.37,coal (conv pul) (once through)
intermediate generation,coal,coal_int_conv pul,2015,OM-fixed,19.37,coal (conv pul) (seawater)
intermediate generation,coal,coal_int_conv pul,2015,OM-fixed,19.37,coal (conv pul) (recirculating)
intermediate generation,coal,coal_int_conv pul,2015,OM-fixed,19.37,coal (conv pul) (cooling pond)
intermediate generation,coal,coal_int_conv pul,2015,OM-fixed,19.37,coal (conv pul) (dry cooling)
intermediate generation,coal,coal_int_conv pul_CCS,2015,OM-fixed,31.07,coal (conv pul CCS) (once through)
intermediate generation,coal,coal_int_conv pul_CCS,2015,OM-fixed,31.07,coal (conv pul CCS) (seawater)
intermediate generation,coal,coal_int_conv pul_CCS,2015,OM-fixed,31.07,coal (conv pul CCS) (recirculating)
intermediate generation,coal,coal_int_conv pul_CCS,2015,OM-fixed,31.07,coal (conv pul CCS) (dry cooling)
intermediate generation,coal,coal_int_IGCC,2015,OM-fixed,38.55,coal (IGCC) (once through)
intermediate generation,coal,coal_int_IGCC,2015,OM-fixed,38.55,coal (IGCC) (seawater)
intermediate generation,coal,coal_int_IGCC,2015,OM-fixed,38.55,coal (IGCC) (recirculating)
intermediate generation,coal,coal_int_IGCC,2015,OM-fixed,38.55,coal (IGCC) (dry cooling)
intermediate generation,coal,coal_int_IGCC_CCS,2015,OM-fixed,55.85,coal (IGCC CCS) (once through)
intermediate generation,coal,coal_int_IGCC_CCS,2015,OM-fixed,55.85,coal (IGCC CCS) (seawater)
intermediate generation,coal,coal_int_IGCC_CCS,2015,OM-fixed,55.85,coal (IGCC CCS) (recirculating)
intermediate generation,coal,coal_int_IGCC_CCS,2015,OM-fixed,55.85,coal (IGCC CCS) (dry cooling)
intermediate generation,gas,gas_int_CC,2015,OM-fixed,7.36,gas (CC) (once through)
intermediate generation,gas,gas_int_CC,2015,OM-fixed,7.36,gas (CC) (seawater)
intermediate generation,gas,gas_int_CC,2015,OM-fixed,7.36,gas (CC) (recirculating)
intermediate generation,gas,gas_int_CC,2015,OM-fixed,7.36,gas (CC) (cooling pond)
intermediate generation,gas,gas_int_CC,2015,OM-fixed,7.36,gas (CC) (dry cooling)
intermediate generation,gas,gas_int_CC_CCS,2015,OM-fixed,16.21,gas (CC CCS) (once through)
intermediate generation,gas,gas_int_CC_CCS,2015,OM-fixed,16.21,gas (CC CCS) (seawater)
intermediate generation,gas,gas_int_CC_CCS,2015,OM-fixed,16.21,gas (CC CCS) (recirculating)
intermediate generation,gas,gas_int_CC_CCS,2015,OM-fixed,16.21,gas (CC CCS) (dry cooling)
intermediate generation,refined liquids,refined liquids_int_steam/CT,2015,OM-fixed,5.64,refined liquids (steam/CT) (once through)
intermediate generation,refined liquids,refined liquids_int_steam/CT,2015,OM-fixed,5.64,refined liquids (steam/CT) (seawater)
intermediate generation,refined liquids,refined liquids_int_steam/CT,2015,OM-fixed,5.64,refined liquids (steam/CT) (recirculating)
intermediate generation,refined liquids,refined liquids_int_steam/CT,2015,OM-fixed,5.64,refined liquids (steam/CT) (cooling pond)
intermediate generation,refined liquids,refined liquids_int_steam/CT,2015,OM-fixed,5.64,refined liquids (steam/CT) (dry cooling)
intermediate generation,refined liquids,refined liquids_int_CC,2015,OM-fixed,7.36,refined liquids (CC) (once through)
intermediate generation,refined liquids,refined liquids_int_CC,2015,OM-fixed,7.36,refined liquids (CC) (seawater)
intermediate generation,refined liquids,refined liquids_int_CC,2015,OM-fixed,7.36,refined liquids (CC) (recirculating)
intermediate generation,refined liquids,refined liquids_int_CC,2015,OM-fixed,7.36,refined liquids (CC) (dry cooling)
intermediate generation,refined liquids,refined liquids_int_CC_CCS,2015,OM-fixed,16.21,refined liquids (CC CCS) (once through)
intermediate generation,refined liquids,refined liquids_int_CC_CCS,2015,OM-fixed,16.21,refined liquids (CC CCS) (seawater)
intermediate generation,refined liquids,refined liquids_int_CC_CCS,2015,OM-fixed,16.21,refined liquids (CC CCS) (recirculating)
intermediate generation,refined liquids,refined liquids_int_CC_CCS,2015,OM-fixed,16.21,refined liquids (CC CCS) (dry cooling)
intermediate generation,coal,coal_int_conv pul 1951-1955,2015,OM-fixed,19.37,coal (conv pul) (once through)
intermediate generation,coal,coal_int_conv pul 1951-1955,2015,OM-fixed,19.37,coal (conv pul) (seawater)
intermediate generation,coal,coal_int_conv pul 1951-1955,2015,OM-fixed,19.37,coal (conv pul) (recirculating)
intermediate generation,coal,coal_int_conv pul 1951-1955,2015,OM-fixed,19.37,coal (conv pul) (cooling pond)
intermediate generation,coal,coal_int_conv pul 1951-1955,2015,OM-fixed,19.37,coal (conv pul) (dry cooling)
intermediate generation,coal,coal_int_conv pul 1956-1960,2015,OM-fixed,19.37,coal (conv pul) (once through)
intermediate generation,coal,coal_int_conv pul 1956-1960,2015,OM-fixed,19.37,coal (conv pul) (seawater)
intermediate generation,coal,coal_int_conv pul 1956-1960,2015,OM-fixed,19.37,coal (conv pul) (recirculating)
intermediate generation,coal,coal_int_conv pul 1956-1960,2015,OM-fixed,19.37,coal (conv pul) (cooling pond)
intermediate generation,coal,coal_int_conv pul 1956-1960,2015,OM-fixed,19.37,coal (conv pul) (dry cooling)
intermediate generation,coal,coal_int_conv pul 1961-1965,2015,OM-fixed,19.37,coal (conv pul) (once through)
intermediate generation,coal,coal_int_conv pul 1961-1965,2015,OM-fixed,19.37,coal (conv pul) (seawater)
intermediate generation,coal,coal_int_conv pul 1961-1965,2015,OM-fixed,19.37,coal (conv pul) (recirculating)
intermediate generation,coal,coal_int_conv pul 1961-1965,2015,OM-fixed,19.37,coal (conv pul) (cooling pond)
intermediate generation,coal,coal_int_conv pul 1961-1965,2015,OM-fixed,19.37,coal (conv pul) (dry cooling)
intermediate generation,coal,coal_int_conv pul 1966-1970,2015,OM-fixed,19.37,coal (conv pul) (once through)
intermediate generation,coal,coal_int_conv pul 1966-1970,2015,OM-fixed,19.37,coal (conv pul) (seawater)
intermediate generation,coal,coal_int_conv pul 1966-1970,2015,OM-fixed,19.37,coal (conv pul) (recirculating)
intermediate generation,coal,coal_int_conv pul 1966-1970,2015,OM-fixed,19.37,coal (conv pul) (cooling pond)
intermediate generation,coal,coal_int_conv pul 1966-1970,2015,OM-fixed,19.37,coal (conv pul) (dry cooling)
intermediate generation,coal,coal_int_conv pul 1971-1975,2015,OM-fixed,19.37,coal (conv pul) (once through)
intermediate generation,coal,coal_int_conv pul 1971-1975,2015,OM-fixed,19.37,coal (conv pul) (seawater)
intermediate generation,coal,coal_int_conv pul 1971-1975,2015,OM-fixed,19.37,coal (conv pul) (recirculating)
intermediate generation,coal,coal_int_conv pul 1971-1975,2015,OM-fixed,19.37,coal (conv pul) (cooling pond)
intermediate generation,coal,coal_int_conv pul 1971-1975,2015,OM-fixed,19.37,coal (conv pul) (dry cooling)
intermediate generation,coal,coal_int_conv pul 1976-1980,2015,OM-fixed,19.37,coal (conv pul) (once through)
intermediate generation,coal,coal_int_conv pul 1976-1980,2015,OM-fixed,19.37,coal (conv pul) (seawater)
intermediate generation,coal,coal_int_conv pul 1976-1980,2015,OM-fixed,19.37,coal (conv pul) (recirculating)
intermediate generation,coal,coal_int_conv pul 1976-1980,2015,OM-fixed,19.37,coal (conv pul) (cooling pond)
intermediate generation,coal,coal_int_conv pul 1976-1980,2015,OM-fixed,19.37,coal (conv pul) (dry cooling)
intermediate generation,coal,coal_int_conv pul 1981-1985,2015,OM-fixed,19.37,coal (conv pul) (once through)
intermediate generation,coal,coal_int_conv pul 1981-1985,2015,OM-fixed,19.37,coal (conv pul) (seawater)
intermediate generation,coal,coal_int_conv pul 1981-1985,2015,OM-fixed,19.37,coal (conv pul) (recirculating)
intermediate generation,coal,coal_int_conv pul 1981-1985,2015,OM-fixed,19.37,coal (conv pul) (cooling pond)
intermediate generation,coal,coal_int_conv pul 1981-1985,2015,OM-fixed,19.37,coal (conv pul) (dry cooling)
intermediate generation,coal,coal_int_conv pul 1986-1990,2015,OM-fixed,19.37,coal (conv pul) (once through)
intermediate generation,coal,coal_int_conv pul 1986-1990,2015,OM-fixed,19.37,coal (conv pul) (seawater)
intermediate generation,coal,coal_int_conv pul 1986-1990,2015,OM-fixed,19.37,coal (conv pul) (recirculating)
intermediate generation,coal,coal_int_conv pul 1986-1990,2015,OM-fixed,19.37,coal (conv pul) (cooling pond)
intermediate generation,coal,coal_int_conv pul 1986-1990,2015,OM-fixed,19.37,coal (conv pul) (dry cooling)
intermediate generation,coal,coal_int_conv pul 1991-1995,2015,OM-fixed,19.37,coal (conv pul) (once through)
intermediate generation,coal,coal_int_conv pul 1991-1995,2015,OM-fixed,19.37,coal (conv pul) (seawater)
intermediate generation,coal,coal_int_conv pul 1991-1995,2015,OM-fixed,19.37,coal (conv pul) (recirculating)
intermediate generation,coal,coal_int_conv pul 1991-1995,2015,OM-fixed,19.37,coal (conv pul) (cooling pond)
intermediate generation,coal,coal_int_conv pul 1991-1995,2015,OM-fixed,19.37,coal (conv pul) (dry cooling)
intermediate generation,coal,coal_int_conv pul 1996-2000,2015,OM-fixed,19.37,coal (conv pul) (once through)
intermediate generation,coal,coal_int_conv pul 1996-2000,2015,OM-fixed,19.37,coal (conv pul) (seawater)
intermediate generation,coal,coal_int_conv pul 1996-2000,2015,OM-fixed,19.37,coal (conv pul) (recirculating)
intermediate generation,coal,coal_int_conv pul 1996-2000,2015,OM-fixed,19.37,coal (conv pul) (cooling pond)
intermediate generation,coal,coal_int_conv pul 1996-2000,2015,OM-fixed,19.37,coal (conv pul) (dry cooling)
intermediate generation,coal,coal_int_conv pul 2001-2005,2015,OM-fixed,19.37,coal (conv pul) (once through)
intermediate generation,coal,coal_int_conv pul 2001-2005,2015,OM-fixed,19.37,coal (conv pul) (seawater)
intermediate generation,coal,coal_int_conv pul 2001-2005,2015,OM-fixed,19.37,coal (conv pul) (recirculating)
intermediate generation,coal,coal_int_conv pul 2001-2005,2015,OM-fixed,19.37,coal (conv pul) (cooling pond)
intermediate generation,coal,coal_int_conv pul 2001-2005,2015,OM-fixed,19.37,coal (conv pul) (dry cooling)
intermediate generation,coal,coal_int_conv pul 2006-2010,2015,OM-fixed,19.37,coal (conv pul) (once through)
intermediate generation,coal,coal_int_conv pul 2006-2010,2015,OM-fixed,19.37,coal (conv pul) (seawater)
intermediate generation,coal,coal_int_conv pul 2006-2010,2015,OM-fixed,19.37,coal (conv pul) (recirculating)
intermediate generation,coal,coal_int_conv pul 2006-2010,2015,OM-fixed,19.37,coal (conv pul) (cooling pond)
intermediate generation,coal,coal_int_conv pul 2006-2010,2015,OM-fixed,19.37,coal (conv pul) (dry cooling)
intermediate generation,coal,coal_int_conv pul 2011-2015,2015,OM-fixed,19.37,coal (conv pul) (once through)
intermediate generation,coal,coal_int_conv pul 2011-2015,2015,OM-fixed,19.37,coal (conv pul) (seawater)
intermediate generation,coal,coal_int_conv pul 2011-2015,2015,OM-fixed,19.37,coal (conv pul) (recirculating)
intermediate generation,coal,coal_int_conv pul 2011-2015,2015,OM-fixed,19.37,coal (conv pul) (cooling pond)
intermediate generation,coal,coal_int_conv pul 2011-2015,2015,OM-fixed,19.37,coal (conv pul) (dry cooling)
intermediate generation,coal,coal_int_conv pul 2016-2021,2015,OM-fixed,19.37,coal (conv pul) (once through)
intermediate generation,coal,coal_int_conv pul 2016-2021,2015,OM-fixed,19.37,coal (conv pul) (seawater)
intermediate generation,coal,coal_int_conv pul 2016-2021,2015,OM-fixed,19.37,coal (conv pul) (recirculating)
intermediate generation,coal,coal_int_conv pul 2016-2021,2015,OM-fixed,19.37,coal (conv pul) (cooling pond)
intermediate generation,coal,coal_int_conv pul 2016-2021,2015,OM-fixed,19.37,coal (conv pul) (dry cooling)
intermediate generation,coal,coal_int_conv pul before 1950,2015,OM-fixed,19.37,coal (conv pul) (once through)
intermediate generation,coal,coal_int_conv pul before 1950,2015,OM-fixed,19.37,coal (conv pul) (seawater)
intermediate generation,coal,coal_int_conv pul before 1950,2015,OM-fixed,19.37,coal (conv pul) (recirculating)
intermediate generation,coal,coal_int_conv pul before 1950,2015,OM-fixed,19.37,coal (conv pul) (cooling pond)
intermediate generation,coal,coal_int_conv pul before 1950,2015,OM-fixed,19.37,coal (conv pul) (dry cooling)
intermediate generation,coal,coal_int_conv pul_retire_2023,2015,OM-fixed,19.37,coal (conv pul) (once through)
intermediate generation,coal,coal_int_conv pul_retire_2023,2015,OM-fixed,19.37,coal (conv pul) (seawater)
intermediate generation,coal,coal_int_conv pul_retire_2023,2015,OM-fixed,19.37,coal (conv pul) (recirculating)
intermediate generation,coal,coal_int_conv pul_retire_2023,2015,OM-fixed,19.37,coal (conv pul) (cooling pond)
intermediate generation,coal,coal_int_conv pul_retire_2023,2015,OM-fixed,19.37,coal (conv pul) (dry cooling)
intermediate generation,biomass,biomass_int_conv,2021,OM-fixed,40.01,biomass (conv) (once through)
intermediate generation,biomass,biomass_int_conv,2021,OM-fixed,40.01,biomass (conv) (seawater)
intermediate generation,biomass,biomass_int_conv,2021,OM-fixed,40.01,biomass (conv) (recirculating)
intermediate generation,biomass,biomass_int_conv,2021,OM-fixed,40.01,biomass (conv) (cooling pond)
intermediate generation,biomass,biomass_int_conv,2021,OM-fixed,40.01,biomass (conv) (dry cooling)
intermediate generation,biomass,biomass_int_conv_CCS,2021,OM-fixed,43.14,biomass (conv CCS) (once through)
intermediate generation,biomass,biomass_int_conv_CCS,2021,OM-fixed,43.14,biomass (conv CCS) (seawater)
intermediate generation,biomass,biomass_int_conv_CCS,2021,OM-fixed,43.14,biomass (conv CCS) (recirculating)
intermediate generation,biomass,biomass_int_conv_CCS,2021,OM-fixed,43.14,biomass (conv CCS) (dry cooling)
intermediate generation,biomass,biomass_int_IGCC,2021,OM-fixed,58.46,biomass (IGCC) (once through)
intermediate generation,biomass,biomass_int_IGCC,2021,OM-fixed,58.46,biomass (IGCC) (seawater)
intermediate generation,biomass,biomass_int_IGCC,2021,OM-fixed,58.46,biomass (IGCC) (recirculating)
intermediate generation,biomass,biomass_int_IGCC,2021,OM-fixed,58.46,biomass (IGCC) (dry cooling)
intermediate generation,biomass,biomass_int_IGCC_CCS,2021,OM-fixed,67.91,biomass (IGCC CCS) (once through)
intermediate generation,biomass,biomass_int_IGCC_CCS,2021,OM-fixed,67.91,biomass (IGCC CCS) (seawater)
intermediate generation,biomass,biomass_int_IGCC_CCS,2021,OM-fixed,67.91,biomass (IGCC CCS) (recirculating)
intermediate generation,biomass,biomass_int_IGCC_CCS,2021,OM-fixed,67.91,biomass (IGCC CCS) (dry cooling)
intermediate generation,coal,coal_int_conv pul,2021,OM-fixed,19.75,coal (conv pul) (once through)
intermediate generation,coal,coal_int_conv pul,2021,OM-fixed,19.75,coal (conv pul) (seawater)
intermediate generation,coal,coal_int_conv pul,2021,OM-fixed,19.75,coal (conv pul) (recirculating)
intermediate generation,coal,coal_int_conv pul,2021,OM-fixed,19.75,coal (conv pul) (cooling pond)
intermediate generation,coal,coal_int_conv pul,2021,OM-fixed,19.75,coal (conv pul) (dry cooling)
intermediate generation,coal,coal_int_conv pul_CCS,2021,OM-fixed,31.07,coal (conv pul CCS) (once through)
intermediate generation,coal,coal_int_conv pul_CCS,2021,OM-fixed,31.07,coal (conv pul CCS) (seawater)
intermediate generation,coal,coal_int_conv pul_CCS,2021,OM-fixed,31.07,coal (conv pul CCS) (recirculating)
intermediate generation,coal,coal_int_conv pul_CCS,2021,OM-fixed,31.07,coal (conv pul CCS) (dry cooling)
intermediate generation,coal,coal_int_IGCC,2021,OM-fixed,38.2,coal (IGCC) (once through)
intermediate generation,coal,coal_int_IGCC,2021,OM-fixed,38.2,coal (IGCC) (seawater)
intermediate generation,coal,coal_int_IGCC,2021,OM-fixed,38.2,coal (IGCC) (recirculating)
intermediate generation,coal,coal_int_IGCC,2021,OM-fixed,38.2,coal (IGCC) (dry cooling)
intermediate generation,coal,coal_int_IGCC_CCS,2021,OM-fixed,55.85,coal (IGCC CCS) (once through)
intermediate generation,coal,coal_int_IGCC_CCS,2021,OM-fixed,55.85,coal (IGCC CCS) (seawater)
intermediate generation,coal,coal_int_IGCC_CCS,2021,OM-fixed,55.85,coal (IGCC CCS) (recirculating)
intermediate generation,coal,coal_int_IGCC_CCS,2021,OM-fixed,55.85,coal (IGCC CCS) (dry cooling)
intermediate generation,gas,gas_int_CC,2021,OM-fixed,7.91,gas (CC) (once through)
intermediate generation,gas,gas_int_CC,2021,OM-fixed,7.91,gas (CC) (seawater)
intermediate generation,gas,gas_int_CC,2021,OM-fixed,7.91,gas (CC) (recirculating)
intermediate generation,gas,gas_int_CC,2021,OM-fixed,7.91,gas (CC) (cooling pond)
intermediate generation,gas,gas_int_CC,2021,OM-fixed,7.91,gas (CC) (dry cooling)
intermediate generation,gas,gas_int_CC_CCS,2021,OM-fixed,16.21,gas (CC CCS) (once through)
intermediate generation,gas,gas_int_CC_CCS,2021,OM-fixed,16.21,gas (CC CCS) (seawater)
intermediate generation,gas,gas_int_CC_CCS,2021,OM-fixed,16.21,gas (CC CCS) (recirculating)
intermediate generation,gas,gas_int_CC_CCS,2021,OM-fixed,16.21,gas (CC CCS) (dry cooling)
intermediate generation,refined liquids,refined liquids_int_steam/CT,2021,OM-fixed,6.11,refined liquids (steam/CT) (once through)
intermediate generation,refined liquids,refined liquids_int_steam/CT,2021,OM-fixed,6.11,refined liquids (steam/CT) (seawater)
intermediate generation,refined liquids,refined liquids_int_steam/CT,2021,OM-fixed,6.11,refined liquids (steam/CT) (recirculating)
intermediate generation,refined liquids,refined liquids_int_steam/CT,2021,OM-fixed,6.11,refined liquids (steam/CT) (cooling pond)
intermediate generation,refined liquids,refined liquids_int_steam/CT,2021,OM-fixed,6.11,refined liquids (steam/CT) (dry cooling)
intermediate generation,refined liquids,refined liquids_int_CC,2021,OM-fixed,7.91,refined liquids (CC) (once through)
intermediate generation,refined liquids,refined liquids_int_CC,2021,OM-fixed,7.91,refined liquids (CC) (seawater)
intermediate generation,refined liquids,refined liquids_int_CC,2021,OM-fixed,7.91,refined liquids (CC) (recirculating)
intermediate generation,refined liquids,refined liquids_int_CC,2021,OM-fixed,7.91,refined liquids (CC) (dry cooling)
intermediate generation,refined liquids,refined liquids_int_CC_CCS,2021,OM-fixed,16.21,refined liquids (CC CCS) (once through)
intermediate generation,refined liquids,refined liquids_int_CC_CCS,2021,OM-fixed,16.21,refined liquids (CC CCS) (seawater)
intermediate generation,refined liquids,refined liquids_int_CC_CCS,2021,OM-fixed,16.21,refined liquids (CC CCS) (recirculating)
intermediate generation,refined liquids,refined liquids_int_CC_CCS,2021,OM-fixed,16.21,refined liquids (CC CCS) (dry cooling)
intermediate generation,coal,coal_int_conv pul 1951-1955,2021,OM-fixed,19.75,coal (conv pul) (once through)
intermediate generation,coal,coal_int_conv pul 1951-1955,2021,OM-fixed,19.75,coal (conv pul) (seawater)
intermediate generation,coal,coal_int_conv pul 1951-1955,2021,OM-fixed,19.75,coal (conv pul) (recirculating)
intermediate generation,coal,coal_int_conv pul 1951-1955,2021,OM-fixed,19.75,coal (conv pul) (cooling pond)
intermediate generation,coal,coal_int_conv pul 1951-1955,2021,OM-fixed,19.75,coal (conv pul) (dry cooling)
intermediate generation,coal,coal_int_conv pul 1956-1960,2021,OM-fixed,19.75,coal (conv pul) (once through)
intermediate generation,coal,coal_int_conv pul 1956-1960,2021,OM-fixed,19.75,coal (conv pul) (seawater)
intermediate generation,coal,coal_int_conv pul 1956-1960,2021,OM-fixed,19.75,coal (conv pul) (recirculating)
intermediate generation,coal,coal_int_conv pul 1956-1960,2021,OM-fixed,19.75,coal (conv pul) (cooling pond)
intermediate generation,coal,coal_int_conv pul 1956-1960,2021,OM-fixed,19.75,coal (conv pul) (dry cooling)
intermediate generation,coal,coal_int_conv pul 1961-1965,2021,OM-fixed,19.75,coal (conv pul) (once through)
intermediate generation,coal,coal_int_conv pul 1961-1965,2021,OM-fixed,19.75,coal (conv pul) (seawater)
intermediate generation,coal,coal_int_conv pul 1961-1965,2021,OM-fixed,19.75,coal (conv pul) (recirculating)
intermediate generation,coal,coal_int_conv pul 1961-1965,2021,OM-fixed,19.75,coal (conv pul) (cooling pond)
intermediate generation,coal,coal_int_conv pul 1961-1965,2021,OM-fixed,19.75,coal (conv pul) (dry cooling)
intermediate generation,coal,coal_int_conv pul 1966-1970,2021,OM-fixed,19.75,coal (conv pul) (once through)
intermediate generation,coal,coal_int_conv pul 1966-1970,2021,OM-fixed,19.75,coal (conv pul) (seawater)
intermediate generation,coal,coal_int_conv pul 1966-1970,2021,OM-fixed,19.75,coal (conv pul) (recirculating)
intermediate generation,coal,coal_int_conv pul 1966-1970,2021,OM-fixed,19.75,coal (conv pul) (cooling pond)
intermediate generation,coal,coal_int_conv pul 1966-1970,2021,OM-fixed,19.75,coal (conv pul) (dry cooling)
intermediate generation,coal,coal_int_conv pul 1971-1975,2021,OM-fixed,19.75,coal (conv pul) (once through)
intermediate generation,coal,coal_int_conv pul 1971-1975,2021,OM-fixed,19.75,coal (conv pul) (seawater)
intermediate generation,coal,coal_int_conv pul 1971-1975,2021,OM-fixed,19.75,coal (conv pul) (recirculating)
intermediate generation,coal,coal_int_conv pul 1971-1975,2021,OM-fixed,19.75,coal (conv pul) (cooling pond)
intermediate generation,coal,coal_int_conv pul 1971-1975,2021,OM-fixed,19.75,coal (conv pul) (dry cooling)
intermediate generation,coal,coal_int_conv pul 1976-1980,2021,OM-fixed,19.75,coal (conv pul) (once through)
intermediate generation,coal,coal_int_conv pul 1976-1980,2021,OM-fixed,19.75,coal (conv pul) (seawater)
intermediate generation,coal,coal_int_conv pul 1976-1980,2021,OM-fixed,19.75,coal (conv pul) (recirculating)
intermediate generation,coal,coal_int_conv pul 1976-1980,2021,OM-fixed,19.75,coal (conv pul) (cooling pond)
intermediate generation,coal,coal_int_conv pul 1976-1980,2021,OM-fixed,19.75,coal (conv pul) (dry cooling)
intermediate generation,coal,coal_int_conv pul 1981-1985,2021,OM-fixed,19.75,coal (conv pul) (once through)
intermediate generation,coal,coal_int_conv pul 1981-1985,2021,OM-fixed,19.75,coal (conv pul) (seawater)
intermediate generation,coal,coal_int_conv pul 1981-1985,2021,OM-fixed,19.75,coal (conv pul) (recirculating)
intermediate generation,coal,coal_int_conv pul 1981-1985,2021,OM-fixed,19.75,coal (conv pul) (cooling pond)
intermediate generation,coal,coal_int_conv pul 1981-1985,2021,OM-fixed,19.75,coal (conv pul) (dry cooling)
intermediate generation,coal,coal_int_conv pul 1986-1990,2021,OM-fixed,19.75,coal (conv pul) (once through)
intermediate generation,coal,coal_int_conv pul 1986-1990,2021,OM-fixed,19.75,coal (conv pul) (seawater)
intermediate generation,coal,coal_int_conv pul 1986-1990,2021,OM-fixed,19.75,coal (conv pul) (recirculating)
intermediate generation,coal,coal_int_conv pul 1986-1990,2021,OM-fixed,19.75,coal (conv pul) (cooling pond)
intermediate generation,coal,coal_int_conv pul 1986-1990,2021,OM-fixed,19.75,coal (conv pul) (dry cooling)
intermediate generation,coal,coal_int_conv pul 1991-1995,2021,OM-fixed,19.75,coal (conv pul) (once through)
intermediate generation,coal,coal_int_conv pul 1991-1995,2021,OM-fixed,19.75,coal (conv pul) (seawater)
intermediate generation,coal,coal_int_conv pul 1991-1995,2021,OM-fixed,19.75,coal (conv pul) (recirculating)
intermediate generation,coal,coal_int_conv pul 1991-1995,2021,OM-fixed,19.75,coal (conv pul) (cooling pond)
intermediate generation,coal,coal_int_conv pul 1991-1995,2021,OM-fixed,19.75,coal (conv pul) (dry cooling)
intermediate generation,coal,coal_int_conv pul 1996-2000,2021,OM-fixed,19.75,coal (conv pul) (once through)
intermediate generation,coal,coal_int_conv pul 1996-2000,2021,OM-fixed,19.75,coal (conv pul) (seawater)
intermediate generation,coal,coal_int_conv pul 1996-2000,2021,OM-fixed,19.75,coal (conv pul) (recirculating)
intermediate generation,coal,coal_int_conv pul 1996-2000,2021,OM-fixed,19.75,coal (conv pul) (cooling pond)
intermediate generation,coal,coal_int_conv pul 1996-2000,2021,OM-fixed,19.75,coal (conv pul) (dry cooling)
intermediate generation,coal,coal_int_conv pul 2001-2005,2021,OM-fixed,19.75,coal (conv pul) (once through)
intermediate generation,coal,coal_int_conv pul 2001-2005,2021,OM-fixed,19.75,coal (conv pul) (seawater)
intermediate generation,coal,coal_int_conv pul 2001-2005,2021,OM-fixed,19.75,coal (conv pul) (recirculating)
intermediate generation,coal,coal_int_conv pul 2001-2005,2021,OM-fixed,19.75,coal (conv pul) (cooling pond)
intermediate generation,coal,coal_int_conv pul 2001-2005,2021,OM-fixed,19.75,coal (conv pul) (dry cooling)
intermediate generation,coal,coal_int_conv pul 2006-2010,2021,OM-fixed,19.75,coal (conv pul) (once through)
intermediate generation,coal,coal_int_conv pul 2006-2010,2021,OM-fixed,19.75,coal (conv pul) (seawater)
intermediate generation,coal,coal_int_conv pul 2006-2010,2021,OM-fixed,19.75,coal (conv pul) (recirculating)
intermediate generation,coal,coal_int_conv pul 2006-2010,2021,OM-fixed,19.75,coal (conv pul) (cooling pond)
intermediate generation,coal,coal_int_conv pul 2006-2010,2021,OM-fixed,19.75,coal (conv pul) (dry cooling)
intermediate generation,coal,coal_int_conv pul 2011-2015,2021,OM-fixed,19.75,coal (conv pul) (once through)
intermediate generation,coal,coal_int_conv pul 2011-2015,2021,OM-fixed,19.75,coal (conv pul) (seawater)
intermediate generation,coal,coal_int_conv pul 2011-2015,2021,OM-fixed,19.75,coal (conv pul) (recirculating)
intermediate generation,coal,coal_int_conv pul 2011-2015,2021,OM-fixed,19.75,coal (conv pul) (cooling pond)
intermediate generation,coal,coal_int_conv pul 2011-2015,2021,OM-fixed,19.75,coal (conv pul) (dry cooling)
intermediate generation,coal,coal_int_conv pul 2016-2021,2021,OM-fixed,19.75,coal (conv pul) (once through)
intermediate generation,coal,coal_int_conv pul 2016-2021,2021,OM-fixed,19.75,coal (conv pul) (seawater)
intermediate generation,coal,coal_int_conv pul 2016-2021,2021,OM-fixed,19.75,coal (conv pul) (recirculating)
intermediate generation,coal,coal_int_conv pul 2016-2021,2021,OM-fixed,19.75,coal (conv pul) (cooling pond)
intermediate generation,coal,coal_int_conv pul 2016-2021,2021,OM-fixed,19.75,coal (conv pul) (dry cooling)
intermediate generation,coal,coal_int_conv pul before 1950,2021,OM-fixed,19.75,coal (conv pul) (once through)
intermediate generation,coal,coal_int_conv pul before 1950,2021,OM-fixed,19.75,coal (conv pul) (seawater)
intermediate generation,coal,coal_int_conv pul before 1950,2021,OM-fixed,19.75,coal (conv pul) (recirculating)
intermediate generation,coal,coal_int_conv pul before 1950,2021,OM-fixed,19.75,coal (conv pul) (cooling pond)
intermediate generation,coal,coal_int_conv pul before 1950,2021,OM-fixed,19.75,coal (conv pul) (dry cooling)
intermediate generation,coal,coal_int_conv pul_retire_2023,2021,OM-fixed,19.75,coal (conv pul) (once through)
intermediate generation,coal,coal_int_conv pul_retire_2023,2021,OM-fixed,19.75,coal (conv pul) (seawater)
intermediate generation,coal,coal_int_conv pul_retire_2023,2021,OM-fixed,19.75,coal (conv pul) (recirculating)
intermediate generation,coal,coal_int_conv pul_retire_2023,2021,OM-fixed,19.75,coal (conv pul) (cooling pond)
intermediate generation,coal,coal_int_conv pul_retire_2023,2021,OM-fixed,19.75,coal (conv pul) (dry cooling)
intermediate generation,biomass,biomass_int_conv,2025,OM-fixed,38.57,biomass (conv) (once through)
intermediate generation,biomass,biomass_int_conv,2025,OM-fixed,38.57,biomass (conv) (seawater)
intermediate generation,biomass,biomass_int_conv,2025,OM-fixed,38.57,biomass (conv) (recirculating)
intermediate generation,biomass,biomass_int_conv,2025,OM-fixed,38.57,biomass (conv) (cooling pond)
intermediate generation,biomass,biomass_int_conv,2025,OM-fixed,38.57,biomass (conv) (dry cooling)
intermediate generation,biomass,biomass_int_conv_CCS,2025,OM-fixed,42.97,biomass (conv CCS) (once through)
intermediate generation,biomass,biomass_int_conv_CCS,2025,OM-fixed,42.97,biomass (conv CCS) (seawater)
intermediate generation,biomass,biomass_int_conv_CCS,2025,OM-fixed,42.97,biomass (conv CCS) (recirculating)
intermediate generation,biomass,biomass_int_conv_CCS,2025,OM-fixed,42.97,biomass (conv CCS) (dry cooling)
intermediate generation,biomass,biomass_int_IGCC,2025,OM-fixed,57.51,biomass (IGCC) (once through)
intermediate generation,biomass,biomass_int_IGCC,2025,OM-fixed,57.51,biomass (IGCC) (seawater)
intermediate generation,biomass,biomass_int_IGCC,2025,OM-fixed,57.51,biomass (IGCC) (recirculating)
intermediate generation,biomass,biomass_int_IGCC,2025,OM-fixed,57.51,biomass (IGCC) (dry cooling)
intermediate generation,biomass,biomass_int_IGCC_CCS,2025,OM-fixed,66.91,biomass (IGCC CCS) (once through)
intermediate generation,biomass,biomass_int_IGCC_CCS,2025,OM-fixed,66.91,biomass (IGCC CCS) (seawater)
intermediate generation,biomass,biomass_int_IGCC_CCS,2025,OM-fixed,66.91,biomass (IGCC CCS) (recirculating)
intermediate generation,biomass,biomass_int_IGCC_CCS,2025,OM-fixed,66.91,biomass (IGCC CCS) (dry cooling)
intermediate generation,coal,coal_int_conv pul,2025,OM-fixed,20.1,coal (conv pul) (once through)
intermediate generation,coal,coal_int_conv pul,2025,OM-fixed,20.1,coal (conv pul) (seawater)
intermediate generation,coal,coal_int_conv pul,2025,OM-fixed,20.1,coal (conv pul) (recirculating)
intermediate generation,coal,coal_int_conv pul,2025,OM-fixed,20.1,coal (conv pul) (cooling pond)
intermediate generation,coal,coal_int_conv pul,2025,OM-fixed,20.1,coal (conv pul) (dry cooling)
intermediate generation,coal,coal_int_conv pul_CCS,2025,OM-fixed,31.32,coal (conv pul CCS) (once through)
intermediate generation,coal,coal_int_conv pul_CCS,2025,OM-fixed,31.32,coal (conv pul CCS) (seawater)
intermediate generation,coal,coal_int_conv pul_CCS,2025,OM-fixed,31.32,coal (conv pul CCS) (recirculating)
intermediate generation,coal,coal_int_conv pul_CCS,2025,OM-fixed,31.32,coal (conv pul CCS) (dry cooling)
intermediate generation,coal,coal_int_IGCC,2025,OM-fixed,39.05,coal (IGCC) (once through)
intermediate generation,coal,coal_int_IGCC,2025,OM-fixed,39.05,coal (IGCC) (seawater)
intermediate generation,coal,coal_int_IGCC,2025,OM-fixed,39.05,coal (IGCC) (recirculating)
intermediate generation,coal,coal_int_IGCC,2025,OM-fixed,39.05,coal (IGCC) (dry cooling)
intermediate generation,coal,coal_int_IGCC_CCS,2025,OM-fixed,55.26,coal (IGCC CCS) (once through)
intermediate generation,coal,coal_int_IGCC_CCS,2025,OM-fixed,55.26,coal (IGCC CCS) (seawater)
intermediate generation,coal,coal_int_IGCC_CCS,2025,OM-fixed,55.26,coal (IGCC CCS) (recirculating)
intermediate generation,coal,coal_int_IGCC_CCS,2025,OM-fixed,55.26,coal (IGCC CCS) (dry cooling)
intermediate generation,gas,gas_int_CC,2025,OM-fixed,7.89,gas (CC) (once through)
intermediate generation,gas,gas_int_CC,2025,OM-fixed,7.89,gas (CC) (seawater)
intermediate generation,gas,gas_int_CC,2025,OM-fixed,7.89,gas (CC) (recirculating)
intermediate generation,gas,gas_int_CC,2025,OM-fixed,7.89,gas (CC) (cooling pond)
intermediate generation,gas,gas_int_CC,2025,OM-fixed,7.89,gas (CC) (dry cooling)
intermediate generation,gas,gas_int_CC_CCS,2025,OM-fixed,15.69,gas (CC CCS) (once through)
intermediate generation,gas,gas_int_CC_CCS,2025,OM-fixed,15.69,gas (CC CCS) (seawater)
intermediate generation,gas,gas_int_CC_CCS,2025,OM-fixed,15.69,gas (CC CCS) (recirculating)
intermediate generation,gas,gas_int_CC_CCS,2025,OM-fixed,15.69,gas (CC CCS) (dry cooling)
intermediate generation,refined liquids,refined liquids_int_steam/CT,2025,OM-fixed,6.06,refined liquids (steam/CT) (once through)
intermediate generation,refined liquids,refined liquids_int_steam/CT,2025,OM-fixed,6.06,refined liquids (steam/CT) (seawater)
intermediate generation,refined liquids,refined liquids_int_steam/CT,2025,OM-fixed,6.06,refined liquids (steam/CT) (recirculating)
intermediate generation,refined liquids,refined liquids_int_steam/CT,2025,OM-fixed,6.06,refined liquids (steam/CT) (cooling pond)
intermediate generation,refined liquids,refined liquids_int_steam/CT,2025,OM-fixed,6.06,refined liquids (steam/CT) (dry cooling)
intermediate generation,refined liquids,refined liquids_int_CC,2025,OM-fixed,7.89,refined liquids (CC) (once through)
intermediate generation,refined liquids,refined liquids_int_CC,2025,OM-fixed,7.89,refined liquids (CC) (seawater)
intermediate generation,refined liquids,refined liquids_int_CC,2025,OM-fixed,7.89,refined liquids (CC) (recirculating)
intermediate generation,refined liquids,refined liquids_int_CC,2025,OM-fixed,7.89,refined liquids (CC) (dry cooling)
intermediate generation,refined liquids,refined liquids_int_CC_CCS,2025,OM-fixed,15.69,refined liquids (CC CCS) (once through)
intermediate generation,refined liquids,refined liquids_int_CC_CCS,2025,OM-fixed,15.69,refined liquids (CC CCS) (seawater)
intermediate generation,refined liquids,refined liquids_int_CC_CCS,2025,OM-fixed,15.69,refined liquids (CC CCS) (recirculating)
intermediate generation,refined liquids,refined liquids_int_CC_CCS,2025,OM-fixed,15.69,refined liquids (CC CCS) (dry cooling)
intermediate generation,coal,coal_int_conv pul 1951-1955,2025,OM-fixed,20.1,coal (conv pul) (once through)
intermediate generation,coal,coal_int_conv pul 1951-1955,2025,OM-fixed,20.1,coal (conv pul) (seawater)
intermediate generation,coal,coal_int_conv pul 1951-1955,2025,OM-fixed,20.1,coal (conv pul) (recirculating)
intermediate generation,coal,coal_int_conv pul 1951-1955,2025,OM-fixed,20.1,coal (conv pul) (cooling pond)
intermediate generation,coal,coal_int_conv pul 1951-1955,2025,OM-fixed,20.1,coal (conv pul) (dry cooling)
intermediate generation,coal,coal_int_conv pul 1956-1960,2025,OM-fixed,20.1,coal (conv pul) (once through)
intermediate generation,coal,coal_int_conv pul 1956-1960,2025,OM-fixed,20.1,coal (conv pul) (seawater)
intermediate generation,coal,coal_int_conv pul 1956-1960,2025,OM-fixed,20.1,coal (conv pul) (recirculating)
intermediate generation,coal,coal_int_conv pul 1956-1960,2025,OM-fixed,20.1,coal (conv pul) (cooling pond)
intermediate generation,coal,coal_int_conv pul 1956-1960,2025,OM-fixed,20.1,coal (conv pul) (dry cooling)
intermediate generation,coal,coal_int_conv pul 1961-1965,2025,OM-fixed,20.1,coal (conv pul) (once through)
intermediate generation,coal,coal_int_conv pul 1961-1965,2025,OM-fixed,20.1,coal (conv pul) (seawater)
intermediate generation,coal,coal_int_conv pul 1961-1965,2025,OM-fixed,20.1,coal (conv pul) (recirculating)
intermediate generation,coal,coal_int_conv pul 1961-1965,2025,OM-fixed,20.1,coal (conv pul) (cooling pond)
intermediate generation,coal,coal_int_conv pul 1961-1965,2025,OM-fixed,20.1,coal (conv pul) (dry cooling)
intermediate generation,coal,coal_int_conv pul 1966-1970,2025,OM-fixed,20.1,coal (conv pul) (once through)
intermediate generation,coal,coal_int_conv pul 1966-1970,2025,OM-fixed,20.1,coal (conv pul) (seawater)
intermediate generation,coal,coal_int_conv pul 1966-1970,2025,OM-fixed,20.1,coal (conv pul) (recirculating)
intermediate generation,coal,coal_int_conv pul 1966-1970,2025,OM-fixed,20.1,coal (conv pul) (cooling pond)
intermediate generation,coal,coal_int_conv pul 1966-1970,2025,OM-fixed,20.1,coal (conv pul) (dry cooling)
intermediate generation,coal,coal_int_conv pul 1971-1975,2025,OM-fixed,20.1,coal (conv pul) (once through)
intermediate generation,coal,coal_int_conv pul 1971-1975,2025,OM-fixed,20.1,coal (conv pul) (seawater)
intermediate generation,coal,coal_int_conv pul 1971-1975,2025,OM-fixed,20.1,coal (conv pul) (recirculating)
intermediate generation,coal,coal_int_conv pul 1971-1975,2025,OM-fixed,20.1,coal (conv pul) (cooling pond)
intermediate generation,coal,coal_int_conv pul 1971-1975,2025,OM-fixed,20.1,coal (conv pul) (dry cooling)
intermediate generation,coal,coal_int_conv pul 1976-1980,2025,OM-fixed,20.1,coal (conv pul) (once through)
intermediate generation,coal,coal_int_conv pul 1976-1980,2025,OM-fixed,20.1,coal (conv pul) (seawater)
intermediate generation,coal,coal_int_conv pul 1976-1980,2025,OM-fixed,20.1,coal (conv pul) (recirculating)
intermediate generation,coal,coal_int_conv pul 1976-1980,2025,OM-fixed,20.1,coal (conv pul) (cooling pond)
intermediate generation,coal,coal_int_conv pul 1976-1980,2025,OM-fixed,20.1,coal (conv pul) (dry cooling)
intermediate generation,coal,coal_int_conv pul 1981-1985,2025,OM-fixed,20.1,coal (conv pul) (once through)
intermediate generation,coal,coal_int_conv pul 1981-1985,2025,OM-fixed,20.1,coal (conv pul) (seawater)
intermediate generation,coal,coal_int_conv pul 1981-1985,2025,OM-fixed,20.1,coal (conv pul) (recirculating)
intermediate generation,coal,coal_int_conv pul 1981-1985,2025,OM-fixed,20.1,coal (conv pul) (cooling pond)
intermediate generation,coal,coal_int_conv pul 1981-1985,2025,OM-fixed,20.1,coal (conv pul) (dry cooling)
intermediate generation,coal,coal_int_conv pul 1986-1990,2025,OM-fixed,20.1,coal (conv pul) (once through)
intermediate generation,coal,coal_int_conv pul 1986-1990,2025,OM-fixed,20.1,coal (conv pul) (seawater)
intermediate generation,coal,coal_int_conv pul 1986-1990,2025,OM-fixed,20.1,coal (conv pul) (recirculating)
intermediate generation,coal,coal_int_conv pul 1986-1990,2025,OM-fixed,20.1,coal (conv pul) (cooling pond)
intermediate generation,coal,coal_int_conv pul 1986-1990,2025,OM-fixed,20.1,coal (conv pul) (dry cooling)
intermediate generation,coal,coal_int_conv pul 1991-1995,2025,OM-fixed,20.1,coal (conv pul) (once through)
intermediate generation,coal,coal_int_conv pul 1991-1995,2025,OM-fixed,20.1,coal (conv pul) (seawater)
intermediate generation,coal,coal_int_conv pul 1991-1995,2025,OM-fixed,20.1,coal (conv pul) (recirculating)
intermediate generation,coal,coal_int_conv pul 1991-1995,2025,OM-fixed,20.1,coal (conv pul) (cooling pond)
intermediate generation,coal,coal_int_conv pul 1991-1995,2025,OM-fixed,20.1,coal (conv pul) (dry cooling)
intermediate generation,coal,coal_int_conv pul 1996-2000,2025,OM-fixed,20.1,coal (conv pul) (once through)
intermediate generation,coal,coal_int_conv pul 1996-2000,2025,OM-fixed,20.1,coal (conv pul) (seawater)
intermediate generation,coal,coal_int_conv pul 1996-2000,2025,OM-fixed,20.1,coal (conv pul) (recirculating)
intermediate generation,coal,coal_int_conv pul 1996-2000,2025,OM-fixed,20.1,coal (conv pul) (cooling pond)
intermediate generation,coal,coal_int_conv pul 1996-2000,2025,OM-fixed,20.1,coal (conv pul) (dry cooling)
intermediate generation,coal,coal_int_conv pul 2001-2005,2025,OM-fixed,20.1,coal (conv pul) (once through)
intermediate generation,coal,coal_int_conv pul 2001-2005,2025,OM-fixed,20.1,coal (conv pul) (seawater)
intermediate generation,coal,coal_int_conv pul 2001-2005,2025,OM-fixed,20.1,coal (conv pul) (recirculating)
intermediate generation,coal,coal_int_conv pul 2001-2005,2025,OM-fixed,20.1,coal (conv pul) (cooling pond)
intermediate generation,coal,coal_int_conv pul 2001-2005,2025,OM-fixed,20.1,coal (conv pul) (dry cooling)
intermediate generation,coal,coal_int_conv pul 2006-2010,2025,OM-fixed,20.1,coal (conv pul) (once through)
intermediate generation,coal,coal_int_conv pul 2006-2010,2025,OM-fixed,20.1,coal (conv pul) (seawater)
intermediate generation,coal,coal_int_conv pul 2006-2010,2025,OM-fixed,20.1,coal (conv pul) (recirculating)
intermediate generation,coal,coal_int_conv pul 2006-2010,2025,OM-fixed,20.1,coal (conv pul) (cooling pond)
intermediate generation,coal,coal_int_conv pul 2006-2010,2025,OM-fixed,20.1,coal (conv pul) (dry cooling)
intermediate generation,coal,coal_int_conv pul 2011-2015,2025,OM-fixed,20.1,coal (conv pul) (once through)
intermediate generation,coal,coal_int_conv pul 2011-2015,2025,OM-fixed,20.1,coal (conv pul) (seawater)
intermediate generation,coal,coal_int_conv pul 2011-2015,2025,OM-fixed,20.1,coal (conv pul) (recirculating)
intermediate generation,coal,coal_int_conv pul 2011-2015,2025,OM-fixed,20.1,coal (conv pul) (cooling pond)
intermediate generation,coal,coal_int_conv pul 2011-2015,2025,OM-fixed,20.1,coal (conv pul) (dry cooling)
intermediate generation,coal,coal_int_conv pul 2016-2021,2025,OM-fixed,20.1,coal (conv pul) (once through)
intermediate generation,coal,coal_int_conv pul 2016-2021,2025,OM-fixed,20.1,coal (conv pul) (seawater)
intermediate generation,coal,coal_int_conv pul 2016-2021,2025,OM-fixed,20.1,coal (conv pul) (recirculating)
intermediate generation,coal,coal_int_conv pul 2016-2021,2025,OM-fixed,20.1,coal (conv pul) (cooling pond)
intermediate generation,coal,coal_int_conv pul 2016-2021,2025,OM-fixed,20.1,coal (conv pul) (dry cooling)
intermediate generation,coal,coal_int_conv pul before 1950,2025,OM-fixed,20.1,coal (conv pul) (once through)
intermediate generation,coal,coal_int_conv pul before 1950,2025,OM-fixed,20.1,coal (conv pul) (seawater)
intermediate generation,coal,coal_int_conv pul before 1950,2025,OM-fixed,20.1,coal (conv pul) (recirculating)
intermediate generation,coal,coal_int_conv pul before 1950,2025,OM-fixed,20.1,coal (conv pul) (cooling pond)
intermediate generation,coal,coal_int_conv pul before 1950,2025,OM-fixed,20.1,coal (conv pul) (dry cooling)
intermediate generation,coal,coal_int_conv pul_retire_2023,2025,OM-fixed,20.1,coal (conv pul) (once through)
intermediate generation,coal,coal_int_conv pul_retire_2023,2025,OM-fixed,20.1,coal (conv pul) (seawater)
intermediate generation,coal,coal_int_conv pul_retire_2023,2025,OM-fixed,20.1,coal (conv pul) (recirculating)
intermediate generation,coal,coal_int_conv pul_retire_2023,2025,OM-fixed,20.1,coal (conv pul) (cooling pond)
intermediate generation,coal,coal_int_conv pul_retire_2023,2025,OM-fixed,20.1,coal (conv pul) (dry cooling)
intermediate generation,biomass,biomass_int_conv,2030,OM-fixed,38.57,biomass (conv) (once through)
intermediate generation,biomass,biomass_int_conv,2030,OM-fixed,38.57,biomass (conv) (seawater)
intermediate generation,biomass,biomass_int_conv,2030,OM-fixed,38.57,biomass (conv) (recirculating)
intermediate generation,biomass,biomass_int_conv,2030,OM-fixed,38.57,biomass (conv) (cooling pond)
intermediate generation,biomass,biomass_int_conv,2030,OM-fixed,38.57,biomass (conv) (dry cooling)
intermediate generation,biomass,biomass_int_conv_CCS,2030,OM-fixed,40.86,biomass (conv CCS) (once through)
intermediate generation,biomass,biomass_int_conv_CCS,2030,OM-fixed,40.86,biomass (conv CCS) (seawater)
intermediate generation,biomass,biomass_int_conv_CCS,2030,OM-fixed,40.86,biomass (conv CCS) (recirculating)
intermediate generation,biomass,biomass_int_conv_CCS,2030,OM-fixed,40.86,biomass (conv CCS) (dry cooling)
intermediate generation,biomass,biomass_int_IGCC,2030,OM-fixed,57.3,biomass (IGCC) (once through)
intermediate generation,biomass,biomass_int_IGCC,2030,OM-fixed,57.3,biomass (IGCC) (seawater)
intermediate generation,biomass,biomass_int_IGCC,2030,OM-fixed,57.3,biomass (IGCC) (recirculating)
intermediate generation,biomass,biomass_int_IGCC,2030,OM-fixed,57.3,biomass (IGCC) (dry cooling)
intermediate generation,biomass,biomass_int_IGCC_CCS,2030,OM-fixed,65.49,biomass (IGCC CCS) (once through)
intermediate generation,biomass,biomass_int_IGCC_CCS,2030,OM-fixed,65.49,biomass (IGCC CCS) (seawater)
intermediate generation,biomass,biomass_int_IGCC_CCS,2030,OM-fixed,65.49,biomass (IGCC CCS) (recirculating)
intermediate generation,biomass,biomass_int_IGCC_CCS,2030,OM-fixed,65.49,biomass (IGCC CCS) (dry cooling)
intermediate generation,coal,coal_int_conv pul,2030,OM-fixed,19.63,coal (conv pul) (once through)
intermediate generation,coal,coal_int_conv pul,2030,OM-fixed,19.63,coal (conv pul) (seawater)
intermediate generation,coal,coal_int_conv pul,2030,OM-fixed,19.63,coal (conv pul) (recirculating)
intermediate generation,coal,coal_int_conv pul,2030,OM-fixed,19.63,coal (conv pul) (cooling pond)
intermediate generation,coal,coal_int_conv pul,2030,OM-fixed,19.63,coal (conv pul) (dry cooling)
intermediate generation,coal,coal_int_conv pul_CCS,2030,OM-fixed,29.62,coal (conv pul CCS) (once through)
intermediate generation,coal,coal_int_conv pul_CCS,2030,OM-fixed,29.62,coal (conv pul CCS) (seawater)
intermediate generation,coal,coal_int_conv pul_CCS,2030,OM-fixed,29.62,coal (conv pul CCS) (recirculating)
intermediate generation,coal,coal_int_conv pul_CCS,2030,OM-fixed,29.62,coal (conv pul CCS) (dry cooling)
intermediate generation,coal,coal_int_IGCC,2030,OM-fixed,38.36,coal (IGCC) (once through)
intermediate generation,coal,coal_int_IGCC,2030,OM-fixed,38.36,coal (IGCC) (seawater)
intermediate generation,coal,coal_int_IGCC,2030,OM-fixed,38.36,coal (IGCC) (recirculating)
intermediate generation,coal,coal_int_IGCC,2030,OM-fixed,38.36,coal (IGCC) (dry cooling)
intermediate generation,coal,coal_int_IGCC_CCS,2030,OM-fixed,54.25,coal (IGCC CCS) (once through)
intermediate generation,coal,coal_int_IGCC_CCS,2030,OM-fixed,54.25,coal (IGCC CCS) (seawater)
intermediate generation,coal,coal_int_IGCC_CCS,2030,OM-fixed,54.25,coal (IGCC CCS) (recirculating)
intermediate generation,coal,coal_int_IGCC_CCS,2030,OM-fixed,54.25,coal (IGCC CCS) (dry cooling)
intermediate generation,gas,gas_int_CC,2030,OM-fixed,7.49,gas (CC) (once through)
intermediate generation,gas,gas_int_CC,2030,OM-fixed,7.49,gas (CC) (seawater)
intermediate generation,gas,gas_int_CC,2030,OM-fixed,7.49,gas (CC) (recirculating)
intermediate generation,gas,gas_int_CC,2030,OM-fixed,7.49,gas (CC) (cooling pond)
intermediate generation,gas,gas_int_CC,2030,OM-fixed,7.49,gas (CC) (dry cooling)
intermediate generation,gas,gas_int_CC_CCS,2030,OM-fixed,14.07,gas (CC CCS) (once through)
intermediate generation,gas,gas_int_CC_CCS,2030,OM-fixed,14.07,gas (CC CCS) (seawater)
intermediate generation,gas,gas_int_CC_CCS,2030,OM-fixed,14.07,gas (CC CCS) (recirculating)
intermediate generation,gas,gas_int_CC_CCS,2030,OM-fixed,14.07,gas (CC CCS) (dry cooling)
intermediate generation,refined liquids,refined liquids_int_steam/CT,2030,OM-fixed,5.89,refined liquids (steam/CT) (once through)
intermediate generation,refined liquids,refined liquids_int_steam/CT,2030,OM-fixed,5.89,refined liquids (steam/CT) (seawater)
intermediate generation,refined liquids,refined liquids_int_steam/CT,2030,OM-fixed,5.89,refined liquids (steam/CT) (recirculating)
intermediate generation,refined liquids,refined liquids_int_steam/CT,2030,OM-fixed,5.89,refined liquids (steam/CT) (cooling pond)
intermediate generation,refined liquids,refined liquids_int_steam/CT,2030,OM-fixed,5.89,refined liquids (steam/CT) (dry cooling)
intermediate generation,refined liquids,refined liquids_int_CC,2030,OM-fixed,7.49,refined liquids (CC) (once through)
intermediate generation,refined liquids,refined liquids_int_CC,2030,OM-fixed,7.49,refined liquids (CC) (seawater)
intermediate generation,refined liquids,refined liquids_int_CC,2030,OM-fixed,7.49,refined liquids (CC) (recirculating)
intermediate generation,refined liquids,refined liquids_int_CC,2030,OM-fixed,7.49,refined liquids (CC) (dry cooling)
intermediate generation,refined liquids,refined liquids_int_CC_CCS,2030,OM-fixed,14.07,refined liquids (CC CCS) (once through)
intermediate generation,refined liquids,refined liquids_int_CC_CCS,2030,OM-fixed,14.07,refined liquids (CC CCS) (seawater)
intermediate generation,refined liquids,refined liquids_int_CC_CCS,2030,OM-fixed,14.07,refined liquids (CC CCS) (recirculating)
intermediate generation,refined liquids,refined liquids_int_CC_CCS,2030,OM-fixed,14.07,refined liquids (CC CCS) (dry cooling)
intermediate generation,coal,coal_int_conv pul 1951-1955,2030,OM-fixed,19.63,coal (conv pul) (once through)
intermediate generation,coal,coal_int_conv pul 1951-1955,2030,OM-fixed,19.63,coal (conv pul) (seawater)
intermediate generation,coal,coal_int_conv pul 1951-1955,2030,OM-fixed,19.63,coal (conv pul) (recirculating)
intermediate generation,coal,coal_int_conv pul 1951-1955,2030,OM-fixed,19.63,coal (conv pul) (cooling pond)
intermediate generation,coal,coal_int_conv pul 1951-1955,2030,OM-fixed,19.63,coal (conv pul) (dry cooling)
intermediate generation,coal,coal_int_conv pul 1956-1960,2030,OM-fixed,19.63,coal (conv pul) (once through)
intermediate generation,coal,coal_int_conv pul 1956-1960,2030,OM-fixed,19.63,coal (conv pul) (seawater)
intermediate generation,coal,coal_int_conv pul 1956-1960,2030,OM-fixed,19.63,coal (conv pul) (recirculating)
intermediate generation,coal,coal_int_conv pul 1956-1960,2030,OM-fixed,19.63,coal (conv pul) (cooling pond)
intermediate generation,coal,coal_int_conv pul 1956-1960,2030,OM-fixed,19.63,coal (conv pul) (dry cooling)
intermediate generation,coal,coal_int_conv pul 1961-1965,2030,OM-fixed,19.63,coal (conv pul) (once through)
intermediate generation,coal,coal_int_conv pul 1961-1965,2030,OM-fixed,19.63,coal (conv pul) (seawater)
intermediate generation,coal,coal_int_conv pul 1961-1965,2030,OM-fixed,19.63,coal (conv pul) (recirculating)
intermediate generation,coal,coal_int_conv pul 1961-1965,2030,OM-fixed,19.63,coal (conv pul) (cooling pond)
intermediate generation,coal,coal_int_conv pul 1961-1965,2030,OM-fixed,19.63,coal (conv pul) (dry cooling)
intermediate generation,coal,coal_int_conv pul 1966-1970,2030,OM-fixed,19.63,coal (conv pul) (once through)
intermediate generation,coal,coal_int_conv pul 1966-1970,2030,OM-fixed,19.63,coal (conv pul) (seawater)
intermediate generation,coal,coal_int_conv pul 1966-1970,2030,OM-fixed,19.63,coal (conv pul) (recirculating)
intermediate generation,coal,coal_int_conv pul 1966-1970,2030,OM-fixed,19.63,coal (conv pul) (cooling pond)
intermediate generation,coal,coal_int_conv pul 1966-1970,2030,OM-fixed,19.63,coal (conv pul) (dry cooling)
intermediate generation,coal,coal_int_conv pul 1971-1975,2030,OM-fixed,19.63,coal (conv pul) (once through)
intermediate generation,coal,coal_int_conv pul 1971-1975,2030,OM-fixed,19.63,coal (conv pul) (seawater)
intermediate generation,coal,coal_int_conv pul 1971-1975,2030,OM-fixed,19.63,coal (conv pul) (recirculating)
intermediate generation,coal,coal_int_conv pul 1971-1975,2030,OM-fixed,19.63,coal (conv pul) (cooling pond)
intermediate generation,coal,coal_int_conv pul 1971-1975,2030,OM-fixed,19.63,coal (conv pul) (dry cooling)
intermediate generation,coal,coal_int_conv pul 1976-1980,2030,OM-fixed,19.63,coal (conv pul) (once through)
intermediate generation,coal,coal_int_conv pul 1976-1980,2030,OM-fixed,19.63,coal (conv pul) (seawater)
intermediate generation,coal,coal_int_conv pul 1976-1980,2030,OM-fixed,19.63,coal (conv pul) (recirculating)
intermediate generation,coal,coal_int_conv pul 1976-1980,2030,OM-fixed,19.63,coal (conv pul) (cooling pond)
intermediate generation,coal,coal_int_conv pul 1976-1980,2030,OM-fixed,19.63,coal (conv pul) (dry cooling)
intermediate generation,coal,coal_int_conv pul 1981-1985,2030,OM-fixed,19.63,coal (conv pul) (once through)
intermediate generation,coal,coal_int_conv pul 1981-1985,2030,OM-fixed,19.63,coal (conv pul) (seawater)
intermediate generation,coal,coal_int_conv pul 1981-1985,2030,OM-fixed,19.63,coal (conv pul) (recirculating)
intermediate generation,coal,coal_int_conv pul 1981-1985,2030,OM-fixed,19.63,coal (conv pul) (cooling pond)
intermediate generation,coal,coal_int_conv pul 1981-1985,2030,OM-fixed,19.63,coal (conv pul) (dry cooling)
intermediate generation,coal,coal_int_conv pul 1986-1990,2030,OM-fixed,19.63,coal (conv pul) (once through)
intermediate generation,coal,coal_int_conv pul 1986-1990,2030,OM-fixed,19.63,coal (conv pul) (seawater)
intermediate generation,coal,coal_int_conv pul 1986-1990,2030,OM-fixed,19.63,coal (conv pul) (recirculating)
intermediate generation,coal,coal_int_conv pul 1986-1990,2030,OM-fixed,19.63,coal (conv pul) (cooling pond)
intermediate generation,coal,coal_int_conv pul 1986-1990,2030,OM-fixed,19.63,coal (conv pul) (dry cooling)
intermediate generation,coal,coal_int_conv pul 1991-1995,2030,OM-fixed,19.63,coal (conv pul) (once through)
intermediate generation,coal,coal_int_conv pul 1991-1995,2030,OM-fixed,19.63,coal (conv pul) (seawater)
intermediate generation,coal,coal_int_conv pul 1991-1995,2030,OM-fixed,19.63,coal (conv pul) (recirculating)
intermediate generation,coal,coal_int_conv pul 1991-1995,2030,OM-fixed,19.63,coal (conv pul) (cooling pond)
intermediate generation,coal,coal_int_conv pul 1991-1995,2030,OM-fixed,19.63,coal (conv pul) (dry cooling)
intermediate generation,coal,coal_int_conv pul 1996-2000,2030,OM-fixed,19.63,coal (conv pul) (once through)
intermediate generation,coal,coal_int_conv pul 1996-2000,2030,OM-fixed,19.63,coal (conv pul) (seawater)
intermediate generation,coal,coal_int_conv pul 1996-2000,2030,OM-fixed,19.63,coal (conv pul) (recirculating)
intermediate generation,coal,coal_int_conv pul 1996-2000,2030,OM-fixed,19.63,coal (conv pul) (cooling pond)
intermediate generation,coal,coal_int_conv pul 1996-2000,2030,OM-fixed,19.63,coal (conv pul) (dry cooling)
intermediate generation,coal,coal_int_conv pul 2001-2005,2030,OM-fixed,19.63,coal (conv pul) (once through)
intermediate generation,coal,coal_int_conv pul 2001-2005,2030,OM-fixed,19.63,coal (conv pul) (seawater)
intermediate generation,coal,coal_int_conv pul 2001-2005,2030,OM-fixed,19.63,coal (conv pul) (recirculating)
intermediate generation,coal,coal_int_conv pul 2001-2005,2030,OM-fixed,19.63,coal (conv pul) (cooling pond)
intermediate generation,coal,coal_int_conv pul 2001-2005,2030,OM-fixed,19.63,coal (conv pul) (dry cooling)
intermediate generation,coal,coal_int_conv pul 2006-2010,2030,OM-fixed,19.63,coal (conv pul) (once through)
intermediate generation,coal,coal_int_conv pul 2006-2010,2030,OM-fixed,19.63,coal (conv pul) (seawater)
intermediate generation,coal,coal_int_conv pul 2006-2010,2030,OM-fixed,19.63,coal (conv pul) (recirculating)
intermediate generation,coal,coal_int_conv pul 2006-2010,2030,OM-fixed,19.63,coal (conv pul) (cooling pond)
intermediate generation,coal,coal_int_conv pul 2006-2010,2030,OM-fixed,19.63,coal (conv pul) (dry cooling)
intermediate generation,coal,coal_int_conv pul 2011-2015,2030,OM-fixed,19.63,coal (conv pul) (once through)
intermediate generation,coal,coal_int_conv pul 2011-2015,2030,OM-fixed,19.63,coal (conv pul) (seawater)
intermediate generation,coal,coal_int_conv pul 2011-2015,2030,OM-fixed,19.63,coal (conv pul) (recirculating)
intermediate generation,coal,coal_int_conv pul 2011-2015,2030,OM-fixed,19.63,coal (conv pul) (cooling pond)
intermediate generation,coal,coal_int_conv pul 2011-2015,2030,OM-fixed,19.63,coal (conv pul) (dry cooling)
intermediate generation,coal,coal_int_conv pul 2016-2021,2030,OM-fixed,19.63,coal (conv pul) (once through)
intermediate generation,coal,coal_int_conv pul 2016-2021,2030,OM-fixed,19.63,coal (conv pul) (seawater)
intermediate generation,coal,coal_int_conv pul 2016-2021,2030,OM-fixed,19.63,coal (conv pul) (recirculating)
intermediate generation,coal,coal_int_conv pul 2016-2021,2030,OM-fixed,19.63,coal (conv pul) (cooling pond)
intermediate generation,coal,coal_int_conv pul 2016-2021,2030,OM-fixed,19.63,coal (conv pul) (dry cooling)
intermediate generation,coal,coal_int_conv pul before 1950,2030,OM-fixed,19.63,coal (conv pul) (once through)
intermediate generation,coal,coal_int_conv pul before 1950,2030,OM-fixed,19.63,coal (conv pul) (seawater)
intermediate generation,coal,coal_int_conv pul before 1950,2030,OM-fixed,19.63,coal (conv pul) (recirculating)
intermediate generation,coal,coal_int_conv pul before 1950,2030,OM-fixed,19.63,coal (conv pul) (cooling pond)
intermediate generation,coal,coal_int_conv pul before 1950,2030,OM-fixed,19.63,coal (conv pul) (dry cooling)
intermediate generation,coal,coal_int_conv pul_retire_2023,2030,OM-fixed,19.63,coal (conv pul) (once through)
intermediate generation,coal,coal_int_conv pul_retire_2023,2030,OM-fixed,19.63,coal (conv pul) (seawater)
intermediate generation,coal,coal_int_conv pul_retire_2023,2030,OM-fixed,19.63,coal (conv pul) (recirculating)
intermediate generation,coal,coal_int_conv pul_retire_2023,2030,OM-fixed,19.63,coal (conv pul) (cooling pond)
intermediate generation,coal,coal_int_conv pul_retire_2023,2030,OM-fixed,19.63,coal (conv pul) (dry cooling)
intermediate generation,biomass,biomass_int_conv,2035,OM-fixed,38.57,biomass (conv) (once through)
intermediate generation,biomass,biomass_int_conv,2035,OM-fixed,38.57,biomass (conv) (seawater)
intermediate generation,biomass,biomass_int_conv,2035,OM-fixed,38.57,biomass (conv) (recirculating)
intermediate generation,biomass,biomass_int_conv,2035,OM-fixed,38.57,biomass (conv) (cooling pond)
intermediate generation,biomass,biomass_int_conv,2035,OM-fixed,38.57,biomass (conv) (dry cooling)
intermediate generation,biomass,biomass_int_conv_CCS,2035,OM-fixed,38.86,biomass (conv CCS) (once through)
intermediate generation,biomass,biomass_int_conv_CCS,2035,OM-fixed,38.86,biomass (conv CCS) (seawater)
intermediate generation,biomass,biomass_int_conv_CCS,2035,OM-fixed,38.86,biomass (conv CCS) (recirculating)
intermediate generation,biomass,biomass_int_conv_CCS,2035,OM-fixed,38.86,biomass (conv CCS) (dry cooling)
intermediate generation,biomass,biomass_int_IGCC,2035,OM-fixed,57.09,biomass (IGCC) (once through)
intermediate generation,biomass,biomass_int_IGCC,2035,OM-fixed,57.09,biomass (IGCC) (seawater)
intermediate generation,biomass,biomass_int_IGCC,2035,OM-fixed,57.09,biomass (IGCC) (recirculating)
intermediate generation,biomass,biomass_int_IGCC,2035,OM-fixed,57.09,biomass (IGCC) (dry cooling)
intermediate generation,biomass,biomass_int_IGCC_CCS,2035,OM-fixed,64.17,biomass (IGCC CCS) (once through)
intermediate generation,biomass,biomass_int_IGCC_CCS,2035,OM-fixed,64.17,biomass (IGCC CCS) (seawater)
intermediate generation,biomass,biomass_int_IGCC_CCS,2035,OM-fixed,64.17,biomass (IGCC CCS) (recirculating)
intermediate generation,biomass,biomass_int_IGCC_CCS,2035,OM-fixed,64.17,biomass (IGCC CCS) (dry cooling)
intermediate generation,coal,coal_int_conv pul,2035,OM-fixed,19.13,coal (conv pul) (once through)
intermediate generation,coal,coal_int_conv pul,2035,OM-fixed,19.13,coal (conv pul) (seawater)
intermediate generation,coal,coal_int_conv pul,2035,OM-fixed,19.13,coal (conv pul) (recirculating)
intermediate generation,coal,coal_int_conv pul,2035,OM-fixed,19.13,coal (conv pul) (cooling pond)
intermediate generation,coal,coal_int_conv pul,2035,OM-fixed,19.13,coal (conv pul) (dry cooling)
intermediate generation,coal,coal_int_conv pul_CCS,2035,OM-fixed,27.92,coal (conv pul CCS) (once through)
intermediate generation,coal,coal_int_conv pul_CCS,2035,OM-fixed,27.92,coal (conv pul CCS) (seawater)
intermediate generation,coal,coal_int_conv pul_CCS,2035,OM-fixed,27.92,coal (conv pul CCS) (recirculating)
intermediate generation,coal,coal_int_conv pul_CCS,2035,OM-fixed,27.92,coal (conv pul CCS) (dry cooling)
intermediate generation,coal,coal_int_IGCC,2035,OM-fixed,37.66,coal (IGCC) (once through)
intermediate generation,coal,coal_int_IGCC,2035,OM-fixed,37.66,coal (IGCC) (seawater)
intermediate generation,coal,coal_int_IGCC,2035,OM-fixed,37.66,coal (IGCC) (recirculating)
intermediate generation,coal,coal_int_IGCC,2035,OM-fixed,37.66,coal (IGCC) (dry cooling)
intermediate generation,coal,coal_int_IGCC_CCS,2035,OM-fixed,53.23,coal (IGCC CCS) (once through)
intermediate generation,coal,coal_int_IGCC_CCS,2035,OM-fixed,53.23,coal (IGCC CCS) (seawater)
intermediate generation,coal,coal_int_IGCC_CCS,2035,OM-fixed,53.23,coal (IGCC CCS) (recirculating)
intermediate generation,coal,coal_int_IGCC_CCS,2035,OM-fixed,53.23,coal (IGCC CCS) (dry cooling)
intermediate generation,gas,gas_int_CC,2035,OM-fixed,7.09,gas (CC) (once through)
intermediate generation,gas,gas_int_CC,2035,OM-fixed,7.09,gas (CC) (seawater)
intermediate generation,gas,gas_int_CC,2035,OM-fixed,7.09,gas (CC) (recirculating)
intermediate generation,gas,gas_int_CC,2035,OM-fixed,7.09,gas (CC) (cooling pond)
intermediate generation,gas,gas_int_CC,2035,OM-fixed,7.09,gas (CC) (dry cooling)
intermediate generation,gas,gas_int_CC_CCS,2035,OM-fixed,12.44,gas (CC CCS) (once through)
intermediate generation,gas,gas_int_CC_CCS,2035,OM-fixed,12.44,gas (CC CCS) (seawater)
intermediate generation,gas,gas_int_CC_CCS,2035,OM-fixed,12.44,gas (CC CCS) (recirculating)
intermediate generation,gas,gas_int_CC_CCS,2035,OM-fixed,12.44,gas (CC CCS) (dry cooling)
intermediate generation,refined liquids,refined liquids_int_steam/CT,2035,OM-fixed,5.7,refined liquids (steam/CT) (once through)
intermediate generation,refined liquids,refined liquids_int_steam/CT,2035,OM-fixed,5.7,refined liquids (steam/CT) (seawater)
intermediate generation,refined liquids,refined liquids_int_steam/CT,2035,OM-fixed,5.7,refined liquids (steam/CT) (recirculating)
intermediate generation,refined liquids,refined liquids_int_steam/CT,2035,OM-fixed,5.7,refined liquids (steam/CT) (cooling pond)
intermediate generation,refined liquids,refined liquids_int_steam/CT,2035,OM-fixed,5.7,refined liquids (steam/CT) (dry cooling)
intermediate generation,refined liquids,refined liquids_int_CC,2035,OM-fixed,7.09,refined liquids (CC) (once through)
intermediate generation,refined liquids,refined liquids_int_CC,2035,OM-fixed,7.09,refined liquids (CC) (seawater)
intermediate generation,refined liquids,refined liquids_int_CC,2035,OM-fixed,7.09,refined liquids (CC) (recirculating)
intermediate generation,refined liquids,refined liquids_int_CC,2035,OM-fixed,7.09,refined liquids (CC) (dry cooling)
intermediate generation,refined liquids,refined liquids_int_CC_CCS,2035,OM-fixed,12.44,refined liquids (CC CCS) (once through)
intermediate generation,refined liquids,refined liquids_int_CC_CCS,2035,OM-fixed,12.44,refined liquids (CC CCS) (seawater)
intermediate generation,refined liquids,refined liquids_int_CC_CCS,2035,OM-fixed,12.44,refined liquids (CC CCS) (recirculating)
intermediate generation,refined liquids,refined liquids_int_CC_CCS,2035,OM-fixed,12.44,refined liquids (CC CCS) (dry cooling)
intermediate generation,coal,coal_int_conv pul 1951-1955,2035,OM-fixed,19.13,coal (conv pul) (once through)
intermediate generation,coal,coal_int_conv pul 1951-1955,2035,OM-fixed,19.13,coal (conv pul) (seawater)
intermediate generation,coal,coal_int_conv pul 1951-1955,2035,OM-fixed,19.13,coal (conv pul) (recirculating)
intermediate generation,coal,coal_int_conv pul 1951-1955,2035,OM-fixed,19.13,coal (conv pul) (cooling pond)
intermediate generation,coal,coal_int_conv pul 1951-1955,2035,OM-fixed,19.13,coal (conv pul) (dry cooling)
intermediate generation,coal,coal_int_conv pul 1956-1960,2035,OM-fixed,19.13,coal (conv pul) (once through)
intermediate generation,coal,coal_int_conv pul 1956-1960,2035,OM-fixed,19.13,coal (conv pul) (seawater)
intermediate generation,coal,coal_int_conv pul 1956-1960,2035,OM-fixed,19.13,coal (conv pul) (recirculating)
intermediate generation,coal,coal_int_conv pul 1956-1960,2035,OM-fixed,19.13,coal (conv pul) (cooling pond)
intermediate generation,coal,coal_int_conv pul 1956-1960,2035,OM-fixed,19.13,coal (conv pul) (dry cooling)
intermediate generation,coal,coal_int_conv pul 1961-1965,2035,OM-fixed,19.13,coal (conv pul) (once through)
intermediate generation,coal,coal_int_conv pul 1961-1965,2035,OM-fixed,19.13,coal (conv pul) (seawater)
intermediate generation,coal,coal_int_conv pul 1961-1965,2035,OM-fixed,19.13,coal (conv pul) (recirculating)
intermediate generation,coal,coal_int_conv pul 1961-1965,2035,OM-fixed,19.13,coal (conv pul) (cooling pond)
intermediate generation,coal,coal_int_conv pul 1961-1965,2035,OM-fixed,19.13,coal (conv pul) (dry cooling)
intermediate generation,coal,coal_int_conv pul 1966-1970,2035,OM-fixed,19.13,coal (conv pul) (once through)
intermediate generation,coal,coal_int_conv pul 1966-1970,2035,OM-fixed,19.13,coal (conv pul) (seawater)
intermediate generation,coal,coal_int_conv pul 1966-1970,2035,OM-fixed,19.13,coal (conv pul) (recirculating)
intermediate generation,coal,coal_int_conv pul 1966-1970,2035,OM-fixed,19.13,coal (conv pul) (cooling pond)
intermediate generation,coal,coal_int_conv pul 1966-1970,2035,OM-fixed,19.13,coal (conv pul) (dry cooling)
intermediate generation,coal,coal_int_conv pul 1971-1975,2035,OM-fixed,19.13,coal (conv pul) (once through)
intermediate generation,coal,coal_int_conv pul 1971-1975,2035,OM-fixed,19.13,coal (conv pul) (seawater)
intermediate generation,coal,coal_int_conv pul 1971-1975,2035,OM-fixed,19.13,coal (conv pul) (recirculating)
intermediate generation,coal,coal_int_conv pul 1971-1975,2035,OM-fixed,19.13,coal (conv pul) (cooling pond)
intermediate generation,coal,coal_int_conv pul 1971-1975,2035,OM-fixed,19.13,coal (conv pul) (dry cooling)
intermediate generation,coal,coal_int_conv pul 1976-1980,2035,OM-fixed,19.13,coal (conv pul) (once through)
intermediate generation,coal,coal_int_conv pul 1976-1980,2035,OM-fixed,19.13,coal (conv pul) (seawater)
intermediate generation,coal,coal_int_conv pul 1976-1980,2035,OM-fixed,19.13,coal (conv pul) (recirculating)
intermediate generation,coal,coal_int_conv pul 1976-1980,2035,OM-fixed,19.13,coal (conv pul) (cooling pond)
intermediate generation,coal,coal_int_conv pul 1976-1980,2035,OM-fixed,19.13,coal (conv pul) (dry cooling)
intermediate generation,coal,coal_int_conv pul 1981-1985,2035,OM-fixed,19.13,coal (conv pul) (once through)
intermediate generation,coal,coal_int_conv pul 1981-1985,2035,OM-fixed,19.13,coal (conv pul) (seawater)
intermediate generation,coal,coal_int_conv pul 1981-1985,2035,OM-fixed,19.13,coal (conv pul) (recirculating)
intermediate generation,coal,coal_int_conv pul 1981-1985,2035,OM-fixed,19.13,coal (conv pul) (cooling pond)
intermediate generation,coal,coal_int_conv pul 1981-1985,2035,OM-fixed,19.13,coal (conv pul) (dry cooling)
intermediate generation,coal,coal_int_conv pul 1986-1990,2035,OM-fixed,19.13,coal (conv pul) (once through)
intermediate generation,coal,coal_int_conv pul 1986-1990,2035,OM-fixed,19.13,coal (conv pul) (seawater)
intermediate generation,coal,coal_int_conv pul 1986-1990,2035,OM-fixed,19.13,coal (conv pul) (recirculating)
intermediate generation,coal,coal_int_conv pul 1986-1990,2035,OM-fixed,19.13,coal (conv pul) (cooling pond)
intermediate generation,coal,coal_int_conv pul 1986-1990,2035,OM-fixed,19.13,coal (conv pul) (dry cooling)
intermediate generation,coal,coal_int_conv pul 1991-1995,2035,OM-fixed,19.13,coal (conv pul) (once through)
intermediate generation,coal,coal_int_conv pul 1991-1995,2035,OM-fixed,19.13,coal (conv pul) (seawater)
intermediate generation,coal,coal_int_conv pul 1991-1995,2035,OM-fixed,19.13,coal (conv pul) (recirculating)
intermediate generation,coal,coal_int_conv pul 1991-1995,2035,OM-fixed,19.13,coal (conv pul) (cooling pond)
intermediate generation,coal,coal_int_conv pul 1991-1995,2035,OM-fixed,19.13,coal (conv pul) (dry cooling)
intermediate generation,coal,coal_int_conv pul 1996-2000,2035,OM-fixed,19.13,coal (conv pul) (once through)
intermediate generation,coal,coal_int_conv pul 1996-2000,2035,OM-fixed,19.13,coal (conv pul) (seawater)
intermediate generation,coal,coal_int_conv pul 1996-2000,2035,OM-fixed,19.13,coal (conv pul) (recirculating)
intermediate generation,coal,coal_int_conv pul 1996-2000,2035,OM-fixed,19.13,coal (conv pul) (cooling pond)
intermediate generation,coal,coal_int_conv pul 1996-2000,2035,OM-fixed,19.13,coal (conv pul) (dry cooling)
intermediate generation,coal,coal_int_conv pul 2001-2005,2035,OM-fixed,19.13,coal (conv pul) (once through)
intermediate generation,coal,coal_int_conv pul 2001-2005,2035,OM-fixed,19.13,coal (conv pul) (seawater)
intermediate generation,coal,coal_int_conv pul 2001-2005,2035,OM-fixed,19.13,coal (conv pul) (recirculating)
intermediate generation,coal,coal_int_conv pul 2001-2005,2035,OM-fixed,19.13,coal (conv pul) (cooling pond)
intermediate generation,coal,coal_int_conv pul 2001-2005,2035,OM-fixed,19.13,coal (conv pul) (dry cooling)
intermediate generation,coal,coal_int_conv pul 2006-2010,2035,OM-fixed,19.13,coal (conv pul) (once through)
intermediate generation,coal,coal_int_conv pul 2006-2010,2035,OM-fixed,19.13,coal (conv pul) (seawater)
intermediate generation,coal,coal_int_conv pul 2006-2010,2035,OM-fixed,19.13,coal (conv pul) (recirculating)
intermediate generation,coal,coal_int_conv pul 2006-2010,2035,OM-fixed,19.13,coal (conv pul) (cooling pond)
intermediate generation,coal,coal_int_conv pul 2006-2010,2035,OM-fixed,19.13,coal (conv pul) (dry cooling)
intermediate generation,coal,coal_int_conv pul 2011-2015,2035,OM-fixed,19.13,coal (conv pul) (once through)
intermediate generation,coal,coal_int_conv pul 2011-2015,2035,OM-fixed,19.13,coal (conv pul) (seawater)
intermediate generation,coal,coal_int_conv pul 2011-2015,2035,OM-fixed,19.13,coal (conv pul) (recirculating)
intermediate generation,coal,coal_int_conv pul 2011-2015,2035,OM-fixed,19.13,coal (conv pul) (cooling pond)
intermediate generation,coal,coal_int_conv pul 2011-2015,2035,OM-fixed,19.13,coal (conv pul) (dry cooling)
intermediate generation,coal,coal_int_conv pul 2016-2021,2035,OM-fixed,19.13,coal (conv pul) (once through)
intermediate generation,coal,coal_int_conv pul 2016-2021,2035,OM-fixed,19.13,coal (conv pul) (seawater)
intermediate generation,coal,coal_int_conv pul 2016-2021,2035,OM-fixed,19.13,coal (conv pul) (recirculating)
intermediate generation,coal,coal_int_conv pul 2016-2021,2035,OM-fixed,19.13,coal (conv pul) (cooling pond)
intermediate generation,coal,coal_int_conv pul 2016-2021,2035,OM-fixed,19.13,coal (conv pul) (dry cooling)
intermediate generation,coal,coal_int_conv pul before 1950,2035,OM-fixed,19.13,coal (conv pul) (once through)
intermediate generation,coal,coal_int_conv pul before 1950,2035,OM-fixed,19.13,coal (conv pul) (seawater)
intermediate generation,coal,coal_int_conv pul before 1950,2035,OM-fixed,19.13,coal (conv pul) (recirculating)
intermediate generation,coal,coal_int_conv pul before 1950,2035,OM-fixed,19.13,coal (conv pul) (cooling pond)
intermediate generation,coal,coal_int_conv pul before 1950,2035,OM-fixed,19.13,coal (conv pul) (dry cooling)
intermediate generation,coal,coal_int_conv pul_retire_2023,2035,OM-fixed,19.13,coal (conv pul) (once through)
intermediate generation,coal,coal_int_conv pul_retire_2023,2035,OM-fixed,19.13,coal (conv pul) (seawater)
intermediate generation,coal,coal_int_conv pul_retire_2023,2035,OM-fixed,19.13,coal (conv pul) (recirculating)
intermediate generation,coal,coal_int_conv pul_retire_2023,2035,OM-fixed,19.13,coal (conv pul) (cooling pond)
intermediate generation,coal,coal_int_conv pul_retire_2023,2035,OM-fixed,19.13,coal (conv pul) (dry cooling)
intermediate generation,biomass,biomass_int_conv,2040,OM-fixed,38.57,biomass (conv) (once through)
intermediate generation,biomass,biomass_int_conv,2040,OM-fixed,38.57,biomass (conv) (seawater)
intermediate generation,biomass,biomass_int_conv,2040,OM-fixed,38.57,biomass (conv) (recirculating)
intermediate generation,biomass,biomass_int_conv,2040,OM-fixed,38.57,biomass (conv) (cooling pond)
intermediate generation,biomass,biomass_int_conv,2040,OM-fixed,38.57,biomass (conv) (dry cooling)
intermediate generation,biomass,biomass_int_conv_CCS,2040,OM-fixed,38.67,biomass (conv CCS) (once through)
intermediate generation,biomass,biomass_int_conv_CCS,2040,OM-fixed,38.67,biomass (conv CCS) (seawater)
intermediate generation,biomass,biomass_int_conv_CCS,2040,OM-fixed,38.67,biomass (conv CCS) (recirculating)
intermediate generation,biomass,biomass_int_conv_CCS,2040,OM-fixed,38.67,biomass (conv CCS) (dry cooling)
intermediate generation,biomass,biomass_int_IGCC,2040,OM-fixed,57.18,biomass (IGCC) (once through)
intermediate generation,biomass,biomass_int_IGCC,2040,OM-fixed,57.18,biomass (IGCC) (seawater)
intermediate generation,biomass,biomass_int_IGCC,2040,OM-fixed,57.18,biomass (IGCC) (recirculating)
intermediate generation,biomass,biomass_int_IGCC,2040,OM-fixed,57.18,biomass (IGCC) (dry cooling)
intermediate generation,biomass,biomass_int_IGCC_CCS,2040,OM-fixed,64.33,biomass (IGCC CCS) (once through)
intermediate generation,biomass,biomass_int_IGCC_CCS,2040,OM-fixed,64.33,biomass (IGCC CCS) (seawater)
intermediate generation,biomass,biomass_int_IGCC_CCS,2040,OM-fixed,64.33,biomass (IGCC CCS) (recirculating)
intermediate generation,biomass,biomass_int_IGCC_CCS,2040,OM-fixed,64.33,biomass (IGCC CCS) (dry cooling)
intermediate generation,coal,coal_int_conv pul,2040,OM-fixed,18.36,coal (conv pul) (once through)
intermediate generation,coal,coal_int_conv pul,2040,OM-fixed,18.36,coal (conv pul) (seawater)
intermediate generation,coal,coal_int_conv pul,2040,OM-fixed,18.36,coal (conv pul) (recirculating)
intermediate generation,coal,coal_int_conv pul,2040,OM-fixed,18.36,coal (conv pul) (cooling pond)
intermediate generation,coal,coal_int_conv pul,2040,OM-fixed,18.36,coal (conv pul) (dry cooling)
intermediate generation,coal,coal_int_conv pul_CCS,2040,OM-fixed,26.58,coal (conv pul CCS) (once through)
intermediate generation,coal,coal_int_conv pul_CCS,2040,OM-fixed,26.58,coal (conv pul CCS) (seawater)
intermediate generation,coal,coal_int_conv pul_CCS,2040,OM-fixed,26.58,coal (conv pul CCS) (recirculating)
intermediate generation,coal,coal_int_conv pul_CCS,2040,OM-fixed,26.58,coal (conv pul CCS) (dry cooling)
intermediate generation,coal,coal_int_IGCC,2040,OM-fixed,36.97,coal (IGCC) (once through)
intermediate generation,coal,coal_int_IGCC,2040,OM-fixed,36.97,coal (IGCC) (seawater)
intermediate generation,coal,coal_int_IGCC,2040,OM-fixed,36.97,coal (IGCC) (recirculating)
intermediate generation,coal,coal_int_IGCC,2040,OM-fixed,36.97,coal (IGCC) (dry cooling)
intermediate generation,coal,coal_int_IGCC_CCS,2040,OM-fixed,52.24,coal (IGCC CCS) (once through)
intermediate generation,coal,coal_int_IGCC_CCS,2040,OM-fixed,52.24,coal (IGCC CCS) (seawater)
intermediate generation,coal,coal_int_IGCC_CCS,2040,OM-fixed,52.24,coal (IGCC CCS) (recirculating)
intermediate generation,coal,coal_int_IGCC_CCS,2040,OM-fixed,52.24,coal (IGCC CCS) (dry cooling)
intermediate generation,gas,gas_int_CC,2040,OM-fixed,6.83,gas (CC) (once through)
intermediate generation,gas,gas_int_CC,2040,OM-fixed,6.83,gas (CC) (seawater)
intermediate generation,gas,gas_int_CC,2040,OM-fixed,6.83,gas (CC) (recirculating)
intermediate generation,gas,gas_int_CC,2040,OM-fixed,6.83,gas (CC) (cooling pond)
intermediate generation,gas,gas_int_CC,2040,OM-fixed,6.83,gas (CC) (dry cooling)
intermediate generation,gas,gas_int_CC_CCS,2040,OM-fixed,11.78,gas (CC CCS) (once through)
intermediate generation,gas,gas_int_CC_CCS,2040,OM-fixed,11.78,gas (CC CCS) (seawater)
intermediate generation,gas,gas_int_CC_CCS,2040,OM-fixed,11.78,gas (CC CCS) (recirculating)
intermediate generation,gas,gas_int_CC_CCS,2040,OM-fixed,11.78,gas (CC CCS) (dry cooling)
intermediate generation,refined liquids,refined liquids_int_steam/CT,2040,OM-fixed,5.54,refined liquids (steam/CT) (once through)
intermediate generation,refined liquids,refined liquids_int_steam/CT,2040,OM-fixed,5.54,refined liquids (steam/CT) (seawater)
intermediate generation,refined liquids,refined liquids_int_steam/CT,2040,OM-fixed,5.54,refined liquids (steam/CT) (recirculating)
intermediate generation,refined liquids,refined liquids_int_steam/CT,2040,OM-fixed,5.54,refined liquids (steam/CT) (cooling pond)
intermediate generation,refined liquids,refined liquids_int_steam/CT,2040,OM-fixed,5.54,refined liquids (steam/CT) (dry cooling)
intermediate generation,refined liquids,refined liquids_int_CC,2040,OM-fixed,6.83,refined liquids (CC) (once through)
intermediate generation,refined liquids,refined liquids_int_CC,2040,OM-fixed,6.83,refined liquids (CC) (seawater)
intermediate generation,refined liquids,refined liquids_int_CC,2040,OM-fixed,6.83,refined liquids (CC) (recirculating)
intermediate generation,refined liquids,refined liquids_int_CC,2040,OM-fixed,6.83,refined liquids (CC) (dry cooling)
intermediate generation,refined liquids,refined liquids_int_CC_CCS,2040,OM-fixed,11.78,refined liquids (CC CCS) (once through)
intermediate generation,refined liquids,refined liquids_int_CC_CCS,2040,OM-fixed,11.78,refined liquids (CC CCS) (seawater)
intermediate generation,refined liquids,refined liquids_int_CC_CCS,2040,OM-fixed,11.78,refined liquids (CC CCS) (recirculating)
intermediate generation,refined liquids,refined liquids_int_CC_CCS,2040,OM-fixed,11.78,refined liquids (CC CCS) (dry cooling)
intermediate generation,coal,coal_int_conv pul 1951-1955,2040,OM-fixed,18.36,coal (conv pul) (once through)
intermediate generation,coal,coal_int_conv pul 1951-1955,2040,OM-fixed,18.36,coal (conv pul) (seawater)
intermediate generation,coal,coal_int_conv pul 1951-1955,2040,OM-fixed,18.36,coal (conv pul) (recirculating)
intermediate generation,coal,coal_int_conv pul 1951-1955,2040,OM-fixed,18.36,coal (conv pul) (cooling pond)
intermediate generation,coal,coal_int_conv pul 1951-1955,2040,OM-fixed,18.36,coal (conv pul) (dry cooling)
intermediate generation,coal,coal_int_conv pul 1956-1960,2040,OM-fixed,18.36,coal (conv pul) (once through)
intermediate generation,coal,coal_int_conv pul 1956-1960,2040,OM-fixed,18.36,coal (conv pul) (seawater)
intermediate generation,coal,coal_int_conv pul 1956-1960,2040,OM-fixed,18.36,coal (conv pul) (recirculating)
intermediate generation,coal,coal_int_conv pul 1956-1960,2040,OM-fixed,18.36,coal (conv pul) (cooling pond)
intermediate generation,coal,coal_int_conv pul 1956-1960,2040,OM-fixed,18.36,coal (conv pul) (dry cooling)
intermediate generation,coal,coal_int_conv pul 1961-1965,2040,OM-fixed,18.36,coal (conv pul) (once through)
intermediate generation,coal,coal_int_conv pul 1961-1965,2040,OM-fixed,18.36,coal (conv pul) (seawater)
intermediate generation,coal,coal_int_conv pul 1961-1965,2040,OM-fixed,18.36,coal (conv pul) (recirculating)
intermediate generation,coal,coal_int_conv pul 1961-1965,2040,OM-fixed,18.36,coal (conv pul) (cooling pond)
intermediate generation,coal,coal_int_conv pul 1961-1965,2040,OM-fixed,18.36,coal (conv pul) (dry cooling)
intermediate generation,coal,coal_int_conv pul 1966-1970,2040,OM-fixed,18.36,coal (conv pul) (once through)
intermediate generation,coal,coal_int_conv pul 1966-1970,2040,OM-fixed,18.36,coal (conv pul) (seawater)
intermediate generation,coal,coal_int_conv pul 1966-1970,2040,OM-fixed,18.36,coal (conv pul) (recirculating)
intermediate generation,coal,coal_int_conv pul 1966-1970,2040,OM-fixed,18.36,coal (conv pul) (cooling pond)
intermediate generation,coal,coal_int_conv pul 1966-1970,2040,OM-fixed,18.36,coal (conv pul) (dry cooling)
intermediate generation,coal,coal_int_conv pul 1971-1975,2040,OM-fixed,18.36,coal (conv pul) (once through)
intermediate generation,coal,coal_int_conv pul 1971-1975,2040,OM-fixed,18.36,coal (conv pul) (seawater)
intermediate generation,coal,coal_int_conv pul 1971-1975,2040,OM-fixed,18.36,coal (conv pul) (recirculating)
intermediate generation,coal,coal_int_conv pul 1971-1975,2040,OM-fixed,18.36,coal (conv pul) (cooling pond)
intermediate generation,coal,coal_int_conv pul 1971-1975,2040,OM-fixed,18.36,coal (conv pul) (dry cooling)
intermediate generation,coal,coal_int_conv pul 1976-1980,2040,OM-fixed,18.36,coal (conv pul) (once through)
intermediate generation,coal,coal_int_conv pul 1976-1980,2040,OM-fixed,18.36,coal (conv pul) (seawater)
intermediate generation,coal,coal_int_conv pul 1976-1980,2040,OM-fixed,18.36,coal (conv pul) (recirculating)
intermediate generation,coal,coal_int_conv pul 1976-1980,2040,OM-fixed,18.36,coal (conv pul) (cooling pond)
intermediate generation,coal,coal_int_conv pul 1976-1980,2040,OM-fixed,18.36,coal (conv pul) (dry cooling)
intermediate generation,coal,coal_int_conv pul 1981-1985,2040,OM-fixed,18.36,coal (conv pul) (once through)
intermediate generation,coal,coal_int_conv pul 1981-1985,2040,OM-fixed,18.36,coal (conv pul) (seawater)
intermediate generation,coal,coal_int_conv pul 1981-1985,2040,OM-fixed,18.36,coal (conv pul) (recirculating)
intermediate generation,coal,coal_int_conv pul 1981-1985,2040,OM-fixed,18.36,coal (conv pul) (cooling pond)
intermediate generation,coal,coal_int_conv pul 1981-1985,2040,OM-fixed,18.36,coal (conv pul) (dry cooling)
intermediate generation,coal,coal_int_conv pul 1986-1990,2040,OM-fixed,18.36,coal (conv pul) (once through)
intermediate generation,coal,coal_int_conv pul 1986-1990,2040,OM-fixed,18.36,coal (conv pul) (seawater)
intermediate generation,coal,coal_int_conv pul 1986-1990,2040,OM-fixed,18.36,coal (conv pul) (recirculating)
intermediate generation,coal,coal_int_conv pul 1986-1990,2040,OM-fixed,18.36,coal (conv pul) (cooling pond)
intermediate generation,coal,coal_int_conv pul 1986-1990,2040,OM-fixed,18.36,coal (conv pul) (dry cooling)
intermediate generation,coal,coal_int_conv pul 1991-1995,2040,OM-fixed,18.36,coal (conv pul) (once through)
intermediate generation,coal,coal_int_conv pul 1991-1995,2040,OM-fixed,18.36,coal (conv pul) (seawater)
intermediate generation,coal,coal_int_conv pul 1991-1995,2040,OM-fixed,18.36,coal (conv pul) (recirculating)
intermediate generation,coal,coal_int_conv pul 1991-1995,2040,OM-fixed,18.36,coal (conv pul) (cooling pond)
intermediate generation,coal,coal_int_conv pul 1991-1995,2040,OM-fixed,18.36,coal (conv pul) (dry cooling)
intermediate generation,coal,coal_int_conv pul 1996-2000,2040,OM-fixed,18.36,coal (conv pul) (once through)
intermediate generation,coal,coal_int_conv pul 1996-2000,2040,OM-fixed,18.36,coal (conv pul) (seawater)
intermediate generation,coal,coal_int_conv pul 1996-2000,2040,OM-fixed,18.36,coal (conv pul) (recirculating)
intermediate generation,coal,coal_int_conv pul 1996-2000,2040,OM-fixed,18.36,coal (conv pul) (cooling pond)
intermediate generation,coal,coal_int_conv pul 1996-2000,2040,OM-fixed,18.36,coal (conv pul) (dry cooling)
intermediate generation,coal,coal_int_conv pul 2001-2005,2040,OM-fixed,18.36,coal (conv pul) (once through)
intermediate generation,coal,coal_int_conv pul 2001-2005,2040,OM-fixed,18.36,coal (conv pul) (seawater)
intermediate generation,coal,coal_int_conv pul 2001-2005,2040,OM-fixed,18.36,coal (conv pul) (recirculating)
intermediate generation,coal,coal_int_conv pul 2001-2005,2040,OM-fixed,18.36,coal (conv pul) (cooling pond)
intermediate generation,coal,coal_int_conv pul 2001-2005,2040,OM-fixed,18.36,coal (conv pul) (dry cooling)
intermediate generation,coal,coal_int_conv pul 2006-2010,2040,OM-fixed,18.36,coal (conv pul) (once through)
intermediate generation,coal,coal_int_conv pul 2006-2010,2040,OM-fixed,18.36,coal (conv pul) (seawater)
intermediate generation,coal,coal_int_conv pul 2006-2010,2040,OM-fixed,18.36,coal (conv pul) (recirculating)
intermediate generation,coal,coal_int_conv pul 2006-2010,2040,OM-fixed,18.36,coal (conv pul) (cooling pond)
intermediate generation,coal,coal_int_conv pul 2006-2010,2040,OM-fixed,18.36,coal (conv pul) (dry cooling)
intermediate generation,coal,coal_int_conv pul 2011-2015,2040,OM-fixed,18.36,coal (conv pul) (once through)
intermediate generation,coal,coal_int_conv pul 2011-2015,2040,OM-fixed,18.36,coal (conv pul) (seawater)
intermediate generation,coal,coal_int_conv pul 2011-2015,2040,OM-fixed,18.36,coal (conv pul) (recirculating)
intermediate generation,coal,coal_int_conv pul 2011-2015,2040,OM-fixed,18.36,coal (conv pul) (cooling pond)
intermediate generation,coal,coal_int_conv pul 2011-2015,2040,OM-fixed,18.36,coal (conv pul) (dry cooling)
intermediate generation,coal,coal_int_conv pul 2016-2021,2040,OM-fixed,18.36,coal (conv pul) (once through)
intermediate generation,coal,coal_int_conv pul 2016-2021,2040,OM-fixed,18.36,coal (conv pul) (seawater)
intermediate generation,coal,coal_int_conv pul 2016-2021,2040,OM-fixed,18.36,coal (conv pul) (recirculating)
intermediate generation,coal,coal_int_conv pul 2016-2021,2040,OM-fixed,18.36,coal (conv pul) (cooling pond)
intermediate generation,coal,coal_int_conv pul 2016-2021,2040,OM-fixed,18.36,coal (conv pul) (dry cooling)
intermediate generation,coal,coal_int_conv pul before 1950,2040,OM-fixed,18.36,coal (conv pul) (once through)
intermediate generation,coal,coal_int_conv pul before 1950,2040,OM-fixed,18.36,coal (conv pul) (seawater)
intermediate generation,coal,coal_int_conv pul before 1950,2040,OM-fixed,18.36,coal (conv pul) (recirculating)
intermediate generation,coal,coal_int_conv pul before 1950,2040,OM-fixed,18.36,coal (conv pul) (cooling pond)
intermediate generation,coal,coal_int_conv pul before 1950,2040,OM-fixed,18.36,coal (conv pul) (dry cooling)
intermediate generation,coal,coal_int_conv pul_retire_2023,2040,OM-fixed,18.36,coal (conv pul) (once through)
intermediate generation,coal,coal_int_conv pul_retire_2023,2040,OM-fixed,18.36,coal (conv pul) (seawater)
intermediate generation,coal,coal_int_conv pul_retire_2023,2040,OM-fixed,18.36,coal (conv pul) (recirculating)
intermediate generation,coal,coal_int_conv pul_retire_2023,2040,OM-fixed,18.36,coal (conv pul) (cooling pond)
intermediate generation,coal,coal_int_conv pul_retire_2023,2040,OM-fixed,18.36,coal (conv pul) (dry cooling)
intermediate generation,biomass,biomass_int_conv,2045,OM-fixed,38.57,biomass (conv) (once through)
intermediate generation,biomass,biomass_int_conv,2045,OM-fixed,38.57,biomass (conv) (seawater)
intermediate generation,biomass,biomass_int_conv,2045,OM-fixed,38.57,biomass (conv) (recirculating)
intermediate generation,biomass,biomass_int_conv,2045,OM-fixed,38.57,biomass (conv) (cooling pond)
intermediate generation,biomass,biomass_int_conv,2045,OM-fixed,38.57,biomass (conv) (dry cooling)
intermediate generation,biomass,biomass_int_conv_CCS,2045,OM-fixed,38.47,biomass (conv CCS) (once through)
intermediate generation,biomass,biomass_int_conv_CCS,2045,OM-fixed,38.47,biomass (conv CCS) (seawater)
intermediate generation,biomass,biomass_int_conv_CCS,2045,OM-fixed,38.47,biomass (conv CCS) (recirculating)
intermediate generation,biomass,biomass_int_conv_CCS,2045,OM-fixed,38.47,biomass (conv CCS) (dry cooling)
intermediate generation,biomass,biomass_int_IGCC,2045,OM-fixed,57.25,biomass (IGCC) (once through)
intermediate generation,biomass,biomass_int_IGCC,2045,OM-fixed,57.25,biomass (IGCC) (seawater)
intermediate generation,biomass,biomass_int_IGCC,2045,OM-fixed,57.25,biomass (IGCC) (recirculating)
intermediate generation,biomass,biomass_int_IGCC,2045,OM-fixed,57.25,biomass (IGCC) (dry cooling)
intermediate generation,biomass,biomass_int_IGCC_CCS,2045,OM-fixed,64.47,biomass (IGCC CCS) (once through)
intermediate generation,biomass,biomass_int_IGCC_CCS,2045,OM-fixed,64.47,biomass (IGCC CCS) (seawater)
intermediate generation,biomass,biomass_int_IGCC_CCS,2045,OM-fixed,64.47,biomass (IGCC CCS) (recirculating)
intermediate generation,biomass,biomass_int_IGCC_CCS,2045,OM-fixed,64.47,biomass (IGCC CCS) (dry cooling)
intermediate generation,coal,coal_int_conv pul,2045,OM-fixed,17.58,coal (conv pul) (once through)
intermediate generation,coal,coal_int_conv pul,2045,OM-fixed,17.58,coal (conv pul) (seawater)
intermediate generation,coal,coal_int_conv pul,2045,OM-fixed,17.58,coal (conv pul) (recirculating)
intermediate generation,coal,coal_int_conv pul,2045,OM-fixed,17.58,coal (conv pul) (cooling pond)
intermediate generation,coal,coal_int_conv pul,2045,OM-fixed,17.58,coal (conv pul) (dry cooling)
intermediate generation,coal,coal_int_conv pul_CCS,2045,OM-fixed,25.24,coal (conv pul CCS) (once through)
intermediate generation,coal,coal_int_conv pul_CCS,2045,OM-fixed,25.24,coal (conv pul CCS) (seawater)
intermediate generation,coal,coal_int_conv pul_CCS,2045,OM-fixed,25.24,coal (conv pul CCS) (recirculating)
intermediate generation,coal,coal_int_conv pul_CCS,2045,OM-fixed,25.24,coal (conv pul CCS) (dry cooling)
intermediate generation,coal,coal_int_IGCC,2045,OM-fixed,36.27,coal (IGCC) (once through)
intermediate generation,coal,coal_int_IGCC,2045,OM-fixed,36.27,coal (IGCC) (seawater)
intermediate generation,coal,coal_int_IGCC,2045,OM-fixed,36.27,coal (IGCC) (recirculating)
intermediate generation,coal,coal_int_IGCC,2045,OM-fixed,36.27,coal (IGCC) (dry cooling)
intermediate generation,coal,coal_int_IGCC_CCS,2045,OM-fixed,51.23,coal (IGCC CCS) (once through)
intermediate generation,coal,coal_int_IGCC_CCS,2045,OM-fixed,51.23,coal (IGCC CCS) (seawater)
intermediate generation,coal,coal_int_IGCC_CCS,2045,OM-fixed,51.23,coal (IGCC CCS) (recirculating)
intermediate generation,coal,coal_int_IGCC_CCS,2045,OM-fixed,51.23,coal (IGCC CCS) (dry cooling)
intermediate generation,gas,gas_int_CC,2045,OM-fixed,6.55,gas (CC) (once through)
intermediate generation,gas,gas_int_CC,2045,OM-fixed,6.55,gas (CC) (seawater)
intermediate generation,gas,gas_int_CC,2045,OM-fixed,6.55,gas (CC) (recirculating)
intermediate generation,gas,gas_int_CC,2045,OM-fixed,6.55,gas (CC) (cooling pond)
intermediate generation,gas,gas_int_CC,2045,OM-fixed,6.55,gas (CC) (dry cooling)
intermediate generation,gas,gas_int_CC_CCS,2045,OM-fixed,11.12,gas (CC CCS) (once through)
intermediate generation,gas,gas_int_CC_CCS,2045,OM-fixed,11.12,gas (CC CCS) (seawater)
intermediate generation,gas,gas_int_CC_CCS,2045,OM-fixed,11.12,gas (CC CCS) (recirculating)
intermediate generation,gas,gas_int_CC_CCS,2045,OM-fixed,11.12,gas (CC CCS) (dry cooling)
intermediate generation,refined liquids,refined liquids_int_steam/CT,2045,OM-fixed,5.37,refined liquids (steam/CT) (once through)
intermediate generation,refined liquids,refined liquids_int_steam/CT,2045,OM-fixed,5.37,refined liquids (steam/CT) (seawater)
intermediate generation,refined liquids,refined liquids_int_steam/CT,2045,OM-fixed,5.37,refined liquids (steam/CT) (recirculating)
intermediate generation,refined liquids,refined liquids_int_steam/CT,2045,OM-fixed,5.37,refined liquids (steam/CT) (cooling pond)
intermediate generation,refined liquids,refined liquids_int_steam/CT,2045,OM-fixed,5.37,refined liquids (steam/CT) (dry cooling)
intermediate generation,refined liquids,refined liquids_int_CC,2045,OM-fixed,6.55,refined liquids (CC) (once through)
intermediate generation,refined liquids,refined liquids_int_CC,2045,OM-fixed,6.55,refined liquids (CC) (seawater)
intermediate generation,refined liquids,refined liquids_int_CC,2045,OM-fixed,6.55,refined liquids (CC) (recirculating)
intermediate generation,refined liquids,refined liquids_int_CC,2045,OM-fixed,6.55,refined liquids (CC) (dry cooling)
intermediate generation,refined liquids,refined liquids_int_CC_CCS,2045,OM-fixed,11.12,refined liquids (CC CCS) (once through)
intermediate generation,refined liquids,refined liquids_int_CC_CCS,2045,OM-fixed,11.12,refined liquids (CC CCS) (seawater)
intermediate generation,refined liquids,refined liquids_int_CC_CCS,2045,OM-fixed,11.12,refined liquids (CC CCS) (recirculating)
intermediate generation,refined liquids,refined liquids_int_CC_CCS,2045,OM-fixed,11.12,refined liquids (CC CCS) (dry cooling)
intermediate generation,coal,coal_int_conv pul 1951-1955,2045,OM-fixed,17.58,coal (conv pul) (once through)
intermediate generation,coal,coal_int_conv pul 1951-1955,2045,OM-fixed,17.58,coal (conv pul) (seawater)
intermediate generation,coal,coal_int_conv pul 1951-1955,2045,OM-fixed,17.58,coal (conv pul) (recirculating)
intermediate generation,coal,coal_int_conv pul 1951-1955,2045,OM-fixed,17.58,coal (conv pul) (cooling pond)
intermediate generation,coal,coal_int_conv pul 1951-1955,2045,OM-fixed,17.58,coal (conv pul) (dry cooling)
intermediate generation,coal,coal_int_conv pul 1956-1960,2045,OM-fixed,17.58,coal (conv pul) (once through)
intermediate generation,coal,coal_int_conv pul 1956-1960,2045,OM-fixed,17.58,coal (conv pul) (seawater)
intermediate generation,coal,coal_int_conv pul 1956-1960,2045,OM-fixed,17.58,coal (conv pul) (recirculating)
intermediate generation,coal,coal_int_conv pul 1956-1960,2045,OM-fixed,17.58,coal (conv pul) (cooling pond)
intermediate generation,coal,coal_int_conv pul 1956-1960,2045,OM-fixed,17.58,coal (conv pul) (dry cooling)
intermediate generation,coal,coal_int_conv pul 1961-1965,2045,OM-fixed,17.58,coal (conv pul) (once through)
intermediate generation,coal,coal_int_conv pul 1961-1965,2045,OM-fixed,17.58,coal (conv pul) (seawater)
intermediate generation,coal,coal_int_conv pul 1961-1965,2045,OM-fixed,17.58,coal (conv pul) (recirculating)
intermediate generation,coal,coal_int_conv pul 1961-1965,2045,OM-fixed,17.58,coal (conv pul) (cooling pond)
intermediate generation,coal,coal_int_conv pul 1961-1965,2045,OM-fixed,17.58,coal (conv pul) (dry cooling)
intermediate generation,coal,coal_int_conv pul 1966-1970,2045,OM-fixed,17.58,coal (conv pul) (once through)
intermediate generation,coal,coal_int_conv pul 1966-1970,2045,OM-fixed,17.58,coal (conv pul) (seawater)
intermediate generation,coal,coal_int_conv pul 1966-1970,2045,OM-fixed,17.58,coal (conv pul) (recirculating)
intermediate generation,coal,coal_int_conv pul 1966-1970,2045,OM-fixed,17.58,coal (conv pul) (cooling pond)
intermediate generation,coal,coal_int_conv pul 1966-1970,2045,OM-fixed,17.58,coal (conv pul) (dry cooling)
intermediate generation,coal,coal_int_conv pul 1971-1975,2045,OM-fixed,17.58,coal (conv pul) (once through)
intermediate generation,coal,coal_int_conv pul 1971-1975,2045,OM-fixed,17.58,coal (conv pul) (seawater)
intermediate generation,coal,coal_int_conv pul 1971-1975,2045,OM-fixed,17.58,coal (conv pul) (recirculating)
intermediate generation,coal,coal_int_conv pul 1971-1975,2045,OM-fixed,17.58,coal (conv pul) (cooling pond)
intermediate generation,coal,coal_int_conv pul 1971-1975,2045,OM-fixed,17.58,coal (conv pul) (dry cooling)
intermediate generation,coal,coal_int_conv pul 1976-1980,2045,OM-fixed,17.58,coal (conv pul) (once through)
intermediate generation,coal,coal_int_conv pul 1976-1980,2045,OM-fixed,17.58,coal (conv pul) (seawater)
intermediate generation,coal,coal_int_conv pul 1976-1980,2045,OM-fixed,17.58,coal (conv pul) (recirculating)
intermediate generation,coal,coal_int_conv pul 1976-1980,2045,OM-fixed,17.58,coal (conv pul) (cooling pond)
intermediate generation,coal,coal_int_conv pul 1976-1980,2045,OM-fixed,17.58,coal (conv pul) (dry cooling)
intermediate generation,coal,coal_int_conv pul 1981-1985,2045,OM-fixed,17.58,coal (conv pul) (once through)
intermediate generation,coal,coal_int_conv pul 1981-1985,2045,OM-fixed,17.58,coal (conv pul) (seawater)
intermediate generation,coal,coal_int_conv pul 1981-1985,2045,OM-fixed,17.58,coal (conv pul) (recirculating)
intermediate generation,coal,coal_int_conv pul 1981-1985,2045,OM-fixed,17.58,coal (conv pul) (cooling pond)
intermediate generation,coal,coal_int_conv pul 1981-1985,2045,OM-fixed,17.58,coal (conv pul) (dry cooling)
intermediate generation,coal,coal_int_conv pul 1986-1990,2045,OM-fixed,17.58,coal (conv pul) (once through)
intermediate generation,coal,coal_int_conv pul 1986-1990,2045,OM-fixed,17.58,coal (conv pul) (seawater)
intermediate generation,coal,coal_int_conv pul 1986-1990,2045,OM-fixed,17.58,coal (conv pul) (recirculating)
intermediate generation,coal,coal_int_conv pul 1986-1990,2045,OM-fixed,17.58,coal (conv pul) (cooling pond)
intermediate generation,coal,coal_int_conv pul 1986-1990,2045,OM-fixed,17.58,coal (conv pul) (dry cooling)
intermediate generation,coal,coal_int_conv pul 1991-1995,2045,OM-fixed,17.58,coal (conv pul) (once through)
intermediate generation,coal,coal_int_conv pul 1991-1995,2045,OM-fixed,17.58,coal (conv pul) (seawater)
intermediate generation,coal,coal_int_conv pul 1991-1995,2045,OM-fixed,17.58,coal (conv pul) (recirculating)
intermediate generation,coal,coal_int_conv pul 1991-1995,2045,OM-fixed,17.58,coal (conv pul) (cooling pond)
intermediate generation,coal,coal_int_conv pul 1991-1995,2045,OM-fixed,17.58,coal (conv pul) (dry cooling)
intermediate generation,coal,coal_int_conv pul 1996-2000,2045,OM-fixed,17.58,coal (conv pul) (once through)
intermediate generation,coal,coal_int_conv pul 1996-2000,2045,OM-fixed,17.58,coal (conv pul) (seawater)
intermediate generation,coal,coal_int_conv pul 1996-2000,2045,OM-fixed,17.58,coal (conv pul) (recirculating)
intermediate generation,coal,coal_int_conv pul 1996-2000,2045,OM-fixed,17.58,coal (conv pul) (cooling pond)
intermediate generation,coal,coal_int_conv pul 1996-2000,2045,OM-fixed,17.58,coal (conv pul) (dry cooling)
intermediate generation,coal,coal_int_conv pul 2001-2005,2045,OM-fixed,17.58,coal (conv pul) (once through)
intermediate generation,coal,coal_int_conv pul 2001-2005,2045,OM-fixed,17.58,coal (conv pul) (seawater)
intermediate generation,coal,coal_int_conv pul 2001-2005,2045,OM-fixed,17.58,coal (conv pul) (recirculating)
intermediate generation,coal,coal_int_conv pul 2001-2005,2045,OM-fixed,17.58,coal (conv pul) (cooling pond)
intermediate generation,coal,coal_int_conv pul 2001-2005,2045,OM-fixed,17.58,coal (conv pul) (dry cooling)
intermediate generation,coal,coal_int_conv pul 2006-2010,2045,OM-fixed,17.58,coal (conv pul) (once through)
intermediate generation,coal,coal_int_conv pul 2006-2010,2045,OM-fixed,17.58,coal (conv pul) (seawater)
intermediate generation,coal,coal_int_conv pul 2006-2010,2045,OM-fixed,17.58,coal (conv pul) (recirculating)
intermediate generation,coal,coal_int_conv pul 2006-2010,2045,OM-fixed,17.58,coal (conv pul) (cooling pond)
intermediate generation,coal,coal_int_conv pul 2006-2010,2045,OM-fixed,17.58,coal (conv pul) (dry cooling)
intermediate generation,coal,coal_int_conv pul 2011-2015,2045,OM-fixed,17.58,coal (conv pul) (once through)
intermediate generation,coal,coal_int_conv pul 2011-2015,2045,OM-fixed,17.58,coal (conv pul) (seawater)
intermediate generation,coal,coal_int_conv pul 2011-2015,2045,OM-fixed,17.58,coal (conv pul) (recirculating)
intermediate generation,coal,coal_int_conv pul 2011-2015,2045,OM-fixed,17.58,coal (conv pul) (cooling pond)
intermediate generation,coal,coal_int_conv pul 2011-2015,2045,OM-fixed,17.58,coal (conv pul) (dry cooling)
intermediate generation,coal,coal_int_conv pul 2016-2021,2045,OM-fixed,17.58,coal (conv pul) (once through)
intermediate generation,coal,coal_int_conv pul 2016-2021,2045,OM-fixed,17.58,coal (conv pul) (seawater)
intermediate generation,coal,coal_int_conv pul 2016-2021,2045,OM-fixed,17.58,coal (conv pul) (recirculating)
intermediate generation,coal,coal_int_conv pul 2016-2021,2045,OM-fixed,17.58,coal (conv pul) (cooling pond)
intermediate generation,coal,coal_int_conv pul 2016-2021,2045,OM-fixed,17.58,coal (conv pul) (dry cooling)
intermediate generation,coal,coal_int_conv pul before 1950,2045,OM-fixed,17.58,coal (conv pul) (once through)
intermediate generation,coal,coal_int_conv pul before 1950,2045,OM-fixed,17.58,coal (conv pul) (seawater)
intermediate generation,coal,coal_int_conv pul before 1950,2045,OM-fixed,17.58,coal (conv pul) (recirculating)
intermediate generation,coal,coal_int_conv pul before 1950,2045,OM-fixed,17.58,coal (conv pul) (cooling pond)
intermediate generation,coal,coal_int_conv pul before 1950,2045,OM-fixed,17.58,coal (conv pul) (dry cooling)
intermediate generation,coal,coal_int_conv pul_retire_2023,2045,OM-fixed,17.58,coal (conv pul) (once through)
intermediate generation,coal,coal_int_conv pul_retire_2023,2045,OM-fixed,17.58,coal (conv pul) (seawater)
intermediate generation,coal,coal_int_conv pul_retire_2023,2045,OM-fixed,17.58,coal (conv pul) (recirculating)
intermediate generation,coal,coal_int_conv pul_retire_2023,2045,OM-fixed,17.58,coal (conv pul) (cooling pond)
intermediate generation,coal,coal_int_conv pul_retire_2023,2045,OM-fixed,17.58,coal (conv pul) (dry cooling)
intermediate generation,biomass,biomass_int_conv,2050,OM-fixed,38.57,biomass (conv) (once through)
intermediate generation,biomass,biomass_int_conv,2050,OM-fixed,38.57,biomass (conv) (seawater)
intermediate generation,biomass,biomass_int_conv,2050,OM-fixed,38.57,biomass (conv) (recirculating)
intermediate generation,biomass,biomass_int_conv,2050,OM-fixed,38.57,biomass (conv) (cooling pond)
intermediate generation,biomass,biomass_int_conv,2050,OM-fixed,38.57,biomass (conv) (dry cooling)
intermediate generation,biomass,biomass_int_conv_CCS,2050,OM-fixed,38.28,biomass (conv CCS) (once through)
intermediate generation,biomass,biomass_int_conv_CCS,2050,OM-fixed,38.28,biomass (conv CCS) (seawater)
intermediate generation,biomass,biomass_int_conv_CCS,2050,OM-fixed,38.28,biomass (conv CCS) (recirculating)
intermediate generation,biomass,biomass_int_conv_CCS,2050,OM-fixed,38.28,biomass (conv CCS) (dry cooling)
intermediate generation,biomass,biomass_int_IGCC,2050,OM-fixed,57.35,biomass (IGCC) (once through)
intermediate generation,biomass,biomass_int_IGCC,2050,OM-fixed,57.35,biomass (IGCC) (seawater)
intermediate generation,biomass,biomass_int_IGCC,2050,OM-fixed,57.35,biomass (IGCC) (recirculating)
intermediate generation,biomass,biomass_int_IGCC,2050,OM-fixed,57.35,biomass (IGCC) (dry cooling)
intermediate generation,biomass,biomass_int_IGCC_CCS,2050,OM-fixed,64.6,biomass (IGCC CCS) (once through)
intermediate generation,biomass,biomass_int_IGCC_CCS,2050,OM-fixed,64.6,biomass (IGCC CCS) (seawater)
intermediate generation,biomass,biomass_int_IGCC_CCS,2050,OM-fixed,64.6,biomass (IGCC CCS) (recirculating)
intermediate generation,biomass,biomass_int_IGCC_CCS,2050,OM-fixed,64.6,biomass (IGCC CCS) (dry cooling)
intermediate generation,coal,coal_int_conv pul,2050,OM-fixed,16.8,coal (conv pul) (once through)
intermediate generation,coal,coal_int_conv pul,2050,OM-fixed,16.8,coal (conv pul) (seawater)
intermediate generation,coal,coal_int_conv pul,2050,OM-fixed,16.8,coal (conv pul) (recirculating)
intermediate generation,coal,coal_int_conv pul,2050,OM-fixed,16.8,coal (conv pul) (cooling pond)
intermediate generation,coal,coal_int_conv pul,2050,OM-fixed,16.8,coal (conv pul) (dry cooling)
intermediate generation,coal,coal_int_conv pul_CCS,2050,OM-fixed,23.89,coal (conv pul CCS) (once through)
intermediate generation,coal,coal_int_conv pul_CCS,2050,OM-fixed,23.89,coal (conv pul CCS) (seawater)
intermediate generation,coal,coal_int_conv pul_CCS,2050,OM-fixed,23.89,coal (conv pul CCS) (recirculating)
intermediate generation,coal,coal_int_conv pul_CCS,2050,OM-fixed,23.89,coal (conv pul CCS) (dry cooling)
intermediate generation,coal,coal_int_IGCC,2050,OM-fixed,35.58,coal (IGCC) (once through)
intermediate generation,coal,coal_int_IGCC,2050,OM-fixed,35.58,coal (IGCC) (seawater)
intermediate generation,coal,coal_int_IGCC,2050,OM-fixed,35.58,coal (IGCC) (recirculating)
intermediate generation,coal,coal_int_IGCC,2050,OM-fixed,35.58,coal (IGCC) (dry cooling)
intermediate generation,coal,coal_int_IGCC_CCS,2050,OM-fixed,50.22,coal (IGCC CCS) (once through)
intermediate generation,coal,coal_int_IGCC_CCS,2050,OM-fixed,50.22,coal (IGCC CCS) (seawater)
intermediate generation,coal,coal_int_IGCC_CCS,2050,OM-fixed,50.22,coal (IGCC CCS) (recirculating)
intermediate generation,coal,coal_int_IGCC_CCS,2050,OM-fixed,50.22,coal (IGCC CCS) (dry cooling)
intermediate generation,gas,gas_int_CC,2050,OM-fixed,6.29,gas (CC) (once through)
intermediate generation,gas,gas_int_CC,2050,OM-fixed,6.29,gas (CC) (seawater)
intermediate generation,gas,gas_int_CC,2050,OM-fixed,6.29,gas (CC) (recirculating)
intermediate generation,gas,gas_int_CC,2050,OM-fixed,6.29,gas (CC) (cooling pond)
intermediate generation,gas,gas_int_CC,2050,OM-fixed,6.29,gas (CC) (dry cooling)
intermediate generation,gas,gas_int_CC_CCS,2050,OM-fixed,10.46,gas (CC CCS) (once through)
intermediate generation,gas,gas_int_CC_CCS,2050,OM-fixed,10.46,gas (CC CCS) (seawater)
intermediate generation,gas,gas_int_CC_CCS,2050,OM-fixed,10.46,gas (CC CCS) (recirculating)
intermediate generation,gas,gas_int_CC_CCS,2050,OM-fixed,10.46,gas (CC CCS) (dry cooling)
intermediate generation,refined liquids,refined liquids_int_steam/CT,2050,OM-fixed,5.18,refined liquids (steam/CT) (once through)
intermediate generation,refined liquids,refined liquids_int_steam/CT,2050,OM-fixed,5.18,refined liquids (steam/CT) (seawater)
intermediate generation,refined liquids,refined liquids_int_steam/CT,2050,OM-fixed,5.18,refined liquids (steam/CT) (recirculating)
intermediate generation,refined liquids,refined liquids_int_steam/CT,2050,OM-fixed,5.18,refined liquids (steam/CT) (cooling pond)
intermediate generation,refined liquids,refined liquids_int_steam/CT,2050,OM-fixed,5.18,refined liquids (steam/CT) (dry cooling)
intermediate generation,refined liquids,refined liquids_int_CC,2050,OM-fixed,6.29,refined liquids (CC) (once through)
intermediate generation,refined liquids,refined liquids_int_CC,2050,OM-fixed,6.29,refined liquids (CC) (seawater)
intermediate generation,refined liquids,refined liquids_int_CC,2050,OM-fixed,6.29,refined liquids (CC) (recirculating)
intermediate generation,refined liquids,refined liquids_int_CC,2050,OM-fixed,6.29,refined liquids (CC) (dry cooling)
intermediate generation,refined liquids,refined liquids_int_CC_CCS,2050,OM-fixed,10.46,refined liquids (CC CCS) (once through)
intermediate generation,refined liquids,refined liquids_int_CC_CCS,2050,OM-fixed,10.46,refined liquids (CC CCS) (seawater)
intermediate generation,refined liquids,refined liquids_int_CC_CCS,2050,OM-fixed,10.46,refined liquids (CC CCS) (recirculating)
intermediate generation,refined liquids,refined liquids_int_CC_CCS,2050,OM-fixed,10.46,refined liquids (CC CCS) (dry cooling)
intermediate generation,coal,coal_int_conv pul 1951-1955,2050,OM-fixed,16.8,coal (conv pul) (once through)
intermediate generation,coal,coal_int_conv pul 1951-1955,2050,OM-fixed,16.8,coal (conv pul) (seawater)
intermediate generation,coal,coal_int_conv pul 1951-1955,2050,OM-fixed,16.8,coal (conv pul) (recirculating)
intermediate generation,coal,coal_int_conv pul 1951-1955,2050,OM-fixed,16.8,coal (conv pul) (cooling pond)
intermediate generation,coal,coal_int_conv pul 1951-1955,2050,OM-fixed,16.8,coal (conv pul) (dry cooling)
intermediate generation,coal,coal_int_conv pul 1956-1960,2050,OM-fixed,16.8,coal (conv pul) (once through)
intermediate generation,coal,coal_int_conv pul 1956-1960,2050,OM-fixed,16.8,coal (conv pul) (seawater)
intermediate generation,coal,coal_int_conv pul 1956-1960,2050,OM-fixed,16.8,coal (conv pul) (recirculating)
intermediate generation,coal,coal_int_conv pul 1956-1960,2050,OM-fixed,16.8,coal (conv pul) (cooling pond)
intermediate generation,coal,coal_int_conv pul 1956-1960,2050,OM-fixed,16.8,coal (conv pul) (dry cooling)
intermediate generation,coal,coal_int_conv pul 1961-1965,2050,OM-fixed,16.8,coal (conv pul) (once through)
intermediate generation,coal,coal_int_conv pul 1961-1965,2050,OM-fixed,16.8,coal (conv pul) (seawater)
intermediate generation,coal,coal_int_conv pul 1961-1965,2050,OM-fixed,16.8,coal (conv pul) (recirculating)
intermediate generation,coal,coal_int_conv pul 1961-1965,2050,OM-fixed,16.8,coal (conv pul) (cooling pond)
intermediate generation,coal,coal_int_conv pul 1961-1965,2050,OM-fixed,16.8,coal (conv pul) (dry cooling)
intermediate generation,coal,coal_int_conv pul 1966-1970,2050,OM-fixed,16.8,coal (conv pul) (once through)
intermediate generation,coal,coal_int_conv pul 1966-1970,2050,OM-fixed,16.8,coal (conv pul) (seawater)
intermediate generation,coal,coal_int_conv pul 1966-1970,2050,OM-fixed,16.8,coal (conv pul) (recirculating)
intermediate generation,coal,coal_int_conv pul 1966-1970,2050,OM-fixed,16.8,coal (conv pul) (cooling pond)
intermediate generation,coal,coal_int_conv pul 1966-1970,2050,OM-fixed,16.8,coal (conv pul) (dry cooling)
intermediate generation,coal,coal_int_conv pul 1971-1975,2050,OM-fixed,16.8,coal (conv pul) (once through)
intermediate generation,coal,coal_int_conv pul 1971-1975,2050,OM-fixed,16.8,coal (conv pul) (seawater)
intermediate generation,coal,coal_int_conv pul 1971-1975,2050,OM-fixed,16.8,coal (conv pul) (recirculating)
intermediate generation,coal,coal_int_conv pul 1971-1975,2050,OM-fixed,16.8,coal (conv pul) (cooling pond)
intermediate generation,coal,coal_int_conv pul 1971-1975,2050,OM-fixed,16.8,coal (conv pul) (dry cooling)
intermediate generation,coal,coal_int_conv pul 1976-1980,2050,OM-fixed,16.8,coal (conv pul) (once through)
intermediate generation,coal,coal_int_conv pul 1976-1980,2050,OM-fixed,16.8,coal (conv pul) (seawater)
intermediate generation,coal,coal_int_conv pul 1976-1980,2050,OM-fixed,16.8,coal (conv pul) (recirculating)
intermediate generation,coal,coal_int_conv pul 1976-1980,2050,OM-fixed,16.8,coal (conv pul) (cooling pond)
intermediate generation,coal,coal_int_conv pul 1976-1980,2050,OM-fixed,16.8,coal (conv pul) (dry cooling)
intermediate generation,coal,coal_int_conv pul 1981-1985,2050,OM-fixed,16.8,coal (conv pul) (once through)
intermediate generation,coal,coal_int_conv pul 1981-1985,2050,OM-fixed,16.8,coal (conv pul) (seawater)
intermediate generation,coal,coal_int_conv pul 1981-1985,2050,OM-fixed,16.8,coal (conv pul) (recirculating)
intermediate generation,coal,coal_int_conv pul 1981-1985,2050,OM-fixed,16.8,coal (conv pul) (cooling pond)
intermediate generation,coal,coal_int_conv pul 1981-1985,2050,OM-fixed,16.8,coal (conv pul) (dry cooling)
intermediate generation,coal,coal_int_conv pul 1986-1990,2050,OM-fixed,16.8,coal (conv pul) (once through)
intermediate generation,coal,coal_int_conv pul 1986-1990,2050,OM-fixed,16.8,coal (conv pul) (seawater)
intermediate generation,coal,coal_int_conv pul 1986-1990,2050,OM-fixed,16.8,coal (conv pul) (recirculating)
intermediate generation,coal,coal_int_conv pul 1986-1990,2050,OM-fixed,16.8,coal (conv pul) (cooling pond)
intermediate generation,coal,coal_int_conv pul 1986-1990,2050,OM-fixed,16.8,coal (conv pul) (dry cooling)
intermediate generation,coal,coal_int_conv pul 1991-1995,2050,OM-fixed,16.8,coal (conv pul) (once through)
intermediate generation,coal,coal_int_conv pul 1991-1995,2050,OM-fixed,16.8,coal (conv pul) (seawater)
intermediate generation,coal,coal_int_conv pul 1991-1995,2050,OM-fixed,16.8,coal (conv pul) (recirculating)
intermediate generation,coal,coal_int_conv pul 1991-1995,2050,OM-fixed,16.8,coal (conv pul) (cooling pond)
intermediate generation,coal,coal_int_conv pul 1991-1995,2050,OM-fixed,16.8,coal (conv pul) (dry cooling)
intermediate generation,coal,coal_int_conv pul 1996-2000,2050,OM-fixed,16.8,coal (conv pul) (once through)
intermediate generation,coal,coal_int_conv pul 1996-2000,2050,OM-fixed,16.8,coal (conv pul) (seawater)
intermediate generation,coal,coal_int_conv pul 1996-2000,2050,OM-fixed,16.8,coal (conv pul) (recirculating)
intermediate generation,coal,coal_int_conv pul 1996-2000,2050,OM-fixed,16.8,coal (conv pul) (cooling pond)
intermediate generation,coal,coal_int_conv pul 1996-2000,2050,OM-fixed,16.8,coal (conv pul) (dry cooling)
intermediate generation,coal,coal_int_conv pul 2001-2005,2050,OM-fixed,16.8,coal (conv pul) (once through)
intermediate generation,coal,coal_int_conv pul 2001-2005,2050,OM-fixed,16.8,coal (conv pul) (seawater)
intermediate generation,coal,coal_int_conv pul 2001-2005,2050,OM-fixed,16.8,coal (conv pul) (recirculating)
intermediate generation,coal,coal_int_conv pul 2001-2005,2050,OM-fixed,16.8,coal (conv pul) (cooling pond)
intermediate generation,coal,coal_int_conv pul 2001-2005,2050,OM-fixed,16.8,coal (conv pul) (dry cooling)
intermediate generation,coal,coal_int_conv pul 2006-2010,2050,OM-fixed,16.8,coal (conv pul) (once through)
intermediate generation,coal,coal_int_conv pul 2006-2010,2050,OM-fixed,16.8,coal (conv pul) (seawater)
intermediate generation,coal,coal_int_conv pul 2006-2010,2050,OM-fixed,16.8,coal (conv pul) (recirculating)
intermediate generation,coal,coal_int_conv pul 2006-2010,2050,OM-fixed,16.8,coal (conv pul) (cooling pond)
intermediate generation,coal,coal_int_conv pul 2006-2010,2050,OM-fixed,16.8,coal (conv pul) (dry cooling)
intermediate generation,coal,coal_int_conv pul 2011-2015,2050,OM-fixed,16.8,coal (conv pul) (once through)
intermediate generation,coal,coal_int_conv pul 2011-2015,2050,OM-fixed,16.8,coal (conv pul) (seawater)
intermediate generation,coal,coal_int_conv pul 2011-2015,2050,OM-fixed,16.8,coal (conv pul) (recirculating)
intermediate generation,coal,coal_int_conv pul 2011-2015,2050,OM-fixed,16.8,coal (conv pul) (cooling pond)
intermediate generation,coal,coal_int_conv pul 2011-2015,2050,OM-fixed,16.8,coal (conv pul) (dry cooling)
intermediate generation,coal,coal_int_conv pul 2016-2021,2050,OM-fixed,16.8,coal (conv pul) (once through)
intermediate generation,coal,coal_int_conv pul 2016-2021,2050,OM-fixed,16.8,coal (conv pul) (seawater)
intermediate generation,coal,coal_int_conv pul 2016-2021,2050,OM-fixed,16.8,coal (conv pul) (recirculating)
intermediate generation,coal,coal_int_conv pul 2016-2021,2050,OM-fixed,16.8,coal (conv pul) (cooling pond)
intermediate generation,coal,coal_int_conv pul 2016-2021,2050,OM-fixed,16.8,coal (conv pul) (dry cooling)
intermediate generation,coal,coal_int_conv pul before 1950,2050,OM-fixed,16.8,coal (conv pul) (once through)
intermediate generation,coal,coal_int_conv pul before 1950,2050,OM-fixed,16.8,coal (conv pul) (seawater)
intermediate generation,coal,coal_int_conv pul before 1950,2050,OM-fixed,16.8,coal (conv pul) (recirculating)
intermediate generation,coal,coal_int_conv pul before 1950,2050,OM-fixed,16.8,coal (conv pul) (cooling pond)
intermediate generation,coal,coal_int_conv pul before 1950,2050,OM-fixed,16.8,coal (conv pul) (dry cooling)
intermediate generation,coal,coal_int_conv pul_retire_2023,2050,OM-fixed,16.8,coal (conv pul) (once through)
intermediate generation,coal,coal_int_conv pul_retire_2023,2050,OM-fixed,16.8,coal (conv pul) (seawater)
intermediate generation,coal,coal_int_conv pul_retire_2023,2050,OM-fixed,16.8,coal (conv pul) (recirculating)
intermediate generation,coal,coal_int_conv pul_retire_2023,2050,OM-fixed,16.8,coal (conv pul) (cooling pond)
intermediate generation,coal,coal_int_conv pul_retire_2023,2050,OM-fixed,16.8,coal (conv pul) (dry cooling)
intermediate generation,biomass,biomass_int_conv,2055,OM-fixed,38.37,biomass (conv) (once through)
intermediate generation,biomass,biomass_int_conv,2055,OM-fixed,38.37,biomass (conv) (seawater)
intermediate generation,biomass,biomass_int_conv,2055,OM-fixed,38.37,biomass (conv) (recirculating)
intermediate generation,biomass,biomass_int_conv,2055,OM-fixed,38.37,biomass (conv) (cooling pond)
intermediate generation,biomass,biomass_int_conv,2055,OM-fixed,38.37,biomass (conv) (dry cooling)
intermediate generation,biomass,biomass_int_conv_CCS,2055,OM-fixed,38.09,biomass (conv CCS) (once through)
intermediate generation,biomass,biomass_int_conv_CCS,2055,OM-fixed,38.09,biomass (conv CCS) (seawater)
intermediate generation,biomass,biomass_int_conv_CCS,2055,OM-fixed,38.09,biomass (conv CCS) (recirculating)
intermediate generation,biomass,biomass_int_conv_CCS,2055,OM-fixed,38.09,biomass (conv CCS) (dry cooling)
intermediate generation,biomass,biomass_int_IGCC,2055,OM-fixed,57.06,biomass (IGCC) (once through)
intermediate generation,biomass,biomass_int_IGCC,2055,OM-fixed,57.06,biomass (IGCC) (seawater)
intermediate generation,biomass,biomass_int_IGCC,2055,OM-fixed,57.06,biomass (IGCC) (recirculating)
intermediate generation,biomass,biomass_int_IGCC,2055,OM-fixed,57.06,biomass (IGCC) (dry cooling)
intermediate generation,biomass,biomass_int_IGCC_CCS,2055,OM-fixed,64.28,biomass (IGCC CCS) (once through)
intermediate generation,biomass,biomass_int_IGCC_CCS,2055,OM-fixed,64.28,biomass (IGCC CCS) (seawater)
intermediate generation,biomass,biomass_int_IGCC_CCS,2055,OM-fixed,64.28,biomass (IGCC CCS) (recirculating)
intermediate generation,biomass,biomass_int_IGCC_CCS,2055,OM-fixed,64.28,biomass (IGCC CCS) (dry cooling)
intermediate generation,coal,coal_int_conv pul,2055,OM-fixed,16.72,coal (conv pul) (once through)
intermediate generation,coal,coal_int_conv pul,2055,OM-fixed,16.72,coal (conv pul) (seawater)
intermediate generation,coal,coal_int_conv pul,2055,OM-fixed,16.72,coal (conv pul) (recirculating)
intermediate generation,coal,coal_int_conv pul,2055,OM-fixed,16.72,coal (conv pul) (cooling pond)
intermediate generation,coal,coal_int_conv pul,2055,OM-fixed,16.72,coal (conv pul) (dry cooling)
intermediate generation,coal,coal_int_conv pul_CCS,2055,OM-fixed,23.78,coal (conv pul CCS) (once through)
intermediate generation,coal,coal_int_conv pul_CCS,2055,OM-fixed,23.78,coal (conv pul CCS) (seawater)
intermediate generation,coal,coal_int_conv pul_CCS,2055,OM-fixed,23.78,coal (conv pul CCS) (recirculating)
intermediate generation,coal,coal_int_conv pul_CCS,2055,OM-fixed,23.78,coal (conv pul CCS) (dry cooling)
intermediate generation,coal,coal_int_IGCC,2055,OM-fixed,35.41,coal (IGCC) (once through)
intermediate generation,coal,coal_int_IGCC,2055,OM-fixed,35.41,coal (IGCC) (seawater)
intermediate generation,coal,coal_int_IGCC,2055,OM-fixed,35.41,coal (IGCC) (recirculating)
intermediate generation,coal,coal_int_IGCC,2055,OM-fixed,35.41,coal (IGCC) (dry cooling)
intermediate generation,coal,coal_int_IGCC_CCS,2055,OM-fixed,49.97,coal (IGCC CCS) (once through)
intermediate generation,coal,coal_int_IGCC_CCS,2055,OM-fixed,49.97,coal (IGCC CCS) (seawater)
intermediate generation,coal,coal_int_IGCC_CCS,2055,OM-fixed,49.97,coal (IGCC CCS) (recirculating)
intermediate generation,coal,coal_int_IGCC_CCS,2055,OM-fixed,49.97,coal (IGCC CCS) (dry cooling)
intermediate generation,gas,gas_int_CC,2055,OM-fixed,6.26,gas (CC) (once through)
intermediate generation,gas,gas_int_CC,2055,OM-fixed,6.26,gas (CC) (seawater)
intermediate generation,gas,gas_int_CC,2055,OM-fixed,6.26,gas (CC) (recirculating)
intermediate generation,gas,gas_int_CC,2055,OM-fixed,6.26,gas (CC) (cooling pond)
intermediate generation,gas,gas_int_CC,2055,OM-fixed,6.26,gas (CC) (dry cooling)
intermediate generation,gas,gas_int_CC_CCS,2055,OM-fixed,10.41,gas (CC CCS) (once through)
intermediate generation,gas,gas_int_CC_CCS,2055,OM-fixed,10.41,gas (CC CCS) (seawater)
intermediate generation,gas,gas_int_CC_CCS,2055,OM-fixed,10.41,gas (CC CCS) (recirculating)
intermediate generation,gas,gas_int_CC_CCS,2055,OM-fixed,10.41,gas (CC CCS) (dry cooling)
intermediate generation,refined liquids,refined liquids_int_steam/CT,2055,OM-fixed,5.16,refined liquids (steam/CT) (once through)
intermediate generation,refined liquids,refined liquids_int_steam/CT,2055,OM-fixed,5.16,refined liquids (steam/CT) (seawater)
intermediate generation,refined liquids,refined liquids_int_steam/CT,2055,OM-fixed,5.16,refined liquids (steam/CT) (recirculating)
intermediate generation,refined liquids,refined liquids_int_steam/CT,2055,OM-fixed,5.16,refined liquids (steam/CT) (cooling pond)
intermediate generation,refined liquids,refined liquids_int_steam/CT,2055,OM-fixed,5.16,refined liquids (steam/CT) (dry cooling)
intermediate generation,refined liquids,refined liquids_int_CC,2055,OM-fixed,6.26,refined liquids (CC) (once through)
intermediate generation,refined liquids,refined liquids_int_CC,2055,OM-fixed,6.26,refined liquids (CC) (seawater)
intermediate generation,refined liquids,refined liquids_int_CC,2055,OM-fixed,6.26,refined liquids (CC) (recirculating)
intermediate generation,refined liquids,refined liquids_int_CC,2055,OM-fixed,6.26,refined liquids (CC) (dry cooling)
intermediate generation,refined liquids,refined liquids_int_CC_CCS,2055,OM-fixed,10.41,refined liquids (CC CCS) (once through)
intermediate generation,refined liquids,refined liquids_int_CC_CCS,2055,OM-fixed,10.41,refined liquids (CC CCS) (seawater)
intermediate generation,refined liquids,refined liquids_int_CC_CCS,2055,OM-fixed,10.41,refined liquids (CC CCS) (recirculating)
intermediate generation,refined liquids,refined liquids_int_CC_CCS,2055,OM-fixed,10.41,refined liquids (CC CCS) (dry cooling)
intermediate generation,coal,coal_int_conv pul 1951-1955,2055,OM-fixed,16.72,coal (conv pul) (once through)
intermediate generation,coal,coal_int_conv pul 1951-1955,2055,OM-fixed,16.72,coal (conv pul) (seawater)
intermediate generation,coal,coal_int_conv pul 1951-1955,2055,OM-fixed,16.72,coal (conv pul) (recirculating)
intermediate generation,coal,coal_int_conv pul 1951-1955,2055,OM-fixed,16.72,coal (conv pul) (cooling pond)
intermediate generation,coal,coal_int_conv pul 1951-1955,2055,OM-fixed,16.72,coal (conv pul) (dry cooling)
intermediate generation,coal,coal_int_conv pul 1956-1960,2055,OM-fixed,16.72,coal (conv pul) (once through)
intermediate generation,coal,coal_int_conv pul 1956-1960,2055,OM-fixed,16.72,coal (conv pul) (seawater)
intermediate generation,coal,coal_int_conv pul 1956-1960,2055,OM-fixed,16.72,coal (conv pul) (recirculating)
intermediate generation,coal,coal_int_conv pul 1956-1960,2055,OM-fixed,16.72,coal (conv pul) (cooling pond)
intermediate generation,coal,coal_int_conv pul 1956-1960,2055,OM-fixed,16.72,coal (conv pul) (dry cooling)
intermediate generation,coal,coal_int_conv pul 1961-1965,2055,OM-fixed,16.72,coal (conv pul) (once through)
intermediate generation,coal,coal_int_conv pul 1961-1965,2055,OM-fixed,16.72,coal (conv pul) (seawater)
intermediate generation,coal,coal_int_conv pul 1961-1965,2055,OM-fixed,16.72,coal (conv pul) (recirculating)
intermediate generation,coal,coal_int_conv pul 1961-1965,2055,OM-fixed,16.72,coal (conv pul) (cooling pond)
intermediate generation,coal,coal_int_conv pul 1961-1965,2055,OM-fixed,16.72,coal (conv pul) (dry cooling)
intermediate generation,coal,coal_int_conv pul 1966-1970,2055,OM-fixed,16.72,coal (conv pul) (once through)
intermediate generation,coal,coal_int_conv pul 1966-1970,2055,OM-fixed,16.72,coal (conv pul) (seawater)
intermediate generation,coal,coal_int_conv pul 1966-1970,2055,OM-fixed,16.72,coal (conv pul) (recirculating)
intermediate generation,coal,coal_int_conv pul 1966-1970,2055,OM-fixed,16.72,coal (conv pul) (cooling pond)
intermediate generation,coal,coal_int_conv pul 1966-1970,2055,OM-fixed,16.72,coal (conv pul) (dry cooling)
intermediate generation,coal,coal_int_conv pul 1971-1975,2055,OM-fixed,16.72,coal (conv pul) (once through)
intermediate generation,coal,coal_int_conv pul 1971-1975,2055,OM-fixed,16.72,coal (conv pul) (seawater)
intermediate generation,coal,coal_int_conv pul 1971-1975,2055,OM-fixed,16.72,coal (conv pul) (recirculating)
intermediate generation,coal,coal_int_conv pul 1971-1975,2055,OM-fixed,16.72,coal (conv pul) (cooling pond)
intermediate generation,coal,coal_int_conv pul 1971-1975,2055,OM-fixed,16.72,coal (conv pul) (dry cooling)
intermediate generation,coal,coal_int_conv pul 1976-1980,2055,OM-fixed,16.72,coal (conv pul) (once through)
intermediate generation,coal,coal_int_conv pul 1976-1980,2055,OM-fixed,16.72,coal (conv pul) (seawater)
intermediate generation,coal,coal_int_conv pul 1976-1980,2055,OM-fixed,16.72,coal (conv pul) (recirculating)
intermediate generation,coal,coal_int_conv pul 1976-1980,2055,OM-fixed,16.72,coal (conv pul) (cooling pond)
intermediate generation,coal,coal_int_conv pul 1976-1980,2055,OM-fixed,16.72,coal (conv pul) (dry cooling)
intermediate generation,coal,coal_int_conv pul 1981-1985,2055,OM-fixed,16.72,coal (conv pul) (once through)
intermediate generation,coal,coal_int_conv pul 1981-1985,2055,OM-fixed,16.72,coal (conv pul) (seawater)
intermediate generation,coal,coal_int_conv pul 1981-1985,2055,OM-fixed,16.72,coal (conv pul) (recirculating)
intermediate generation,coal,coal_int_conv pul 1981-1985,2055,OM-fixed,16.72,coal (conv pul) (cooling pond)
intermediate generation,coal,coal_int_conv pul 1981-1985,2055,OM-fixed,16.72,coal (conv pul) (dry cooling)
intermediate generation,coal,coal_int_conv pul 1986-1990,2055,OM-fixed,16.72,coal (conv pul) (once through)
intermediate generation,coal,coal_int_conv pul 1986-1990,2055,OM-fixed,16.72,coal (conv pul) (seawater)
intermediate generation,coal,coal_int_conv pul 1986-1990,2055,OM-fixed,16.72,coal (conv pul) (recirculating)
intermediate generation,coal,coal_int_conv pul 1986-1990,2055,OM-fixed,16.72,coal (conv pul) (cooling pond)
intermediate generation,coal,coal_int_conv pul 1986-1990,2055,OM-fixed,16.72,coal (conv pul) (dry cooling)
intermediate generation,coal,coal_int_conv pul 1991-1995,2055,OM-fixed,16.72,coal (conv pul) (once through)
intermediate generation,coal,coal_int_conv pul 1991-1995,2055,OM-fixed,16.72,coal (conv pul) (seawater)
intermediate generation,coal,coal_int_conv pul 1991-1995,2055,OM-fixed,16.72,coal (conv pul) (recirculating)
intermediate generation,coal,coal_int_conv pul 1991-1995,2055,OM-fixed,16.72,coal (conv pul) (cooling pond)
intermediate generation,coal,coal_int_conv pul 1991-1995,2055,OM-fixed,16.72,coal (conv pul) (dry cooling)
intermediate generation,coal,coal_int_conv pul 1996-2000,2055,OM-fixed,16.72,coal (conv pul) (once through)
intermediate generation,coal,coal_int_conv pul 1996-2000,2055,OM-fixed,16.72,coal (conv pul) (seawater)
intermediate generation,coal,coal_int_conv pul 1996-2000,2055,OM-fixed,16.72,coal (conv pul) (recirculating)
intermediate generation,coal,coal_int_conv pul 1996-2000,2055,OM-fixed,16.72,coal (conv pul) (cooling pond)
intermediate generation,coal,coal_int_conv pul 1996-2000,2055,OM-fixed,16.72,coal (conv pul) (dry cooling)
intermediate generation,coal,coal_int_conv pul 2001-2005,2055,OM-fixed,16.72,coal (conv pul) (once through)
intermediate generation,coal,coal_int_conv pul 2001-2005,2055,OM-fixed,16.72,coal (conv pul) (seawater)
intermediate generation,coal,coal_int_conv pul 2001-2005,2055,OM-fixed,16.72,coal (conv pul) (recirculating)
intermediate generation,coal,coal_int_conv pul 2001-2005,2055,OM-fixed,16.72,coal (conv pul) (cooling pond)
intermediate generation,coal,coal_int_conv pul 2001-2005,2055,OM-fixed,16.72,coal (conv pul) (dry cooling)
intermediate generation,coal,coal_int_conv pul 2006-2010,2055,OM-fixed,16.72,coal (conv pul) (once through)
intermediate generation,coal,coal_int_conv pul 2006-2010,2055,OM-fixed,16.72,coal (conv pul) (seawater)
intermediate generation,coal,coal_int_conv pul 2006-2010,2055,OM-fixed,16.72,coal (conv pul) (recirculating)
intermediate generation,coal,coal_int_conv pul 2006-2010,2055,OM-fixed,16.72,coal (conv pul) (cooling pond)
intermediate generation,coal,coal_int_conv pul 2006-2010,2055,OM-fixed,16.72,coal (conv pul) (dry cooling)
intermediate generation,coal,coal_int_conv pul 2011-2015,2055,OM-fixed,16.72,coal (conv pul) (once through)
intermediate generation,coal,coal_int_conv pul 2011-2015,2055,OM-fixed,16.72,coal (conv pul) (seawater)
intermediate generation,coal,coal_int_conv pul 2011-2015,2055,OM-fixed,16.72,coal (conv pul) (recirculating)
intermediate generation,coal,coal_int_conv pul 2011-2015,2055,OM-fixed,16.72,coal (conv pul) (cooling pond)
intermediate generation,coal,coal_int_conv pul 2011-2015,2055,OM-fixed,16.72,coal (conv pul) (dry cooling)
intermediate generation,coal,coal_int_conv pul 2016-2021,2055,OM-fixed,16.72,coal (conv pul) (once through)
intermediate generation,coal,coal_int_conv pul 2016-2021,2055,OM-fixed,16.72,coal (conv pul) (seawater)
intermediate generation,coal,coal_int_conv pul 2016-2021,2055,OM-fixed,16.72,coal (conv pul) (recirculating)
intermediate generation,coal,coal_int_conv pul 2016-2021,2055,OM-fixed,16.72,coal (conv pul) (cooling pond)
intermediate generation,coal,coal_int_conv pul 2016-2021,2055,OM-fixed,16.72,coal (conv pul) (dry cooling)
intermediate generation,coal,coal_int_conv pul before 1950,2055,OM-fixed,16.72,coal (conv pul) (once through)
intermediate generation,coal,coal_int_conv pul before 1950,2055,OM-fixed,16.72,coal (conv pul) (seawater)
intermediate generation,coal,coal_int_conv pul before 1950,2055,OM-fixed,16.72,coal (conv pul) (recirculating)
intermediate generation,coal,coal_int_conv pul before 1950,2055,OM-fixed,16.72,coal (conv pul) (cooling pond)
intermediate generation,coal,coal_int_conv pul before 1950,2055,OM-fixed,16.72,coal (conv pul) (dry cooling)
intermediate generation,coal,coal_int_conv pul_retire_2023,2055,OM-fixed,16.72,coal (conv pul) (once through)
intermediate generation,coal,coal_int_conv pul_retire_2023,2055,OM-fixed,16.72,coal (conv pul) (seawater)
intermediate generation,coal,coal_int_conv pul_retire_2023,2055,OM-fixed,16.72,coal (conv pul) (recirculating)
intermediate generation,coal,coal_int_conv pul_retire_2023,2055,OM-fixed,16.72,coal (conv pul) (cooling pond)
intermediate generation,coal,coal_int_conv pul_retire_2023,2055,OM-fixed,16.72,coal (conv pul) (dry cooling)
intermediate generation,biomass,biomass_int_conv,2060,OM-fixed,38.18,biomass (conv) (once through)
intermediate generation,biomass,biomass_int_conv,2060,OM-fixed,38.18,biomass (conv) (seawater)
intermediate generation,biomass,biomass_int_conv,2060,OM-fixed,38.18,biomass (conv) (recirculating)
intermediate generation,biomass,biomass_int_conv,2060,OM-fixed,38.18,biomass (conv) (cooling pond)
intermediate generation,biomass,biomass_int_conv,2060,OM-fixed,38.18,biomass (conv) (dry cooling)
intermediate generation,biomass,biomass_int_conv_CCS,2060,OM-fixed,37.9,biomass (conv CCS) (once through)
intermediate generation,biomass,biomass_int_conv_CCS,2060,OM-fixed,37.9,biomass (conv CCS) (seawater)
intermediate generation,biomass,biomass_int_conv_CCS,2060,OM-fixed,37.9,biomass (conv CCS) (recirculating)
intermediate generation,biomass,biomass_int_conv_CCS,2060,OM-fixed,37.9,biomass (conv CCS) (dry cooling)
intermediate generation,biomass,biomass_int_IGCC,2060,OM-fixed,56.78,biomass (IGCC) (once through)
intermediate generation,biomass,biomass_int_IGCC,2060,OM-fixed,56.78,biomass (IGCC) (seawater)
intermediate generation,biomass,biomass_int_IGCC,2060,OM-fixed,56.78,biomass (IGCC) (recirculating)
intermediate generation,biomass,biomass_int_IGCC,2060,OM-fixed,56.78,biomass (IGCC) (dry cooling)
intermediate generation,biomass,biomass_int_IGCC_CCS,2060,OM-fixed,63.96,biomass (IGCC CCS) (once through)
intermediate generation,biomass,biomass_int_IGCC_CCS,2060,OM-fixed,63.96,biomass (IGCC CCS) (seawater)
intermediate generation,biomass,biomass_int_IGCC_CCS,2060,OM-fixed,63.96,biomass (IGCC CCS) (recirculating)
intermediate generation,biomass,biomass_int_IGCC_CCS,2060,OM-fixed,63.96,biomass (IGCC CCS) (dry cooling)
intermediate generation,coal,coal_int_conv pul,2060,OM-fixed,16.63,coal (conv pul) (once through)
intermediate generation,coal,coal_int_conv pul,2060,OM-fixed,16.63,coal (conv pul) (seawater)
intermediate generation,coal,coal_int_conv pul,2060,OM-fixed,16.63,coal (conv pul) (recirculating)
intermediate generation,coal,coal_int_conv pul,2060,OM-fixed,16.63,coal (conv pul) (cooling pond)
intermediate generation,coal,coal_int_conv pul,2060,OM-fixed,16.63,coal (conv pul) (dry cooling)
intermediate generation,coal,coal_int_conv pul_CCS,2060,OM-fixed,23.66,coal (conv pul CCS) (once through)
intermediate generation,coal,coal_int_conv pul_CCS,2060,OM-fixed,23.66,coal (conv pul CCS) (seawater)
intermediate generation,coal,coal_int_conv pul_CCS,2060,OM-fixed,23.66,coal (conv pul CCS) (recirculating)
intermediate generation,coal,coal_int_conv pul_CCS,2060,OM-fixed,23.66,coal (conv pul CCS) (dry cooling)
intermediate generation,coal,coal_int_IGCC,2060,OM-fixed,35.23,coal (IGCC) (once through)
intermediate generation,coal,coal_int_IGCC,2060,OM-fixed,35.23,coal (IGCC) (seawater)
intermediate generation,coal,coal_int_IGCC,2060,OM-fixed,35.23,coal (IGCC) (recirculating)
intermediate generation,coal,coal_int_IGCC,2060,OM-fixed,35.23,coal (IGCC) (dry cooling)
intermediate generation,coal,coal_int_IGCC_CCS,2060,OM-fixed,49.72,coal (IGCC CCS) (once through)
intermediate generation,coal,coal_int_IGCC_CCS,2060,OM-fixed,49.72,coal (IGCC CCS) (seawater)
intermediate generation,coal,coal_int_IGCC_CCS,2060,OM-fixed,49.72,coal (IGCC CCS) (recirculating)
intermediate generation,coal,coal_int_IGCC_CCS,2060,OM-fixed,49.72,coal (IGCC CCS) (dry cooling)
intermediate generation,gas,gas_int_CC,2060,OM-fixed,6.23,gas (CC) (once through)
intermediate generation,gas,gas_int_CC,2060,OM-fixed,6.23,gas (CC) (seawater)
intermediate generation,gas,gas_int_CC,2060,OM-fixed,6.23,gas (CC) (recirculating)
intermediate generation,gas,gas_int_CC,2060,OM-fixed,6.23,gas (CC) (cooling pond)
intermediate generation,gas,gas_int_CC,2060,OM-fixed,6.23,gas (CC) (dry cooling)
intermediate generation,gas,gas_int_CC_CCS,2060,OM-fixed,10.36,gas (CC CCS) (once through)
intermediate generation,gas,gas_int_CC_CCS,2060,OM-fixed,10.36,gas (CC CCS) (seawater)
intermediate generation,gas,gas_int_CC_CCS,2060,OM-fixed,10.36,gas (CC CCS) (recirculating)
intermediate generation,gas,gas_int_CC_CCS,2060,OM-fixed,10.36,gas (CC CCS) (dry cooling)
intermediate generation,refined liquids,refined liquids_int_steam/CT,2060,OM-fixed,5.13,refined liquids (steam/CT) (once through)
intermediate generation,refined liquids,refined liquids_int_steam/CT,2060,OM-fixed,5.13,refined liquids (steam/CT) (seawater)
intermediate generation,refined liquids,refined liquids_int_steam/CT,2060,OM-fixed,5.13,refined liquids (steam/CT) (recirculating)
intermediate generation,refined liquids,refined liquids_int_steam/CT,2060,OM-fixed,5.13,refined liquids (steam/CT) (cooling pond)
intermediate generation,refined liquids,refined liquids_int_steam/CT,2060,OM-fixed,5.13,refined liquids (steam/CT) (dry cooling)
intermediate generation,refined liquids,refined liquids_int_CC,2060,OM-fixed,6.23,refined liquids (CC) (once through)
intermediate generation,refined liquids,refined liquids_int_CC,2060,OM-fixed,6.23,refined liquids (CC) (seawater)
intermediate generation,refined liquids,refined liquids_int_CC,2060,OM-fixed,6.23,refined liquids (CC) (recirculating)
intermediate generation,refined liquids,refined liquids_int_CC,2060,OM-fixed,6.23,refined liquids (CC) (dry cooling)
intermediate generation,refined liquids,refined liquids_int_CC_CCS,2060,OM-fixed,10.36,refined liquids (CC CCS) (once through)
intermediate generation,refined liquids,refined liquids_int_CC_CCS,2060,OM-fixed,10.36,refined liquids (CC CCS) (seawater)
intermediate generation,refined liquids,refined liquids_int_CC_CCS,2060,OM-fixed,10.36,refined liquids (CC CCS) (recirculating)
intermediate generation,refined liquids,refined liquids_int_CC_CCS,2060,OM-fixed,10.36,refined liquids (CC CCS) (dry cooling)
intermediate generation,coal,coal_int_conv pul 1951-1955,2060,OM-fixed,16.63,coal (conv pul) (once through)
intermediate generation,coal,coal_int_conv pul 1951-1955,2060,OM-fixed,16.63,coal (conv pul) (seawater)
intermediate generation,coal,coal_int_conv pul 1951-1955,2060,OM-fixed,16.63,coal (conv pul) (recirculating)
intermediate generation,coal,coal_int_conv pul 1951-1955,2060,OM-fixed,16.63,coal (conv pul) (cooling pond)
intermediate generation,coal,coal_int_conv pul 1951-1955,2060,OM-fixed,16.63,coal (conv pul) (dry cooling)
intermediate generation,coal,coal_int_conv pul 1956-1960,2060,OM-fixed,16.63,coal (conv pul) (once through)
intermediate generation,coal,coal_int_conv pul 1956-1960,2060,OM-fixed,16.63,coal (conv pul) (seawater)
intermediate generation,coal,coal_int_conv pul 1956-1960,2060,OM-fixed,16.63,coal (conv pul) (recirculating)
intermediate generation,coal,coal_int_conv pul 1956-1960,2060,OM-fixed,16.63,coal (conv pul) (cooling pond)
intermediate generation,coal,coal_int_conv pul 1956-1960,2060,OM-fixed,16.63,coal (conv pul) (dry cooling)
intermediate generation,coal,coal_int_conv pul 1961-1965,2060,OM-fixed,16.63,coal (conv pul) (once through)
intermediate generation,coal,coal_int_conv pul 1961-1965,2060,OM-fixed,16.63,coal (conv pul) (seawater)
intermediate generation,coal,coal_int_conv pul 1961-1965,2060,OM-fixed,16.63,coal (conv pul) (recirculating)
intermediate generation,coal,coal_int_conv pul 1961-1965,2060,OM-fixed,16.63,coal (conv pul) (cooling pond)
intermediate generation,coal,coal_int_conv pul 1961-1965,2060,OM-fixed,16.63,coal (conv pul) (dry cooling)
intermediate generation,coal,coal_int_conv pul 1966-1970,2060,OM-fixed,16.63,coal (conv pul) (once through)
intermediate generation,coal,coal_int_conv pul 1966-1970,2060,OM-fixed,16.63,coal (conv pul) (seawater)
intermediate generation,coal,coal_int_conv pul 1966-1970,2060,OM-fixed,16.63,coal (conv pul) (recirculating)
intermediate generation,coal,coal_int_conv pul 1966-1970,2060,OM-fixed,16.63,coal (conv pul) (cooling pond)
intermediate generation,coal,coal_int_conv pul 1966-1970,2060,OM-fixed,16.63,coal (conv pul) (dry cooling)
intermediate generation,coal,coal_int_conv pul 1971-1975,2060,OM-fixed,16.63,coal (conv pul) (once through)
intermediate generation,coal,coal_int_conv pul 1971-1975,2060,OM-fixed,16.63,coal (conv pul) (seawater)
intermediate generation,coal,coal_int_conv pul 1971-1975,2060,OM-fixed,16.63,coal (conv pul) (recirculating)
intermediate generation,coal,coal_int_conv pul 1971-1975,2060,OM-fixed,16.63,coal (conv pul) (cooling pond)
intermediate generation,coal,coal_int_conv pul 1971-1975,2060,OM-fixed,16.63,coal (conv pul) (dry cooling)
intermediate generation,coal,coal_int_conv pul 1976-1980,2060,OM-fixed,16.63,coal (conv pul) (once through)
intermediate generation,coal,coal_int_conv pul 1976-1980,2060,OM-fixed,16.63,coal (conv pul) (seawater)
intermediate generation,coal,coal_int_conv pul 1976-1980,2060,OM-fixed,16.63,coal (conv pul) (recirculating)
intermediate generation,coal,coal_int_conv pul 1976-1980,2060,OM-fixed,16.63,coal (conv pul) (cooling pond)
intermediate generation,coal,coal_int_conv pul 1976-1980,2060,OM-fixed,16.63,coal (conv pul) (dry cooling)
intermediate generation,coal,coal_int_conv pul 1981-1985,2060,OM-fixed,16.63,coal (conv pul) (once through)
intermediate generation,coal,coal_int_conv pul 1981-1985,2060,OM-fixed,16.63,coal (conv pul) (seawater)
intermediate generation,coal,coal_int_conv pul 1981-1985,2060,OM-fixed,16.63,coal (conv pul) (recirculating)
intermediate generation,coal,coal_int_conv pul 1981-1985,2060,OM-fixed,16.63,coal (conv pul) (cooling pond)
intermediate generation,coal,coal_int_conv pul 1981-1985,2060,OM-fixed,16.63,coal (conv pul) (dry cooling)
intermediate generation,coal,coal_int_conv pul 1986-1990,2060,OM-fixed,16.63,coal (conv pul) (once through)
intermediate generation,coal,coal_int_conv pul 1986-1990,2060,OM-fixed,16.63,coal (conv pul) (seawater)
intermediate generation,coal,coal_int_conv pul 1986-1990,2060,OM-fixed,16.63,coal (conv pul) (recirculating)
intermediate generation,coal,coal_int_conv pul 1986-1990,2060,OM-fixed,16.63,coal (conv pul) (cooling pond)
intermediate generation,coal,coal_int_conv pul 1986-1990,2060,OM-fixed,16.63,coal (conv pul) (dry cooling)
intermediate generation,coal,coal_int_conv pul 1991-1995,2060,OM-fixed,16.63,coal (conv pul) (once through)
intermediate generation,coal,coal_int_conv pul 1991-1995,2060,OM-fixed,16.63,coal (conv pul) (seawater)
intermediate generation,coal,coal_int_conv pul 1991-1995,2060,OM-fixed,16.63,coal (conv pul) (recirculating)
intermediate generation,coal,coal_int_conv pul 1991-1995,2060,OM-fixed,16.63,coal (conv pul) (cooling pond)
intermediate generation,coal,coal_int_conv pul 1991-1995,2060,OM-fixed,16.63,coal (conv pul) (dry cooling)
intermediate generation,coal,coal_int_conv pul 1996-2000,2060,OM-fixed,16.63,coal (conv pul) (once through)
intermediate generation,coal,coal_int_conv pul 1996-2000,2060,OM-fixed,16.63,coal (conv pul) (seawater)
intermediate generation,coal,coal_int_conv pul 1996-2000,2060,OM-fixed,16.63,coal (conv pul) (recirculating)
intermediate generation,coal,coal_int_conv pul 1996-2000,2060,OM-fixed,16.63,coal (conv pul) (cooling pond)
intermediate generation,coal,coal_int_conv pul 1996-2000,2060,OM-fixed,16.63,coal (conv pul) (dry cooling)
intermediate generation,coal,coal_int_conv pul 2001-2005,2060,OM-fixed,16.63,coal (conv pul) (once through)
intermediate generation,coal,coal_int_conv pul 2001-2005,2060,OM-fixed,16.63,coal (conv pul) (seawater)
intermediate generation,coal,coal_int_conv pul 2001-2005,2060,OM-fixed,16.63,coal (conv pul) (recirculating)
intermediate generation,coal,coal_int_conv pul 2001-2005,2060,OM-fixed,16.63,coal (conv pul) (cooling pond)
intermediate generation,coal,coal_int_conv pul 2001-2005,2060,OM-fixed,16.63,coal (conv pul) (dry cooling)
intermediate generation,coal,coal_int_conv pul 2006-2010,2060,OM-fixed,16.63,coal (conv pul) (once through)
intermediate generation,coal,coal_int_conv pul 2006-2010,2060,OM-fixed,16.63,coal (conv pul) (seawater)
intermediate generation,coal,coal_int_conv pul 2006-2010,2060,OM-fixed,16.63,coal (conv pul) (recirculating)
intermediate generation,coal,coal_int_conv pul 2006-2010,2060,OM-fixed,16.63,coal (conv pul) (cooling pond)
intermediate generation,coal,coal_int_conv pul 2006-2010,2060,OM-fixed,16.63,coal (conv pul) (dry cooling)
intermediate generation,coal,coal_int_conv pul 2011-2015,2060,OM-fixed,16.63,coal (conv pul) (once through)
intermediate generation,coal,coal_int_conv pul 2011-2015,2060,OM-fixed,16.63,coal (conv pul) (seawater)
intermediate generation,coal,coal_int_conv pul 2011-2015,2060,OM-fixed,16.63,coal (conv pul) (recirculating)
intermediate generation,coal,coal_int_conv pul 2011-2015,2060,OM-fixed,16.63,coal (conv pul) (cooling pond)
intermediate generation,coal,coal_int_conv pul 2011-2015,2060,OM-fixed,16.63,coal (conv pul) (dry cooling)
intermediate generation,coal,coal_int_conv pul 2016-2021,2060,OM-fixed,16.63,coal (conv pul) (once through)
intermediate generation,coal,coal_int_conv pul 2016-2021,2060,OM-fixed,16.63,coal (conv pul) (seawater)
intermediate generation,coal,coal_int_conv pul 2016-2021,2060,OM-fixed,16.63,coal (conv pul) (recirculating)
intermediate generation,coal,coal_int_conv pul 2016-2021,2060,OM-fixed,16.63,coal (conv pul) (cooling pond)
intermediate generation,coal,coal_int_conv pul 2016-2021,2060,OM-fixed,16.63,coal (conv pul) (dry cooling)
intermediate generation,coal,coal_int_conv pul before 1950,2060,OM-fixed,16.63,coal (conv pul) (once through)
intermediate generation,coal,coal_int_conv pul before 1950,2060,OM-fixed,16.63,coal (conv pul) (seawater)
intermediate generation,coal,coal_int_conv pul before 1950,2060,OM-fixed,16.63,coal (conv pul) (recirculating)
intermediate generation,coal,coal_int_conv pul before 1950,2060,OM-fixed,16.63,coal (conv pul) (cooling pond)
intermediate generation,coal,coal_int_conv pul before 1950,2060,OM-fixed,16.63,coal (conv pul) (dry cooling)
intermediate generation,coal,coal_int_conv pul_retire_2023,2060,OM-fixed,16.63,coal (conv pul) (once through)
intermediate generation,coal,coal_int_conv pul_retire_2023,2060,OM-fixed,16.63,coal (conv pul) (seawater)
intermediate generation,coal,coal_int_conv pul_retire_2023,2060,OM-fixed,16.63,coal (conv pul) (recirculating)
intermediate generation,coal,coal_int_conv pul_retire_2023,2060,OM-fixed,16.63,coal (conv pul) (cooling pond)
intermediate generation,coal,coal_int_conv pul_retire_2023,2060,OM-fixed,16.63,coal (conv pul) (dry cooling)
intermediate generation,biomass,biomass_int_conv,2065,OM-fixed,37.99,biomass (conv) (once through)
intermediate generation,biomass,biomass_int_conv,2065,OM-fixed,37.99,biomass (conv) (seawater)
intermediate generation,biomass,biomass_int_conv,2065,OM-fixed,37.99,biomass (conv) (recirculating)
intermediate generation,biomass,biomass_int_conv,2065,OM-fixed,37.99,biomass (conv) (cooling pond)
intermediate generation,biomass,biomass_int_conv,2065,OM-fixed,37.99,biomass (conv) (dry cooling)
intermediate generation,biomass,biomass_int_conv_CCS,2065,OM-fixed,37.71,biomass (conv CCS) (once through)
intermediate generation,biomass,biomass_int_conv_CCS,2065,OM-fixed,37.71,biomass (conv CCS) (seawater)
intermediate generation,biomass,biomass_int_conv_CCS,2065,OM-fixed,37.71,biomass (conv CCS) (recirculating)
intermediate generation,biomass,biomass_int_conv_CCS,2065,OM-fixed,37.71,biomass (conv CCS) (dry cooling)
intermediate generation,biomass,biomass_int_IGCC,2065,OM-fixed,56.49,biomass (IGCC) (once through)
intermediate generation,biomass,biomass_int_IGCC,2065,OM-fixed,56.49,biomass (IGCC) (seawater)
intermediate generation,biomass,biomass_int_IGCC,2065,OM-fixed,56.49,biomass (IGCC) (recirculating)
intermediate generation,biomass,biomass_int_IGCC,2065,OM-fixed,56.49,biomass (IGCC) (dry cooling)
intermediate generation,biomass,biomass_int_IGCC_CCS,2065,OM-fixed,63.64,biomass (IGCC CCS) (once through)
intermediate generation,biomass,biomass_int_IGCC_CCS,2065,OM-fixed,63.64,biomass (IGCC CCS) (seawater)
intermediate generation,biomass,biomass_int_IGCC_CCS,2065,OM-fixed,63.64,biomass (IGCC CCS) (recirculating)
intermediate generation,biomass,biomass_int_IGCC_CCS,2065,OM-fixed,63.64,biomass (IGCC CCS) (dry cooling)
intermediate generation,coal,coal_int_conv pul,2065,OM-fixed,16.55,coal (conv pul) (once through)
intermediate generation,coal,coal_int_conv pul,2065,OM-fixed,16.55,coal (conv pul) (seawater)
intermediate generation,coal,coal_int_conv pul,2065,OM-fixed,16.55,coal (conv pul) (recirculating)
intermediate generation,coal,coal_int_conv pul,2065,OM-fixed,16.55,coal (conv pul) (cooling pond)
intermediate generation,coal,coal_int_conv pul,2065,OM-fixed,16.55,coal (conv pul) (dry cooling)
intermediate generation,coal,coal_int_conv pul_CCS,2065,OM-fixed,23.54,coal (conv pul CCS) (once through)
intermediate generation,coal,coal_int_conv pul_CCS,2065,OM-fixed,23.54,coal (conv pul CCS) (seawater)
intermediate generation,coal,coal_int_conv pul_CCS,2065,OM-fixed,23.54,coal (conv pul CCS) (recirculating)
intermediate generation,coal,coal_int_conv pul_CCS,2065,OM-fixed,23.54,coal (conv pul CCS) (dry cooling)
intermediate generation,coal,coal_int_IGCC,2065,OM-fixed,35.05,coal (IGCC) (once through)
intermediate generation,coal,coal_int_IGCC,2065,OM-fixed,35.05,coal (IGCC) (seawater)
intermediate generation,coal,coal_int_IGCC,2065,OM-fixed,35.05,coal (IGCC) (recirculating)
intermediate generation,coal,coal_int_IGCC,2065,OM-fixed,35.05,coal (IGCC) (dry cooling)
intermediate generation,coal,coal_int_IGCC_CCS,2065,OM-fixed,49.47,coal (IGCC CCS) (once through)
intermediate generation,coal,coal_int_IGCC_CCS,2065,OM-fixed,49.47,coal (IGCC CCS) (seawater)
intermediate generation,coal,coal_int_IGCC_CCS,2065,OM-fixed,49.47,coal (IGCC CCS) (recirculating)
intermediate generation,coal,coal_int_IGCC_CCS,2065,OM-fixed,49.47,coal (IGCC CCS) (dry cooling)
intermediate generation,gas,gas_int_CC,2065,OM-fixed,6.2,gas (CC) (once through)
intermediate generation,gas,gas_int_CC,2065,OM-fixed,6.2,gas (CC) (seawater)
intermediate generation,gas,gas_int_CC,2065,OM-fixed,6.2,gas (CC) (recirculating)
intermediate generation,gas,gas_int_CC,2065,OM-fixed,6.2,gas (CC) (cooling pond)
intermediate generation,gas,gas_int_CC,2065,OM-fixed,6.2,gas (CC) (dry cooling)
intermediate generation,gas,gas_int_CC_CCS,2065,OM-fixed,10.31,gas (CC CCS) (once through)
intermediate generation,gas,gas_int_CC_CCS,2065,OM-fixed,10.31,gas (CC CCS) (seawater)
intermediate generation,gas,gas_int_CC_CCS,2065,OM-fixed,10.31,gas (CC CCS) (recirculating)
intermediate generation,gas,gas_int_CC_CCS,2065,OM-fixed,10.31,gas (CC CCS) (dry cooling)
intermediate generation,refined liquids,refined liquids_int_steam/CT,2065,OM-fixed,5.11,refined liquids (steam/CT) (once through)
intermediate generation,refined liquids,refined liquids_int_steam/CT,2065,OM-fixed,5.11,refined liquids (steam/CT) (seawater)
intermediate generation,refined liquids,refined liquids_int_steam/CT,2065,OM-fixed,5.11,refined liquids (steam/CT) (recirculating)
intermediate generation,refined liquids,refined liquids_int_steam/CT,2065,OM-fixed,5.11,refined liquids (steam/CT) (cooling pond)
intermediate generation,refined liquids,refined liquids_int_steam/CT,2065,OM-fixed,5.11,refined liquids (steam/CT) (dry cooling)
intermediate generation,refined liquids,refined liquids_int_CC,2065,OM-fixed,6.2,refined liquids (CC) (once through)
intermediate generation,refined liquids,refined liquids_int_CC,2065,OM-fixed,6.2,refined liquids (CC) (seawater)
intermediate generation,refined liquids,refined liquids_int_CC,2065,OM-fixed,6.2,refined liquids (CC) (recirculating)
intermediate generation,refined liquids,refined liquids_int_CC,2065,OM-fixed,6.2,refined liquids (CC) (dry cooling)
intermediate generation,refined liquids,refined liquids_int_CC_CCS,2065,OM-fixed,10.31,refined liquids (CC CCS) (once through)
intermediate generation,refined liquids,refined liquids_int_CC_CCS,2065,OM-fixed,10.31,refined liquids (CC CCS) (seawater)
intermediate generation,refined liquids,refined liquids_int_CC_CCS,2065,OM-fixed,10.31,refined liquids (CC CCS) (recirculating)
intermediate generation,refined liquids,refined liquids_int_CC_CCS,2065,OM-fixed,10.31,refined liquids (CC CCS) (dry cooling)
intermediate generation,coal,coal_int_conv pul 1951-1955,2065,OM-fixed,16.55,coal (conv pul) (once through)
intermediate generation,coal,coal_int_conv pul 1951-1955,2065,OM-fixed,16.55,coal (conv pul) (seawater)
intermediate generation,coal,coal_int_conv pul 1951-1955,2065,OM-fixed,16.55,coal (conv pul) (recirculating)
intermediate generation,coal,coal_int_conv pul 1951-1955,2065,OM-fixed,16.55,coal (conv pul) (cooling pond)
intermediate generation,coal,coal_int_conv pul 1951-1955,2065,OM-fixed,16.55,coal (conv pul) (dry cooling)
intermediate generation,coal,coal_int_conv pul 1956-1960,2065,OM-fixed,16.55,coal (conv pul) (once through)
intermediate generation,coal,coal_int_conv pul 1956-1960,2065,OM-fixed,16.55,coal (conv pul) (seawater)
intermediate generation,coal,coal_int_conv pul 1956-1960,2065,OM-fixed,16.55,coal (conv pul) (recirculating)
intermediate generation,coal,coal_int_conv pul 1956-1960,2065,OM-fixed,16.55,coal (conv pul) (cooling pond)
intermediate generation,coal,coal_int_conv pul 1956-1960,2065,OM-fixed,16.55,coal (conv pul) (dry cooling)
intermediate generation,coal,coal_int_conv pul 1961-1965,2065,OM-fixed,16.55,coal (conv pul) (once through)
intermediate generation,coal,coal_int_conv pul 1961-1965,2065,OM-fixed,16.55,coal (conv pul) (seawater)
intermediate generation,coal,coal_int_conv pul 1961-1965,2065,OM-fixed,16.55,coal (conv pul) (recirculating)
intermediate generation,coal,coal_int_conv pul 1961-1965,2065,OM-fixed,16.55,coal (conv pul) (cooling pond)
intermediate generation,coal,coal_int_conv pul 1961-1965,2065,OM-fixed,16.55,coal (conv pul) (dry cooling)
intermediate generation,coal,coal_int_conv pul 1966-1970,2065,OM-fixed,16.55,coal (conv pul) (once through)
intermediate generation,coal,coal_int_conv pul 1966-1970,2065,OM-fixed,16.55,coal (conv pul) (seawater)
intermediate generation,coal,coal_int_conv pul 1966-1970,2065,OM-fixed,16.55,coal (conv pul) (recirculating)
intermediate generation,coal,coal_int_conv pul 1966-1970,2065,OM-fixed,16.55,coal (conv pul) (cooling pond)
intermediate generation,coal,coal_int_conv pul 1966-1970,2065,OM-fixed,16.55,coal (conv pul) (dry cooling)
intermediate generation,coal,coal_int_conv pul 1971-1975,2065,OM-fixed,16.55,coal (conv pul) (once through)
intermediate generation,coal,coal_int_conv pul 1971-1975,2065,OM-fixed,16.55,coal (conv pul) (seawater)
intermediate generation,coal,coal_int_conv pul 1971-1975,2065,OM-fixed,16.55,coal (conv pul) (recirculating)
intermediate generation,coal,coal_int_conv pul 1971-1975,2065,OM-fixed,16.55,coal (conv pul) (cooling pond)
intermediate generation,coal,coal_int_conv pul 1971-1975,2065,OM-fixed,16.55,coal (conv pul) (dry cooling)
intermediate generation,coal,coal_int_conv pul 1976-1980,2065,OM-fixed,16.55,coal (conv pul) (once through)
intermediate generation,coal,coal_int_conv pul 1976-1980,2065,OM-fixed,16.55,coal (conv pul) (seawater)
intermediate generation,coal,coal_int_conv pul 1976-1980,2065,OM-fixed,16.55,coal (conv pul) (recirculating)
intermediate generation,coal,coal_int_conv pul 1976-1980,2065,OM-fixed,16.55,coal (conv pul) (cooling pond)
intermediate generation,coal,coal_int_conv pul 1976-1980,2065,OM-fixed,16.55,coal (conv pul) (dry cooling)
intermediate generation,coal,coal_int_conv pul 1981-1985,2065,OM-fixed,16.55,coal (conv pul) (once through)
intermediate generation,coal,coal_int_conv pul 1981-1985,2065,OM-fixed,16.55,coal (conv pul) (seawater)
intermediate generation,coal,coal_int_conv pul 1981-1985,2065,OM-fixed,16.55,coal (conv pul) (recirculating)
intermediate generation,coal,coal_int_conv pul 1981-1985,2065,OM-fixed,16.55,coal (conv pul) (cooling pond)
intermediate generation,coal,coal_int_conv pul 1981-1985,2065,OM-fixed,16.55,coal (conv pul) (dry cooling)
intermediate generation,coal,coal_int_conv pul 1986-1990,2065,OM-fixed,16.55,coal (conv pul) (once through)
intermediate generation,coal,coal_int_conv pul 1986-1990,2065,OM-fixed,16.55,coal (conv pul) (seawater)
intermediate generation,coal,coal_int_conv pul 1986-1990,2065,OM-fixed,16.55,coal (conv pul) (recirculating)
intermediate generation,coal,coal_int_conv pul 1986-1990,2065,OM-fixed,16.55,coal (conv pul) (cooling pond)
intermediate generation,coal,coal_int_conv pul 1986-1990,2065,OM-fixed,16.55,coal (conv pul) (dry cooling)
intermediate generation,coal,coal_int_conv pul 1991-1995,2065,OM-fixed,16.55,coal (conv pul) (once through)
intermediate generation,coal,coal_int_conv pul 1991-1995,2065,OM-fixed,16.55,coal (conv pul) (seawater)
intermediate generation,coal,coal_int_conv pul 1991-1995,2065,OM-fixed,16.55,coal (conv pul) (recirculating)
intermediate generation,coal,coal_int_conv pul 1991-1995,2065,OM-fixed,16.55,coal (conv pul) (cooling pond)
intermediate generation,coal,coal_int_conv pul 1991-1995,2065,OM-fixed,16.55,coal (conv pul) (dry cooling)
intermediate generation,coal,coal_int_conv pul 1996-2000,2065,OM-fixed,16.55,coal (conv pul) (once through)
intermediate generation,coal,coal_int_conv pul 1996-2000,2065,OM-fixed,16.55,coal (conv pul) (seawater)
intermediate generation,coal,coal_int_conv pul 1996-2000,2065,OM-fixed,16.55,coal (conv pul) (recirculating)
intermediate generation,coal,coal_int_conv pul 1996-2000,2065,OM-fixed,16.55,coal (conv pul) (cooling pond)
intermediate generation,coal,coal_int_conv pul 1996-2000,2065,OM-fixed,16.55,coal (conv pul) (dry cooling)
intermediate generation,coal,coal_int_conv pul 2001-2005,2065,OM-fixed,16.55,coal (conv pul) (once through)
intermediate generation,coal,coal_int_conv pul 2001-2005,2065,OM-fixed,16.55,coal (conv pul) (seawater)
intermediate generation,coal,coal_int_conv pul 2001-2005,2065,OM-fixed,16.55,coal (conv pul) (recirculating)
intermediate generation,coal,coal_int_conv pul 2001-2005,2065,OM-fixed,16.55,coal (conv pul) (cooling pond)
intermediate generation,coal,coal_int_conv pul 2001-2005,2065,OM-fixed,16.55,coal (conv pul) (dry cooling)
intermediate generation,coal,coal_int_conv pul 2006-2010,2065,OM-fixed,16.55,coal (conv pul) (once through)
intermediate generation,coal,coal_int_conv pul 2006-2010,2065,OM-fixed,16.55,coal (conv pul) (seawater)
intermediate generation,coal,coal_int_conv pul 2006-2010,2065,OM-fixed,16.55,coal (conv pul) (recirculating)
intermediate generation,coal,coal_int_conv pul 2006-2010,2065,OM-fixed,16.55,coal (conv pul) (cooling pond)
intermediate generation,coal,coal_int_conv pul 2006-2010,2065,OM-fixed,16.55,coal (conv pul) (dry cooling)
intermediate generation,coal,coal_int_conv pul 2011-2015,2065,OM-fixed,16.55,coal (conv pul) (once through)
intermediate generation,coal,coal_int_conv pul 2011-2015,2065,OM-fixed,16.55,coal (conv pul) (seawater)
intermediate generation,coal,coal_int_conv pul 2011-2015,2065,OM-fixed,16.55,coal (conv pul) (recirculating)
intermediate generation,coal,coal_int_conv pul 2011-2015,2065,OM-fixed,16.55,coal (conv pul) (cooling pond)
intermediate generation,coal,coal_int_conv pul 2011-2015,2065,OM-fixed,16.55,coal (conv pul) (dry cooling)
intermediate generation,coal,coal_int_conv pul 2016-2021,2065,OM-fixed,16.55,coal (conv pul) (once through)
intermediate generation,coal,coal_int_conv pul 2016-2021,2065,OM-fixed,16.55,coal (conv pul) (seawater)
intermediate generation,coal,coal_int_conv pul 2016-2021,2065,OM-fixed,16.55,coal (conv pul) (recirculating)
intermediate generation,coal,coal_int_conv pul 2016-2021,2065,OM-fixed,16.55,coal (conv pul) (cooling pond)
intermediate generation,coal,coal_int_conv pul 2016-2021,2065,OM-fixed,16.55,coal (conv pul) (dry cooling)
intermediate generation,coal,coal_int_conv pul before 1950,2065,OM-fixed,16.55,coal (conv pul) (once through)
intermediate generation,coal,coal_int_conv pul before 1950,2065,OM-fixed,16.55,coal (conv pul) (seawater)
intermediate generation,coal,coal_int_conv pul before 1950,2065,OM-fixed,16.55,coal (conv pul) (recirculating)
intermediate generation,coal,coal_int_conv pul before 1950,2065,OM-fixed,16.55,coal (conv pul) (cooling pond)
intermediate generation,coal,coal_int_conv pul before 1950,2065,OM-fixed,16.55,coal (conv pul) (dry cooling)
intermediate generation,coal,coal_int_conv pul_retire_2023,2065,OM-fixed,16.55,coal (conv pul) (once through)
intermediate generation,coal,coal_int_conv pul_retire_2023,2065,OM-fixed,16.55,coal (conv pul) (seawater)
intermediate generation,coal,coal_int_conv pul_retire_2023,2065,OM-fixed,16.55,coal (conv pul) (recirculating)
intermediate generation,coal,coal_int_conv pul_retire_2023,2065,OM-fixed,16.55,coal (conv pul) (cooling pond)
intermediate generation,coal,coal_int_conv pul_retire_2023,2065,OM-fixed,16.55,coal (conv pul) (dry cooling)
intermediate generation,biomass,biomass_int_conv,2070,OM-fixed,37.8,biomass (conv) (once through)
intermediate generation,biomass,biomass_int_conv,2070,OM-fixed,37.8,biomass (conv) (seawater)
intermediate generation,biomass,biomass_int_conv,2070,OM-fixed,37.8,biomass (conv) (recirculating)
intermediate generation,biomass,biomass_int_conv,2070,OM-fixed,37.8,biomass (conv) (cooling pond)
intermediate generation,biomass,biomass_int_conv,2070,OM-fixed,37.8,biomass (conv) (dry cooling)
intermediate generation,biomass,biomass_int_conv_CCS,2070,OM-fixed,37.52,biomass (conv CCS) (once through)
intermediate generation,biomass,biomass_int_conv_CCS,2070,OM-fixed,37.52,biomass (conv CCS) (seawater)
intermediate generation,biomass,biomass_int_conv_CCS,2070,OM-fixed,37.52,biomass (conv CCS) (recirculating)
intermediate generation,biomass,biomass_int_conv_CCS,2070,OM-fixed,37.52,biomass (conv CCS) (dry cooling)
intermediate generation,biomass,biomass_int_IGCC,2070,OM-fixed,56.21,biomass (IGCC) (once through)
intermediate generation,biomass,biomass_int_IGCC,2070,OM-fixed,56.21,biomass (IGCC) (seawater)
intermediate generation,biomass,biomass_int_IGCC,2070,OM-fixed,56.21,biomass (IGCC) (recirculating)
intermediate generation,biomass,biomass_int_IGCC,2070,OM-fixed,56.21,biomass (IGCC) (dry cooling)
intermediate generation,biomass,biomass_int_IGCC_CCS,2070,OM-fixed,63.32,biomass (IGCC CCS) (once through)
intermediate generation,biomass,biomass_int_IGCC_CCS,2070,OM-fixed,63.32,biomass (IGCC CCS) (seawater)
intermediate generation,biomass,biomass_int_IGCC_CCS,2070,OM-fixed,63.32,biomass (IGCC CCS) (recirculating)
intermediate generation,biomass,biomass_int_IGCC_CCS,2070,OM-fixed,63.32,biomass (IGCC CCS) (dry cooling)
intermediate generation,coal,coal_int_conv pul,2070,OM-fixed,16.47,coal (conv pul) (once through)
intermediate generation,coal,coal_int_conv pul,2070,OM-fixed,16.47,coal (conv pul) (seawater)
intermediate generation,coal,coal_int_conv pul,2070,OM-fixed,16.47,coal (conv pul) (recirculating)
intermediate generation,coal,coal_int_conv pul,2070,OM-fixed,16.47,coal (conv pul) (cooling pond)
intermediate generation,coal,coal_int_conv pul,2070,OM-fixed,16.47,coal (conv pul) (dry cooling)
intermediate generation,coal,coal_int_conv pul_CCS,2070,OM-fixed,23.42,coal (conv pul CCS) (once through)
intermediate generation,coal,coal_int_conv pul_CCS,2070,OM-fixed,23.42,coal (conv pul CCS) (seawater)
intermediate generation,coal,coal_int_conv pul_CCS,2070,OM-fixed,23.42,coal (conv pul CCS) (recirculating)
intermediate generation,coal,coal_int_conv pul_CCS,2070,OM-fixed,23.42,coal (conv pul CCS) (dry cooling)
intermediate generation,coal,coal_int_IGCC,2070,OM-fixed,34.88,coal (IGCC) (once through)
intermediate generation,coal,coal_int_IGCC,2070,OM-fixed,34.88,coal (IGCC) (seawater)
intermediate generation,coal,coal_int_IGCC,2070,OM-fixed,34.88,coal (IGCC) (recirculating)
intermediate generation,coal,coal_int_IGCC,2070,OM-fixed,34.88,coal (IGCC) (dry cooling)
intermediate generation,coal,coal_int_IGCC_CCS,2070,OM-fixed,49.22,coal (IGCC CCS) (once through)
intermediate generation,coal,coal_int_IGCC_CCS,2070,OM-fixed,49.22,coal (IGCC CCS) (seawater)
intermediate generation,coal,coal_int_IGCC_CCS,2070,OM-fixed,49.22,coal (IGCC CCS) (recirculating)
intermediate generation,coal,coal_int_IGCC_CCS,2070,OM-fixed,49.22,coal (IGCC CCS) (dry cooling)
intermediate generation,gas,gas_int_CC,2070,OM-fixed,6.17,gas (CC) (once through)
intermediate generation,gas,gas_int_CC,2070,OM-fixed,6.17,gas (CC) (seawater)
intermediate generation,gas,gas_int_CC,2070,OM-fixed,6.17,gas (CC) (recirculating)
intermediate generation,gas,gas_int_CC,2070,OM-fixed,6.17,gas (CC) (cooling pond)
intermediate generation,gas,gas_int_CC,2070,OM-fixed,6.17,gas (CC) (dry cooling)
intermediate generation,gas,gas_int_CC_CCS,2070,OM-fixed,10.26,gas (CC CCS) (once through)
intermediate generation,gas,gas_int_CC_CCS,2070,OM-fixed,10.26,gas (CC CCS) (seawater)
intermediate generation,gas,gas_int_CC_CCS,2070,OM-fixed,10.26,gas (CC CCS) (recirculating)
intermediate generation,gas,gas_int_CC_CCS,2070,OM-fixed,10.26,gas (CC CCS) (dry cooling)
intermediate generation,refined liquids,refined liquids_int_steam/CT,2070,OM-fixed,5.08,refined liquids (steam/CT) (once through)
intermediate generation,refined liquids,refined liquids_int_steam/CT,2070,OM-fixed,5.08,refined liquids (steam/CT) (seawater)
intermediate generation,refined liquids,refined liquids_int_steam/CT,2070,OM-fixed,5.08,refined liquids (steam/CT) (recirculating)
intermediate generation,refined liquids,refined liquids_int_steam/CT,2070,OM-fixed,5.08,refined liquids (steam/CT) (cooling pond)
intermediate generation,refined liquids,refined liquids_int_steam/CT,2070,OM-fixed,5.08,refined liquids (steam/CT) (dry cooling)
intermediate generation,refined liquids,refined liquids_int_CC,2070,OM-fixed,6.17,refined liquids (CC) (once through)
intermediate generation,refined liquids,refined liquids_int_CC,2070,OM-fixed,6.17,refined liquids (CC) (seawater)
intermediate generation,refined liquids,refined liquids_int_CC,2070,OM-fixed,6.17,refined liquids (CC) (recirculating)
intermediate generation,refined liquids,refined liquids_int_CC,2070,OM-fixed,6.17,refined liquids (CC) (dry cooling)
intermediate generation,refined liquids,refined liquids_int_CC_CCS,2070,OM-fixed,10.26,refined liquids (CC CCS) (once through)
intermediate generation,refined liquids,refined liquids_int_CC_CCS,2070,OM-fixed,10.26,refined liquids (CC CCS) (seawater)
intermediate generation,refined liquids,refined liquids_int_CC_CCS,2070,OM-fixed,10.26,refined liquids (CC CCS) (recirculating)
intermediate generation,refined liquids,refined liquids_int_CC_CCS,2070,OM-fixed,10.26,refined liquids (CC CCS) (dry cooling)
intermediate generation,coal,coal_int_conv pul 1951-1955,2070,OM-fixed,16.47,coal (conv pul) (once through)
intermediate generation,coal,coal_int_conv pul 1951-1955,2070,OM-fixed,16.47,coal (conv pul) (seawater)
intermediate generation,coal,coal_int_conv pul 1951-1955,2070,OM-fixed,16.47,coal (conv pul) (recirculating)
intermediate generation,coal,coal_int_conv pul 1951-1955,2070,OM-fixed,16.47,coal (conv pul) (cooling pond)
intermediate generation,coal,coal_int_conv pul 1951-1955,2070,OM-fixed,16.47,coal (conv pul) (dry cooling)
intermediate generation,coal,coal_int_conv pul 1956-1960,2070,OM-fixed,16.47,coal (conv pul) (once through)
intermediate generation,coal,coal_int_conv pul 1956-1960,2070,OM-fixed,16.47,coal (conv pul) (seawater)
intermediate generation,coal,coal_int_conv pul 1956-1960,2070,OM-fixed,16.47,coal (conv pul) (recirculating)
intermediate generation,coal,coal_int_conv pul 1956-1960,2070,OM-fixed,16.47,coal (conv pul) (cooling pond)
intermediate generation,coal,coal_int_conv pul 1956-1960,2070,OM-fixed,16.47,coal (conv pul) (dry cooling)
intermediate generation,coal,coal_int_conv pul 1961-1965,2070,OM-fixed,16.47,coal (conv pul) (once through)
intermediate generation,coal,coal_int_conv pul 1961-1965,2070,OM-fixed,16.47,coal (conv pul) (seawater)
intermediate generation,coal,coal_int_conv pul 1961-1965,2070,OM-fixed,16.47,coal (conv pul) (recirculating)
intermediate generation,coal,coal_int_conv pul 1961-1965,2070,OM-fixed,16.47,coal (conv pul) (cooling pond)
intermediate generation,coal,coal_int_conv pul 1961-1965,2070,OM-fixed,16.47,coal (conv pul) (dry cooling)
intermediate generation,coal,coal_int_conv pul 1966-1970,2070,OM-fixed,16.47,coal (conv pul) (once through)
intermediate generation,coal,coal_int_conv pul 1966-1970,2070,OM-fixed,16.47,coal (conv pul) (seawater)
intermediate generation,coal,coal_int_conv pul 1966-1970,2070,OM-fixed,16.47,coal (conv pul) (recirculating)
intermediate generation,coal,coal_int_conv pul 1966-1970,2070,OM-fixed,16.47,coal (conv pul) (cooling pond)
intermediate generation,coal,coal_int_conv pul 1966-1970,2070,OM-fixed,16.47,coal (conv pul) (dry cooling)
intermediate generation,coal,coal_int_conv pul 1971-1975,2070,OM-fixed,16.47,coal (conv pul) (once through)
intermediate generation,coal,coal_int_conv pul 1971-1975,2070,OM-fixed,16.47,coal (conv pul) (seawater)
intermediate generation,coal,coal_int_conv pul 1971-1975,2070,OM-fixed,16.47,coal (conv pul) (recirculating)
intermediate generation,coal,coal_int_conv pul 1971-1975,2070,OM-fixed,16.47,coal (conv pul) (cooling pond)
intermediate generation,coal,coal_int_conv pul 1971-1975,2070,OM-fixed,16.47,coal (conv pul) (dry cooling)
intermediate generation,coal,coal_int_conv pul 1976-1980,2070,OM-fixed,16.47,coal (conv pul) (once through)
intermediate generation,coal,coal_int_conv pul 1976-1980,2070,OM-fixed,16.47,coal (conv pul) (seawater)
intermediate generation,coal,coal_int_conv pul 1976-1980,2070,OM-fixed,16.47,coal (conv pul) (recirculating)
intermediate generation,coal,coal_int_conv pul 1976-1980,2070,OM-fixed,16.47,coal (conv pul) (cooling pond)
intermediate generation,coal,coal_int_conv pul 1976-1980,2070,OM-fixed,16.47,coal (conv pul) (dry cooling)
intermediate generation,coal,coal_int_conv pul 1981-1985,2070,OM-fixed,16.47,coal (conv pul) (once through)
intermediate generation,coal,coal_int_conv pul 1981-1985,2070,OM-fixed,16.47,coal (conv pul) (seawater)
intermediate generation,coal,coal_int_conv pul 1981-1985,2070,OM-fixed,16.47,coal (conv pul) (recirculating)
intermediate generation,coal,coal_int_conv pul 1981-1985,2070,OM-fixed,16.47,coal (conv pul) (cooling pond)
intermediate generation,coal,coal_int_conv pul 1981-1985,2070,OM-fixed,16.47,coal (conv pul) (dry cooling)
intermediate generation,coal,coal_int_conv pul 1986-1990,2070,OM-fixed,16.47,coal (conv pul) (once through)
intermediate generation,coal,coal_int_conv pul 1986-1990,2070,OM-fixed,16.47,coal (conv pul) (seawater)
intermediate generation,coal,coal_int_conv pul 1986-1990,2070,OM-fixed,16.47,coal (conv pul) (recirculating)
intermediate generation,coal,coal_int_conv pul 1986-1990,2070,OM-fixed,16.47,coal (conv pul) (cooling pond)
intermediate generation,coal,coal_int_conv pul 1986-1990,2070,OM-fixed,16.47,coal (conv pul) (dry cooling)
intermediate generation,coal,coal_int_conv pul 1991-1995,2070,OM-fixed,16.47,coal (conv pul) (once through)
intermediate generation,coal,coal_int_conv pul 1991-1995,2070,OM-fixed,16.47,coal (conv pul) (seawater)
intermediate generation,coal,coal_int_conv pul 1991-1995,2070,OM-fixed,16.47,coal (conv pul) (recirculating)
intermediate generation,coal,coal_int_conv pul 1991-1995,2070,OM-fixed,16.47,coal (conv pul) (cooling pond)
intermediate generation,coal,coal_int_conv pul 1991-1995,2070,OM-fixed,16.47,coal (conv pul) (dry cooling)
intermediate generation,coal,coal_int_conv pul 1996-2000,2070,OM-fixed,16.47,coal (conv pul) (once through)
intermediate generation,coal,coal_int_conv pul 1996-2000,2070,OM-fixed,16.47,coal (conv pul) (seawater)
intermediate generation,coal,coal_int_conv pul 1996-2000,2070,OM-fixed,16.47,coal (conv pul) (recirculating)
intermediate generation,coal,coal_int_conv pul 1996-2000,2070,OM-fixed,16.47,coal (conv pul) (cooling pond)
intermediate generation,coal,coal_int_conv pul 1996-2000,2070,OM-fixed,16.47,coal (conv pul) (dry cooling)
intermediate generation,coal,coal_int_conv pul 2001-2005,2070,OM-fixed,16.47,coal (conv pul) (once through)
intermediate generation,coal,coal_int_conv pul 2001-2005,2070,OM-fixed,16.47,coal (conv pul) (seawater)
intermediate generation,coal,coal_int_conv pul 2001-2005,2070,OM-fixed,16.47,coal (conv pul) (recirculating)
intermediate generation,coal,coal_int_conv pul 2001-2005,2070,OM-fixed,16.47,coal (conv pul) (cooling pond)
intermediate generation,coal,coal_int_conv pul 2001-2005,2070,OM-fixed,16.47,coal (conv pul) (dry cooling)
intermediate generation,coal,coal_int_conv pul 2006-2010,2070,OM-fixed,16.47,coal (conv pul) (once through)
intermediate generation,coal,coal_int_conv pul 2006-2010,2070,OM-fixed,16.47,coal (conv pul) (seawater)
intermediate generation,coal,coal_int_conv pul 2006-2010,2070,OM-fixed,16.47,coal (conv pul) (recirculating)
intermediate generation,coal,coal_int_conv pul 2006-2010,2070,OM-fixed,16.47,coal (conv pul) (cooling pond)
intermediate generation,coal,coal_int_conv pul 2006-2010,2070,OM-fixed,16.47,coal (conv pul) (dry cooling)
intermediate generation,coal,coal_int_conv pul 2011-2015,2070,OM-fixed,16.47,coal (conv pul) (once through)
intermediate generation,coal,coal_int_conv pul 2011-2015,2070,OM-fixed,16.47,coal (conv pul) (seawater)
intermediate generation,coal,coal_int_conv pul 2011-2015,2070,OM-fixed,16.47,coal (conv pul) (recirculating)
intermediate generation,coal,coal_int_conv pul 2011-2015,2070,OM-fixed,16.47,coal (conv pul) (cooling pond)
intermediate generation,coal,coal_int_conv pul 2011-2015,2070,OM-fixed,16.47,coal (conv pul) (dry cooling)
intermediate generation,coal,coal_int_conv pul 2016-2021,2070,OM-fixed,16.47,coal (conv pul) (once through)
intermediate generation,coal,coal_int_conv pul 2016-2021,2070,OM-fixed,16.47,coal (conv pul) (seawater)
intermediate generation,coal,coal_int_conv pul 2016-2021,2070,OM-fixed,16.47,coal (conv pul) (recirculating)
intermediate generation,coal,coal_int_conv pul 2016-2021,2070,OM-fixed,16.47,coal (conv pul) (cooling pond)
intermediate generation,coal,coal_int_conv pul 2016-2021,2070,OM-fixed,16.47,coal (conv pul) (dry cooling)
intermediate generation,coal,coal_int_conv pul before 1950,2070,OM-fixed,16.47,coal (conv pul) (once through)
intermediate generation,coal,coal_int_conv pul before 1950,2070,OM-fixed,16.47,coal (conv pul) (seawater)
intermediate generation,coal,coal_int_conv pul before 1950,2070,OM-fixed,16.47,coal (conv pul) (recirculating)
intermediate generation,coal,coal_int_conv pul before 1950,2070,OM-fixed,16.47,coal (conv pul) (cooling pond)
intermediate generation,coal,coal_int_conv pul before 1950,2070,OM-fixed,16.47,coal (conv pul) (dry cooling)
intermediate generation,coal,coal_int_conv pul_retire_2023,2070,OM-fixed,16.47,coal (conv pul) (once through)
intermediate generation,coal,coal_int_conv pul_retire_2023,2070,OM-fixed,16.47,coal (conv pul) (seawater)
intermediate generation,coal,coal_int_conv pul_retire_2023,2070,OM-fixed,16.47,coal (conv pul) (recirculating)
intermediate generation,coal,coal_int_conv pul_retire_2023,2070,OM-fixed,16.47,coal (conv pul) (cooling pond)
intermediate generation,coal,coal_int_conv pul_retire_2023,2070,OM-fixed,16.47,coal (conv pul) (dry cooling)
intermediate generation,biomass,biomass_int_conv,2075,OM-fixed,37.61,biomass (conv) (once through)
intermediate generation,biomass,biomass_int_conv,2075,OM-fixed,37.61,biomass (conv) (seawater)
intermediate generation,biomass,biomass_int_conv,2075,OM-fixed,37.61,biomass (conv) (recirculating)
intermediate generation,biomass,biomass_int_conv,2075,OM-fixed,37.61,biomass (conv) (cooling pond)
intermediate generation,biomass,biomass_int_conv,2075,OM-fixed,37.61,biomass (conv) (dry cooling)
intermediate generation,biomass,biomass_int_conv_CCS,2075,OM-fixed,37.34,biomass (conv CCS) (once through)
intermediate generation,biomass,biomass_int_conv_CCS,2075,OM-fixed,37.34,biomass (conv CCS) (seawater)
intermediate generation,biomass,biomass_int_conv_CCS,2075,OM-fixed,37.34,biomass (conv CCS) (recirculating)
intermediate generation,biomass,biomass_int_conv_CCS,2075,OM-fixed,37.34,biomass (conv CCS) (dry cooling)
intermediate generation,biomass,biomass_int_IGCC,2075,OM-fixed,55.93,biomass (IGCC) (once through)
intermediate generation,biomass,biomass_int_IGCC,2075,OM-fixed,55.93,biomass (IGCC) (seawater)
intermediate generation,biomass,biomass_int_IGCC,2075,OM-fixed,55.93,biomass (IGCC) (recirculating)
intermediate generation,biomass,biomass_int_IGCC,2075,OM-fixed,55.93,biomass (IGCC) (dry cooling)
intermediate generation,biomass,biomass_int_IGCC_CCS,2075,OM-fixed,63.01,biomass (IGCC CCS) (once through)
intermediate generation,biomass,biomass_int_IGCC_CCS,2075,OM-fixed,63.01,biomass (IGCC CCS) (seawater)
intermediate generation,biomass,biomass_int_IGCC_CCS,2075,OM-fixed,63.01,biomass (IGCC CCS) (recirculating)
intermediate generation,biomass,biomass_int_IGCC_CCS,2075,OM-fixed,63.01,biomass (IGCC CCS) (dry cooling)
intermediate generation,coal,coal_int_conv pul,2075,OM-fixed,16.39,coal (conv pul) (once through)
intermediate generation,coal,coal_int_conv pul,2075,OM-fixed,16.39,coal (conv pul) (seawater)
intermediate generation,coal,coal_int_conv pul,2075,OM-fixed,16.39,coal (conv pul) (recirculating)
intermediate generation,coal,coal_int_conv pul,2075,OM-fixed,16.39,coal (conv pul) (cooling pond)
intermediate generation,coal,coal_int_conv pul,2075,OM-fixed,16.39,coal (conv pul) (dry cooling)
intermediate generation,coal,coal_int_conv pul_CCS,2075,OM-fixed,23.3,coal (conv pul CCS) (once through)
intermediate generation,coal,coal_int_conv pul_CCS,2075,OM-fixed,23.3,coal (conv pul CCS) (seawater)
intermediate generation,coal,coal_int_conv pul_CCS,2075,OM-fixed,23.3,coal (conv pul CCS) (recirculating)
intermediate generation,coal,coal_int_conv pul_CCS,2075,OM-fixed,23.3,coal (conv pul CCS) (dry cooling)
intermediate generation,coal,coal_int_IGCC,2075,OM-fixed,34.7,coal (IGCC) (once through)
intermediate generation,coal,coal_int_IGCC,2075,OM-fixed,34.7,coal (IGCC) (seawater)
intermediate generation,coal,coal_int_IGCC,2075,OM-fixed,34.7,coal (IGCC) (recirculating)
intermediate generation,coal,coal_int_IGCC,2075,OM-fixed,34.7,coal (IGCC) (dry cooling)
intermediate generation,coal,coal_int_IGCC_CCS,2075,OM-fixed,48.98,coal (IGCC CCS) (once through)
intermediate generation,coal,coal_int_IGCC_CCS,2075,OM-fixed,48.98,coal (IGCC CCS) (seawater)
intermediate generation,coal,coal_int_IGCC_CCS,2075,OM-fixed,48.98,coal (IGCC CCS) (recirculating)
intermediate generation,coal,coal_int_IGCC_CCS,2075,OM-fixed,48.98,coal (IGCC CCS) (dry cooling)
intermediate generation,gas,gas_int_CC,2075,OM-fixed,6.14,gas (CC) (once through)
intermediate generation,gas,gas_int_CC,2075,OM-fixed,6.14,gas (CC) (seawater)
intermediate generation,gas,gas_int_CC,2075,OM-fixed,6.14,gas (CC) (recirculating)
intermediate generation,gas,gas_int_CC,2075,OM-fixed,6.14,gas (CC) (cooling pond)
intermediate generation,gas,gas_int_CC,2075,OM-fixed,6.14,gas (CC) (dry cooling)
intermediate generation,gas,gas_int_CC_CCS,2075,OM-fixed,10.2,gas (CC CCS) (once through)
intermediate generation,gas,gas_int_CC_CCS,2075,OM-fixed,10.2,gas (CC CCS) (seawater)
intermediate generation,gas,gas_int_CC_CCS,2075,OM-fixed,10.2,gas (CC CCS) (recirculating)
intermediate generation,gas,gas_int_CC_CCS,2075,OM-fixed,10.2,gas (CC CCS) (dry cooling)
intermediate generation,refined liquids,refined liquids_int_steam/CT,2075,OM-fixed,5.06,refined liquids (steam/CT) (once through)
intermediate generation,refined liquids,refined liquids_int_steam/CT,2075,OM-fixed,5.06,refined liquids (steam/CT) (seawater)
intermediate generation,refined liquids,refined liquids_int_steam/CT,2075,OM-fixed,5.06,refined liquids (steam/CT) (recirculating)
intermediate generation,refined liquids,refined liquids_int_steam/CT,2075,OM-fixed,5.06,refined liquids (steam/CT) (cooling pond)
intermediate generation,refined liquids,refined liquids_int_steam/CT,2075,OM-fixed,5.06,refined liquids (steam/CT) (dry cooling)
intermediate generation,refined liquids,refined liquids_int_CC,2075,OM-fixed,6.14,refined liquids (CC) (once through)
intermediate generation,refined liquids,refined liquids_int_CC,2075,OM-fixed,6.14,refined liquids (CC) (seawater)
intermediate generation,refined liquids,refined liquids_int_CC,2075,OM-fixed,6.14,refined liquids (CC) (recirculating)
intermediate generation,refined liquids,refined liquids_int_CC,2075,OM-fixed,6.14,refined liquids (CC) (dry cooling)
intermediate generation,refined liquids,refined liquids_int_CC_CCS,2075,OM-fixed,10.2,refined liquids (CC CCS) (once through)
intermediate generation,refined liquids,refined liquids_int_CC_CCS,2075,OM-fixed,10.2,refined liquids (CC CCS) (seawater)
intermediate generation,refined liquids,refined liquids_int_CC_CCS,2075,OM-fixed,10.2,refined liquids (CC CCS) (recirculating)
intermediate generation,refined liquids,refined liquids_int_CC_CCS,2075,OM-fixed,10.2,refined liquids (CC CCS) (dry cooling)
intermediate generation,coal,coal_int_conv pul 1951-1955,2075,OM-fixed,16.39,coal (conv pul) (once through)
intermediate generation,coal,coal_int_conv pul 1951-1955,2075,OM-fixed,16.39,coal (conv pul) (seawater)
intermediate generation,coal,coal_int_conv pul 1951-1955,2075,OM-fixed,16.39,coal (conv pul) (recirculating)
intermediate generation,coal,coal_int_conv pul 1951-1955,2075,OM-fixed,16.39,coal (conv pul) (cooling pond)
intermediate generation,coal,coal_int_conv pul 1951-1955,2075,OM-fixed,16.39,coal (conv pul) (dry cooling)
intermediate generation,coal,coal_int_conv pul 1956-1960,2075,OM-fixed,16.39,coal (conv pul) (once through)
intermediate generation,coal,coal_int_conv pul 1956-1960,2075,OM-fixed,16.39,coal (conv pul) (seawater)
intermediate generation,coal,coal_int_conv pul 1956-1960,2075,OM-fixed,16.39,coal (conv pul) (recirculating)
intermediate generation,coal,coal_int_conv pul 1956-1960,2075,OM-fixed,16.39,coal (conv pul) (cooling pond)
intermediate generation,coal,coal_int_conv pul 1956-1960,2075,OM-fixed,16.39,coal (conv pul) (dry cooling)
intermediate generation,coal,coal_int_conv pul 1961-1965,2075,OM-fixed,16.39,coal (conv pul) (once through)
intermediate generation,coal,coal_int_conv pul 1961-1965,2075,OM-fixed,16.39,coal (conv pul) (seawater)
intermediate generation,coal,coal_int_conv pul 1961-1965,2075,OM-fixed,16.39,coal (conv pul) (recirculating)
intermediate generation,coal,coal_int_conv pul 1961-1965,2075,OM-fixed,16.39,coal (conv pul) (cooling pond)
intermediate generation,coal,coal_int_conv pul 1961-1965,2075,OM-fixed,16.39,coal (conv pul) (dry cooling)
intermediate generation,coal,coal_int_conv pul 1966-1970,2075,OM-fixed,16.39,coal (conv pul) (once through)
intermediate generation,coal,coal_int_conv pul 1966-1970,2075,OM-fixed,16.39,coal (conv pul) (seawater)
intermediate generation,coal,coal_int_conv pul 1966-1970,2075,OM-fixed,16.39,coal (conv pul) (recirculating)
intermediate generation,coal,coal_int_conv pul 1966-1970,2075,OM-fixed,16.39,coal (conv pul) (cooling pond)
intermediate generation,coal,coal_int_conv pul 1966-1970,2075,OM-fixed,16.39,coal (conv pul) (dry cooling)
intermediate generation,coal,coal_int_conv pul 1971-1975,2075,OM-fixed,16.39,coal (conv pul) (once through)
intermediate generation,coal,coal_int_conv pul 1971-1975,2075,OM-fixed,16.39,coal (conv pul) (seawater)
intermediate generation,coal,coal_int_conv pul 1971-1975,2075,OM-fixed,16.39,coal (conv pul) (recirculating)
intermediate generation,coal,coal_int_conv pul 1971-1975,2075,OM-fixed,16.39,coal (conv pul) (cooling pond)
intermediate generation,coal,coal_int_conv pul 1971-1975,2075,OM-fixed,16.39,coal (conv pul) (dry cooling)
intermediate generation,coal,coal_int_conv pul 1976-1980,2075,OM-fixed,16.39,coal (conv pul) (once through)
intermediate generation,coal,coal_int_conv pul 1976-1980,2075,OM-fixed,16.39,coal (conv pul) (seawater)
intermediate generation,coal,coal_int_conv pul 1976-1980,2075,OM-fixed,16.39,coal (conv pul) (recirculating)
intermediate generation,coal,coal_int_conv pul 1976-1980,2075,OM-fixed,16.39,coal (conv pul) (cooling pond)
intermediate generation,coal,coal_int_conv pul 1976-1980,2075,OM-fixed,16.39,coal (conv pul) (dry cooling)
intermediate generation,coal,coal_int_conv pul 1981-1985,2075,OM-fixed,16.39,coal (conv pul) (once through)
intermediate generation,coal,coal_int_conv pul 1981-1985,2075,OM-fixed,16.39,coal (conv pul) (seawater)
intermediate generation,coal,coal_int_conv pul 1981-1985,2075,OM-fixed,16.39,coal (conv pul) (recirculating)
intermediate generation,coal,coal_int_conv pul 1981-1985,2075,OM-fixed,16.39,coal (conv pul) (cooling pond)
intermediate generation,coal,coal_int_conv pul 1981-1985,2075,OM-fixed,16.39,coal (conv pul) (dry cooling)
intermediate generation,coal,coal_int_conv pul 1986-1990,2075,OM-fixed,16.39,coal (conv pul) (once through)
intermediate generation,coal,coal_int_conv pul 1986-1990,2075,OM-fixed,16.39,coal (conv pul) (seawater)
intermediate generation,coal,coal_int_conv pul 1986-1990,2075,OM-fixed,16.39,coal (conv pul) (recirculating)
intermediate generation,coal,coal_int_conv pul 1986-1990,2075,OM-fixed,16.39,coal (conv pul) (cooling pond)
intermediate generation,coal,coal_int_conv pul 1986-1990,2075,OM-fixed,16.39,coal (conv pul) (dry cooling)
intermediate generation,coal,coal_int_conv pul 1991-1995,2075,OM-fixed,16.39,coal (conv pul) (once through)
intermediate generation,coal,coal_int_conv pul 1991-1995,2075,OM-fixed,16.39,coal (conv pul) (seawater)
intermediate generation,coal,coal_int_conv pul 1991-1995,2075,OM-fixed,16.39,coal (conv pul) (recirculating)
intermediate generation,coal,coal_int_conv pul 1991-1995,2075,OM-fixed,16.39,coal (conv pul) (cooling pond)
intermediate generation,coal,coal_int_conv pul 1991-1995,2075,OM-fixed,16.39,coal (conv pul) (dry cooling)
intermediate generation,coal,coal_int_conv pul 1996-2000,2075,OM-fixed,16.39,coal (conv pul) (once through)
intermediate generation,coal,coal_int_conv pul 1996-2000,2075,OM-fixed,16.39,coal (conv pul) (seawater)
intermediate generation,coal,coal_int_conv pul 1996-2000,2075,OM-fixed,16.39,coal (conv pul) (recirculating)
intermediate generation,coal,coal_int_conv pul 1996-2000,2075,OM-fixed,16.39,coal (conv pul) (cooling pond)
intermediate generation,coal,coal_int_conv pul 1996-2000,2075,OM-fixed,16.39,coal (conv pul) (dry cooling)
intermediate generation,coal,coal_int_conv pul 2001-2005,2075,OM-fixed,16.39,coal (conv pul) (once through)
intermediate generation,coal,coal_int_conv pul 2001-2005,2075,OM-fixed,16.39,coal (conv pul) (seawater)
intermediate generation,coal,coal_int_conv pul 2001-2005,2075,OM-fixed,16.39,coal (conv pul) (recirculating)
intermediate generation,coal,coal_int_conv pul 2001-2005,2075,OM-fixed,16.39,coal (conv pul) (cooling pond)
intermediate generation,coal,coal_int_conv pul 2001-2005,2075,OM-fixed,16.39,coal (conv pul) (dry cooling)
intermediate generation,coal,coal_int_conv pul 2006-2010,2075,OM-fixed,16.39,coal (conv pul) (once through)
intermediate generation,coal,coal_int_conv pul 2006-2010,2075,OM-fixed,16.39,coal (conv pul) (seawater)
intermediate generation,coal,coal_int_conv pul 2006-2010,2075,OM-fixed,16.39,coal (conv pul) (recirculating)
intermediate generation,coal,coal_int_conv pul 2006-2010,2075,OM-fixed,16.39,coal (conv pul) (cooling pond)
intermediate generation,coal,coal_int_conv pul 2006-2010,2075,OM-fixed,16.39,coal (conv pul) (dry cooling)
intermediate generation,coal,coal_int_conv pul 2011-2015,2075,OM-fixed,16.39,coal (conv pul) (once through)
intermediate generation,coal,coal_int_conv pul 2011-2015,2075,OM-fixed,16.39,coal (conv pul) (seawater)
intermediate generation,coal,coal_int_conv pul 2011-2015,2075,OM-fixed,16.39,coal (conv pul) (recirculating)
intermediate generation,coal,coal_int_conv pul 2011-2015,2075,OM-fixed,16.39,coal (conv pul) (cooling pond)
intermediate generation,coal,coal_int_conv pul 2011-2015,2075,OM-fixed,16.39,coal (conv pul) (dry cooling)
intermediate generation,coal,coal_int_conv pul 2016-2021,2075,OM-fixed,16.39,coal (conv pul) (once through)
intermediate generation,coal,coal_int_conv pul 2016-2021,2075,OM-fixed,16.39,coal (conv pul) (seawater)
intermediate generation,coal,coal_int_conv pul 2016-2021,2075,OM-fixed,16.39,coal (conv pul) (recirculating)
intermediate generation,coal,coal_int_conv pul 2016-2021,2075,OM-fixed,16.39,coal (conv pul) (cooling pond)
intermediate generation,coal,coal_int_conv pul 2016-2021,2075,OM-fixed,16.39,coal (conv pul) (dry cooling)
intermediate generation,coal,coal_int_conv pul before 1950,2075,OM-fixed,16.39,coal (conv pul) (once through)
intermediate generation,coal,coal_int_conv pul before 1950,2075,OM-fixed,16.39,coal (conv pul) (seawater)
intermediate generation,coal,coal_int_conv pul before 1950,2075,OM-fixed,16.39,coal (conv pul) (recirculating)
intermediate generation,coal,coal_int_conv pul before 1950,2075,OM-fixed,16.39,coal (conv pul) (cooling pond)
intermediate generation,coal,coal_int_conv pul before 1950,2075,OM-fixed,16.39,coal (conv pul) (dry cooling)
intermediate generation,coal,coal_int_conv pul_retire_2023,2075,OM-fixed,16.39,coal (conv pul) (once through)
intermediate generation,coal,coal_int_conv pul_retire_2023,2075,OM-fixed,16.39,coal (conv pul) (seawater)
intermediate generation,coal,coal_int_conv pul_retire_2023,2075,OM-fixed,16.39,coal (conv pul) (recirculating)
intermediate generation,coal,coal_int_conv pul_retire_2023,2075,OM-fixed,16.39,coal (conv pul) (cooling pond)
intermediate generation,coal,coal_int_conv pul_retire_2023,2075,OM-fixed,16.39,coal (conv pul) (dry cooling)
intermediate generation,biomass,biomass_int_conv,2080,OM-fixed,37.43,biomass (conv) (once through)
intermediate generation,biomass,biomass_int_conv,2080,OM-fixed,37.43,biomass (conv) (seawater)
intermediate generation,biomass,biomass_int_conv,2080,OM-fixed,37.43,biomass (conv) (recirculating)
intermediate generation,biomass,biomass_int_conv,2080,OM-fixed,37.43,biomass (conv) (cooling pond)
intermediate generation,biomass,biomass_int_conv,2080,OM-fixed,37.43,biomass (conv) (dry cooling)
intermediate generation,biomass,biomass_int_conv_CCS,2080,OM-fixed,37.15,biomass (conv CCS) (once through)
intermediate generation,biomass,biomass_int_conv_CCS,2080,OM-fixed,37.15,biomass (conv CCS) (seawater)
intermediate generation,biomass,biomass_int_conv_CCS,2080,OM-fixed,37.15,biomass (conv CCS) (recirculating)
intermediate generation,biomass,biomass_int_conv_CCS,2080,OM-fixed,37.15,biomass (conv CCS) (dry cooling)
intermediate generation,biomass,biomass_int_IGCC,2080,OM-fixed,55.65,biomass (IGCC) (once through)
intermediate generation,biomass,biomass_int_IGCC,2080,OM-fixed,55.65,biomass (IGCC) (seawater)
intermediate generation,biomass,biomass_int_IGCC,2080,OM-fixed,55.65,biomass (IGCC) (recirculating)
intermediate generation,biomass,biomass_int_IGCC,2080,OM-fixed,55.65,biomass (IGCC) (dry cooling)
intermediate generation,biomass,biomass_int_IGCC_CCS,2080,OM-fixed,62.69,biomass (IGCC CCS) (once through)
intermediate generation,biomass,biomass_int_IGCC_CCS,2080,OM-fixed,62.69,biomass (IGCC CCS) (seawater)
intermediate generation,biomass,biomass_int_IGCC_CCS,2080,OM-fixed,62.69,biomass (IGCC CCS) (recirculating)
intermediate generation,biomass,biomass_int_IGCC_CCS,2080,OM-fixed,62.69,biomass (IGCC CCS) (dry cooling)
intermediate generation,coal,coal_int_conv pul,2080,OM-fixed,16.3,coal (conv pul) (once through)
intermediate generation,coal,coal_int_conv pul,2080,OM-fixed,16.3,coal (conv pul) (seawater)
intermediate generation,coal,coal_int_conv pul,2080,OM-fixed,16.3,coal (conv pul) (recirculating)
intermediate generation,coal,coal_int_conv pul,2080,OM-fixed,16.3,coal (conv pul) (cooling pond)
intermediate generation,coal,coal_int_conv pul,2080,OM-fixed,16.3,coal (conv pul) (dry cooling)
intermediate generation,coal,coal_int_conv pul_CCS,2080,OM-fixed,23.19,coal (conv pul CCS) (once through)
intermediate generation,coal,coal_int_conv pul_CCS,2080,OM-fixed,23.19,coal (conv pul CCS) (seawater)
intermediate generation,coal,coal_int_conv pul_CCS,2080,OM-fixed,23.19,coal (conv pul CCS) (recirculating)
intermediate generation,coal,coal_int_conv pul_CCS,2080,OM-fixed,23.19,coal (conv pul CCS) (dry cooling)
intermediate generation,coal,coal_int_IGCC,2080,OM-fixed,34.53,coal (IGCC) (once through)
intermediate generation,coal,coal_int_IGCC,2080,OM-fixed,34.53,coal (IGCC) (seawater)
intermediate generation,coal,coal_int_IGCC,2080,OM-fixed,34.53,coal (IGCC) (recirculating)
intermediate generation,coal,coal_int_IGCC,2080,OM-fixed,34.53,coal (IGCC) (dry cooling)
intermediate generation,coal,coal_int_IGCC_CCS,2080,OM-fixed,48.73,coal (IGCC CCS) (once through)
intermediate generation,coal,coal_int_IGCC_CCS,2080,OM-fixed,48.73,coal (IGCC CCS) (seawater)
intermediate generation,coal,coal_int_IGCC_CCS,2080,OM-fixed,48.73,coal (IGCC CCS) (recirculating)
intermediate generation,coal,coal_int_IGCC_CCS,2080,OM-fixed,48.73,coal (IGCC CCS) (dry cooling)
intermediate generation,gas,gas_int_CC,2080,OM-fixed,6.11,gas (CC) (once through)
intermediate generation,gas,gas_int_CC,2080,OM-fixed,6.11,gas (CC) (seawater)
intermediate generation,gas,gas_int_CC,2080,OM-fixed,6.11,gas (CC) (recirculating)
intermediate generation,gas,gas_int_CC,2080,OM-fixed,6.11,gas (CC) (cooling pond)
intermediate generation,gas,gas_int_CC,2080,OM-fixed,6.11,gas (CC) (dry cooling)
intermediate generation,gas,gas_int_CC_CCS,2080,OM-fixed,10.15,gas (CC CCS) (once through)
intermediate generation,gas,gas_int_CC_CCS,2080,OM-fixed,10.15,gas (CC CCS) (seawater)
intermediate generation,gas,gas_int_CC_CCS,2080,OM-fixed,10.15,gas (CC CCS) (recirculating)
intermediate generation,gas,gas_int_CC_CCS,2080,OM-fixed,10.15,gas (CC CCS) (dry cooling)
intermediate generation,refined liquids,refined liquids_int_steam/CT,2080,OM-fixed,5.03,refined liquids (steam/CT) (once through)
intermediate generation,refined liquids,refined liquids_int_steam/CT,2080,OM-fixed,5.03,refined liquids (steam/CT) (seawater)
intermediate generation,refined liquids,refined liquids_int_steam/CT,2080,OM-fixed,5.03,refined liquids (steam/CT) (recirculating)
intermediate generation,refined liquids,refined liquids_int_steam/CT,2080,OM-fixed,5.03,refined liquids (steam/CT) (cooling pond)
intermediate generation,refined liquids,refined liquids_int_steam/CT,2080,OM-fixed,5.03,refined liquids (steam/CT) (dry cooling)
intermediate generation,refined liquids,refined liquids_int_CC,2080,OM-fixed,6.11,refined liquids (CC) (once through)
intermediate generation,refined liquids,refined liquids_int_CC,2080,OM-fixed,6.11,refined liquids (CC) (seawater)
intermediate generation,refined liquids,refined liquids_int_CC,2080,OM-fixed,6.11,refined liquids (CC) (recirculating)
intermediate generation,refined liquids,refined liquids_int_CC,2080,OM-fixed,6.11,refined liquids (CC) (dry cooling)
intermediate generation,refined liquids,refined liquids_int_CC_CCS,2080,OM-fixed,10.15,refined liquids (CC CCS) (once through)
intermediate generation,refined liquids,refined liquids_int_CC_CCS,2080,OM-fixed,10.15,refined liquids (CC CCS) (seawater)
intermediate generation,refined liquids,refined liquids_int_CC_CCS,2080,OM-fixed,10.15,refined liquids (CC CCS) (recirculating)
intermediate generation,refined liquids,refined liquids_int_CC_CCS,2080,OM-fixed,10.15,refined liquids (CC CCS) (dry cooling)
intermediate generation,coal,coal_int_conv pul 1951-1955,2080,OM-fixed,16.3,coal (conv pul) (once through)
intermediate generation,coal,coal_int_conv pul 1951-1955,2080,OM-fixed,16.3,coal (conv pul) (seawater)
intermediate generation,coal,coal_int_conv pul 1951-1955,2080,OM-fixed,16.3,coal (conv pul) (recirculating)
intermediate generation,coal,coal_int_conv pul 1951-1955,2080,OM-fixed,16.3,coal (conv pul) (cooling pond)
intermediate generation,coal,coal_int_conv pul 1951-1955,2080,OM-fixed,16.3,coal (conv pul) (dry cooling)
intermediate generation,coal,coal_int_conv pul 1956-1960,2080,OM-fixed,16.3,coal (conv pul) (once through)
intermediate generation,coal,coal_int_conv pul 1956-1960,2080,OM-fixed,16.3,coal (conv pul) (seawater)
intermediate generation,coal,coal_int_conv pul 1956-1960,2080,OM-fixed,16.3,coal (conv pul) (recirculating)
intermediate generation,coal,coal_int_conv pul 1956-1960,2080,OM-fixed,16.3,coal (conv pul) (cooling pond)
intermediate generation,coal,coal_int_conv pul 1956-1960,2080,OM-fixed,16.3,coal (conv pul) (dry cooling)
intermediate generation,coal,coal_int_conv pul 1961-1965,2080,OM-fixed,16.3,coal (conv pul) (once through)
intermediate generation,coal,coal_int_conv pul 1961-1965,2080,OM-fixed,16.3,coal (conv pul) (seawater)
intermediate generation,coal,coal_int_conv pul 1961-1965,2080,OM-fixed,16.3,coal (conv pul) (recirculating)
intermediate generation,coal,coal_int_conv pul 1961-1965,2080,OM-fixed,16.3,coal (conv pul) (cooling pond)
intermediate generation,coal,coal_int_conv pul 1961-1965,2080,OM-fixed,16.3,coal (conv pul) (dry cooling)
intermediate generation,coal,coal_int_conv pul 1966-1970,2080,OM-fixed,16.3,coal (conv pul) (once through)
intermediate generation,coal,coal_int_conv pul 1966-1970,2080,OM-fixed,16.3,coal (conv pul) (seawater)
intermediate generation,coal,coal_int_conv pul 1966-1970,2080,OM-fixed,16.3,coal (conv pul) (recirculating)
intermediate generation,coal,coal_int_conv pul 1966-1970,2080,OM-fixed,16.3,coal (conv pul) (cooling pond)
intermediate generation,coal,coal_int_conv pul 1966-1970,2080,OM-fixed,16.3,coal (conv pul) (dry cooling)
intermediate generation,coal,coal_int_conv pul 1971-1975,2080,OM-fixed,16.3,coal (conv pul) (once through)
intermediate generation,coal,coal_int_conv pul 1971-1975,2080,OM-fixed,16.3,coal (conv pul) (seawater)
intermediate generation,coal,coal_int_conv pul 1971-1975,2080,OM-fixed,16.3,coal (conv pul) (recirculating)
intermediate generation,coal,coal_int_conv pul 1971-1975,2080,OM-fixed,16.3,coal (conv pul) (cooling pond)
intermediate generation,coal,coal_int_conv pul 1971-1975,2080,OM-fixed,16.3,coal (conv pul) (dry cooling)
intermediate generation,coal,coal_int_conv pul 1976-1980,2080,OM-fixed,16.3,coal (conv pul) (once through)
intermediate generation,coal,coal_int_conv pul 1976-1980,2080,OM-fixed,16.3,coal (conv pul) (seawater)
intermediate generation,coal,coal_int_conv pul 1976-1980,2080,OM-fixed,16.3,coal (conv pul) (recirculating)
intermediate generation,coal,coal_int_conv pul 1976-1980,2080,OM-fixed,16.3,coal (conv pul) (cooling pond)
intermediate generation,coal,coal_int_conv pul 1976-1980,2080,OM-fixed,16.3,coal (conv pul) (dry cooling)
intermediate generation,coal,coal_int_conv pul 1981-1985,2080,OM-fixed,16.3,coal (conv pul) (once through)
intermediate generation,coal,coal_int_conv pul 1981-1985,2080,OM-fixed,16.3,coal (conv pul) (seawater)
intermediate generation,coal,coal_int_conv pul 1981-1985,2080,OM-fixed,16.3,coal (conv pul) (recirculating)
intermediate generation,coal,coal_int_conv pul 1981-1985,2080,OM-fixed,16.3,coal (conv pul) (cooling pond)
intermediate generation,coal,coal_int_conv pul 1981-1985,2080,OM-fixed,16.3,coal (conv pul) (dry cooling)
intermediate generation,coal,coal_int_conv pul 1986-1990,2080,OM-fixed,16.3,coal (conv pul) (once through)
intermediate generation,coal,coal_int_conv pul 1986-1990,2080,OM-fixed,16.3,coal (conv pul) (seawater)
intermediate generation,coal,coal_int_conv pul 1986-1990,2080,OM-fixed,16.3,coal (conv pul) (recirculating)
intermediate generation,coal,coal_int_conv pul 1986-1990,2080,OM-fixed,16.3,coal (conv pul) (cooling pond)
intermediate generation,coal,coal_int_conv pul 1986-1990,2080,OM-fixed,16.3,coal (conv pul) (dry cooling)
intermediate generation,coal,coal_int_conv pul 1991-1995,2080,OM-fixed,16.3,coal (conv pul) (once through)
intermediate generation,coal,coal_int_conv pul 1991-1995,2080,OM-fixed,16.3,coal (conv pul) (seawater)
intermediate generation,coal,coal_int_conv pul 1991-1995,2080,OM-fixed,16.3,coal (conv pul) (recirculating)
intermediate generation,coal,coal_int_conv pul 1991-1995,2080,OM-fixed,16.3,coal (conv pul) (cooling pond)
intermediate generation,coal,coal_int_conv pul 1991-1995,2080,OM-fixed,16.3,coal (conv pul) (dry cooling)
intermediate generation,coal,coal_int_conv pul 1996-2000,2080,OM-fixed,16.3,coal (conv pul) (once through)
intermediate generation,coal,coal_int_conv pul 1996-2000,2080,OM-fixed,16.3,coal (conv pul) (seawater)
intermediate generation,coal,coal_int_conv pul 1996-2000,2080,OM-fixed,16.3,coal (conv pul) (recirculating)
intermediate generation,coal,coal_int_conv pul 1996-2000,2080,OM-fixed,16.3,coal (conv pul) (cooling pond)
intermediate generation,coal,coal_int_conv pul 1996-2000,2080,OM-fixed,16.3,coal (conv pul) (dry cooling)
intermediate generation,coal,coal_int_conv pul 2001-2005,2080,OM-fixed,16.3,coal (conv pul) (once through)
intermediate generation,coal,coal_int_conv pul 2001-2005,2080,OM-fixed,16.3,coal (conv pul) (seawater)
intermediate generation,coal,coal_int_conv pul 2001-2005,2080,OM-fixed,16.3,coal (conv pul) (recirculating)
intermediate generation,coal,coal_int_conv pul 2001-2005,2080,OM-fixed,16.3,coal (conv pul) (cooling pond)
intermediate generation,coal,coal_int_conv pul 2001-2005,2080,OM-fixed,16.3,coal (conv pul) (dry cooling)
intermediate generation,coal,coal_int_conv pul 2006-2010,2080,OM-fixed,16.3,coal (conv pul) (once through)
intermediate generation,coal,coal_int_conv pul 2006-2010,2080,OM-fixed,16.3,coal (conv pul) (seawater)
intermediate generation,coal,coal_int_conv pul 2006-2010,2080,OM-fixed,16.3,coal (conv pul) (recirculating)
intermediate generation,coal,coal_int_conv pul 2006-2010,2080,OM-fixed,16.3,coal (conv pul) (cooling pond)
intermediate generation,coal,coal_int_conv pul 2006-2010,2080,OM-fixed,16.3,coal (conv pul) (dry cooling)
intermediate generation,coal,coal_int_conv pul 2011-2015,2080,OM-fixed,16.3,coal (conv pul) (once through)
intermediate generation,coal,coal_int_conv pul 2011-2015,2080,OM-fixed,16.3,coal (conv pul) (seawater)
intermediate generation,coal,coal_int_conv pul 2011-2015,2080,OM-fixed,16.3,coal (conv pul) (recirculating)
intermediate generation,coal,coal_int_conv pul 2011-2015,2080,OM-fixed,16.3,coal (conv pul) (cooling pond)
intermediate generation,coal,coal_int_conv pul 2011-2015,2080,OM-fixed,16.3,coal (conv pul) (dry cooling)
intermediate generation,coal,coal_int_conv pul 2016-2021,2080,OM-fixed,16.3,coal (conv pul) (once through)
intermediate generation,coal,coal_int_conv pul 2016-2021,2080,OM-fixed,16.3,coal (conv pul) (seawater)
intermediate generation,coal,coal_int_conv pul 2016-2021,2080,OM-fixed,16.3,coal (conv pul) (recirculating)
intermediate generation,coal,coal_int_conv pul 2016-2021,2080,OM-fixed,16.3,coal (conv pul) (cooling pond)
intermediate generation,coal,coal_int_conv pul 2016-2021,2080,OM-fixed,16.3,coal (conv pul) (dry cooling)
intermediate generation,coal,coal_int_conv pul before 1950,2080,OM-fixed,16.3,coal (conv pul) (once through)
intermediate generation,coal,coal_int_conv pul before 1950,2080,OM-fixed,16.3,coal (conv pul) (seawater)
intermediate generation,coal,coal_int_conv pul before 1950,2080,OM-fixed,16.3,coal (conv pul) (recirculating)
intermediate generation,coal,coal_int_conv pul before 1950,2080,OM-fixed,16.3,coal (conv pul) (cooling pond)
intermediate generation,coal,coal_int_conv pul before 1950,2080,OM-fixed,16.3,coal (conv pul) (dry cooling)
intermediate generation,coal,coal_int_conv pul_retire_2023,2080,OM-fixed,16.3,coal (conv pul) (once through)
intermediate generation,coal,coal_int_conv pul_retire_2023,2080,OM-fixed,16.3,coal (conv pul) (seawater)
intermediate generation,coal,coal_int_conv pul_retire_2023,2080,OM-fixed,16.3,coal (conv pul) (recirculating)
intermediate generation,coal,coal_int_conv pul_retire_2023,2080,OM-fixed,16.3,coal (conv pul) (cooling pond)
intermediate generation,coal,coal_int_conv pul_retire_2023,2080,OM-fixed,16.3,coal (conv pul) (dry cooling)
intermediate generation,biomass,biomass_int_conv,2085,OM-fixed,37.24,biomass (conv) (once through)
intermediate generation,biomass,biomass_int_conv,2085,OM-fixed,37.24,biomass (conv) (seawater)
intermediate generation,biomass,biomass_int_conv,2085,OM-fixed,37.24,biomass (conv) (recirculating)
intermediate generation,biomass,biomass_int_conv,2085,OM-fixed,37.24,biomass (conv) (cooling pond)
intermediate generation,biomass,biomass_int_conv,2085,OM-fixed,37.24,biomass (conv) (dry cooling)
intermediate generation,biomass,biomass_int_conv_CCS,2085,OM-fixed,36.96,biomass (conv CCS) (once through)
intermediate generation,biomass,biomass_int_conv_CCS,2085,OM-fixed,36.96,biomass (conv CCS) (seawater)
intermediate generation,biomass,biomass_int_conv_CCS,2085,OM-fixed,36.96,biomass (conv CCS) (recirculating)
intermediate generation,biomass,biomass_int_conv_CCS,2085,OM-fixed,36.96,biomass (conv CCS) (dry cooling)
intermediate generation,biomass,biomass_int_IGCC,2085,OM-fixed,55.38,biomass (IGCC) (once through)
intermediate generation,biomass,biomass_int_IGCC,2085,OM-fixed,55.38,biomass (IGCC) (seawater)
intermediate generation,biomass,biomass_int_IGCC,2085,OM-fixed,55.38,biomass (IGCC) (recirculating)
intermediate generation,biomass,biomass_int_IGCC,2085,OM-fixed,55.38,biomass (IGCC) (dry cooling)
intermediate generation,biomass,biomass_int_IGCC_CCS,2085,OM-fixed,62.38,biomass (IGCC CCS) (once through)
intermediate generation,biomass,biomass_int_IGCC_CCS,2085,OM-fixed,62.38,biomass (IGCC CCS) (seawater)
intermediate generation,biomass,biomass_int_IGCC_CCS,2085,OM-fixed,62.38,biomass (IGCC CCS) (recirculating)
intermediate generation,biomass,biomass_int_IGCC_CCS,2085,OM-fixed,62.38,biomass (IGCC CCS) (dry cooling)
intermediate generation,coal,coal_int_conv pul,2085,OM-fixed,16.22,coal (conv pul) (once through)
intermediate generation,coal,coal_int_conv pul,2085,OM-fixed,16.22,coal (conv pul) (seawater)
intermediate generation,coal,coal_int_conv pul,2085,OM-fixed,16.22,coal (conv pul) (recirculating)
intermediate generation,coal,coal_int_conv pul,2085,OM-fixed,16.22,coal (conv pul) (cooling pond)
intermediate generation,coal,coal_int_conv pul,2085,OM-fixed,16.22,coal (conv pul) (dry cooling)
intermediate generation,coal,coal_int_conv pul_CCS,2085,OM-fixed,23.07,coal (conv pul CCS) (once through)
intermediate generation,coal,coal_int_conv pul_CCS,2085,OM-fixed,23.07,coal (conv pul CCS) (seawater)
intermediate generation,coal,coal_int_conv pul_CCS,2085,OM-fixed,23.07,coal (conv pul CCS) (recirculating)
intermediate generation,coal,coal_int_conv pul_CCS,2085,OM-fixed,23.07,coal (conv pul CCS) (dry cooling)
intermediate generation,coal,coal_int_IGCC,2085,OM-fixed,34.36,coal (IGCC) (once through)
intermediate generation,coal,coal_int_IGCC,2085,OM-fixed,34.36,coal (IGCC) (seawater)
intermediate generation,coal,coal_int_IGCC,2085,OM-fixed,34.36,coal (IGCC) (recirculating)
intermediate generation,coal,coal_int_IGCC,2085,OM-fixed,34.36,coal (IGCC) (dry cooling)
intermediate generation,coal,coal_int_IGCC_CCS,2085,OM-fixed,48.49,coal (IGCC CCS) (once through)
intermediate generation,coal,coal_int_IGCC_CCS,2085,OM-fixed,48.49,coal (IGCC CCS) (seawater)
intermediate generation,coal,coal_int_IGCC_CCS,2085,OM-fixed,48.49,coal (IGCC CCS) (recirculating)
intermediate generation,coal,coal_int_IGCC_CCS,2085,OM-fixed,48.49,coal (IGCC CCS) (dry cooling)
intermediate generation,gas,gas_int_CC,2085,OM-fixed,6.08,gas (CC) (once through)
intermediate generation,gas,gas_int_CC,2085,OM-fixed,6.08,gas (CC) (seawater)
intermediate generation,gas,gas_int_CC,2085,OM-fixed,6.08,gas (CC) (recirculating)
intermediate generation,gas,gas_int_CC,2085,OM-fixed,6.08,gas (CC) (cooling pond)
intermediate generation,gas,gas_int_CC,2085,OM-fixed,6.08,gas (CC) (dry cooling)
intermediate generation,gas,gas_int_CC_CCS,2085,OM-fixed,10.1,gas (CC CCS) (once through)
intermediate generation,gas,gas_int_CC_CCS,2085,OM-fixed,10.1,gas (CC CCS) (seawater)
intermediate generation,gas,gas_int_CC_CCS,2085,OM-fixed,10.1,gas (CC CCS) (recirculating)
intermediate generation,gas,gas_int_CC_CCS,2085,OM-fixed,10.1,gas (CC CCS) (dry cooling)
intermediate generation,refined liquids,refined liquids_int_steam/CT,2085,OM-fixed,5.01,refined liquids (steam/CT) (once through)
intermediate generation,refined liquids,refined liquids_int_steam/CT,2085,OM-fixed,5.01,refined liquids (steam/CT) (seawater)
intermediate generation,refined liquids,refined liquids_int_steam/CT,2085,OM-fixed,5.01,refined liquids (steam/CT) (recirculating)
intermediate generation,refined liquids,refined liquids_int_steam/CT,2085,OM-fixed,5.01,refined liquids (steam/CT) (cooling pond)
intermediate generation,refined liquids,refined liquids_int_steam/CT,2085,OM-fixed,5.01,refined liquids (steam/CT) (dry cooling)
intermediate generation,refined liquids,refined liquids_int_CC,2085,OM-fixed,6.08,refined liquids (CC) (once through)
intermediate generation,refined liquids,refined liquids_int_CC,2085,OM-fixed,6.08,refined liquids (CC) (seawater)
intermediate generation,refined liquids,refined liquids_int_CC,2085,OM-fixed,6.08,refined liquids (CC) (recirculating)
intermediate generation,refined liquids,refined liquids_int_CC,2085,OM-fixed,6.08,refined liquids (CC) (dry cooling)
intermediate generation,refined liquids,refined liquids_int_CC_CCS,2085,OM-fixed,10.1,refined liquids (CC CCS) (once through)
intermediate generation,refined liquids,refined liquids_int_CC_CCS,2085,OM-fixed,10.1,refined liquids (CC CCS) (seawater)
intermediate generation,refined liquids,refined liquids_int_CC_CCS,2085,OM-fixed,10.1,refined liquids (CC CCS) (recirculating)
intermediate generation,refined liquids,refined liquids_int_CC_CCS,2085,OM-fixed,10.1,refined liquids (CC CCS) (dry cooling)
intermediate generation,coal,coal_int_conv pul 1951-1955,2085,OM-fixed,16.22,coal (conv pul) (once through)
intermediate generation,coal,coal_int_conv pul 1951-1955,2085,OM-fixed,16.22,coal (conv pul) (seawater)
intermediate generation,coal,coal_int_conv pul 1951-1955,2085,OM-fixed,16.22,coal (conv pul) (recirculating)
intermediate generation,coal,coal_int_conv pul 1951-1955,2085,OM-fixed,16.22,coal (conv pul) (cooling pond)
intermediate generation,coal,coal_int_conv pul 1951-1955,2085,OM-fixed,16.22,coal (conv pul) (dry cooling)
intermediate generation,coal,coal_int_conv pul 1956-1960,2085,OM-fixed,16.22,coal (conv pul) (once through)
intermediate generation,coal,coal_int_conv pul 1956-1960,2085,OM-fixed,16.22,coal (conv pul) (seawater)
intermediate generation,coal,coal_int_conv pul 1956-1960,2085,OM-fixed,16.22,coal (conv pul) (recirculating)
intermediate generation,coal,coal_int_conv pul 1956-1960,2085,OM-fixed,16.22,coal (conv pul) (cooling pond)
intermediate generation,coal,coal_int_conv pul 1956-1960,2085,OM-fixed,16.22,coal (conv pul) (dry cooling)
intermediate generation,coal,coal_int_conv pul 1961-1965,2085,OM-fixed,16.22,coal (conv pul) (once through)
intermediate generation,coal,coal_int_conv pul 1961-1965,2085,OM-fixed,16.22,coal (conv pul) (seawater)
intermediate generation,coal,coal_int_conv pul 1961-1965,2085,OM-fixed,16.22,coal (conv pul) (recirculating)
intermediate generation,coal,coal_int_conv pul 1961-1965,2085,OM-fixed,16.22,coal (conv pul) (cooling pond)
intermediate generation,coal,coal_int_conv pul 1961-1965,2085,OM-fixed,16.22,coal (conv pul) (dry cooling)
intermediate generation,coal,coal_int_conv pul 1966-1970,2085,OM-fixed,16.22,coal (conv pul) (once through)
intermediate generation,coal,coal_int_conv pul 1966-1970,2085,OM-fixed,16.22,coal (conv pul) (seawater)
intermediate generation,coal,coal_int_conv pul 1966-1970,2085,OM-fixed,16.22,coal (conv pul) (recirculating)
intermediate generation,coal,coal_int_conv pul 1966-1970,2085,OM-fixed,16.22,coal (conv pul) (cooling pond)
intermediate generation,coal,coal_int_conv pul 1966-1970,2085,OM-fixed,16.22,coal (conv pul) (dry cooling)
intermediate generation,coal,coal_int_conv pul 1971-1975,2085,OM-fixed,16.22,coal (conv pul) (once through)
intermediate generation,coal,coal_int_conv pul 1971-1975,2085,OM-fixed,16.22,coal (conv pul) (seawater)
intermediate generation,coal,coal_int_conv pul 1971-1975,2085,OM-fixed,16.22,coal (conv pul) (recirculating)
intermediate generation,coal,coal_int_conv pul 1971-1975,2085,OM-fixed,16.22,coal (conv pul) (cooling pond)
intermediate generation,coal,coal_int_conv pul 1971-1975,2085,OM-fixed,16.22,coal (conv pul) (dry cooling)
intermediate generation,coal,coal_int_conv pul 1976-1980,2085,OM-fixed,16.22,coal (conv pul) (once through)
intermediate generation,coal,coal_int_conv pul 1976-1980,2085,OM-fixed,16.22,coal (conv pul) (seawater)
intermediate generation,coal,coal_int_conv pul 1976-1980,2085,OM-fixed,16.22,coal (conv pul) (recirculating)
intermediate generation,coal,coal_int_conv pul 1976-1980,2085,OM-fixed,16.22,coal (conv pul) (cooling pond)
intermediate generation,coal,coal_int_conv pul 1976-1980,2085,OM-fixed,16.22,coal (conv pul) (dry cooling)
intermediate generation,coal,coal_int_conv pul 1981-1985,2085,OM-fixed,16.22,coal (conv pul) (once through)
intermediate generation,coal,coal_int_conv pul 1981-1985,2085,OM-fixed,16.22,coal (conv pul) (seawater)
intermediate generation,coal,coal_int_conv pul 1981-1985,2085,OM-fixed,16.22,coal (conv pul) (recirculating)
intermediate generation,coal,coal_int_conv pul 1981-1985,2085,OM-fixed,16.22,coal (conv pul) (cooling pond)
intermediate generation,coal,coal_int_conv pul 1981-1985,2085,OM-fixed,16.22,coal (conv pul) (dry cooling)
intermediate generation,coal,coal_int_conv pul 1986-1990,2085,OM-fixed,16.22,coal (conv pul) (once through)
intermediate generation,coal,coal_int_conv pul 1986-1990,2085,OM-fixed,16.22,coal (conv pul) (seawater)
intermediate generation,coal,coal_int_conv pul 1986-1990,2085,OM-fixed,16.22,coal (conv pul) (recirculating)
intermediate generation,coal,coal_int_conv pul 1986-1990,2085,OM-fixed,16.22,coal (conv pul) (cooling pond)
intermediate generation,coal,coal_int_conv pul 1986-1990,2085,OM-fixed,16.22,coal (conv pul) (dry cooling)
intermediate generation,coal,coal_int_conv pul 1991-1995,2085,OM-fixed,16.22,coal (conv pul) (once through)
intermediate generation,coal,coal_int_conv pul 1991-1995,2085,OM-fixed,16.22,coal (conv pul) (seawater)
intermediate generation,coal,coal_int_conv pul 1991-1995,2085,OM-fixed,16.22,coal (conv pul) (recirculating)
intermediate generation,coal,coal_int_conv pul 1991-1995,2085,OM-fixed,16.22,coal (conv pul) (cooling pond)
intermediate generation,coal,coal_int_conv pul 1991-1995,2085,OM-fixed,16.22,coal (conv pul) (dry cooling)
intermediate generation,coal,coal_int_conv pul 1996-2000,2085,OM-fixed,16.22,coal (conv pul) (once through)
intermediate generation,coal,coal_int_conv pul 1996-2000,2085,OM-fixed,16.22,coal (conv pul) (seawater)
intermediate generation,coal,coal_int_conv pul 1996-2000,2085,OM-fixed,16.22,coal (conv pul) (recirculating)
intermediate generation,coal,coal_int_conv pul 1996-2000,2085,OM-fixed,16.22,coal (conv pul) (cooling pond)
intermediate generation,coal,coal_int_conv pul 1996-2000,2085,OM-fixed,16.22,coal (conv pul) (dry cooling)
intermediate generation,coal,coal_int_conv pul 2001-2005,2085,OM-fixed,16.22,coal (conv pul) (once through)
intermediate generation,coal,coal_int_conv pul 2001-2005,2085,OM-fixed,16.22,coal (conv pul) (seawater)
intermediate generation,coal,coal_int_conv pul 2001-2005,2085,OM-fixed,16.22,coal (conv pul) (recirculating)
intermediate generation,coal,coal_int_conv pul 2001-2005,2085,OM-fixed,16.22,coal (conv pul) (cooling pond)
intermediate generation,coal,coal_int_conv pul 2001-2005,2085,OM-fixed,16.22,coal (conv pul) (dry cooling)
intermediate generation,coal,coal_int_conv pul 2006-2010,2085,OM-fixed,16.22,coal (conv pul) (once through)
intermediate generation,coal,coal_int_conv pul 2006-2010,2085,OM-fixed,16.22,coal (conv pul) (seawater)
intermediate generation,coal,coal_int_conv pul 2006-2010,2085,OM-fixed,16.22,coal (conv pul) (recirculating)
intermediate generation,coal,coal_int_conv pul 2006-2010,2085,OM-fixed,16.22,coal (conv pul) (cooling pond)
intermediate generation,coal,coal_int_conv pul 2006-2010,2085,OM-fixed,16.22,coal (conv pul) (dry cooling)
intermediate generation,coal,coal_int_conv pul 2011-2015,2085,OM-fixed,16.22,coal (conv pul) (once through)
intermediate generation,coal,coal_int_conv pul 2011-2015,2085,OM-fixed,16.22,coal (conv pul) (seawater)
intermediate generation,coal,coal_int_conv pul 2011-2015,2085,OM-fixed,16.22,coal (conv pul) (recirculating)
intermediate generation,coal,coal_int_conv pul 2011-2015,2085,OM-fixed,16.22,coal (conv pul) (cooling pond)
intermediate generation,coal,coal_int_conv pul 2011-2015,2085,OM-fixed,16.22,coal (conv pul) (dry cooling)
intermediate generation,coal,coal_int_conv pul 2016-2021,2085,OM-fixed,16.22,coal (conv pul) (once through)
intermediate generation,coal,coal_int_conv pul 2016-2021,2085,OM-fixed,16.22,coal (conv pul) (seawater)
intermediate generation,coal,coal_int_conv pul 2016-2021,2085,OM-fixed,16.22,coal (conv pul) (recirculating)
intermediate generation,coal,coal_int_conv pul 2016-2021,2085,OM-fixed,16.22,coal (conv pul) (cooling pond)
intermediate generation,coal,coal_int_conv pul 2016-2021,2085,OM-fixed,16.22,coal (conv pul) (dry cooling)
intermediate generation,coal,coal_int_conv pul before 1950,2085,OM-fixed,16.22,coal (conv pul) (once through)
intermediate generation,coal,coal_int_conv pul before 1950,2085,OM-fixed,16.22,coal (conv pul) (seawater)
intermediate generation,coal,coal_int_conv pul before 1950,2085,OM-fixed,16.22,coal (conv pul) (recirculating)
intermediate generation,coal,coal_int_conv pul before 1950,2085,OM-fixed,16.22,coal (conv pul) (cooling pond)
intermediate generation,coal,coal_int_conv pul before 1950,2085,OM-fixed,16.22,coal (conv pul) (dry cooling)
intermediate generation,coal,coal_int_conv pul_retire_2023,2085,OM-fixed,16.22,coal (conv pul) (once through)
intermediate generation,coal,coal_int_conv pul_retire_2023,2085,OM-fixed,16.22,coal (conv pul) (seawater)
intermediate generation,coal,coal_int_conv pul_retire_2023,2085,OM-fixed,16.22,coal (conv pul) (recirculating)
intermediate generation,coal,coal_int_conv pul_retire_2023,2085,OM-fixed,16.22,coal (conv pul) (cooling pond)
intermediate generation,coal,coal_int_conv pul_retire_2023,2085,OM-fixed,16.22,coal (conv pul) (dry cooling)
intermediate generation,biomass,biomass_int_conv,2090,OM-fixed,37.05,biomass (conv) (once through)
intermediate generation,biomass,biomass_int_conv,2090,OM-fixed,37.05,biomass (conv) (seawater)
intermediate generation,biomass,biomass_int_conv,2090,OM-fixed,37.05,biomass (conv) (recirculating)
intermediate generation,biomass,biomass_int_conv,2090,OM-fixed,37.05,biomass (conv) (cooling pond)
intermediate generation,biomass,biomass_int_conv,2090,OM-fixed,37.05,biomass (conv) (dry cooling)
intermediate generation,biomass,biomass_int_conv_CCS,2090,OM-fixed,36.78,biomass (conv CCS) (once through)
intermediate generation,biomass,biomass_int_conv_CCS,2090,OM-fixed,36.78,biomass (conv CCS) (seawater)
intermediate generation,biomass,biomass_int_conv_CCS,2090,OM-fixed,36.78,biomass (conv CCS) (recirculating)
intermediate generation,biomass,biomass_int_conv_CCS,2090,OM-fixed,36.78,biomass (conv CCS) (dry cooling)
intermediate generation,biomass,biomass_int_IGCC,2090,OM-fixed,55.1,biomass (IGCC) (once through)
intermediate generation,biomass,biomass_int_IGCC,2090,OM-fixed,55.1,biomass (IGCC) (seawater)
intermediate generation,biomass,biomass_int_IGCC,2090,OM-fixed,55.1,biomass (IGCC) (recirculating)
intermediate generation,biomass,biomass_int_IGCC,2090,OM-fixed,55.1,biomass (IGCC) (dry cooling)
intermediate generation,biomass,biomass_int_IGCC_CCS,2090,OM-fixed,62.07,biomass (IGCC CCS) (once through)
intermediate generation,biomass,biomass_int_IGCC_CCS,2090,OM-fixed,62.07,biomass (IGCC CCS) (seawater)
intermediate generation,biomass,biomass_int_IGCC_CCS,2090,OM-fixed,62.07,biomass (IGCC CCS) (recirculating)
intermediate generation,biomass,biomass_int_IGCC_CCS,2090,OM-fixed,62.07,biomass (IGCC CCS) (dry cooling)
intermediate generation,coal,coal_int_conv pul,2090,OM-fixed,16.14,coal (conv pul) (once through)
intermediate generation,coal,coal_int_conv pul,2090,OM-fixed,16.14,coal (conv pul) (seawater)
intermediate generation,coal,coal_int_conv pul,2090,OM-fixed,16.14,coal (conv pul) (recirculating)
intermediate generation,coal,coal_int_conv pul,2090,OM-fixed,16.14,coal (conv pul) (cooling pond)
intermediate generation,coal,coal_int_conv pul,2090,OM-fixed,16.14,coal (conv pul) (dry cooling)
intermediate generation,coal,coal_int_conv pul_CCS,2090,OM-fixed,22.96,coal (conv pul CCS) (once through)
intermediate generation,coal,coal_int_conv pul_CCS,2090,OM-fixed,22.96,coal (conv pul CCS) (seawater)
intermediate generation,coal,coal_int_conv pul_CCS,2090,OM-fixed,22.96,coal (conv pul CCS) (recirculating)
intermediate generation,coal,coal_int_conv pul_CCS,2090,OM-fixed,22.96,coal (conv pul CCS) (dry cooling)
intermediate generation,coal,coal_int_IGCC,2090,OM-fixed,34.19,coal (IGCC) (once through)
intermediate generation,coal,coal_int_IGCC,2090,OM-fixed,34.19,coal (IGCC) (seawater)
intermediate generation,coal,coal_int_IGCC,2090,OM-fixed,34.19,coal (IGCC) (recirculating)
intermediate generation,coal,coal_int_IGCC,2090,OM-fixed,34.19,coal (IGCC) (dry cooling)
intermediate generation,coal,coal_int_IGCC_CCS,2090,OM-fixed,48.25,coal (IGCC CCS) (once through)
intermediate generation,coal,coal_int_IGCC_CCS,2090,OM-fixed,48.25,coal (IGCC CCS) (seawater)
intermediate generation,coal,coal_int_IGCC_CCS,2090,OM-fixed,48.25,coal (IGCC CCS) (recirculating)
intermediate generation,coal,coal_int_IGCC_CCS,2090,OM-fixed,48.25,coal (IGCC CCS) (dry cooling)
intermediate generation,gas,gas_int_CC,2090,OM-fixed,6.04,gas (CC) (once through)
intermediate generation,gas,gas_int_CC,2090,OM-fixed,6.04,gas (CC) (seawater)
intermediate generation,gas,gas_int_CC,2090,OM-fixed,6.04,gas (CC) (recirculating)
intermediate generation,gas,gas_int_CC,2090,OM-fixed,6.04,gas (CC) (cooling pond)
intermediate generation,gas,gas_int_CC,2090,OM-fixed,6.04,gas (CC) (dry cooling)
intermediate generation,gas,gas_int_CC_CCS,2090,OM-fixed,10.05,gas (CC CCS) (once through)
intermediate generation,gas,gas_int_CC_CCS,2090,OM-fixed,10.05,gas (CC CCS) (seawater)
intermediate generation,gas,gas_int_CC_CCS,2090,OM-fixed,10.05,gas (CC CCS) (recirculating)
intermediate generation,gas,gas_int_CC_CCS,2090,OM-fixed,10.05,gas (CC CCS) (dry cooling)
intermediate generation,refined liquids,refined liquids_int_steam/CT,2090,OM-fixed,4.98,refined liquids (steam/CT) (once through)
intermediate generation,refined liquids,refined liquids_int_steam/CT,2090,OM-fixed,4.98,refined liquids (steam/CT) (seawater)
intermediate generation,refined liquids,refined liquids_int_steam/CT,2090,OM-fixed,4.98,refined liquids (steam/CT) (recirculating)
intermediate generation,refined liquids,refined liquids_int_steam/CT,2090,OM-fixed,4.98,refined liquids (steam/CT) (cooling pond)
intermediate generation,refined liquids,refined liquids_int_steam/CT,2090,OM-fixed,4.98,refined liquids (steam/CT) (dry cooling)
intermediate generation,refined liquids,refined liquids_int_CC,2090,OM-fixed,6.04,refined liquids (CC) (once through)
intermediate generation,refined liquids,refined liquids_int_CC,2090,OM-fixed,6.04,refined liquids (CC) (seawater)
intermediate generation,refined liquids,refined liquids_int_CC,2090,OM-fixed,6.04,refined liquids (CC) (recirculating)
intermediate generation,refined liquids,refined liquids_int_CC,2090,OM-fixed,6.04,refined liquids (CC) (dry cooling)
intermediate generation,refined liquids,refined liquids_int_CC_CCS,2090,OM-fixed,10.05,refined liquids (CC CCS) (once through)
intermediate generation,refined liquids,refined liquids_int_CC_CCS,2090,OM-fixed,10.05,refined liquids (CC CCS) (seawater)
intermediate generation,refined liquids,refined liquids_int_CC_CCS,2090,OM-fixed,10.05,refined liquids (CC CCS) (recirculating)
intermediate generation,refined liquids,refined liquids_int_CC_CCS,2090,OM-fixed,10.05,refined liquids (CC CCS) (dry cooling)
intermediate generation,coal,coal_int_conv pul 1951-1955,2090,OM-fixed,16.14,coal (conv pul) (once through)
intermediate generation,coal,coal_int_conv pul 1951-1955,2090,OM-fixed,16.14,coal (conv pul) (seawater)
intermediate generation,coal,coal_int_conv pul 1951-1955,2090,OM-fixed,16.14,coal (conv pul) (recirculating)
intermediate generation,coal,coal_int_conv pul 1951-1955,2090,OM-fixed,16.14,coal (conv pul) (cooling pond)
intermediate generation,coal,coal_int_conv pul 1951-1955,2090,OM-fixed,16.14,coal (conv pul) (dry cooling)
intermediate generation,coal,coal_int_conv pul 1956-1960,2090,OM-fixed,16.14,coal (conv pul) (once through)
intermediate generation,coal,coal_int_conv pul 1956-1960,2090,OM-fixed,16.14,coal (conv pul) (seawater)
intermediate generation,coal,coal_int_conv pul 1956-1960,2090,OM-fixed,16.14,coal (conv pul) (recirculating)
intermediate generation,coal,coal_int_conv pul 1956-1960,2090,OM-fixed,16.14,coal (conv pul) (cooling pond)
intermediate generation,coal,coal_int_conv pul 1956-1960,2090,OM-fixed,16.14,coal (conv pul) (dry cooling)
intermediate generation,coal,coal_int_conv pul 1961-1965,2090,OM-fixed,16.14,coal (conv pul) (once through)
intermediate generation,coal,coal_int_conv pul 1961-1965,2090,OM-fixed,16.14,coal (conv pul) (seawater)
intermediate generation,coal,coal_int_conv pul 1961-1965,2090,OM-fixed,16.14,coal (conv pul) (recirculating)
intermediate generation,coal,coal_int_conv pul 1961-1965,2090,OM-fixed,16.14,coal (conv pul) (cooling pond)
intermediate generation,coal,coal_int_conv pul 1961-1965,2090,OM-fixed,16.14,coal (conv pul) (dry cooling)
intermediate generation,coal,coal_int_conv pul 1966-1970,2090,OM-fixed,16.14,coal (conv pul) (once through)
intermediate generation,coal,coal_int_conv pul 1966-1970,2090,OM-fixed,16.14,coal (conv pul) (seawater)
intermediate generation,coal,coal_int_conv pul 1966-1970,2090,OM-fixed,16.14,coal (conv pul) (recirculating)
intermediate generation,coal,coal_int_conv pul 1966-1970,2090,OM-fixed,16.14,coal (conv pul) (cooling pond)
intermediate generation,coal,coal_int_conv pul 1966-1970,2090,OM-fixed,16.14,coal (conv pul) (dry cooling)
intermediate generation,coal,coal_int_conv pul 1971-1975,2090,OM-fixed,16.14,coal (conv pul) (once through)
intermediate generation,coal,coal_int_conv pul 1971-1975,2090,OM-fixed,16.14,coal (conv pul) (seawater)
intermediate generation,coal,coal_int_conv pul 1971-1975,2090,OM-fixed,16.14,coal (conv pul) (recirculating)
intermediate generation,coal,coal_int_conv pul 1971-1975,2090,OM-fixed,16.14,coal (conv pul) (cooling pond)
intermediate generation,coal,coal_int_conv pul 1971-1975,2090,OM-fixed,16.14,coal (conv pul) (dry cooling)
intermediate generation,coal,coal_int_conv pul 1976-1980,2090,OM-fixed,16.14,coal (conv pul) (once through)
intermediate generation,coal,coal_int_conv pul 1976-1980,2090,OM-fixed,16.14,coal (conv pul) (seawater)
intermediate generation,coal,coal_int_conv pul 1976-1980,2090,OM-fixed,16.14,coal (conv pul) (recirculating)
intermediate generation,coal,coal_int_conv pul 1976-1980,2090,OM-fixed,16.14,coal (conv pul) (cooling pond)
intermediate generation,coal,coal_int_conv pul 1976-1980,2090,OM-fixed,16.14,coal (conv pul) (dry cooling)
intermediate generation,coal,coal_int_conv pul 1981-1985,2090,OM-fixed,16.14,coal (conv pul) (once through)
intermediate generation,coal,coal_int_conv pul 1981-1985,2090,OM-fixed,16.14,coal (conv pul) (seawater)
intermediate generation,coal,coal_int_conv pul 1981-1985,2090,OM-fixed,16.14,coal (conv pul) (recirculating)
intermediate generation,coal,coal_int_conv pul 1981-1985,2090,OM-fixed,16.14,coal (conv pul) (cooling pond)
intermediate generation,coal,coal_int_conv pul 1981-1985,2090,OM-fixed,16.14,coal (conv pul) (dry cooling)
intermediate generation,coal,coal_int_conv pul 1986-1990,2090,OM-fixed,16.14,coal (conv pul) (once through)
intermediate generation,coal,coal_int_conv pul 1986-1990,2090,OM-fixed,16.14,coal (conv pul) (seawater)
intermediate generation,coal,coal_int_conv pul 1986-1990,2090,OM-fixed,16.14,coal (conv pul) (recirculating)
intermediate generation,coal,coal_int_conv pul 1986-1990,2090,OM-fixed,16.14,coal (conv pul) (cooling pond)
intermediate generation,coal,coal_int_conv pul 1986-1990,2090,OM-fixed,16.14,coal (conv pul) (dry cooling)
intermediate generation,coal,coal_int_conv pul 1991-1995,2090,OM-fixed,16.14,coal (conv pul) (once through)
intermediate generation,coal,coal_int_conv pul 1991-1995,2090,OM-fixed,16.14,coal (conv pul) (seawater)
intermediate generation,coal,coal_int_conv pul 1991-1995,2090,OM-fixed,16.14,coal (conv pul) (recirculating)
intermediate generation,coal,coal_int_conv pul 1991-1995,2090,OM-fixed,16.14,coal (conv pul) (cooling pond)
intermediate generation,coal,coal_int_conv pul 1991-1995,2090,OM-fixed,16.14,coal (conv pul) (dry cooling)
intermediate generation,coal,coal_int_conv pul 1996-2000,2090,OM-fixed,16.14,coal (conv pul) (once through)
intermediate generation,coal,coal_int_conv pul 1996-2000,2090,OM-fixed,16.14,coal (conv pul) (seawater)
intermediate generation,coal,coal_int_conv pul 1996-2000,2090,OM-fixed,16.14,coal (conv pul) (recirculating)
intermediate generation,coal,coal_int_conv pul 1996-2000,2090,OM-fixed,16.14,coal (conv pul) (cooling pond)
intermediate generation,coal,coal_int_conv pul 1996-2000,2090,OM-fixed,16.14,coal (conv pul) (dry cooling)
intermediate generation,coal,coal_int_conv pul 2001-2005,2090,OM-fixed,16.14,coal (conv pul) (once through)
intermediate generation,coal,coal_int_conv pul 2001-2005,2090,OM-fixed,16.14,coal (conv pul) (seawater)
intermediate generation,coal,coal_int_conv pul 2001-2005,2090,OM-fixed,16.14,coal (conv pul) (recirculating)
intermediate generation,coal,coal_int_conv pul 2001-2005,2090,OM-fixed,16.14,coal (conv pul) (cooling pond)
intermediate generation,coal,coal_int_conv pul 2001-2005,2090,OM-fixed,16.14,coal (conv pul) (dry cooling)
intermediate generation,coal,coal_int_conv pul 2006-2010,2090,OM-fixed,16.14,coal (conv pul) (once through)
intermediate generation,coal,coal_int_conv pul 2006-2010,2090,OM-fixed,16.14,coal (conv pul) (seawater)
intermediate generation,coal,coal_int_conv pul 2006-2010,2090,OM-fixed,16.14,coal (conv pul) (recirculating)
intermediate generation,coal,coal_int_conv pul 2006-2010,2090,OM-fixed,16.14,coal (conv pul) (cooling pond)
intermediate generation,coal,coal_int_conv pul 2006-2010,2090,OM-fixed,16.14,coal (conv pul) (dry cooling)
intermediate generation,coal,coal_int_conv pul 2011-2015,2090,OM-fixed,16.14,coal (conv pul) (once through)
intermediate generation,coal,coal_int_conv pul 2011-2015,2090,OM-fixed,16.14,coal (conv pul) (seawater)
intermediate generation,coal,coal_int_conv pul 2011-2015,2090,OM-fixed,16.14,coal (conv pul) (recirculating)
intermediate generation,coal,coal_int_conv pul 2011-2015,2090,OM-fixed,16.14,coal (conv pul) (cooling pond)
intermediate generation,coal,coal_int_conv pul 2011-2015,2090,OM-fixed,16.14,coal (conv pul) (dry cooling)
intermediate generation,coal,coal_int_conv pul 2016-2021,2090,OM-fixed,16.14,coal (conv pul) (once through)
intermediate generation,coal,coal_int_conv pul 2016-2021,2090,OM-fixed,16.14,coal (conv pul) (seawater)
intermediate generation,coal,coal_int_conv pul 2016-2021,2090,OM-fixed,16.14,coal (conv pul) (recirculating)
intermediate generation,coal,coal_int_conv pul 2016-2021,2090,OM-fixed,16.14,coal (conv pul) (cooling pond)
intermediate generation,coal,coal_int_conv pul 2016-2021,2090,OM-fixed,16.14,coal (conv pul) (dry cooling)
intermediate generation,coal,coal_int_conv pul before 1950,2090,OM-fixed,16.14,coal (conv pul) (once through)
intermediate generation,coal,coal_int_conv pul before 1950,2090,OM-fixed,16.14,coal (conv pul) (seawater)
intermediate generation,coal,coal_int_conv pul before 1950,2090,OM-fixed,16.14,coal (conv pul) (recirculating)
intermediate generation,coal,coal_int_conv pul before 1950,2090,OM-fixed,16.14,coal (conv pul) (cooling pond)
intermediate generation,coal,coal_int_conv pul before 1950,2090,OM-fixed,16.14,coal (conv pul) (dry cooling)
intermediate generation,coal,coal_int_conv pul_retire_2023,2090,OM-fixed,16.14,coal (conv pul) (once through)
intermediate generation,coal,coal_int_conv pul_retire_2023,2090,OM-fixed,16.14,coal (conv pul) (seawater)
intermediate generation,coal,coal_int_conv pul_retire_2023,2090,OM-fixed,16.14,coal (conv pul) (recirculating)
intermediate generation,coal,coal_int_conv pul_retire_2023,2090,OM-fixed,16.14,coal (conv pul) (cooling pond)
intermediate generation,coal,coal_int_conv pul_retire_2023,2090,OM-fixed,16.14,coal (conv pul) (dry cooling)
intermediate generation,biomass,biomass_int_conv,2095,OM-fixed,36.87,biomass (conv) (once through)
intermediate generation,biomass,biomass_int_conv,2095,OM-fixed,36.87,biomass (conv) (seawater)
intermediate generation,biomass,biomass_int_conv,2095,OM-fixed,36.87,biomass (conv) (recirculating)
intermediate generation,biomass,biomass_int_conv,2095,OM-fixed,36.87,biomass (conv) (cooling pond)
intermediate generation,biomass,biomass_int_conv,2095,OM-fixed,36.87,biomass (conv) (dry cooling)
intermediate generation,biomass,biomass_int_conv_CCS,2095,OM-fixed,36.6,biomass (conv CCS) (once through)
intermediate generation,biomass,biomass_int_conv_CCS,2095,OM-fixed,36.6,biomass (conv CCS) (seawater)
intermediate generation,biomass,biomass_int_conv_CCS,2095,OM-fixed,36.6,biomass (conv CCS) (recirculating)
intermediate generation,biomass,biomass_int_conv_CCS,2095,OM-fixed,36.6,biomass (conv CCS) (dry cooling)
intermediate generation,biomass,biomass_int_IGCC,2095,OM-fixed,54.82,biomass (IGCC) (once through)
intermediate generation,biomass,biomass_int_IGCC,2095,OM-fixed,54.82,biomass (IGCC) (seawater)
intermediate generation,biomass,biomass_int_IGCC,2095,OM-fixed,54.82,biomass (IGCC) (recirculating)
intermediate generation,biomass,biomass_int_IGCC,2095,OM-fixed,54.82,biomass (IGCC) (dry cooling)
intermediate generation,biomass,biomass_int_IGCC_CCS,2095,OM-fixed,61.76,biomass (IGCC CCS) (once through)
intermediate generation,biomass,biomass_int_IGCC_CCS,2095,OM-fixed,61.76,biomass (IGCC CCS) (seawater)
intermediate generation,biomass,biomass_int_IGCC_CCS,2095,OM-fixed,61.76,biomass (IGCC CCS) (recirculating)
intermediate generation,biomass,biomass_int_IGCC_CCS,2095,OM-fixed,61.76,biomass (IGCC CCS) (dry cooling)
intermediate generation,coal,coal_int_conv pul,2095,OM-fixed,16.06,coal (conv pul) (once through)
intermediate generation,coal,coal_int_conv pul,2095,OM-fixed,16.06,coal (conv pul) (seawater)
intermediate generation,coal,coal_int_conv pul,2095,OM-fixed,16.06,coal (conv pul) (recirculating)
intermediate generation,coal,coal_int_conv pul,2095,OM-fixed,16.06,coal (conv pul) (cooling pond)
intermediate generation,coal,coal_int_conv pul,2095,OM-fixed,16.06,coal (conv pul) (dry cooling)
intermediate generation,coal,coal_int_conv pul_CCS,2095,OM-fixed,22.84,coal (conv pul CCS) (once through)
intermediate generation,coal,coal_int_conv pul_CCS,2095,OM-fixed,22.84,coal (conv pul CCS) (seawater)
intermediate generation,coal,coal_int_conv pul_CCS,2095,OM-fixed,22.84,coal (conv pul CCS) (recirculating)
intermediate generation,coal,coal_int_conv pul_CCS,2095,OM-fixed,22.84,coal (conv pul CCS) (dry cooling)
intermediate generation,coal,coal_int_IGCC,2095,OM-fixed,34.02,coal (IGCC) (once through)
intermediate generation,coal,coal_int_IGCC,2095,OM-fixed,34.02,coal (IGCC) (seawater)
intermediate generation,coal,coal_int_IGCC,2095,OM-fixed,34.02,coal (IGCC) (recirculating)
intermediate generation,coal,coal_int_IGCC,2095,OM-fixed,34.02,coal (IGCC) (dry cooling)
intermediate generation,coal,coal_int_IGCC_CCS,2095,OM-fixed,48.01,coal (IGCC CCS) (once through)
intermediate generation,coal,coal_int_IGCC_CCS,2095,OM-fixed,48.01,coal (IGCC CCS) (seawater)
intermediate generation,coal,coal_int_IGCC_CCS,2095,OM-fixed,48.01,coal (IGCC CCS) (recirculating)
intermediate generation,coal,coal_int_IGCC_CCS,2095,OM-fixed,48.01,coal (IGCC CCS) (dry cooling)
intermediate generation,gas,gas_int_CC,2095,OM-fixed,6.01,gas (CC) (once through)
intermediate generation,gas,gas_int_CC,2095,OM-fixed,6.01,gas (CC) (seawater)
intermediate generation,gas,gas_int_CC,2095,OM-fixed,6.01,gas (CC) (recirculating)
intermediate generation,gas,gas_int_CC,2095,OM-fixed,6.01,gas (CC) (cooling pond)
intermediate generation,gas,gas_int_CC,2095,OM-fixed,6.01,gas (CC) (dry cooling)
intermediate generation,gas,gas_int_CC_CCS,2095,OM-fixed,10,gas (CC CCS) (once through)
intermediate generation,gas,gas_int_CC_CCS,2095,OM-fixed,10,gas (CC CCS) (seawater)
intermediate generation,gas,gas_int_CC_CCS,2095,OM-fixed,10,gas (CC CCS) (recirculating)
intermediate generation,gas,gas_int_CC_CCS,2095,OM-fixed,10,gas (CC CCS) (dry cooling)
intermediate generation,refined liquids,refined liquids_int_steam/CT,2095,OM-fixed,4.96,refined liquids (steam/CT) (once through)
intermediate generation,refined liquids,refined liquids_int_steam/CT,2095,OM-fixed,4.96,refined liquids (steam/CT) (seawater)
intermediate generation,refined liquids,refined liquids_int_steam/CT,2095,OM-fixed,4.96,refined liquids (steam/CT) (recirculating)
intermediate generation,refined liquids,refined liquids_int_steam/CT,2095,OM-fixed,4.96,refined liquids (steam/CT) (cooling pond)
intermediate generation,refined liquids,refined liquids_int_steam/CT,2095,OM-fixed,4.96,refined liquids (steam/CT) (dry cooling)
intermediate generation,refined liquids,refined liquids_int_CC,2095,OM-fixed,6.01,refined liquids (CC) (once through)
intermediate generation,refined liquids,refined liquids_int_CC,2095,OM-fixed,6.01,refined liquids (CC) (seawater)
intermediate generation,refined liquids,refined liquids_int_CC,2095,OM-fixed,6.01,refined liquids (CC) (recirculating)
intermediate generation,refined liquids,refined liquids_int_CC,2095,OM-fixed,6.01,refined liquids (CC) (dry cooling)
intermediate generation,refined liquids,refined liquids_int_CC_CCS,2095,OM-fixed,10,refined liquids (CC CCS) (once through)
intermediate generation,refined liquids,refined liquids_int_CC_CCS,2095,OM-fixed,10,refined liquids (CC CCS) (seawater)
intermediate generation,refined liquids,refined liquids_int_CC_CCS,2095,OM-fixed,10,refined liquids (CC CCS) (recirculating)
intermediate generation,refined liquids,refined liquids_int_CC_CCS,2095,OM-fixed,10,refined liquids (CC CCS) (dry cooling)
intermediate generation,coal,coal_int_conv pul 1951-1955,2095,OM-fixed,16.06,coal (conv pul) (once through)
intermediate generation,coal,coal_int_conv pul 1951-1955,2095,OM-fixed,16.06,coal (conv pul) (seawater)
intermediate generation,coal,coal_int_conv pul 1951-1955,2095,OM-fixed,16.06,coal (conv pul) (recirculating)
intermediate generation,coal,coal_int_conv pul 1951-1955,2095,OM-fixed,16.06,coal (conv pul) (cooling pond)
intermediate generation,coal,coal_int_conv pul 1951-1955,2095,OM-fixed,16.06,coal (conv pul) (dry cooling)
intermediate generation,coal,coal_int_conv pul 1956-1960,2095,OM-fixed,16.06,coal (conv pul) (once through)
intermediate generation,coal,coal_int_conv pul 1956-1960,2095,OM-fixed,16.06,coal (conv pul) (seawater)
intermediate generation,coal,coal_int_conv pul 1956-1960,2095,OM-fixed,16.06,coal (conv pul) (recirculating)
intermediate generation,coal,coal_int_conv pul 1956-1960,2095,OM-fixed,16.06,coal (conv pul) (cooling pond)
intermediate generation,coal,coal_int_conv pul 1956-1960,2095,OM-fixed,16.06,coal (conv pul) (dry cooling)
intermediate generation,coal,coal_int_conv pul 1961-1965,2095,OM-fixed,16.06,coal (conv pul) (once through)
intermediate generation,coal,coal_int_conv pul 1961-1965,2095,OM-fixed,16.06,coal (conv pul) (seawater)
intermediate generation,coal,coal_int_conv pul 1961-1965,2095,OM-fixed,16.06,coal (conv pul) (recirculating)
intermediate generation,coal,coal_int_conv pul 1961-1965,2095,OM-fixed,16.06,coal (conv pul) (cooling pond)
intermediate generation,coal,coal_int_conv pul 1961-1965,2095,OM-fixed,16.06,coal (conv pul) (dry cooling)
intermediate generation,coal,coal_int_conv pul 1966-1970,2095,OM-fixed,16.06,coal (conv pul) (once through)
intermediate generation,coal,coal_int_conv pul 1966-1970,2095,OM-fixed,16.06,coal (conv pul) (seawater)
intermediate generation,coal,coal_int_conv pul 1966-1970,2095,OM-fixed,16.06,coal (conv pul) (recirculating)
intermediate generation,coal,coal_int_conv pul 1966-1970,2095,OM-fixed,16.06,coal (conv pul) (cooling pond)
intermediate generation,coal,coal_int_conv pul 1966-1970,2095,OM-fixed,16.06,coal (conv pul) (dry cooling)
intermediate generation,coal,coal_int_conv pul 1971-1975,2095,OM-fixed,16.06,coal (conv pul) (once through)
intermediate generation,coal,coal_int_conv pul 1971-1975,2095,OM-fixed,16.06,coal (conv pul) (seawater)
intermediate generation,coal,coal_int_conv pul 1971-1975,2095,OM-fixed,16.06,coal (conv pul) (recirculating)
intermediate generation,coal,coal_int_conv pul 1971-1975,2095,OM-fixed,16.06,coal (conv pul) (cooling pond)
intermediate generation,coal,coal_int_conv pul 1971-1975,2095,OM-fixed,16.06,coal (conv pul) (dry cooling)
intermediate generation,coal,coal_int_conv pul 1976-1980,2095,OM-fixed,16.06,coal (conv pul) (once through)
intermediate generation,coal,coal_int_conv pul 1976-1980,2095,OM-fixed,16.06,coal (conv pul) (seawater)
intermediate generation,coal,coal_int_conv pul 1976-1980,2095,OM-fixed,16.06,coal (conv pul) (recirculating)
intermediate generation,coal,coal_int_conv pul 1976-1980,2095,OM-fixed,16.06,coal (conv pul) (cooling pond)
intermediate generation,coal,coal_int_conv pul 1976-1980,2095,OM-fixed,16.06,coal (conv pul) (dry cooling)
intermediate generation,coal,coal_int_conv pul 1981-1985,2095,OM-fixed,16.06,coal (conv pul) (once through)
intermediate generation,coal,coal_int_conv pul 1981-1985,2095,OM-fixed,16.06,coal (conv pul) (seawater)
intermediate generation,coal,coal_int_conv pul 1981-1985,2095,OM-fixed,16.06,coal (conv pul) (recirculating)
intermediate generation,coal,coal_int_conv pul 1981-1985,2095,OM-fixed,16.06,coal (conv pul) (cooling pond)
intermediate generation,coal,coal_int_conv pul 1981-1985,2095,OM-fixed,16.06,coal (conv pul) (dry cooling)
intermediate generation,coal,coal_int_conv pul 1986-1990,2095,OM-fixed,16.06,coal (conv pul) (once through)
intermediate generation,coal,coal_int_conv pul 1986-1990,2095,OM-fixed,16.06,coal (conv pul) (seawater)
intermediate generation,coal,coal_int_conv pul 1986-1990,2095,OM-fixed,16.06,coal (conv pul) (recirculating)
intermediate generation,coal,coal_int_conv pul 1986-1990,2095,OM-fixed,16.06,coal (conv pul) (cooling pond)
intermediate generation,coal,coal_int_conv pul 1986-1990,2095,OM-fixed,16.06,coal (conv pul) (dry cooling)
intermediate generation,coal,coal_int_conv pul 1991-1995,2095,OM-fixed,16.06,coal (conv pul) (once through)
intermediate generation,coal,coal_int_conv pul 1991-1995,2095,OM-fixed,16.06,coal (conv pul) (seawater)
intermediate generation,coal,coal_int_conv pul 1991-1995,2095,OM-fixed,16.06,coal (conv pul) (recirculating)
intermediate generation,coal,coal_int_conv pul 1991-1995,2095,OM-fixed,16.06,coal (conv pul) (cooling pond)
intermediate generation,coal,coal_int_conv pul 1991-1995,2095,OM-fixed,16.06,coal (conv pul) (dry cooling)
intermediate generation,coal,coal_int_conv pul 1996-2000,2095,OM-fixed,16.06,coal (conv pul) (once through)
intermediate generation,coal,coal_int_conv pul 1996-2000,2095,OM-fixed,16.06,coal (conv pul) (seawater)
intermediate generation,coal,coal_int_conv pul 1996-2000,2095,OM-fixed,16.06,coal (conv pul) (recirculating)
intermediate generation,coal,coal_int_conv pul 1996-2000,2095,OM-fixed,16.06,coal (conv pul) (cooling pond)
intermediate generation,coal,coal_int_conv pul 1996-2000,2095,OM-fixed,16.06,coal (conv pul) (dry cooling)
intermediate generation,coal,coal_int_conv pul 2001-2005,2095,OM-fixed,16.06,coal (conv pul) (once through)
intermediate generation,coal,coal_int_conv pul 2001-2005,2095,OM-fixed,16.06,coal (conv pul) (seawater)
intermediate generation,coal,coal_int_conv pul 2001-2005,2095,OM-fixed,16.06,coal (conv pul) (recirculating)
intermediate generation,coal,coal_int_conv pul 2001-2005,2095,OM-fixed,16.06,coal (conv pul) (cooling pond)
intermediate generation,coal,coal_int_conv pul 2001-2005,2095,OM-fixed,16.06,coal (conv pul) (dry cooling)
intermediate generation,coal,coal_int_conv pul 2006-2010,2095,OM-fixed,16.06,coal (conv pul) (once through)
intermediate generation,coal,coal_int_conv pul 2006-2010,2095,OM-fixed,16.06,coal (conv pul) (seawater)
intermediate generation,coal,coal_int_conv pul 2006-2010,2095,OM-fixed,16.06,coal (conv pul) (recirculating)
intermediate generation,coal,coal_int_conv pul 2006-2010,2095,OM-fixed,16.06,coal (conv pul) (cooling pond)
intermediate generation,coal,coal_int_conv pul 2006-2010,2095,OM-fixed,16.06,coal (conv pul) (dry cooling)
intermediate generation,coal,coal_int_conv pul 2011-2015,2095,OM-fixed,16.06,coal (conv pul) (once through)
intermediate generation,coal,coal_int_conv pul 2011-2015,2095,OM-fixed,16.06,coal (conv pul) (seawater)
intermediate generation,coal,coal_int_conv pul 2011-2015,2095,OM-fixed,16.06,coal (conv pul) (recirculating)
intermediate generation,coal,coal_int_conv pul 2011-2015,2095,OM-fixed,16.06,coal (conv pul) (cooling pond)
intermediate generation,coal,coal_int_conv pul 2011-2015,2095,OM-fixed,16.06,coal (conv pul) (dry cooling)
intermediate generation,coal,coal_int_conv pul 2016-2021,2095,OM-fixed,16.06,coal (conv pul) (once through)
intermediate generation,coal,coal_int_conv pul 2016-2021,2095,OM-fixed,16.06,coal (conv pul) (seawater)
intermediate generation,coal,coal_int_conv pul 2016-2021,2095,OM-fixed,16.06,coal (conv pul) (recirculating)
intermediate generation,coal,coal_int_conv pul 2016-2021,2095,OM-fixed,16.06,coal (conv pul) (cooling pond)
intermediate generation,coal,coal_int_conv pul 2016-2021,2095,OM-fixed,16.06,coal (conv pul) (dry cooling)
intermediate generation,coal,coal_int_conv pul before 1950,2095,OM-fixed,16.06,coal (conv pul) (once through)
intermediate generation,coal,coal_int_conv pul before 1950,2095,OM-fixed,16.06,coal (conv pul) (seawater)
intermediate generation,coal,coal_int_conv pul before 1950,2095,OM-fixed,16.06,coal (conv pul) (recirculating)
intermediate generation,coal,coal_int_conv pul before 1950,2095,OM-fixed,16.06,coal (conv pul) (cooling pond)
intermediate generation,coal,coal_int_conv pul before 1950,2095,OM-fixed,16.06,coal (conv pul) (dry cooling)
intermediate generation,coal,coal_int_conv pul_retire_2023,2095,OM-fixed,16.06,coal (conv pul) (once through)
intermediate generation,coal,coal_int_conv pul_retire_2023,2095,OM-fixed,16.06,coal (conv pul) (seawater)
intermediate generation,coal,coal_int_conv pul_retire_2023,2095,OM-fixed,16.06,coal (conv pul) (recirculating)
intermediate generation,coal,coal_int_conv pul_retire_2023,2095,OM-fixed,16.06,coal (conv pul) (cooling pond)
intermediate generation,coal,coal_int_conv pul_retire_2023,2095,OM-fixed,16.06,coal (conv pul) (dry cooling)
intermediate generation,biomass,biomass_int_conv,2100,OM-fixed,36.69,biomass (conv) (once through)
intermediate generation,biomass,biomass_int_conv,2100,OM-fixed,36.69,biomass (conv) (seawater)
intermediate generation,biomass,biomass_int_conv,2100,OM-fixed,36.69,biomass (conv) (recirculating)
intermediate generation,biomass,biomass_int_conv,2100,OM-fixed,36.69,biomass (conv) (cooling pond)
intermediate generation,biomass,biomass_int_conv,2100,OM-fixed,36.69,biomass (conv) (dry cooling)
intermediate generation,biomass,biomass_int_conv_CCS,2100,OM-fixed,36.41,biomass (conv CCS) (once through)
intermediate generation,biomass,biomass_int_conv_CCS,2100,OM-fixed,36.41,biomass (conv CCS) (seawater)
intermediate generation,biomass,biomass_int_conv_CCS,2100,OM-fixed,36.41,biomass (conv CCS) (recirculating)
intermediate generation,biomass,biomass_int_conv_CCS,2100,OM-fixed,36.41,biomass (conv CCS) (dry cooling)
intermediate generation,biomass,biomass_int_IGCC,2100,OM-fixed,54.55,biomass (IGCC) (once through)
intermediate generation,biomass,biomass_int_IGCC,2100,OM-fixed,54.55,biomass (IGCC) (seawater)
intermediate generation,biomass,biomass_int_IGCC,2100,OM-fixed,54.55,biomass (IGCC) (recirculating)
intermediate generation,biomass,biomass_int_IGCC,2100,OM-fixed,54.55,biomass (IGCC) (dry cooling)
intermediate generation,biomass,biomass_int_IGCC_CCS,2100,OM-fixed,61.45,biomass (IGCC CCS) (once through)
intermediate generation,biomass,biomass_int_IGCC_CCS,2100,OM-fixed,61.45,biomass (IGCC CCS) (seawater)
intermediate generation,biomass,biomass_int_IGCC_CCS,2100,OM-fixed,61.45,biomass (IGCC CCS) (recirculating)
intermediate generation,biomass,biomass_int_IGCC_CCS,2100,OM-fixed,61.45,biomass (IGCC CCS) (dry cooling)
intermediate generation,coal,coal_int_conv pul,2100,OM-fixed,15.98,coal (conv pul) (once through)
intermediate generation,coal,coal_int_conv pul,2100,OM-fixed,15.98,coal (conv pul) (seawater)
intermediate generation,coal,coal_int_conv pul,2100,OM-fixed,15.98,coal (conv pul) (recirculating)
intermediate generation,coal,coal_int_conv pul,2100,OM-fixed,15.98,coal (conv pul) (cooling pond)
intermediate generation,coal,coal_int_conv pul,2100,OM-fixed,15.98,coal (conv pul) (dry cooling)
intermediate generation,coal,coal_int_conv pul_CCS,2100,OM-fixed,22.73,coal (conv pul CCS) (once through)
intermediate generation,coal,coal_int_conv pul_CCS,2100,OM-fixed,22.73,coal (conv pul CCS) (seawater)
intermediate generation,coal,coal_int_conv pul_CCS,2100,OM-fixed,22.73,coal (conv pul CCS) (recirculating)
intermediate generation,coal,coal_int_conv pul_CCS,2100,OM-fixed,22.73,coal (conv pul CCS) (dry cooling)
intermediate generation,coal,coal_int_IGCC,2100,OM-fixed,33.85,coal (IGCC) (once through)
intermediate generation,coal,coal_int_IGCC,2100,OM-fixed,33.85,coal (IGCC) (seawater)
intermediate generation,coal,coal_int_IGCC,2100,OM-fixed,33.85,coal (IGCC) (recirculating)
intermediate generation,coal,coal_int_IGCC,2100,OM-fixed,33.85,coal (IGCC) (dry cooling)
intermediate generation,coal,coal_int_IGCC_CCS,2100,OM-fixed,47.77,coal (IGCC CCS) (once through)
intermediate generation,coal,coal_int_IGCC_CCS,2100,OM-fixed,47.77,coal (IGCC CCS) (seawater)
intermediate generation,coal,coal_int_IGCC_CCS,2100,OM-fixed,47.77,coal (IGCC CCS) (recirculating)
intermediate generation,coal,coal_int_IGCC_CCS,2100,OM-fixed,47.77,coal (IGCC CCS) (dry cooling)
intermediate generation,gas,gas_int_CC,2100,OM-fixed,5.98,gas (CC) (once through)
intermediate generation,gas,gas_int_CC,2100,OM-fixed,5.98,gas (CC) (seawater)
intermediate generation,gas,gas_int_CC,2100,OM-fixed,5.98,gas (CC) (recirculating)
intermediate generation,gas,gas_int_CC,2100,OM-fixed,5.98,gas (CC) (cooling pond)
intermediate generation,gas,gas_int_CC,2100,OM-fixed,5.98,gas (CC) (dry cooling)
intermediate generation,gas,gas_int_CC_CCS,2100,OM-fixed,9.95,gas (CC CCS) (once through)
intermediate generation,gas,gas_int_CC_CCS,2100,OM-fixed,9.95,gas (CC CCS) (seawater)
intermediate generation,gas,gas_int_CC_CCS,2100,OM-fixed,9.95,gas (CC CCS) (recirculating)
intermediate generation,gas,gas_int_CC_CCS,2100,OM-fixed,9.95,gas (CC CCS) (dry cooling)
intermediate generation,refined liquids,refined liquids_int_steam/CT,2100,OM-fixed,4.93,refined liquids (steam/CT) (once through)
intermediate generation,refined liquids,refined liquids_int_steam/CT,2100,OM-fixed,4.93,refined liquids (steam/CT) (seawater)
intermediate generation,refined liquids,refined liquids_int_steam/CT,2100,OM-fixed,4.93,refined liquids (steam/CT) (recirculating)
intermediate generation,refined liquids,refined liquids_int_steam/CT,2100,OM-fixed,4.93,refined liquids (steam/CT) (cooling pond)
intermediate generation,refined liquids,refined liquids_int_steam/CT,2100,OM-fixed,4.93,refined liquids (steam/CT) (dry cooling)
intermediate generation,refined liquids,refined liquids_int_CC,2100,OM-fixed,5.98,refined liquids (CC) (once through)
intermediate generation,refined liquids,refined liquids_int_CC,2100,OM-fixed,5.98,refined liquids (CC) (seawater)
intermediate generation,refined liquids,refined liquids_int_CC,2100,OM-fixed,5.98,refined liquids (CC) (recirculating)
intermediate generation,refined liquids,refined liquids_int_CC,2100,OM-fixed,5.98,refined liquids (CC) (dry cooling)
intermediate generation,refined liquids,refined liquids_int_CC_CCS,2100,OM-fixed,9.95,refined liquids (CC CCS) (once through)
intermediate generation,refined liquids,refined liquids_int_CC_CCS,2100,OM-fixed,9.95,refined liquids (CC CCS) (seawater)
intermediate generation,refined liquids,refined liquids_int_CC_CCS,2100,OM-fixed,9.95,refined liquids (CC CCS) (recirculating)
intermediate generation,refined liquids,refined liquids_int_CC_CCS,2100,OM-fixed,9.95,refined liquids (CC CCS) (dry cooling)
intermediate generation,coal,coal_int_conv pul 1951-1955,2100,OM-fixed,15.98,coal (conv pul) (once through)
intermediate generation,coal,coal_int_conv pul 1951-1955,2100,OM-fixed,15.98,coal (conv pul) (seawater)
intermediate generation,coal,coal_int_conv pul 1951-1955,2100,OM-fixed,15.98,coal (conv pul) (recirculating)
intermediate generation,coal,coal_int_conv pul 1951-1955,2100,OM-fixed,15.98,coal (conv pul) (cooling pond)
intermediate generation,coal,coal_int_conv pul 1951-1955,2100,OM-fixed,15.98,coal (conv pul) (dry cooling)
intermediate generation,coal,coal_int_conv pul 1956-1960,2100,OM-fixed,15.98,coal (conv pul) (once through)
intermediate generation,coal,coal_int_conv pul 1956-1960,2100,OM-fixed,15.98,coal (conv pul) (seawater)
intermediate generation,coal,coal_int_conv pul 1956-1960,2100,OM-fixed,15.98,coal (conv pul) (recirculating)
intermediate generation,coal,coal_int_conv pul 1956-1960,2100,OM-fixed,15.98,coal (conv pul) (cooling pond)
intermediate generation,coal,coal_int_conv pul 1956-1960,2100,OM-fixed,15.98,coal (conv pul) (dry cooling)
intermediate generation,coal,coal_int_conv pul 1961-1965,2100,OM-fixed,15.98,coal (conv pul) (once through)
intermediate generation,coal,coal_int_conv pul 1961-1965,2100,OM-fixed,15.98,coal (conv pul) (seawater)
intermediate generation,coal,coal_int_conv pul 1961-1965,2100,OM-fixed,15.98,coal (conv pul) (recirculating)
intermediate generation,coal,coal_int_conv pul 1961-1965,2100,OM-fixed,15.98,coal (conv pul) (cooling pond)
intermediate generation,coal,coal_int_conv pul 1961-1965,2100,OM-fixed,15.98,coal (conv pul) (dry cooling)
intermediate generation,coal,coal_int_conv pul 1966-1970,2100,OM-fixed,15.98,coal (conv pul) (once through)
intermediate generation,coal,coal_int_conv pul 1966-1970,2100,OM-fixed,15.98,coal (conv pul) (seawater)
intermediate generation,coal,coal_int_conv pul 1966-1970,2100,OM-fixed,15.98,coal (conv pul) (recirculating)
intermediate generation,coal,coal_int_conv pul 1966-1970,2100,OM-fixed,15.98,coal (conv pul) (cooling pond)
intermediate generation,coal,coal_int_conv pul 1966-1970,2100,OM-fixed,15.98,coal (conv pul) (dry cooling)
intermediate generation,coal,coal_int_conv pul 1971-1975,2100,OM-fixed,15.98,coal (conv pul) (once through)
intermediate generation,coal,coal_int_conv pul 1971-1975,2100,OM-fixed,15.98,coal (conv pul) (seawater)
intermediate generation,coal,coal_int_conv pul 1971-1975,2100,OM-fixed,15.98,coal (conv pul) (recirculating)
intermediate generation,coal,coal_int_conv pul 1971-1975,2100,OM-fixed,15.98,coal (conv pul) (cooling pond)
intermediate generation,coal,coal_int_conv pul 1971-1975,2100,OM-fixed,15.98,coal (conv pul) (dry cooling)
intermediate generation,coal,coal_int_conv pul 1976-1980,2100,OM-fixed,15.98,coal (conv pul) (once through)
intermediate generation,coal,coal_int_conv pul 1976-1980,2100,OM-fixed,15.98,coal (conv pul) (seawater)
intermediate generation,coal,coal_int_conv pul 1976-1980,2100,OM-fixed,15.98,coal (conv pul) (recirculating)
intermediate generation,coal,coal_int_conv pul 1976-1980,2100,OM-fixed,15.98,coal (conv pul) (cooling pond)
intermediate generation,coal,coal_int_conv pul 1976-1980,2100,OM-fixed,15.98,coal (conv pul) (dry cooling)
intermediate generation,coal,coal_int_conv pul 1981-1985,2100,OM-fixed,15.98,coal (conv pul) (once through)
intermediate generation,coal,coal_int_conv pul 1981-1985,2100,OM-fixed,15.98,coal (conv pul) (seawater)
intermediate generation,coal,coal_int_conv pul 1981-1985,2100,OM-fixed,15.98,coal (conv pul) (recirculating)
intermediate generation,coal,coal_int_conv pul 1981-1985,2100,OM-fixed,15.98,coal (conv pul) (cooling pond)
intermediate generation,coal,coal_int_conv pul 1981-1985,2100,OM-fixed,15.98,coal (conv pul) (dry cooling)
intermediate generation,coal,coal_int_conv pul 1986-1990,2100,OM-fixed,15.98,coal (conv pul) (once through)
intermediate generation,coal,coal_int_conv pul 1986-1990,2100,OM-fixed,15.98,coal (conv pul) (seawater)
intermediate generation,coal,coal_int_conv pul 1986-1990,2100,OM-fixed,15.98,coal (conv pul) (recirculating)
intermediate generation,coal,coal_int_conv pul 1986-1990,2100,OM-fixed,15.98,coal (conv pul) (cooling pond)
intermediate generation,coal,coal_int_conv pul 1986-1990,2100,OM-fixed,15.98,coal (conv pul) (dry cooling)
intermediate generation,coal,coal_int_conv pul 1991-1995,2100,OM-fixed,15.98,coal (conv pul) (once through)
intermediate generation,coal,coal_int_conv pul 1991-1995,2100,OM-fixed,15.98,coal (conv pul) (seawater)
intermediate generation,coal,coal_int_conv pul 1991-1995,2100,OM-fixed,15.98,coal (conv pul) (recirculating)
intermediate generation,coal,coal_int_conv pul 1991-1995,2100,OM-fixed,15.98,coal (conv pul) (cooling pond)
intermediate generation,coal,coal_int_conv pul 1991-1995,2100,OM-fixed,15.98,coal (conv pul) (dry cooling)
intermediate generation,coal,coal_int_conv pul 1996-2000,2100,OM-fixed,15.98,coal (conv pul) (once through)
intermediate generation,coal,coal_int_conv pul 1996-2000,2100,OM-fixed,15.98,coal (conv pul) (seawater)
intermediate generation,coal,coal_int_conv pul 1996-2000,2100,OM-fixed,15.98,coal (conv pul) (recirculating)
intermediate generation,coal,coal_int_conv pul 1996-2000,2100,OM-fixed,15.98,coal (conv pul) (cooling pond)
intermediate generation,coal,coal_int_conv pul 1996-2000,2100,OM-fixed,15.98,coal (conv pul) (dry cooling)
intermediate generation,coal,coal_int_conv pul 2001-2005,2100,OM-fixed,15.98,coal (conv pul) (once through)
intermediate generation,coal,coal_int_conv pul 2001-2005,2100,OM-fixed,15.98,coal (conv pul) (seawater)
intermediate generation,coal,coal_int_conv pul 2001-2005,2100,OM-fixed,15.98,coal (conv pul) (recirculating)
intermediate generation,coal,coal_int_conv pul 2001-2005,2100,OM-fixed,15.98,coal (conv pul) (cooling pond)
intermediate generation,coal,coal_int_conv pul 2001-2005,2100,OM-fixed,15.98,coal (conv pul) (dry cooling)
intermediate generation,coal,coal_int_conv pul 2006-2010,2100,OM-fixed,15.98,coal (conv pul) (once through)
intermediate generation,coal,coal_int_conv pul 2006-2010,2100,OM-fixed,15.98,coal (conv pul) (seawater)
intermediate generation,coal,coal_int_conv pul 2006-2010,2100,OM-fixed,15.98,coal (conv pul) (recirculating)
intermediate generation,coal,coal_int_conv pul 2006-2010,2100,OM-fixed,15.98,coal (conv pul) (cooling pond)
intermediate generation,coal,coal_int_conv pul 2006-2010,2100,OM-fixed,15.98,coal (conv pul) (dry cooling)
intermediate generation,coal,coal_int_conv pul 2011-2015,2100,OM-fixed,15.98,coal (conv pul) (once through)
intermediate generation,coal,coal_int_conv pul 2011-2015,2100,OM-fixed,15.98,coal (conv pul) (seawater)
intermediate generation,coal,coal_int_conv pul 2011-2015,2100,OM-fixed,15.98,coal (conv pul) (recirculating)
intermediate generation,coal,coal_int_conv pul 2011-2015,2100,OM-fixed,15.98,coal (conv pul) (cooling pond)
intermediate generation,coal,coal_int_conv pul 2011-2015,2100,OM-fixed,15.98,coal (conv pul) (dry cooling)
intermediate generation,coal,coal_int_conv pul 2016-2021,2100,OM-fixed,15.98,coal (conv pul) (once through)
intermediate generation,coal,coal_int_conv pul 2016-2021,2100,OM-fixed,15.98,coal (conv pul) (seawater)
intermediate generation,coal,coal_int_conv pul 2016-2021,2100,OM-fixed,15.98,coal (conv pul) (recirculating)
intermediate generation,coal,coal_int_conv pul 2016-2021,2100,OM-fixed,15.98,coal (conv pul) (cooling pond)
intermediate generation,coal,coal_int_conv pul 2016-2021,2100,OM-fixed,15.98,coal (conv pul) (dry cooling)
intermediate generation,coal,coal_int_conv pul before 1950,2100,OM-fixed,15.98,coal (conv pul) (once through)
intermediate generation,coal,coal_int_conv pul before 1950,2100,OM-fixed,15.98,coal (conv pul) (seawater)
intermediate generation,coal,coal_int_conv pul before 1950,2100,OM-fixed,15.98,coal (conv pul) (recirculating)
intermediate generation,coal,coal_int_conv pul before 1950,2100,OM-fixed,15.98,coal (conv pul) (cooling pond)
intermediate generation,coal,coal_int_conv pul before 1950,2100,OM-fixed,15.98,coal (conv pul) (dry cooling)
intermediate generation,coal,coal_int_conv pul_retire_2023,2100,OM-fixed,15.98,coal (conv pul) (once through)
intermediate generation,coal,coal_int_conv pul_retire_2023,2100,OM-fixed,15.98,coal (conv pul) (seawater)
intermediate generation,coal,coal_int_conv pul_retire_2023,2100,OM-fixed,15.98,coal (conv pul) (recirculating)
intermediate generation,coal,coal_int_conv pul_retire_2023,2100,OM-fixed,15.98,coal (conv pul) (cooling pond)
intermediate generation,coal,coal_int_conv pul_retire_2023,2100,OM-fixed,15.98,coal (conv pul) (dry cooling)
peak generation,coal,coal_peak_conv pul,1975,OM-fixed,19.37,coal (conv pul) (once through)
peak generation,coal,coal_peak_conv pul,1975,OM-fixed,19.37,coal (conv pul) (seawater)
peak generation,coal,coal_peak_conv pul,1975,OM-fixed,19.37,coal (conv pul) (recirculating)
peak generation,coal,coal_peak_conv pul,1975,OM-fixed,19.37,coal (conv pul) (cooling pond)
peak generation,coal,coal_peak_conv pul,1975,OM-fixed,19.37,coal (conv pul) (dry cooling)
peak generation,gas,gas_peak_steam/CT,1975,OM-fixed,5.64,gas (steam/CT) (once through)
peak generation,gas,gas_peak_steam/CT,1975,OM-fixed,5.64,gas (steam/CT) (seawater)
peak generation,gas,gas_peak_steam/CT,1975,OM-fixed,5.64,gas (steam/CT) (recirculating)
peak generation,gas,gas_peak_steam/CT,1975,OM-fixed,5.64,gas (steam/CT) (cooling pond)
peak generation,gas,gas_peak_steam/CT,1975,OM-fixed,5.64,gas (steam/CT) (dry cooling)
peak generation,gas,gas_peak_CC,1975,OM-fixed,7.36,gas (CC) (once through)
peak generation,gas,gas_peak_CC,1975,OM-fixed,7.36,gas (CC) (seawater)
peak generation,gas,gas_peak_CC,1975,OM-fixed,7.36,gas (CC) (recirculating)
peak generation,gas,gas_peak_CC,1975,OM-fixed,7.36,gas (CC) (cooling pond)
peak generation,gas,gas_peak_CC,1975,OM-fixed,7.36,gas (CC) (dry cooling)
peak generation,gas,gas_peak_CC_CCS,1975,OM-fixed,16.21,gas (CC CCS) (once through)
peak generation,gas,gas_peak_CC_CCS,1975,OM-fixed,16.21,gas (CC CCS) (seawater)
peak generation,gas,gas_peak_CC_CCS,1975,OM-fixed,16.21,gas (CC CCS) (recirculating)
peak generation,gas,gas_peak_CC_CCS,1975,OM-fixed,16.21,gas (CC CCS) (dry cooling)
peak generation,refined liquids,refined liquids_peak_steam/CT,1975,OM-fixed,5.64,refined liquids (steam/CT) (once through)
peak generation,refined liquids,refined liquids_peak_steam/CT,1975,OM-fixed,5.64,refined liquids (steam/CT) (seawater)
peak generation,refined liquids,refined liquids_peak_steam/CT,1975,OM-fixed,5.64,refined liquids (steam/CT) (recirculating)
peak generation,refined liquids,refined liquids_peak_steam/CT,1975,OM-fixed,5.64,refined liquids (steam/CT) (cooling pond)
peak generation,refined liquids,refined liquids_peak_steam/CT,1975,OM-fixed,5.64,refined liquids (steam/CT) (dry cooling)
peak generation,refined liquids,refined liquids_peak_CC,1975,OM-fixed,7.36,refined liquids (CC) (once through)
peak generation,refined liquids,refined liquids_peak_CC,1975,OM-fixed,7.36,refined liquids (CC) (seawater)
peak generation,refined liquids,refined liquids_peak_CC,1975,OM-fixed,7.36,refined liquids (CC) (recirculating)
peak generation,refined liquids,refined liquids_peak_CC,1975,OM-fixed,7.36,refined liquids (CC) (dry cooling)
peak generation,refined liquids,refined liquids_peak_CC_CCS,1975,OM-fixed,16.21,refined liquids (CC CCS) (once through)
peak generation,refined liquids,refined liquids_peak_CC_CCS,1975,OM-fixed,16.21,refined liquids (CC CCS) (seawater)
peak generation,refined liquids,refined liquids_peak_CC_CCS,1975,OM-fixed,16.21,refined liquids (CC CCS) (recirculating)
peak generation,refined liquids,refined liquids_peak_CC_CCS,1975,OM-fixed,16.21,refined liquids (CC CCS) (dry cooling)
peak generation,coal,coal_peak_conv pul_retire_2023,1975,OM-fixed,19.37,coal (conv pul) (once through)
peak generation,coal,coal_peak_conv pul_retire_2023,1975,OM-fixed,19.37,coal (conv pul) (seawater)
peak generation,coal,coal_peak_conv pul_retire_2023,1975,OM-fixed,19.37,coal (conv pul) (recirculating)
peak generation,coal,coal_peak_conv pul_retire_2023,1975,OM-fixed,19.37,coal (conv pul) (cooling pond)
peak generation,coal,coal_peak_conv pul_retire_2023,1975,OM-fixed,19.37,coal (conv pul) (dry cooling)
peak generation,coal,coal_peak_conv pul,1990,OM-fixed,19.37,coal (conv pul) (once through)
peak generation,coal,coal_peak_conv pul,1990,OM-fixed,19.37,coal (conv pul) (seawater)
peak generation,coal,coal_peak_conv pul,1990,OM-fixed,19.37,coal (conv pul) (recirculating)
peak generation,coal,coal_peak_conv pul,1990,OM-fixed,19.37,coal (conv pul) (cooling pond)
peak generation,coal,coal_peak_conv pul,1990,OM-fixed,19.37,coal (conv pul) (dry cooling)
peak generation,gas,gas_peak_steam/CT,1990,OM-fixed,5.64,gas (steam/CT) (once through)
peak generation,gas,gas_peak_steam/CT,1990,OM-fixed,5.64,gas (steam/CT) (seawater)
peak generation,gas,gas_peak_steam/CT,1990,OM-fixed,5.64,gas (steam/CT) (recirculating)
peak generation,gas,gas_peak_steam/CT,1990,OM-fixed,5.64,gas (steam/CT) (cooling pond)
peak generation,gas,gas_peak_steam/CT,1990,OM-fixed,5.64,gas (steam/CT) (dry cooling)
peak generation,gas,gas_peak_CC,1990,OM-fixed,7.36,gas (CC) (once through)
peak generation,gas,gas_peak_CC,1990,OM-fixed,7.36,gas (CC) (seawater)
peak generation,gas,gas_peak_CC,1990,OM-fixed,7.36,gas (CC) (recirculating)
peak generation,gas,gas_peak_CC,1990,OM-fixed,7.36,gas (CC) (cooling pond)
peak generation,gas,gas_peak_CC,1990,OM-fixed,7.36,gas (CC) (dry cooling)
peak generation,gas,gas_peak_CC_CCS,1990,OM-fixed,16.21,gas (CC CCS) (once through)
peak generation,gas,gas_peak_CC_CCS,1990,OM-fixed,16.21,gas (CC CCS) (seawater)
peak generation,gas,gas_peak_CC_CCS,1990,OM-fixed,16.21,gas (CC CCS) (recirculating)
peak generation,gas,gas_peak_CC_CCS,1990,OM-fixed,16.21,gas (CC CCS) (dry cooling)
peak generation,refined liquids,refined liquids_peak_steam/CT,1990,OM-fixed,5.64,refined liquids (steam/CT) (once through)
peak generation,refined liquids,refined liquids_peak_steam/CT,1990,OM-fixed,5.64,refined liquids (steam/CT) (seawater)
peak generation,refined liquids,refined liquids_peak_steam/CT,1990,OM-fixed,5.64,refined liquids (steam/CT) (recirculating)
peak generation,refined liquids,refined liquids_peak_steam/CT,1990,OM-fixed,5.64,refined liquids (steam/CT) (cooling pond)
peak generation,refined liquids,refined liquids_peak_steam/CT,1990,OM-fixed,5.64,refined liquids (steam/CT) (dry cooling)
peak generation,refined liquids,refined liquids_peak_CC,1990,OM-fixed,7.36,refined liquids (CC) (once through)
peak generation,refined liquids,refined liquids_peak_CC,1990,OM-fixed,7.36,refined liquids (CC) (seawater)
peak generation,refined liquids,refined liquids_peak_CC,1990,OM-fixed,7.36,refined liquids (CC) (recirculating)
peak generation,refined liquids,refined liquids_peak_CC,1990,OM-fixed,7.36,refined liquids (CC) (dry cooling)
peak generation,refined liquids,refined liquids_peak_CC_CCS,1990,OM-fixed,16.21,refined liquids (CC CCS) (once through)
peak generation,refined liquids,refined liquids_peak_CC_CCS,1990,OM-fixed,16.21,refined liquids (CC CCS) (seawater)
peak generation,refined liquids,refined liquids_peak_CC_CCS,1990,OM-fixed,16.21,refined liquids (CC CCS) (recirculating)
peak generation,refined liquids,refined liquids_peak_CC_CCS,1990,OM-fixed,16.21,refined liquids (CC CCS) (dry cooling)
peak generation,coal,coal_peak_conv pul_retire_2023,1990,OM-fixed,19.37,coal (conv pul) (once through)
peak generation,coal,coal_peak_conv pul_retire_2023,1990,OM-fixed,19.37,coal (conv pul) (seawater)
peak generation,coal,coal_peak_conv pul_retire_2023,1990,OM-fixed,19.37,coal (conv pul) (recirculating)
peak generation,coal,coal_peak_conv pul_retire_2023,1990,OM-fixed,19.37,coal (conv pul) (cooling pond)
peak generation,coal,coal_peak_conv pul_retire_2023,1990,OM-fixed,19.37,coal (conv pul) (dry cooling)
peak generation,coal,coal_peak_conv pul,2005,OM-fixed,19.37,coal (conv pul) (once through)
peak generation,coal,coal_peak_conv pul,2005,OM-fixed,19.37,coal (conv pul) (seawater)
peak generation,coal,coal_peak_conv pul,2005,OM-fixed,19.37,coal (conv pul) (recirculating)
peak generation,coal,coal_peak_conv pul,2005,OM-fixed,19.37,coal (conv pul) (cooling pond)
peak generation,coal,coal_peak_conv pul,2005,OM-fixed,19.37,coal (conv pul) (dry cooling)
peak generation,gas,gas_peak_steam/CT,2005,OM-fixed,5.64,gas (steam/CT) (once through)
peak generation,gas,gas_peak_steam/CT,2005,OM-fixed,5.64,gas (steam/CT) (seawater)
peak generation,gas,gas_peak_steam/CT,2005,OM-fixed,5.64,gas (steam/CT) (recirculating)
peak generation,gas,gas_peak_steam/CT,2005,OM-fixed,5.64,gas (steam/CT) (cooling pond)
peak generation,gas,gas_peak_steam/CT,2005,OM-fixed,5.64,gas (steam/CT) (dry cooling)
peak generation,gas,gas_peak_CC,2005,OM-fixed,7.36,gas (CC) (once through)
peak generation,gas,gas_peak_CC,2005,OM-fixed,7.36,gas (CC) (seawater)
peak generation,gas,gas_peak_CC,2005,OM-fixed,7.36,gas (CC) (recirculating)
peak generation,gas,gas_peak_CC,2005,OM-fixed,7.36,gas (CC) (cooling pond)
peak generation,gas,gas_peak_CC,2005,OM-fixed,7.36,gas (CC) (dry cooling)
peak generation,gas,gas_peak_CC_CCS,2005,OM-fixed,16.21,gas (CC CCS) (once through)
peak generation,gas,gas_peak_CC_CCS,2005,OM-fixed,16.21,gas (CC CCS) (seawater)
peak generation,gas,gas_peak_CC_CCS,2005,OM-fixed,16.21,gas (CC CCS) (recirculating)
peak generation,gas,gas_peak_CC_CCS,2005,OM-fixed,16.21,gas (CC CCS) (dry cooling)
peak generation,refined liquids,refined liquids_peak_steam/CT,2005,OM-fixed,5.64,refined liquids (steam/CT) (once through)
peak generation,refined liquids,refined liquids_peak_steam/CT,2005,OM-fixed,5.64,refined liquids (steam/CT) (seawater)
peak generation,refined liquids,refined liquids_peak_steam/CT,2005,OM-fixed,5.64,refined liquids (steam/CT) (recirculating)
peak generation,refined liquids,refined liquids_peak_steam/CT,2005,OM-fixed,5.64,refined liquids (steam/CT) (cooling pond)
peak generation,refined liquids,refined liquids_peak_steam/CT,2005,OM-fixed,5.64,refined liquids (steam/CT) (dry cooling)
peak generation,refined liquids,refined liquids_peak_CC,2005,OM-fixed,7.36,refined liquids (CC) (once through)
peak generation,refined liquids,refined liquids_peak_CC,2005,OM-fixed,7.36,refined liquids (CC) (seawater)
peak generation,refined liquids,refined liquids_peak_CC,2005,OM-fixed,7.36,refined liquids (CC) (recirculating)
peak generation,refined liquids,refined liquids_peak_CC,2005,OM-fixed,7.36,refined liquids (CC) (dry cooling)
peak generation,refined liquids,refined liquids_peak_CC_CCS,2005,OM-fixed,16.21,refined liquids (CC CCS) (once through)
peak generation,refined liquids,refined liquids_peak_CC_CCS,2005,OM-fixed,16.21,refined liquids (CC CCS) (seawater)
peak generation,refined liquids,refined liquids_peak_CC_CCS,2005,OM-fixed,16.21,refined liquids (CC CCS) (recirculating)
peak generation,refined liquids,refined liquids_peak_CC_CCS,2005,OM-fixed,16.21,refined liquids (CC CCS) (dry cooling)
peak generation,coal,coal_peak_conv pul_retire_2023,2005,OM-fixed,19.37,coal (conv pul) (once through)
peak generation,coal,coal_peak_conv pul_retire_2023,2005,OM-fixed,19.37,coal (conv pul) (seawater)
peak generation,coal,coal_peak_conv pul_retire_2023,2005,OM-fixed,19.37,coal (conv pul) (recirculating)
peak generation,coal,coal_peak_conv pul_retire_2023,2005,OM-fixed,19.37,coal (conv pul) (cooling pond)
peak generation,coal,coal_peak_conv pul_retire_2023,2005,OM-fixed,19.37,coal (conv pul) (dry cooling)
peak generation,coal,coal_peak_conv pul,2010,OM-fixed,19.37,coal (conv pul) (once through)
peak generation,coal,coal_peak_conv pul,2010,OM-fixed,19.37,coal (conv pul) (seawater)
peak generation,coal,coal_peak_conv pul,2010,OM-fixed,19.37,coal (conv pul) (recirculating)
peak generation,coal,coal_peak_conv pul,2010,OM-fixed,19.37,coal (conv pul) (cooling pond)
peak generation,coal,coal_peak_conv pul,2010,OM-fixed,19.37,coal (conv pul) (dry cooling)
peak generation,gas,gas_peak_steam/CT,2010,OM-fixed,5.64,gas (steam/CT) (once through)
peak generation,gas,gas_peak_steam/CT,2010,OM-fixed,5.64,gas (steam/CT) (seawater)
peak generation,gas,gas_peak_steam/CT,2010,OM-fixed,5.64,gas (steam/CT) (recirculating)
peak generation,gas,gas_peak_steam/CT,2010,OM-fixed,5.64,gas (steam/CT) (cooling pond)
peak generation,gas,gas_peak_steam/CT,2010,OM-fixed,5.64,gas (steam/CT) (dry cooling)
peak generation,gas,gas_peak_CC,2010,OM-fixed,7.36,gas (CC) (once through)
peak generation,gas,gas_peak_CC,2010,OM-fixed,7.36,gas (CC) (seawater)
peak generation,gas,gas_peak_CC,2010,OM-fixed,7.36,gas (CC) (recirculating)
peak generation,gas,gas_peak_CC,2010,OM-fixed,7.36,gas (CC) (cooling pond)
peak generation,gas,gas_peak_CC,2010,OM-fixed,7.36,gas (CC) (dry cooling)
peak generation,gas,gas_peak_CC_CCS,2010,OM-fixed,16.21,gas (CC CCS) (once through)
peak generation,gas,gas_peak_CC_CCS,2010,OM-fixed,16.21,gas (CC CCS) (seawater)
peak generation,gas,gas_peak_CC_CCS,2010,OM-fixed,16.21,gas (CC CCS) (recirculating)
peak generation,gas,gas_peak_CC_CCS,2010,OM-fixed,16.21,gas (CC CCS) (dry cooling)
peak generation,refined liquids,refined liquids_peak_steam/CT,2010,OM-fixed,5.64,refined liquids (steam/CT) (once through)
peak generation,refined liquids,refined liquids_peak_steam/CT,2010,OM-fixed,5.64,refined liquids (steam/CT) (seawater)
peak generation,refined liquids,refined liquids_peak_steam/CT,2010,OM-fixed,5.64,refined liquids (steam/CT) (recirculating)
peak generation,refined liquids,refined liquids_peak_steam/CT,2010,OM-fixed,5.64,refined liquids (steam/CT) (cooling pond)
peak generation,refined liquids,refined liquids_peak_steam/CT,2010,OM-fixed,5.64,refined liquids (steam/CT) (dry cooling)
peak generation,refined liquids,refined liquids_peak_CC,2010,OM-fixed,7.36,refined liquids (CC) (once through)
peak generation,refined liquids,refined liquids_peak_CC,2010,OM-fixed,7.36,refined liquids (CC) (seawater)
peak generation,refined liquids,refined liquids_peak_CC,2010,OM-fixed,7.36,refined liquids (CC) (recirculating)
peak generation,refined liquids,refined liquids_peak_CC,2010,OM-fixed,7.36,refined liquids (CC) (dry cooling)
peak generation,refined liquids,refined liquids_peak_CC_CCS,2010,OM-fixed,16.21,refined liquids (CC CCS) (once through)
peak generation,refined liquids,refined liquids_peak_CC_CCS,2010,OM-fixed,16.21,refined liquids (CC CCS) (seawater)
peak generation,refined liquids,refined liquids_peak_CC_CCS,2010,OM-fixed,16.21,refined liquids (CC CCS) (recirculating)
peak generation,refined liquids,refined liquids_peak_CC_CCS,2010,OM-fixed,16.21,refined liquids (CC CCS) (dry cooling)
peak generation,coal,coal_peak_conv pul_retire_2023,2010,OM-fixed,19.37,coal (conv pul) (once through)
peak generation,coal,coal_peak_conv pul_retire_2023,2010,OM-fixed,19.37,coal (conv pul) (seawater)
peak generation,coal,coal_peak_conv pul_retire_2023,2010,OM-fixed,19.37,coal (conv pul) (recirculating)
peak generation,coal,coal_peak_conv pul_retire_2023,2010,OM-fixed,19.37,coal (conv pul) (cooling pond)
peak generation,coal,coal_peak_conv pul_retire_2023,2010,OM-fixed,19.37,coal (conv pul) (dry cooling)
peak generation,coal,coal_peak_conv pul,2015,OM-fixed,19.37,coal (conv pul) (once through)
peak generation,coal,coal_peak_conv pul,2015,OM-fixed,19.37,coal (conv pul) (seawater)
peak generation,coal,coal_peak_conv pul,2015,OM-fixed,19.37,coal (conv pul) (recirculating)
peak generation,coal,coal_peak_conv pul,2015,OM-fixed,19.37,coal (conv pul) (cooling pond)
peak generation,coal,coal_peak_conv pul,2015,OM-fixed,19.37,coal (conv pul) (dry cooling)
peak generation,gas,gas_peak_steam/CT,2015,OM-fixed,5.64,gas (steam/CT) (once through)
peak generation,gas,gas_peak_steam/CT,2015,OM-fixed,5.64,gas (steam/CT) (seawater)
peak generation,gas,gas_peak_steam/CT,2015,OM-fixed,5.64,gas (steam/CT) (recirculating)
peak generation,gas,gas_peak_steam/CT,2015,OM-fixed,5.64,gas (steam/CT) (cooling pond)
peak generation,gas,gas_peak_steam/CT,2015,OM-fixed,5.64,gas (steam/CT) (dry cooling)
peak generation,gas,gas_peak_CC,2015,OM-fixed,7.36,gas (CC) (once through)
peak generation,gas,gas_peak_CC,2015,OM-fixed,7.36,gas (CC) (seawater)
peak generation,gas,gas_peak_CC,2015,OM-fixed,7.36,gas (CC) (recirculating)
peak generation,gas,gas_peak_CC,2015,OM-fixed,7.36,gas (CC) (cooling pond)
peak generation,gas,gas_peak_CC,2015,OM-fixed,7.36,gas (CC) (dry cooling)
peak generation,gas,gas_peak_CC_CCS,2015,OM-fixed,16.21,gas (CC CCS) (once through)
peak generation,gas,gas_peak_CC_CCS,2015,OM-fixed,16.21,gas (CC CCS) (seawater)
peak generation,gas,gas_peak_CC_CCS,2015,OM-fixed,16.21,gas (CC CCS) (recirculating)
peak generation,gas,gas_peak_CC_CCS,2015,OM-fixed,16.21,gas (CC CCS) (dry cooling)
peak generation,refined liquids,refined liquids_peak_steam/CT,2015,OM-fixed,5.64,refined liquids (steam/CT) (once through)
peak generation,refined liquids,refined liquids_peak_steam/CT,2015,OM-fixed,5.64,refined liquids (steam/CT) (seawater)
peak generation,refined liquids,refined liquids_peak_steam/CT,2015,OM-fixed,5.64,refined liquids (steam/CT) (recirculating)
peak generation,refined liquids,refined liquids_peak_steam/CT,2015,OM-fixed,5.64,refined liquids (steam/CT) (cooling pond)
peak generation,refined liquids,refined liquids_peak_steam/CT,2015,OM-fixed,5.64,refined liquids (steam/CT) (dry cooling)
peak generation,refined liquids,refined liquids_peak_CC,2015,OM-fixed,7.36,refined liquids (CC) (once through)
peak generation,refined liquids,refined liquids_peak_CC,2015,OM-fixed,7.36,refined liquids (CC) (seawater)
peak generation,refined liquids,refined liquids_peak_CC,2015,OM-fixed,7.36,refined liquids (CC) (recirculating)
peak generation,refined liquids,refined liquids_peak_CC,2015,OM-fixed,7.36,refined liquids (CC) (dry cooling)
peak generation,refined liquids,refined liquids_peak_CC_CCS,2015,OM-fixed,16.21,refined liquids (CC CCS) (once through)
peak generation,refined liquids,refined liquids_peak_CC_CCS,2015,OM-fixed,16.21,refined liquids (CC CCS) (seawater)
peak generation,refined liquids,refined liquids_peak_CC_CCS,2015,OM-fixed,16.21,refined liquids (CC CCS) (recirculating)
peak generation,refined liquids,refined liquids_peak_CC_CCS,2015,OM-fixed,16.21,refined liquids (CC CCS) (dry cooling)
peak generation,coal,coal_peak_conv pul_retire_2023,2015,OM-fixed,19.37,coal (conv pul) (once through)
peak generation,coal,coal_peak_conv pul_retire_2023,2015,OM-fixed,19.37,coal (conv pul) (seawater)
peak generation,coal,coal_peak_conv pul_retire_2023,2015,OM-fixed,19.37,coal (conv pul) (recirculating)
peak generation,coal,coal_peak_conv pul_retire_2023,2015,OM-fixed,19.37,coal (conv pul) (cooling pond)
peak generation,coal,coal_peak_conv pul_retire_2023,2015,OM-fixed,19.37,coal (conv pul) (dry cooling)
peak generation,coal,coal_peak_conv pul,2021,OM-fixed,19.75,coal (conv pul) (once through)
peak generation,coal,coal_peak_conv pul,2021,OM-fixed,19.75,coal (conv pul) (seawater)
peak generation,coal,coal_peak_conv pul,2021,OM-fixed,19.75,coal (conv pul) (recirculating)
peak generation,coal,coal_peak_conv pul,2021,OM-fixed,19.75,coal (conv pul) (cooling pond)
peak generation,coal,coal_peak_conv pul,2021,OM-fixed,19.75,coal (conv pul) (dry cooling)
peak generation,gas,gas_peak_steam/CT,2021,OM-fixed,6.11,gas (steam/CT) (once through)
peak generation,gas,gas_peak_steam/CT,2021,OM-fixed,6.11,gas (steam/CT) (seawater)
peak generation,gas,gas_peak_steam/CT,2021,OM-fixed,6.11,gas (steam/CT) (recirculating)
peak generation,gas,gas_peak_steam/CT,2021,OM-fixed,6.11,gas (steam/CT) (cooling pond)
peak generation,gas,gas_peak_steam/CT,2021,OM-fixed,6.11,gas (steam/CT) (dry cooling)
peak generation,gas,gas_peak_CC,2021,OM-fixed,7.91,gas (CC) (once through)
peak generation,gas,gas_peak_CC,2021,OM-fixed,7.91,gas (CC) (seawater)
peak generation,gas,gas_peak_CC,2021,OM-fixed,7.91,gas (CC) (recirculating)
peak generation,gas,gas_peak_CC,2021,OM-fixed,7.91,gas (CC) (cooling pond)
peak generation,gas,gas_peak_CC,2021,OM-fixed,7.91,gas (CC) (dry cooling)
peak generation,gas,gas_peak_CC_CCS,2021,OM-fixed,16.21,gas (CC CCS) (once through)
peak generation,gas,gas_peak_CC_CCS,2021,OM-fixed,16.21,gas (CC CCS) (seawater)
peak generation,gas,gas_peak_CC_CCS,2021,OM-fixed,16.21,gas (CC CCS) (recirculating)
peak generation,gas,gas_peak_CC_CCS,2021,OM-fixed,16.21,gas (CC CCS) (dry cooling)
peak generation,refined liquids,refined liquids_peak_steam/CT,2021,OM-fixed,6.11,refined liquids (steam/CT) (once through)
peak generation,refined liquids,refined liquids_peak_steam/CT,2021,OM-fixed,6.11,refined liquids (steam/CT) (seawater)
peak generation,refined liquids,refined liquids_peak_steam/CT,2021,OM-fixed,6.11,refined liquids (steam/CT) (recirculating)
peak generation,refined liquids,refined liquids_peak_steam/CT,2021,OM-fixed,6.11,refined liquids (steam/CT) (cooling pond)
peak generation,refined liquids,refined liquids_peak_steam/CT,2021,OM-fixed,6.11,refined liquids (steam/CT) (dry cooling)
peak generation,refined liquids,refined liquids_peak_CC,2021,OM-fixed,7.91,refined liquids (CC) (once through)
peak generation,refined liquids,refined liquids_peak_CC,2021,OM-fixed,7.91,refined liquids (CC) (seawater)
peak generation,refined liquids,refined liquids_peak_CC,2021,OM-fixed,7.91,refined liquids (CC) (recirculating)
peak generation,refined liquids,refined liquids_peak_CC,2021,OM-fixed,7.91,refined liquids (CC) (dry cooling)
peak generation,refined liquids,refined liquids_peak_CC_CCS,2021,OM-fixed,16.21,refined liquids (CC CCS) (once through)
peak generation,refined liquids,refined liquids_peak_CC_CCS,2021,OM-fixed,16.21,refined liquids (CC CCS) (seawater)
peak generation,refined liquids,refined liquids_peak_CC_CCS,2021,OM-fixed,16.21,refined liquids (CC CCS) (recirculating)
peak generation,refined liquids,refined liquids_peak_CC_CCS,2021,OM-fixed,16.21,refined liquids (CC CCS) (dry cooling)
peak generation,coal,coal_peak_conv pul_retire_2023,2021,OM-fixed,19.75,coal (conv pul) (once through)
peak generation,coal,coal_peak_conv pul_retire_2023,2021,OM-fixed,19.75,coal (conv pul) (seawater)
peak generation,coal,coal_peak_conv pul_retire_2023,2021,OM-fixed,19.75,coal (conv pul) (recirculating)
peak generation,coal,coal_peak_conv pul_retire_2023,2021,OM-fixed,19.75,coal (conv pul) (cooling pond)
peak generation,coal,coal_peak_conv pul_retire_2023,2021,OM-fixed,19.75,coal (conv pul) (dry cooling)
peak generation,coal,coal_peak_conv pul,2025,OM-fixed,20.1,coal (conv pul) (once through)
peak generation,coal,coal_peak_conv pul,2025,OM-fixed,20.1,coal (conv pul) (seawater)
peak generation,coal,coal_peak_conv pul,2025,OM-fixed,20.1,coal (conv pul) (recirculating)
peak generation,coal,coal_peak_conv pul,2025,OM-fixed,20.1,coal (conv pul) (cooling pond)
peak generation,coal,coal_peak_conv pul,2025,OM-fixed,20.1,coal (conv pul) (dry cooling)
peak generation,gas,gas_peak_steam/CT,2025,OM-fixed,6.06,gas (steam/CT) (once through)
peak generation,gas,gas_peak_steam/CT,2025,OM-fixed,6.06,gas (steam/CT) (seawater)
peak generation,gas,gas_peak_steam/CT,2025,OM-fixed,6.06,gas (steam/CT) (recirculating)
peak generation,gas,gas_peak_steam/CT,2025,OM-fixed,6.06,gas (steam/CT) (cooling pond)
peak generation,gas,gas_peak_steam/CT,2025,OM-fixed,6.06,gas (steam/CT) (dry cooling)
peak generation,gas,gas_peak_CC,2025,OM-fixed,7.89,gas (CC) (once through)
peak generation,gas,gas_peak_CC,2025,OM-fixed,7.89,gas (CC) (seawater)
peak generation,gas,gas_peak_CC,2025,OM-fixed,7.89,gas (CC) (recirculating)
peak generation,gas,gas_peak_CC,2025,OM-fixed,7.89,gas (CC) (cooling pond)
peak generation,gas,gas_peak_CC,2025,OM-fixed,7.89,gas (CC) (dry cooling)
peak generation,gas,gas_peak_CC_CCS,2025,OM-fixed,15.69,gas (CC CCS) (once through)
peak generation,gas,gas_peak_CC_CCS,2025,OM-fixed,15.69,gas (CC CCS) (seawater)
peak generation,gas,gas_peak_CC_CCS,2025,OM-fixed,15.69,gas (CC CCS) (recirculating)
peak generation,gas,gas_peak_CC_CCS,2025,OM-fixed,15.69,gas (CC CCS) (dry cooling)
peak generation,refined liquids,refined liquids_peak_steam/CT,2025,OM-fixed,6.06,refined liquids (steam/CT) (once through)
peak generation,refined liquids,refined liquids_peak_steam/CT,2025,OM-fixed,6.06,refined liquids (steam/CT) (seawater)
peak generation,refined liquids,refined liquids_peak_steam/CT,2025,OM-fixed,6.06,refined liquids (steam/CT) (recirculating)
peak generation,refined liquids,refined liquids_peak_steam/CT,2025,OM-fixed,6.06,refined liquids (steam/CT) (cooling pond)
peak generation,refined liquids,refined liquids_peak_steam/CT,2025,OM-fixed,6.06,refined liquids (steam/CT) (dry cooling)
peak generation,refined liquids,refined liquids_peak_CC,2025,OM-fixed,7.89,refined liquids (CC) (once through)
peak generation,refined liquids,refined liquids_peak_CC,2025,OM-fixed,7.89,refined liquids (CC) (seawater)
peak generation,refined liquids,refined liquids_peak_CC,2025,OM-fixed,7.89,refined liquids (CC) (recirculating)
peak generation,refined liquids,refined liquids_peak_CC,2025,OM-fixed,7.89,refined liquids (CC) (dry cooling)
peak generation,refined liquids,refined liquids_peak_CC_CCS,2025,OM-fixed,15.69,refined liquids (CC CCS) (once through)
peak generation,refined liquids,refined liquids_peak_CC_CCS,2025,OM-fixed,15.69,refined liquids (CC CCS) (seawater)
peak generation,refined liquids,refined liquids_peak_CC_CCS,2025,OM-fixed,15.69,refined liquids (CC CCS) (recirculating)
peak generation,refined liquids,refined liquids_peak_CC_CCS,2025,OM-fixed,15.69,refined liquids (CC CCS) (dry cooling)
peak generation,coal,coal_peak_conv pul_retire_2023,2025,OM-fixed,20.1,coal (conv pul) (once through)
peak generation,coal,coal_peak_conv pul_retire_2023,2025,OM-fixed,20.1,coal (conv pul) (seawater)
peak generation,coal,coal_peak_conv pul_retire_2023,2025,OM-fixed,20.1,coal (conv pul) (recirculating)
peak generation,coal,coal_peak_conv pul_retire_2023,2025,OM-fixed,20.1,coal (conv pul) (cooling pond)
peak generation,coal,coal_peak_conv pul_retire_2023,2025,OM-fixed,20.1,coal (conv pul) (dry cooling)
peak generation,coal,coal_peak_conv pul,2030,OM-fixed,19.63,coal (conv pul) (once through)
peak generation,coal,coal_peak_conv pul,2030,OM-fixed,19.63,coal (conv pul) (seawater)
peak generation,coal,coal_peak_conv pul,2030,OM-fixed,19.63,coal (conv pul) (recirculating)
peak generation,coal,coal_peak_conv pul,2030,OM-fixed,19.63,coal (conv pul) (cooling pond)
peak generation,coal,coal_peak_conv pul,2030,OM-fixed,19.63,coal (conv pul) (dry cooling)
peak generation,gas,gas_peak_steam/CT,2030,OM-fixed,5.89,gas (steam/CT) (once through)
peak generation,gas,gas_peak_steam/CT,2030,OM-fixed,5.89,gas (steam/CT) (seawater)
peak generation,gas,gas_peak_steam/CT,2030,OM-fixed,5.89,gas (steam/CT) (recirculating)
peak generation,gas,gas_peak_steam/CT,2030,OM-fixed,5.89,gas (steam/CT) (cooling pond)
peak generation,gas,gas_peak_steam/CT,2030,OM-fixed,5.89,gas (steam/CT) (dry cooling)
peak generation,gas,gas_peak_CC,2030,OM-fixed,7.49,gas (CC) (once through)
peak generation,gas,gas_peak_CC,2030,OM-fixed,7.49,gas (CC) (seawater)
peak generation,gas,gas_peak_CC,2030,OM-fixed,7.49,gas (CC) (recirculating)
peak generation,gas,gas_peak_CC,2030,OM-fixed,7.49,gas (CC) (cooling pond)
peak generation,gas,gas_peak_CC,2030,OM-fixed,7.49,gas (CC) (dry cooling)
peak generation,gas,gas_peak_CC_CCS,2030,OM-fixed,14.07,gas (CC CCS) (once through)
peak generation,gas,gas_peak_CC_CCS,2030,OM-fixed,14.07,gas (CC CCS) (seawater)
peak generation,gas,gas_peak_CC_CCS,2030,OM-fixed,14.07,gas (CC CCS) (recirculating)
peak generation,gas,gas_peak_CC_CCS,2030,OM-fixed,14.07,gas (CC CCS) (dry cooling)
peak generation,refined liquids,refined liquids_peak_steam/CT,2030,OM-fixed,5.89,refined liquids (steam/CT) (once through)
peak generation,refined liquids,refined liquids_peak_steam/CT,2030,OM-fixed,5.89,refined liquids (steam/CT) (seawater)
peak generation,refined liquids,refined liquids_peak_steam/CT,2030,OM-fixed,5.89,refined liquids (steam/CT) (recirculating)
peak generation,refined liquids,refined liquids_peak_steam/CT,2030,OM-fixed,5.89,refined liquids (steam/CT) (cooling pond)
peak generation,refined liquids,refined liquids_peak_steam/CT,2030,OM-fixed,5.89,refined liquids (steam/CT) (dry cooling)
peak generation,refined liquids,refined liquids_peak_CC,2030,OM-fixed,7.49,refined liquids (CC) (once through)
peak generation,refined liquids,refined liquids_peak_CC,2030,OM-fixed,7.49,refined liquids (CC) (seawater)
peak generation,refined liquids,refined liquids_peak_CC,2030,OM-fixed,7.49,refined liquids (CC) (recirculating)
peak generation,refined liquids,refined liquids_peak_CC,2030,OM-fixed,7.49,refined liquids (CC) (dry cooling)
peak generation,refined liquids,refined liquids_peak_CC_CCS,2030,OM-fixed,14.07,refined liquids (CC CCS) (once through)
peak generation,refined liquids,refined liquids_peak_CC_CCS,2030,OM-fixed,14.07,refined liquids (CC CCS) (seawater)
peak generation,refined liquids,refined liquids_peak_CC_CCS,2030,OM-fixed,14.07,refined liquids (CC CCS) (recirculating)
peak generation,refined liquids,refined liquids_peak_CC_CCS,2030,OM-fixed,14.07,refined liquids (CC CCS) (dry cooling)
peak generation,coal,coal_peak_conv pul_retire_2023,2030,OM-fixed,19.63,coal (conv pul) (once through)
peak generation,coal,coal_peak_conv pul_retire_2023,2030,OM-fixed,19.63,coal (conv pul) (seawater)
peak generation,coal,coal_peak_conv pul_retire_2023,2030,OM-fixed,19.63,coal (conv pul) (recirculating)
peak generation,coal,coal_peak_conv pul_retire_2023,2030,OM-fixed,19.63,coal (conv pul) (cooling pond)
peak generation,coal,coal_peak_conv pul_retire_2023,2030,OM-fixed,19.63,coal (conv pul) (dry cooling)
peak generation,coal,coal_peak_conv pul,2035,OM-fixed,19.13,coal (conv pul) (once through)
peak generation,coal,coal_peak_conv pul,2035,OM-fixed,19.13,coal (conv pul) (seawater)
peak generation,coal,coal_peak_conv pul,2035,OM-fixed,19.13,coal (conv pul) (recirculating)
peak generation,coal,coal_peak_conv pul,2035,OM-fixed,19.13,coal (conv pul) (cooling pond)
peak generation,coal,coal_peak_conv pul,2035,OM-fixed,19.13,coal (conv pul) (dry cooling)
peak generation,gas,gas_peak_steam/CT,2035,OM-fixed,5.7,gas (steam/CT) (once through)
peak generation,gas,gas_peak_steam/CT,2035,OM-fixed,5.7,gas (steam/CT) (seawater)
peak generation,gas,gas_peak_steam/CT,2035,OM-fixed,5.7,gas (steam/CT) (recirculating)
peak generation,gas,gas_peak_steam/CT,2035,OM-fixed,5.7,gas (steam/CT) (cooling pond)
peak generation,gas,gas_peak_steam/CT,2035,OM-fixed,5.7,gas (steam/CT) (dry cooling)
peak generation,gas,gas_peak_CC,2035,OM-fixed,7.09,gas (CC) (once through)
peak generation,gas,gas_peak_CC,2035,OM-fixed,7.09,gas (CC) (seawater)
peak generation,gas,gas_peak_CC,2035,OM-fixed,7.09,gas (CC) (recirculating)
peak generation,gas,gas_peak_CC,2035,OM-fixed,7.09,gas (CC) (cooling pond)
peak generation,gas,gas_peak_CC,2035,OM-fixed,7.09,gas (CC) (dry cooling)
peak generation,gas,gas_peak_CC_CCS,2035,OM-fixed,12.44,gas (CC CCS) (once through)
peak generation,gas,gas_peak_CC_CCS,2035,OM-fixed,12.44,gas (CC CCS) (seawater)
peak generation,gas,gas_peak_CC_CCS,2035,OM-fixed,12.44,gas (CC CCS) (recirculating)
peak generation,gas,gas_peak_CC_CCS,2035,OM-fixed,12.44,gas (CC CCS) (dry cooling)
peak generation,refined liquids,refined liquids_peak_steam/CT,2035,OM-fixed,5.7,refined liquids (steam/CT) (once through)
peak generation,refined liquids,refined liquids_peak_steam/CT,2035,OM-fixed,5.7,refined liquids (steam/CT) (seawater)
peak generation,refined liquids,refined liquids_peak_steam/CT,2035,OM-fixed,5.7,refined liquids (steam/CT) (recirculating)
peak generation,refined liquids,refined liquids_peak_steam/CT,2035,OM-fixed,5.7,refined liquids (steam/CT) (cooling pond)
peak generation,refined liquids,refined liquids_peak_steam/CT,2035,OM-fixed,5.7,refined liquids (steam/CT) (dry cooling)
peak generation,refined liquids,refined liquids_peak_CC,2035,OM-fixed,7.09,refined liquids (CC) (once through)
peak generation,refined liquids,refined liquids_peak_CC,2035,OM-fixed,7.09,refined liquids (CC) (seawater)
peak generation,refined liquids,refined liquids_peak_CC,2035,OM-fixed,7.09,refined liquids (CC) (recirculating)
peak generation,refined liquids,refined liquids_peak_CC,2035,OM-fixed,7.09,refined liquids (CC) (dry cooling)
peak generation,refined liquids,refined liquids_peak_CC_CCS,2035,OM-fixed,12.44,refined liquids (CC CCS) (once through)
peak generation,refined liquids,refined liquids_peak_CC_CCS,2035,OM-fixed,12.44,refined liquids (CC CCS) (seawater)
peak generation,refined liquids,refined liquids_peak_CC_CCS,2035,OM-fixed,12.44,refined liquids (CC CCS) (recirculating)
peak generation,refined liquids,refined liquids_peak_CC_CCS,2035,OM-fixed,12.44,refined liquids (CC CCS) (dry cooling)
peak generation,coal,coal_peak_conv pul_retire_2023,2035,OM-fixed,19.13,coal (conv pul) (once through)
peak generation,coal,coal_peak_conv pul_retire_2023,2035,OM-fixed,19.13,coal (conv pul) (seawater)
peak generation,coal,coal_peak_conv pul_retire_2023,2035,OM-fixed,19.13,coal (conv pul) (recirculating)
peak generation,coal,coal_peak_conv pul_retire_2023,2035,OM-fixed,19.13,coal (conv pul) (cooling pond)
peak generation,coal,coal_peak_conv pul_retire_2023,2035,OM-fixed,19.13,coal (conv pul) (dry cooling)
peak generation,coal,coal_peak_conv pul,2040,OM-fixed,18.36,coal (conv pul) (once through)
peak generation,coal,coal_peak_conv pul,2040,OM-fixed,18.36,coal (conv pul) (seawater)
peak generation,coal,coal_peak_conv pul,2040,OM-fixed,18.36,coal (conv pul) (recirculating)
peak generation,coal,coal_peak_conv pul,2040,OM-fixed,18.36,coal (conv pul) (cooling pond)
peak generation,coal,coal_peak_conv pul,2040,OM-fixed,18.36,coal (conv pul) (dry cooling)
peak generation,gas,gas_peak_steam/CT,2040,OM-fixed,5.54,gas (steam/CT) (once through)
peak generation,gas,gas_peak_steam/CT,2040,OM-fixed,5.54,gas (steam/CT) (seawater)
peak generation,gas,gas_peak_steam/CT,2040,OM-fixed,5.54,gas (steam/CT) (recirculating)
peak generation,gas,gas_peak_steam/CT,2040,OM-fixed,5.54,gas (steam/CT) (cooling pond)
peak generation,gas,gas_peak_steam/CT,2040,OM-fixed,5.54,gas (steam/CT) (dry cooling)
peak generation,gas,gas_peak_CC,2040,OM-fixed,6.83,gas (CC) (once through)
peak generation,gas,gas_peak_CC,2040,OM-fixed,6.83,gas (CC) (seawater)
peak generation,gas,gas_peak_CC,2040,OM-fixed,6.83,gas (CC) (recirculating)
peak generation,gas,gas_peak_CC,2040,OM-fixed,6.83,gas (CC) (cooling pond)
peak generation,gas,gas_peak_CC,2040,OM-fixed,6.83,gas (CC) (dry cooling)
peak generation,gas,gas_peak_CC_CCS,2040,OM-fixed,11.78,gas (CC CCS) (once through)
peak generation,gas,gas_peak_CC_CCS,2040,OM-fixed,11.78,gas (CC CCS) (seawater)
peak generation,gas,gas_peak_CC_CCS,2040,OM-fixed,11.78,gas (CC CCS) (recirculating)
peak generation,gas,gas_peak_CC_CCS,2040,OM-fixed,11.78,gas (CC CCS) (dry cooling)
peak generation,refined liquids,refined liquids_peak_steam/CT,2040,OM-fixed,5.54,refined liquids (steam/CT) (once through)
peak generation,refined liquids,refined liquids_peak_steam/CT,2040,OM-fixed,5.54,refined liquids (steam/CT) (seawater)
peak generation,refined liquids,refined liquids_peak_steam/CT,2040,OM-fixed,5.54,refined liquids (steam/CT) (recirculating)
peak generation,refined liquids,refined liquids_peak_steam/CT,2040,OM-fixed,5.54,refined liquids (steam/CT) (cooling pond)
peak generation,refined liquids,refined liquids_peak_steam/CT,2040,OM-fixed,5.54,refined liquids (steam/CT) (dry cooling)
peak generation,refined liquids,refined liquids_peak_CC,2040,OM-fixed,6.83,refined liquids (CC) (once through)
peak generation,refined liquids,refined liquids_peak_CC,2040,OM-fixed,6.83,refined liquids (CC) (seawater)
peak generation,refined liquids,refined liquids_peak_CC,2040,OM-fixed,6.83,refined liquids (CC) (recirculating)
peak generation,refined liquids,refined liquids_peak_CC,2040,OM-fixed,6.83,refined liquids (CC) (dry cooling)
peak generation,refined liquids,refined liquids_peak_CC_CCS,2040,OM-fixed,11.78,refined liquids (CC CCS) (once through)
peak generation,refined liquids,refined liquids_peak_CC_CCS,2040,OM-fixed,11.78,refined liquids (CC CCS) (seawater)
peak generation,refined liquids,refined liquids_peak_CC_CCS,2040,OM-fixed,11.78,refined liquids (CC CCS) (recirculating)
peak generation,refined liquids,refined liquids_peak_CC_CCS,2040,OM-fixed,11.78,refined liquids (CC CCS) (dry cooling)
peak generation,coal,coal_peak_conv pul_retire_2023,2040,OM-fixed,18.36,coal (conv pul) (once through)
peak generation,coal,coal_peak_conv pul_retire_2023,2040,OM-fixed,18.36,coal (conv pul) (seawater)
peak generation,coal,coal_peak_conv pul_retire_2023,2040,OM-fixed,18.36,coal (conv pul) (recirculating)
peak generation,coal,coal_peak_conv pul_retire_2023,2040,OM-fixed,18.36,coal (conv pul) (cooling pond)
peak generation,coal,coal_peak_conv pul_retire_2023,2040,OM-fixed,18.36,coal (conv pul) (dry cooling)
peak generation,coal,coal_peak_conv pul,2045,OM-fixed,17.58,coal (conv pul) (once through)
peak generation,coal,coal_peak_conv pul,2045,OM-fixed,17.58,coal (conv pul) (seawater)
peak generation,coal,coal_peak_conv pul,2045,OM-fixed,17.58,coal (conv pul) (recirculating)
peak generation,coal,coal_peak_conv pul,2045,OM-fixed,17.58,coal (conv pul) (cooling pond)
peak generation,coal,coal_peak_conv pul,2045,OM-fixed,17.58,coal (conv pul) (dry cooling)
peak generation,gas,gas_peak_steam/CT,2045,OM-fixed,5.37,gas (steam/CT) (once through)
peak generation,gas,gas_peak_steam/CT,2045,OM-fixed,5.37,gas (steam/CT) (seawater)
peak generation,gas,gas_peak_steam/CT,2045,OM-fixed,5.37,gas (steam/CT) (recirculating)
peak generation,gas,gas_peak_steam/CT,2045,OM-fixed,5.37,gas (steam/CT) (cooling pond)
peak generation,gas,gas_peak_steam/CT,2045,OM-fixed,5.37,gas (steam/CT) (dry cooling)
peak generation,gas,gas_peak_CC,2045,OM-fixed,6.55,gas (CC) (once through)
peak generation,gas,gas_peak_CC,2045,OM-fixed,6.55,gas (CC) (seawater)
peak generation,gas,gas_peak_CC,2045,OM-fixed,6.55,gas (CC) (recirculating)
peak generation,gas,gas_peak_CC,2045,OM-fixed,6.55,gas (CC) (cooling pond)
peak generation,gas,gas_peak_CC,2045,OM-fixed,6.55,gas (CC) (dry cooling)
peak generation,gas,gas_peak_CC_CCS,2045,OM-fixed,11.12,gas (CC CCS) (once through)
peak generation,gas,gas_peak_CC_CCS,2045,OM-fixed,11.12,gas (CC CCS) (seawater)
peak generation,gas,gas_peak_CC_CCS,2045,OM-fixed,11.12,gas (CC CCS) (recirculating)
peak generation,gas,gas_peak_CC_CCS,2045,OM-fixed,11.12,gas (CC CCS) (dry cooling)
peak generation,refined liquids,refined liquids_peak_steam/CT,2045,OM-fixed,5.37,refined liquids (steam/CT) (once through)
peak generation,refined liquids,refined liquids_peak_steam/CT,2045,OM-fixed,5.37,refined liquids (steam/CT) (seawater)
peak generation,refined liquids,refined liquids_peak_steam/CT,2045,OM-fixed,5.37,refined liquids (steam/CT) (recirculating)
peak generation,refined liquids,refined liquids_peak_steam/CT,2045,OM-fixed,5.37,refined liquids (steam/CT) (cooling pond)
peak generation,refined liquids,refined liquids_peak_steam/CT,2045,OM-fixed,5.37,refined liquids (steam/CT) (dry cooling)
peak generation,refined liquids,refined liquids_peak_CC,2045,OM-fixed,6.55,refined liquids (CC) (once through)
peak generation,refined liquids,refined liquids_peak_CC,2045,OM-fixed,6.55,refined liquids (CC) (seawater)
peak generation,refined liquids,refined liquids_peak_CC,2045,OM-fixed,6.55,refined liquids (CC) (recirculating)
peak generation,refined liquids,refined liquids_peak_CC,2045,OM-fixed,6.55,refined liquids (CC) (dry cooling)
peak generation,refined liquids,refined liquids_peak_CC_CCS,2045,OM-fixed,11.12,refined liquids (CC CCS) (once through)
peak generation,refined liquids,refined liquids_peak_CC_CCS,2045,OM-fixed,11.12,refined liquids (CC CCS) (seawater)
peak generation,refined liquids,refined liquids_peak_CC_CCS,2045,OM-fixed,11.12,refined liquids (CC CCS) (recirculating)
peak generation,refined liquids,refined liquids_peak_CC_CCS,2045,OM-fixed,11.12,refined liquids (CC CCS) (dry cooling)
peak generation,coal,coal_peak_conv pul_retire_2023,2045,OM-fixed,17.58,coal (conv pul) (once through)
peak generation,coal,coal_peak_conv pul_retire_2023,2045,OM-fixed,17.58,coal (conv pul) (seawater)
peak generation,coal,coal_peak_conv pul_retire_2023,2045,OM-fixed,17.58,coal (conv pul) (recirculating)
peak generation,coal,coal_peak_conv pul_retire_2023,2045,OM-fixed,17.58,coal (conv pul) (cooling pond)
peak generation,coal,coal_peak_conv pul_retire_2023,2045,OM-fixed,17.58,coal (conv pul) (dry cooling)
peak generation,coal,coal_peak_conv pul,2050,OM-fixed,16.8,coal (conv pul) (once through)
peak generation,coal,coal_peak_conv pul,2050,OM-fixed,16.8,coal (conv pul) (seawater)
peak generation,coal,coal_peak_conv pul,2050,OM-fixed,16.8,coal (conv pul) (recirculating)
peak generation,coal,coal_peak_conv pul,2050,OM-fixed,16.8,coal (conv pul) (cooling pond)
peak generation,coal,coal_peak_conv pul,2050,OM-fixed,16.8,coal (conv pul) (dry cooling)
peak generation,gas,gas_peak_steam/CT,2050,OM-fixed,5.18,gas (steam/CT) (once through)
peak generation,gas,gas_peak_steam/CT,2050,OM-fixed,5.18,gas (steam/CT) (seawater)
peak generation,gas,gas_peak_steam/CT,2050,OM-fixed,5.18,gas (steam/CT) (recirculating)
peak generation,gas,gas_peak_steam/CT,2050,OM-fixed,5.18,gas (steam/CT) (cooling pond)
peak generation,gas,gas_peak_steam/CT,2050,OM-fixed,5.18,gas (steam/CT) (dry cooling)
peak generation,gas,gas_peak_CC,2050,OM-fixed,6.29,gas (CC) (once through)
peak generation,gas,gas_peak_CC,2050,OM-fixed,6.29,gas (CC) (seawater)
peak generation,gas,gas_peak_CC,2050,OM-fixed,6.29,gas (CC) (recirculating)
peak generation,gas,gas_peak_CC,2050,OM-fixed,6.29,gas (CC) (cooling pond)
peak generation,gas,gas_peak_CC,2050,OM-fixed,6.29,gas (CC) (dry cooling)
peak generation,gas,gas_peak_CC_CCS,2050,OM-fixed,10.46,gas (CC CCS) (once through)
peak generation,gas,gas_peak_CC_CCS,2050,OM-fixed,10.46,gas (CC CCS) (seawater)
peak generation,gas,gas_peak_CC_CCS,2050,OM-fixed,10.46,gas (CC CCS) (recirculating)
peak generation,gas,gas_peak_CC_CCS,2050,OM-fixed,10.46,gas (CC CCS) (dry cooling)
peak generation,refined liquids,refined liquids_peak_steam/CT,2050,OM-fixed,5.18,refined liquids (steam/CT) (once through)
peak generation,refined liquids,refined liquids_peak_steam/CT,2050,OM-fixed,5.18,refined liquids (steam/CT) (seawater)
peak generation,refined liquids,refined liquids_peak_steam/CT,2050,OM-fixed,5.18,refined liquids (steam/CT) (recirculating)
peak generation,refined liquids,refined liquids_peak_steam/CT,2050,OM-fixed,5.18,refined liquids (steam/CT) (cooling pond)
peak generation,refined liquids,refined liquids_peak_steam/CT,2050,OM-fixed,5.18,refined liquids (steam/CT) (dry cooling)
peak generation,refined liquids,refined liquids_peak_CC,2050,OM-fixed,6.29,refined liquids (CC) (once through)
peak generation,refined liquids,refined liquids_peak_CC,2050,OM-fixed,6.29,refined liquids (CC) (seawater)
peak generation,refined liquids,refined liquids_peak_CC,2050,OM-fixed,6.29,refined liquids (CC) (recirculating)
peak generation,refined liquids,refined liquids_peak_CC,2050,OM-fixed,6.29,refined liquids (CC) (dry cooling)
peak generation,refined liquids,refined liquids_peak_CC_CCS,2050,OM-fixed,10.46,refined liquids (CC CCS) (once through)
peak generation,refined liquids,refined liquids_peak_CC_CCS,2050,OM-fixed,10.46,refined liquids (CC CCS) (seawater)
peak generation,refined liquids,refined liquids_peak_CC_CCS,2050,OM-fixed,10.46,refined liquids (CC CCS) (recirculating)
peak generation,refined liquids,refined liquids_peak_CC_CCS,2050,OM-fixed,10.46,refined liquids (CC CCS) (dry cooling)
peak generation,coal,coal_peak_conv pul_retire_2023,2050,OM-fixed,16.8,coal (conv pul) (once through)
peak generation,coal,coal_peak_conv pul_retire_2023,2050,OM-fixed,16.8,coal (conv pul) (seawater)
peak generation,coal,coal_peak_conv pul_retire_2023,2050,OM-fixed,16.8,coal (conv pul) (recirculating)
peak generation,coal,coal_peak_conv pul_retire_2023,2050,OM-fixed,16.8,coal (conv pul) (cooling pond)
peak generation,coal,coal_peak_conv pul_retire_2023,2050,OM-fixed,16.8,coal (conv pul) (dry cooling)
peak generation,coal,coal_peak_conv pul,2055,OM-fixed,16.72,coal (conv pul) (once through)
peak generation,coal,coal_peak_conv pul,2055,OM-fixed,16.72,coal (conv pul) (seawater)
peak generation,coal,coal_peak_conv pul,2055,OM-fixed,16.72,coal (conv pul) (recirculating)
peak generation,coal,coal_peak_conv pul,2055,OM-fixed,16.72,coal (conv pul) (cooling pond)
peak generation,coal,coal_peak_conv pul,2055,OM-fixed,16.72,coal (conv pul) (dry cooling)
peak generation,gas,gas_peak_steam/CT,2055,OM-fixed,5.16,gas (steam/CT) (once through)
peak generation,gas,gas_peak_steam/CT,2055,OM-fixed,5.16,gas (steam/CT) (seawater)
peak generation,gas,gas_peak_steam/CT,2055,OM-fixed,5.16,gas (steam/CT) (recirculating)
peak generation,gas,gas_peak_steam/CT,2055,OM-fixed,5.16,gas (steam/CT) (cooling pond)
peak generation,gas,gas_peak_steam/CT,2055,OM-fixed,5.16,gas (steam/CT) (dry cooling)
peak generation,gas,gas_peak_CC,2055,OM-fixed,6.26,gas (CC) (once through)
peak generation,gas,gas_peak_CC,2055,OM-fixed,6.26,gas (CC) (seawater)
peak generation,gas,gas_peak_CC,2055,OM-fixed,6.26,gas (CC) (recirculating)
peak generation,gas,gas_peak_CC,2055,OM-fixed,6.26,gas (CC) (cooling pond)
peak generation,gas,gas_peak_CC,2055,OM-fixed,6.26,gas (CC) (dry cooling)
peak generation,gas,gas_peak_CC_CCS,2055,OM-fixed,10.41,gas (CC CCS) (once through)
peak generation,gas,gas_peak_CC_CCS,2055,OM-fixed,10.41,gas (CC CCS) (seawater)
peak generation,gas,gas_peak_CC_CCS,2055,OM-fixed,10.41,gas (CC CCS) (recirculating)
peak generation,gas,gas_peak_CC_CCS,2055,OM-fixed,10.41,gas (CC CCS) (dry cooling)
peak generation,refined liquids,refined liquids_peak_steam/CT,2055,OM-fixed,5.16,refined liquids (steam/CT) (once through)
peak generation,refined liquids,refined liquids_peak_steam/CT,2055,OM-fixed,5.16,refined liquids (steam/CT) (seawater)
peak generation,refined liquids,refined liquids_peak_steam/CT,2055,OM-fixed,5.16,refined liquids (steam/CT) (recirculating)
peak generation,refined liquids,refined liquids_peak_steam/CT,2055,OM-fixed,5.16,refined liquids (steam/CT) (cooling pond)
peak generation,refined liquids,refined liquids_peak_steam/CT,2055,OM-fixed,5.16,refined liquids (steam/CT) (dry cooling)
peak generation,refined liquids,refined liquids_peak_CC,2055,OM-fixed,6.26,refined liquids (CC) (once through)
peak generation,refined liquids,refined liquids_peak_CC,2055,OM-fixed,6.26,refined liquids (CC) (seawater)
peak generation,refined liquids,refined liquids_peak_CC,2055,OM-fixed,6.26,refined liquids (CC) (recirculating)
peak generation,refined liquids,refined liquids_peak_CC,2055,OM-fixed,6.26,refined liquids (CC) (dry cooling)
peak generation,refined liquids,refined liquids_peak_CC_CCS,2055,OM-fixed,10.41,refined liquids (CC CCS) (once through)
peak generation,refined liquids,refined liquids_peak_CC_CCS,2055,OM-fixed,10.41,refined liquids (CC CCS) (seawater)
peak generation,refined liquids,refined liquids_peak_CC_CCS,2055,OM-fixed,10.41,refined liquids (CC CCS) (recirculating)
peak generation,refined liquids,refined liquids_peak_CC_CCS,2055,OM-fixed,10.41,refined liquids (CC CCS) (dry cooling)
peak generation,coal,coal_peak_conv pul_retire_2023,2055,OM-fixed,16.72,coal (conv pul) (once through)
peak generation,coal,coal_peak_conv pul_retire_2023,2055,OM-fixed,16.72,coal (conv pul) (seawater)
peak generation,coal,coal_peak_conv pul_retire_2023,2055,OM-fixed,16.72,coal (conv pul) (recirculating)
peak generation,coal,coal_peak_conv pul_retire_2023,2055,OM-fixed,16.72,coal (conv pul) (cooling pond)
peak generation,coal,coal_peak_conv pul_retire_2023,2055,OM-fixed,16.72,coal (conv pul) (dry cooling)
peak generation,coal,coal_peak_conv pul,2060,OM-fixed,16.63,coal (conv pul) (once through)
peak generation,coal,coal_peak_conv pul,2060,OM-fixed,16.63,coal (conv pul) (seawater)
peak generation,coal,coal_peak_conv pul,2060,OM-fixed,16.63,coal (conv pul) (recirculating)
peak generation,coal,coal_peak_conv pul,2060,OM-fixed,16.63,coal (conv pul) (cooling pond)
peak generation,coal,coal_peak_conv pul,2060,OM-fixed,16.63,coal (conv pul) (dry cooling)
peak generation,gas,gas_peak_steam/CT,2060,OM-fixed,5.13,gas (steam/CT) (once through)
peak generation,gas,gas_peak_steam/CT,2060,OM-fixed,5.13,gas (steam/CT) (seawater)
peak generation,gas,gas_peak_steam/CT,2060,OM-fixed,5.13,gas (steam/CT) (recirculating)
peak generation,gas,gas_peak_steam/CT,2060,OM-fixed,5.13,gas (steam/CT) (cooling pond)
peak generation,gas,gas_peak_steam/CT,2060,OM-fixed,5.13,gas (steam/CT) (dry cooling)
peak generation,gas,gas_peak_CC,2060,OM-fixed,6.23,gas (CC) (once through)
peak generation,gas,gas_peak_CC,2060,OM-fixed,6.23,gas (CC) (seawater)
peak generation,gas,gas_peak_CC,2060,OM-fixed,6.23,gas (CC) (recirculating)
peak generation,gas,gas_peak_CC,2060,OM-fixed,6.23,gas (CC) (cooling pond)
peak generation,gas,gas_peak_CC,2060,OM-fixed,6.23,gas (CC) (dry cooling)
peak generation,gas,gas_peak_CC_CCS,2060,OM-fixed,10.36,gas (CC CCS) (once through)
peak generation,gas,gas_peak_CC_CCS,2060,OM-fixed,10.36,gas (CC CCS) (seawater)
peak generation,gas,gas_peak_CC_CCS,2060,OM-fixed,10.36,gas (CC CCS) (recirculating)
peak generation,gas,gas_peak_CC_CCS,2060,OM-fixed,10.36,gas (CC CCS) (dry cooling)
peak generation,refined liquids,refined liquids_peak_steam/CT,2060,OM-fixed,5.13,refined liquids (steam/CT) (once through)
peak generation,refined liquids,refined liquids_peak_steam/CT,2060,OM-fixed,5.13,refined liquids (steam/CT) (seawater)
peak generation,refined liquids,refined liquids_peak_steam/CT,2060,OM-fixed,5.13,refined liquids (steam/CT) (recirculating)
peak generation,refined liquids,refined liquids_peak_steam/CT,2060,OM-fixed,5.13,refined liquids (steam/CT) (cooling pond)
peak generation,refined liquids,refined liquids_peak_steam/CT,2060,OM-fixed,5.13,refined liquids (steam/CT) (dry cooling)
peak generation,refined liquids,refined liquids_peak_CC,2060,OM-fixed,6.23,refined liquids (CC) (once through)
peak generation,refined liquids,refined liquids_peak_CC,2060,OM-fixed,6.23,refined liquids (CC) (seawater)
peak generation,refined liquids,refined liquids_peak_CC,2060,OM-fixed,6.23,refined liquids (CC) (recirculating)
peak generation,refined liquids,refined liquids_peak_CC,2060,OM-fixed,6.23,refined liquids (CC) (dry cooling)
peak generation,refined liquids,refined liquids_peak_CC_CCS,2060,OM-fixed,10.36,refined liquids (CC CCS) (once through)
peak generation,refined liquids,refined liquids_peak_CC_CCS,2060,OM-fixed,10.36,refined liquids (CC CCS) (seawater)
peak generation,refined liquids,refined liquids_peak_CC_CCS,2060,OM-fixed,10.36,refined liquids (CC CCS) (recirculating)
peak generation,refined liquids,refined liquids_peak_CC_CCS,2060,OM-fixed,10.36,refined liquids (CC CCS) (dry cooling)
peak generation,coal,coal_peak_conv pul_retire_2023,2060,OM-fixed,16.63,coal (conv pul) (once through)
peak generation,coal,coal_peak_conv pul_retire_2023,2060,OM-fixed,16.63,coal (conv pul) (seawater)
peak generation,coal,coal_peak_conv pul_retire_2023,2060,OM-fixed,16.63,coal (conv pul) (recirculating)
peak generation,coal,coal_peak_conv pul_retire_2023,2060,OM-fixed,16.63,coal (conv pul) (cooling pond)
peak generation,coal,coal_peak_conv pul_retire_2023,2060,OM-fixed,16.63,coal (conv pul) (dry cooling)
peak generation,coal,coal_peak_conv pul,2065,OM-fixed,16.55,coal (conv pul) (once through)
peak generation,coal,coal_peak_conv pul,2065,OM-fixed,16.55,coal (conv pul) (seawater)
peak generation,coal,coal_peak_conv pul,2065,OM-fixed,16.55,coal (conv pul) (recirculating)
peak generation,coal,coal_peak_conv pul,2065,OM-fixed,16.55,coal (conv pul) (cooling pond)
peak generation,coal,coal_peak_conv pul,2065,OM-fixed,16.55,coal (conv pul) (dry cooling)
peak generation,gas,gas_peak_steam/CT,2065,OM-fixed,5.11,gas (steam/CT) (once through)
peak generation,gas,gas_peak_steam/CT,2065,OM-fixed,5.11,gas (steam/CT) (seawater)
peak generation,gas,gas_peak_steam/CT,2065,OM-fixed,5.11,gas (steam/CT) (recirculating)
peak generation,gas,gas_peak_steam/CT,2065,OM-fixed,5.11,gas (steam/CT) (cooling pond)
peak generation,gas,gas_peak_steam/CT,2065,OM-fixed,5.11,gas (steam/CT) (dry cooling)
peak generation,gas,gas_peak_CC,2065,OM-fixed,6.2,gas (CC) (once through)
peak generation,gas,gas_peak_CC,2065,OM-fixed,6.2,gas (CC) (seawater)
peak generation,gas,gas_peak_CC,2065,OM-fixed,6.2,gas (CC) (recirculating)
peak generation,gas,gas_peak_CC,2065,OM-fixed,6.2,gas (CC) (cooling pond)
peak generation,gas,gas_peak_CC,2065,OM-fixed,6.2,gas (CC) (dry cooling)
peak generation,gas,gas_peak_CC_CCS,2065,OM-fixed,10.31,gas (CC CCS) (once through)
peak generation,gas,gas_peak_CC_CCS,2065,OM-fixed,10.31,gas (CC CCS) (seawater)
peak generation,gas,gas_peak_CC_CCS,2065,OM-fixed,10.31,gas (CC CCS) (recirculating)
peak generation,gas,gas_peak_CC_CCS,2065,OM-fixed,10.31,gas (CC CCS) (dry cooling)
peak generation,refined liquids,refined liquids_peak_steam/CT,2065,OM-fixed,5.11,refined liquids (steam/CT) (once through)
peak generation,refined liquids,refined liquids_peak_steam/CT,2065,OM-fixed,5.11,refined liquids (steam/CT) (seawater)
peak generation,refined liquids,refined liquids_peak_steam/CT,2065,OM-fixed,5.11,refined liquids (steam/CT) (recirculating)
peak generation,refined liquids,refined liquids_peak_steam/CT,2065,OM-fixed,5.11,refined liquids (steam/CT) (cooling pond)
peak generation,refined liquids,refined liquids_peak_steam/CT,2065,OM-fixed,5.11,refined liquids (steam/CT) (dry cooling)
peak generation,refined liquids,refined liquids_peak_CC,2065,OM-fixed,6.2,refined liquids (CC) (once through)
peak generation,refined liquids,refined liquids_peak_CC,2065,OM-fixed,6.2,refined liquids (CC) (seawater)
peak generation,refined liquids,refined liquids_peak_CC,2065,OM-fixed,6.2,refined liquids (CC) (recirculating)
peak generation,refined liquids,refined liquids_peak_CC,2065,OM-fixed,6.2,refined liquids (CC) (dry cooling)
peak generation,refined liquids,refined liquids_peak_CC_CCS,2065,OM-fixed,10.31,refined liquids (CC CCS) (once through)
peak generation,refined liquids,refined liquids_peak_CC_CCS,2065,OM-fixed,10.31,refined liquids (CC CCS) (seawater)
peak generation,refined liquids,refined liquids_peak_CC_CCS,2065,OM-fixed,10.31,refined liquids (CC CCS) (recirculating)
peak generation,refined liquids,refined liquids_peak_CC_CCS,2065,OM-fixed,10.31,refined liquids (CC CCS) (dry cooling)
peak generation,coal,coal_peak_conv pul_retire_2023,2065,OM-fixed,16.55,coal (conv pul) (once through)
peak generation,coal,coal_peak_conv pul_retire_2023,2065,OM-fixed,16.55,coal (conv pul) (seawater)
peak generation,coal,coal_peak_conv pul_retire_2023,2065,OM-fixed,16.55,coal (conv pul) (recirculating)
peak generation,coal,coal_peak_conv pul_retire_2023,2065,OM-fixed,16.55,coal (conv pul) (cooling pond)
peak generation,coal,coal_peak_conv pul_retire_2023,2065,OM-fixed,16.55,coal (conv pul) (dry cooling)
peak generation,coal,coal_peak_conv pul,2070,OM-fixed,16.47,coal (conv pul) (once through)
peak generation,coal,coal_peak_conv pul,2070,OM-fixed,16.47,coal (conv pul) (seawater)
peak generation,coal,coal_peak_conv pul,2070,OM-fixed,16.47,coal (conv pul) (recirculating)
peak generation,coal,coal_peak_conv pul,2070,OM-fixed,16.47,coal (conv pul) (cooling pond)
peak generation,coal,coal_peak_conv pul,2070,OM-fixed,16.47,coal (conv pul) (dry cooling)
peak generation,gas,gas_peak_steam/CT,2070,OM-fixed,5.08,gas (steam/CT) (once through)
peak generation,gas,gas_peak_steam/CT,2070,OM-fixed,5.08,gas (steam/CT) (seawater)
peak generation,gas,gas_peak_steam/CT,2070,OM-fixed,5.08,gas (steam/CT) (recirculating)
peak generation,gas,gas_peak_steam/CT,2070,OM-fixed,5.08,gas (steam/CT) (cooling pond)
peak generation,gas,gas_peak_steam/CT,2070,OM-fixed,5.08,gas (steam/CT) (dry cooling)
peak generation,gas,gas_peak_CC,2070,OM-fixed,6.17,gas (CC) (once through)
peak generation,gas,gas_peak_CC,2070,OM-fixed,6.17,gas (CC) (seawater)
peak generation,gas,gas_peak_CC,2070,OM-fixed,6.17,gas (CC) (recirculating)
peak generation,gas,gas_peak_CC,2070,OM-fixed,6.17,gas (CC) (cooling pond)
peak generation,gas,gas_peak_CC,2070,OM-fixed,6.17,gas (CC) (dry cooling)
peak generation,gas,gas_peak_CC_CCS,2070,OM-fixed,10.26,gas (CC CCS) (once through)
peak generation,gas,gas_peak_CC_CCS,2070,OM-fixed,10.26,gas (CC CCS) (seawater)
peak generation,gas,gas_peak_CC_CCS,2070,OM-fixed,10.26,gas (CC CCS) (recirculating)
peak generation,gas,gas_peak_CC_CCS,2070,OM-fixed,10.26,gas (CC CCS) (dry cooling)
peak generation,refined liquids,refined liquids_peak_steam/CT,2070,OM-fixed,5.08,refined liquids (steam/CT) (once through)
peak generation,refined liquids,refined liquids_peak_steam/CT,2070,OM-fixed,5.08,refined liquids (steam/CT) (seawater)
peak generation,refined liquids,refined liquids_peak_steam/CT,2070,OM-fixed,5.08,refined liquids (steam/CT) (recirculating)
peak generation,refined liquids,refined liquids_peak_steam/CT,2070,OM-fixed,5.08,refined liquids (steam/CT) (cooling pond)
peak generation,refined liquids,refined liquids_peak_steam/CT,2070,OM-fixed,5.08,refined liquids (steam/CT) (dry cooling)
peak generation,refined liquids,refined liquids_peak_CC,2070,OM-fixed,6.17,refined liquids (CC) (once through)
peak generation,refined liquids,refined liquids_peak_CC,2070,OM-fixed,6.17,refined liquids (CC) (seawater)
peak generation,refined liquids,refined liquids_peak_CC,2070,OM-fixed,6.17,refined liquids (CC) (recirculating)
peak generation,refined liquids,refined liquids_peak_CC,2070,OM-fixed,6.17,refined liquids (CC) (dry cooling)
peak generation,refined liquids,refined liquids_peak_CC_CCS,2070,OM-fixed,10.26,refined liquids (CC CCS) (once through)
peak generation,refined liquids,refined liquids_peak_CC_CCS,2070,OM-fixed,10.26,refined liquids (CC CCS) (seawater)
peak generation,refined liquids,refined liquids_peak_CC_CCS,2070,OM-fixed,10.26,refined liquids (CC CCS) (recirculating)
peak generation,refined liquids,refined liquids_peak_CC_CCS,2070,OM-fixed,10.26,refined liquids (CC CCS) (dry cooling)
peak generation,coal,coal_peak_conv pul_retire_2023,2070,OM-fixed,16.47,coal (conv pul) (once through)
peak generation,coal,coal_peak_conv pul_retire_2023,2070,OM-fixed,16.47,coal (conv pul) (seawater)
peak generation,coal,coal_peak_conv pul_retire_2023,2070,OM-fixed,16.47,coal (conv pul) (recirculating)
peak generation,coal,coal_peak_conv pul_retire_2023,2070,OM-fixed,16.47,coal (conv pul) (cooling pond)
peak generation,coal,coal_peak_conv pul_retire_2023,2070,OM-fixed,16.47,coal (conv pul) (dry cooling)
peak generation,coal,coal_peak_conv pul,2075,OM-fixed,16.39,coal (conv pul) (once through)
peak generation,coal,coal_peak_conv pul,2075,OM-fixed,16.39,coal (conv pul) (seawater)
peak generation,coal,coal_peak_conv pul,2075,OM-fixed,16.39,coal (conv pul) (recirculating)
peak generation,coal,coal_peak_conv pul,2075,OM-fixed,16.39,coal (conv pul) (cooling pond)
peak generation,coal,coal_peak_conv pul,2075,OM-fixed,16.39,coal (conv pul) (dry cooling)
peak generation,gas,gas_peak_steam/CT,2075,OM-fixed,5.06,gas (steam/CT) (once through)
peak generation,gas,gas_peak_steam/CT,2075,OM-fixed,5.06,gas (steam/CT) (seawater)
peak generation,gas,gas_peak_steam/CT,2075,OM-fixed,5.06,gas (steam/CT) (recirculating)
peak generation,gas,gas_peak_steam/CT,2075,OM-fixed,5.06,gas (steam/CT) (cooling pond)
peak generation,gas,gas_peak_steam/CT,2075,OM-fixed,5.06,gas (steam/CT) (dry cooling)
peak generation,gas,gas_peak_CC,2075,OM-fixed,6.14,gas (CC) (once through)
peak generation,gas,gas_peak_CC,2075,OM-fixed,6.14,gas (CC) (seawater)
peak generation,gas,gas_peak_CC,2075,OM-fixed,6.14,gas (CC) (recirculating)
peak generation,gas,gas_peak_CC,2075,OM-fixed,6.14,gas (CC) (cooling pond)
peak generation,gas,gas_peak_CC,2075,OM-fixed,6.14,gas (CC) (dry cooling)
peak generation,gas,gas_peak_CC_CCS,2075,OM-fixed,10.2,gas (CC CCS) (once through)
peak generation,gas,gas_peak_CC_CCS,2075,OM-fixed,10.2,gas (CC CCS) (seawater)
peak generation,gas,gas_peak_CC_CCS,2075,OM-fixed,10.2,gas (CC CCS) (recirculating)
peak generation,gas,gas_peak_CC_CCS,2075,OM-fixed,10.2,gas (CC CCS) (dry cooling)
peak generation,refined liquids,refined liquids_peak_steam/CT,2075,OM-fixed,5.06,refined liquids (steam/CT) (once through)
peak generation,refined liquids,refined liquids_peak_steam/CT,2075,OM-fixed,5.06,refined liquids (steam/CT) (seawater)
peak generation,refined liquids,refined liquids_peak_steam/CT,2075,OM-fixed,5.06,refined liquids (steam/CT) (recirculating)
peak generation,refined liquids,refined liquids_peak_steam/CT,2075,OM-fixed,5.06,refined liquids (steam/CT) (cooling pond)
peak generation,refined liquids,refined liquids_peak_steam/CT,2075,OM-fixed,5.06,refined liquids (steam/CT) (dry cooling)
peak generation,refined liquids,refined liquids_peak_CC,2075,OM-fixed,6.14,refined liquids (CC) (once through)
peak generation,refined liquids,refined liquids_peak_CC,2075,OM-fixed,6.14,refined liquids (CC) (seawater)
peak generation,refined liquids,refined liquids_peak_CC,2075,OM-fixed,6.14,refined liquids (CC) (recirculating)
peak generation,refined liquids,refined liquids_peak_CC,2075,OM-fixed,6.14,refined liquids (CC) (dry cooling)
peak generation,refined liquids,refined liquids_peak_CC_CCS,2075,OM-fixed,10.2,refined liquids (CC CCS) (once through)
peak generation,refined liquids,refined liquids_peak_CC_CCS,2075,OM-fixed,10.2,refined liquids (CC CCS) (seawater)
peak generation,refined liquids,refined liquids_peak_CC_CCS,2075,OM-fixed,10.2,refined liquids (CC CCS) (recirculating)
peak generation,refined liquids,refined liquids_peak_CC_CCS,2075,OM-fixed,10.2,refined liquids (CC CCS) (dry cooling)
peak generation,coal,coal_peak_conv pul_retire_2023,2075,OM-fixed,16.39,coal (conv pul) (once through)
peak generation,coal,coal_peak_conv pul_retire_2023,2075,OM-fixed,16.39,coal (conv pul) (seawater)
peak generation,coal,coal_peak_conv pul_retire_2023,2075,OM-fixed,16.39,coal (conv pul) (recirculating)
peak generation,coal,coal_peak_conv pul_retire_2023,2075,OM-fixed,16.39,coal (conv pul) (cooling pond)
peak generation,coal,coal_peak_conv pul_retire_2023,2075,OM-fixed,16.39,coal (conv pul) (dry cooling)
peak generation,coal,coal_peak_conv pul,2080,OM-fixed,16.3,coal (conv pul) (once through)
peak generation,coal,coal_peak_conv pul,2080,OM-fixed,16.3,coal (conv pul) (seawater)
peak generation,coal,coal_peak_conv pul,2080,OM-fixed,16.3,coal (conv pul) (recirculating)
peak generation,coal,coal_peak_conv pul,2080,OM-fixed,16.3,coal (conv pul) (cooling pond)
peak generation,coal,coal_peak_conv pul,2080,OM-fixed,16.3,coal (conv pul) (dry cooling)
peak generation,gas,gas_peak_steam/CT,2080,OM-fixed,5.03,gas (steam/CT) (once through)
peak generation,gas,gas_peak_steam/CT,2080,OM-fixed,5.03,gas (steam/CT) (seawater)
peak generation,gas,gas_peak_steam/CT,2080,OM-fixed,5.03,gas (steam/CT) (recirculating)
peak generation,gas,gas_peak_steam/CT,2080,OM-fixed,5.03,gas (steam/CT) (cooling pond)
peak generation,gas,gas_peak_steam/CT,2080,OM-fixed,5.03,gas (steam/CT) (dry cooling)
peak generation,gas,gas_peak_CC,2080,OM-fixed,6.11,gas (CC) (once through)
peak generation,gas,gas_peak_CC,2080,OM-fixed,6.11,gas (CC) (seawater)
peak generation,gas,gas_peak_CC,2080,OM-fixed,6.11,gas (CC) (recirculating)
peak generation,gas,gas_peak_CC,2080,OM-fixed,6.11,gas (CC) (cooling pond)
peak generation,gas,gas_peak_CC,2080,OM-fixed,6.11,gas (CC) (dry cooling)
peak generation,gas,gas_peak_CC_CCS,2080,OM-fixed,10.15,gas (CC CCS) (once through)
peak generation,gas,gas_peak_CC_CCS,2080,OM-fixed,10.15,gas (CC CCS) (seawater)
peak generation,gas,gas_peak_CC_CCS,2080,OM-fixed,10.15,gas (CC CCS) (recirculating)
peak generation,gas,gas_peak_CC_CCS,2080,OM-fixed,10.15,gas (CC CCS) (dry cooling)
peak generation,refined liquids,refined liquids_peak_steam/CT,2080,OM-fixed,5.03,refined liquids (steam/CT) (once through)
peak generation,refined liquids,refined liquids_peak_steam/CT,2080,OM-fixed,5.03,refined liquids (steam/CT) (seawater)
peak generation,refined liquids,refined liquids_peak_steam/CT,2080,OM-fixed,5.03,refined liquids (steam/CT) (recirculating)
peak generation,refined liquids,refined liquids_peak_steam/CT,2080,OM-fixed,5.03,refined liquids (steam/CT) (cooling pond)
peak generation,refined liquids,refined liquids_peak_steam/CT,2080,OM-fixed,5.03,refined liquids (steam/CT) (dry cooling)
peak generation,refined liquids,refined liquids_peak_CC,2080,OM-fixed,6.11,refined liquids (CC) (once through)
peak generation,refined liquids,refined liquids_peak_CC,2080,OM-fixed,6.11,refined liquids (CC) (seawater)
peak generation,refined liquids,refined liquids_peak_CC,2080,OM-fixed,6.11,refined liquids (CC) (recirculating)
peak generation,refined liquids,refined liquids_peak_CC,2080,OM-fixed,6.11,refined liquids (CC) (dry cooling)
peak generation,refined liquids,refined liquids_peak_CC_CCS,2080,OM-fixed,10.15,refined liquids (CC CCS) (once through)
peak generation,refined liquids,refined liquids_peak_CC_CCS,2080,OM-fixed,10.15,refined liquids (CC CCS) (seawater)
peak generation,refined liquids,refined liquids_peak_CC_CCS,2080,OM-fixed,10.15,refined liquids (CC CCS) (recirculating)
peak generation,refined liquids,refined liquids_peak_CC_CCS,2080,OM-fixed,10.15,refined liquids (CC CCS) (dry cooling)
peak generation,coal,coal_peak_conv pul_retire_2023,2080,OM-fixed,16.3,coal (conv pul) (once through)
peak generation,coal,coal_peak_conv pul_retire_2023,2080,OM-fixed,16.3,coal (conv pul) (seawater)
peak generation,coal,coal_peak_conv pul_retire_2023,2080,OM-fixed,16.3,coal (conv pul) (recirculating)
peak generation,coal,coal_peak_conv pul_retire_2023,2080,OM-fixed,16.3,coal (conv pul) (cooling pond)
peak generation,coal,coal_peak_conv pul_retire_2023,2080,OM-fixed,16.3,coal (conv pul) (dry cooling)
peak generation,coal,coal_peak_conv pul,2085,OM-fixed,16.22,coal (conv pul) (once through)
peak generation,coal,coal_peak_conv pul,2085,OM-fixed,16.22,coal (conv pul) (seawater)
peak generation,coal,coal_peak_conv pul,2085,OM-fixed,16.22,coal (conv pul) (recirculating)
peak generation,coal,coal_peak_conv pul,2085,OM-fixed,16.22,coal (conv pul) (cooling pond)
peak generation,coal,coal_peak_conv pul,2085,OM-fixed,16.22,coal (conv pul) (dry cooling)
peak generation,gas,gas_peak_steam/CT,2085,OM-fixed,5.01,gas (steam/CT) (once through)
peak generation,gas,gas_peak_steam/CT,2085,OM-fixed,5.01,gas (steam/CT) (seawater)
peak generation,gas,gas_peak_steam/CT,2085,OM-fixed,5.01,gas (steam/CT) (recirculating)
peak generation,gas,gas_peak_steam/CT,2085,OM-fixed,5.01,gas (steam/CT) (cooling pond)
peak generation,gas,gas_peak_steam/CT,2085,OM-fixed,5.01,gas (steam/CT) (dry cooling)
peak generation,gas,gas_peak_CC,2085,OM-fixed,6.08,gas (CC) (once through)
peak generation,gas,gas_peak_CC,2085,OM-fixed,6.08,gas (CC) (seawater)
peak generation,gas,gas_peak_CC,2085,OM-fixed,6.08,gas (CC) (recirculating)
peak generation,gas,gas_peak_CC,2085,OM-fixed,6.08,gas (CC) (cooling pond)
peak generation,gas,gas_peak_CC,2085,OM-fixed,6.08,gas (CC) (dry cooling)
peak generation,gas,gas_peak_CC_CCS,2085,OM-fixed,10.1,gas (CC CCS) (once through)
peak generation,gas,gas_peak_CC_CCS,2085,OM-fixed,10.1,gas (CC CCS) (seawater)
peak generation,gas,gas_peak_CC_CCS,2085,OM-fixed,10.1,gas (CC CCS) (recirculating)
peak generation,gas,gas_peak_CC_CCS,2085,OM-fixed,10.1,gas (CC CCS) (dry cooling)
peak generation,refined liquids,refined liquids_peak_steam/CT,2085,OM-fixed,5.01,refined liquids (steam/CT) (once through)
peak generation,refined liquids,refined liquids_peak_steam/CT,2085,OM-fixed,5.01,refined liquids (steam/CT) (seawater)
peak generation,refined liquids,refined liquids_peak_steam/CT,2085,OM-fixed,5.01,refined liquids (steam/CT) (recirculating)
peak generation,refined liquids,refined liquids_peak_steam/CT,2085,OM-fixed,5.01,refined liquids (steam/CT) (cooling pond)
peak generation,refined liquids,refined liquids_peak_steam/CT,2085,OM-fixed,5.01,refined liquids (steam/CT) (dry cooling)
peak generation,refined liquids,refined liquids_peak_CC,2085,OM-fixed,6.08,refined liquids (CC) (once through)
peak generation,refined liquids,refined liquids_peak_CC,2085,OM-fixed,6.08,refined liquids (CC) (seawater)
peak generation,refined liquids,refined liquids_peak_CC,2085,OM-fixed,6.08,refined liquids (CC) (recirculating)
peak generation,refined liquids,refined liquids_peak_CC,2085,OM-fixed,6.08,refined liquids (CC) (dry cooling)
peak generation,refined liquids,refined liquids_peak_CC_CCS,2085,OM-fixed,10.1,refined liquids (CC CCS) (once through)
peak generation,refined liquids,refined liquids_peak_CC_CCS,2085,OM-fixed,10.1,refined liquids (CC CCS) (seawater)
peak generation,refined liquids,refined liquids_peak_CC_CCS,2085,OM-fixed,10.1,refined liquids (CC CCS) (recirculating)
peak generation,refined liquids,refined liquids_peak_CC_CCS,2085,OM-fixed,10.1,refined liquids (CC CCS) (dry cooling)
peak generation,coal,coal_peak_conv pul_retire_2023,2085,OM-fixed,16.22,coal (conv pul) (once through)
peak generation,coal,coal_peak_conv pul_retire_2023,2085,OM-fixed,16.22,coal (conv pul) (seawater)
peak generation,coal,coal_peak_conv pul_retire_2023,2085,OM-fixed,16.22,coal (conv pul) (recirculating)
peak generation,coal,coal_peak_conv pul_retire_2023,2085,OM-fixed,16.22,coal (conv pul) (cooling pond)
peak generation,coal,coal_peak_conv pul_retire_2023,2085,OM-fixed,16.22,coal (conv pul) (dry cooling)
peak generation,coal,coal_peak_conv pul,2090,OM-fixed,16.14,coal (conv pul) (once through)
peak generation,coal,coal_peak_conv pul,2090,OM-fixed,16.14,coal (conv pul) (seawater)
peak generation,coal,coal_peak_conv pul,2090,OM-fixed,16.14,coal (conv pul) (recirculating)
peak generation,coal,coal_peak_conv pul,2090,OM-fixed,16.14,coal (conv pul) (cooling pond)
peak generation,coal,coal_peak_conv pul,2090,OM-fixed,16.14,coal (conv pul) (dry cooling)
peak generation,gas,gas_peak_steam/CT,2090,OM-fixed,4.98,gas (steam/CT) (once through)
peak generation,gas,gas_peak_steam/CT,2090,OM-fixed,4.98,gas (steam/CT) (seawater)
peak generation,gas,gas_peak_steam/CT,2090,OM-fixed,4.98,gas (steam/CT) (recirculating)
peak generation,gas,gas_peak_steam/CT,2090,OM-fixed,4.98,gas (steam/CT) (cooling pond)
peak generation,gas,gas_peak_steam/CT,2090,OM-fixed,4.98,gas (steam/CT) (dry cooling)
peak generation,gas,gas_peak_CC,2090,OM-fixed,6.04,gas (CC) (once through)
peak generation,gas,gas_peak_CC,2090,OM-fixed,6.04,gas (CC) (seawater)
peak generation,gas,gas_peak_CC,2090,OM-fixed,6.04,gas (CC) (recirculating)
peak generation,gas,gas_peak_CC,2090,OM-fixed,6.04,gas (CC) (cooling pond)
peak generation,gas,gas_peak_CC,2090,OM-fixed,6.04,gas (CC) (dry cooling)
peak generation,gas,gas_peak_CC_CCS,2090,OM-fixed,10.05,gas (CC CCS) (once through)
peak generation,gas,gas_peak_CC_CCS,2090,OM-fixed,10.05,gas (CC CCS) (seawater)
peak generation,gas,gas_peak_CC_CCS,2090,OM-fixed,10.05,gas (CC CCS) (recirculating)
peak generation,gas,gas_peak_CC_CCS,2090,OM-fixed,10.05,gas (CC CCS) (dry cooling)
peak generation,refined liquids,refined liquids_peak_steam/CT,2090,OM-fixed,4.98,refined liquids (steam/CT) (once through)
peak generation,refined liquids,refined liquids_peak_steam/CT,2090,OM-fixed,4.98,refined liquids (steam/CT) (seawater)
peak generation,refined liquids,refined liquids_peak_steam/CT,2090,OM-fixed,4.98,refined liquids (steam/CT) (recirculating)
peak generation,refined liquids,refined liquids_peak_steam/CT,2090,OM-fixed,4.98,refined liquids (steam/CT) (cooling pond)
peak generation,refined liquids,refined liquids_peak_steam/CT,2090,OM-fixed,4.98,refined liquids (steam/CT) (dry cooling)
peak generation,refined liquids,refined liquids_peak_CC,2090,OM-fixed,6.04,refined liquids (CC) (once through)
peak generation,refined liquids,refined liquids_peak_CC,2090,OM-fixed,6.04,refined liquids (CC) (seawater)
peak generation,refined liquids,refined liquids_peak_CC,2090,OM-fixed,6.04,refined liquids (CC) (recirculating)
peak generation,refined liquids,refined liquids_peak_CC,2090,OM-fixed,6.04,refined liquids (CC) (dry cooling)
peak generation,refined liquids,refined liquids_peak_CC_CCS,2090,OM-fixed,10.05,refined liquids (CC CCS) (once through)
peak generation,refined liquids,refined liquids_peak_CC_CCS,2090,OM-fixed,10.05,refined liquids (CC CCS) (seawater)
peak generation,refined liquids,refined liquids_peak_CC_CCS,2090,OM-fixed,10.05,refined liquids (CC CCS) (recirculating)
peak generation,refined liquids,refined liquids_peak_CC_CCS,2090,OM-fixed,10.05,refined liquids (CC CCS) (dry cooling)
peak generation,coal,coal_peak_conv pul_retire_2023,2090,OM-fixed,16.14,coal (conv pul) (once through)
peak generation,coal,coal_peak_conv pul_retire_2023,2090,OM-fixed,16.14,coal (conv pul) (seawater)
peak generation,coal,coal_peak_conv pul_retire_2023,2090,OM-fixed,16.14,coal (conv pul) (recirculating)
peak generation,coal,coal_peak_conv pul_retire_2023,2090,OM-fixed,16.14,coal (conv pul) (cooling pond)
peak generation,coal,coal_peak_conv pul_retire_2023,2090,OM-fixed,16.14,coal (conv pul) (dry cooling)
peak generation,coal,coal_peak_conv pul,2095,OM-fixed,16.06,coal (conv pul) (once through)
peak generation,coal,coal_peak_conv pul,2095,OM-fixed,16.06,coal (conv pul) (seawater)
peak generation,coal,coal_peak_conv pul,2095,OM-fixed,16.06,coal (conv pul) (recirculating)
peak generation,coal,coal_peak_conv pul,2095,OM-fixed,16.06,coal (conv pul) (cooling pond)
peak generation,coal,coal_peak_conv pul,2095,OM-fixed,16.06,coal (conv pul) (dry cooling)
peak generation,gas,gas_peak_steam/CT,2095,OM-fixed,4.96,gas (steam/CT) (once through)
peak generation,gas,gas_peak_steam/CT,2095,OM-fixed,4.96,gas (steam/CT) (seawater)
peak generation,gas,gas_peak_steam/CT,2095,OM-fixed,4.96,gas (steam/CT) (recirculating)
peak generation,gas,gas_peak_steam/CT,2095,OM-fixed,4.96,gas (steam/CT) (cooling pond)
peak generation,gas,gas_peak_steam/CT,2095,OM-fixed,4.96,gas (steam/CT) (dry cooling)
peak generation,gas,gas_peak_CC,2095,OM-fixed,6.01,gas (CC) (once through)
peak generation,gas,gas_peak_CC,2095,OM-fixed,6.01,gas (CC) (seawater)
peak generation,gas,gas_peak_CC,2095,OM-fixed,6.01,gas (CC) (recirculating)
peak generation,gas,gas_peak_CC,2095,OM-fixed,6.01,gas (CC) (cooling pond)
peak generation,gas,gas_peak_CC,2095,OM-fixed,6.01,gas (CC) (dry cooling)
peak generation,gas,gas_peak_CC_CCS,2095,OM-fixed,10,gas (CC CCS) (once through)
peak generation,gas,gas_peak_CC_CCS,2095,OM-fixed,10,gas (CC CCS) (seawater)
peak generation,gas,gas_peak_CC_CCS,2095,OM-fixed,10,gas (CC CCS) (recirculating)
peak generation,gas,gas_peak_CC_CCS,2095,OM-fixed,10,gas (CC CCS) (dry cooling)
peak generation,refined liquids,refined liquids_peak_steam/CT,2095,OM-fixed,4.96,refined liquids (steam/CT) (once through)
peak generation,refined liquids,refined liquids_peak_steam/CT,2095,OM-fixed,4.96,refined liquids (steam/CT) (seawater)
peak generation,refined liquids,refined liquids_peak_steam/CT,2095,OM-fixed,4.96,refined liquids (steam/CT) (recirculating)
peak generation,refined liquids,refined liquids_peak_steam/CT,2095,OM-fixed,4.96,refined liquids (steam/CT) (cooling pond)
peak generation,refined liquids,refined liquids_peak_steam/CT,2095,OM-fixed,4.96,refined liquids (steam/CT) (dry cooling)
peak generation,refined liquids,refined liquids_peak_CC,2095,OM-fixed,6.01,refined liquids (CC) (once through)
peak generation,refined liquids,refined liquids_peak_CC,2095,OM-fixed,6.01,refined liquids (CC) (seawater)
peak generation,refined liquids,refined liquids_peak_CC,2095,OM-fixed,6.01,refined liquids (CC) (recirculating)
peak generation,refined liquids,refined liquids_peak_CC,2095,OM-fixed,6.01,refined liquids (CC) (dry cooling)
peak generation,refined liquids,refined liquids_peak_CC_CCS,2095,OM-fixed,10,refined liquids (CC CCS) (once through)
peak generation,refined liquids,refined liquids_peak_CC_CCS,2095,OM-fixed,10,refined liquids (CC CCS) (seawater)
peak generation,refined liquids,refined liquids_peak_CC_CCS,2095,OM-fixed,10,refined liquids (CC CCS) (recirculating)
peak generation,refined liquids,refined liquids_peak_CC_CCS,2095,OM-fixed,10,refined liquids (CC CCS) (dry cooling)
peak generation,coal,coal_peak_conv pul_retire_2023,2095,OM-fixed,16.06,coal (conv pul) (once through)
peak generation,coal,coal_peak_conv pul_retire_2023,2095,OM-fixed,16.06,coal (conv pul) (seawater)
peak generation,coal,coal_peak_conv pul_retire_2023,2095,OM-fixed,16.06,coal (conv pul) (recirculating)
peak generation,coal,coal_peak_conv pul_retire_2023,2095,OM-fixed,16.06,coal (conv pul) (cooling pond)
peak generation,coal,coal_peak_conv pul_retire_2023,2095,OM-fixed,16.06,coal (conv pul) (dry cooling)
peak generation,coal,coal_peak_conv pul,2100,OM-fixed,15.98,coal (conv pul) (once through)
peak generation,coal,coal_peak_conv pul,2100,OM-fixed,15.98,coal (conv pul) (seawater)
peak generation,coal,coal_peak_conv pul,2100,OM-fixed,15.98,coal (conv pul) (recirculating)
peak generation,coal,coal_peak_conv pul,2100,OM-fixed,15.98,coal (conv pul) (cooling pond)
peak generation,coal,coal_peak_conv pul,2100,OM-fixed,15.98,coal (conv pul) (dry cooling)
peak generation,gas,gas_peak_steam/CT,2100,OM-fixed,4.93,gas (steam/CT) (once through)
peak generation,gas,gas_peak_steam/CT,2100,OM-fixed,4.93,gas (steam/CT) (seawater)
peak generation,gas,gas_peak_steam/CT,2100,OM-fixed,4.93,gas (steam/CT) (recirculating)
peak generation,gas,gas_peak_steam/CT,2100,OM-fixed,4.93,gas (steam/CT) (cooling pond)
peak generation,gas,gas_peak_steam/CT,2100,OM-fixed,4.93,gas (steam/CT) (dry cooling)
peak generation,gas,gas_peak_CC,2100,OM-fixed,5.98,gas (CC) (once through)
peak generation,gas,gas_peak_CC,2100,OM-fixed,5.98,gas (CC) (seawater)
peak generation,gas,gas_peak_CC,2100,OM-fixed,5.98,gas (CC) (recirculating)
peak generation,gas,gas_peak_CC,2100,OM-fixed,5.98,gas (CC) (cooling pond)
peak generation,gas,gas_peak_CC,2100,OM-fixed,5.98,gas (CC) (dry cooling)
peak generation,gas,gas_peak_CC_CCS,2100,OM-fixed,9.95,gas (CC CCS) (once through)
peak generation,gas,gas_peak_CC_CCS,2100,OM-fixed,9.95,gas (CC CCS) (seawater)
peak generation,gas,gas_peak_CC_CCS,2100,OM-fixed,9.95,gas (CC CCS) (recirculating)
peak generation,gas,gas_peak_CC_CCS,2100,OM-fixed,9.95,gas (CC CCS) (dry cooling)
peak generation,refined liquids,refined liquids_peak_steam/CT,2100,OM-fixed,4.93,refined liquids (steam/CT) (once through)
peak generation,refined liquids,refined liquids_peak_steam/CT,2100,OM-fixed,4.93,refined liquids (steam/CT) (seawater)
peak generation,refined liquids,refined liquids_peak_steam/CT,2100,OM-fixed,4.93,refined liquids (steam/CT) (recirculating)
peak generation,refined liquids,refined liquids_peak_steam/CT,2100,OM-fixed,4.93,refined liquids (steam/CT) (cooling pond)
peak generation,refined liquids,refined liquids_peak_steam/CT,2100,OM-fixed,4.93,refined liquids (steam/CT) (dry cooling)
peak generation,refined liquids,refined liquids_peak_CC,2100,OM-fixed,5.98,refined liquids (CC) (once through)
peak generation,refined liquids,refined liquids_peak_CC,2100,OM-fixed,5.98,refined liquids (CC) (seawater)
peak generation,refined liquids,refined liquids_peak_CC,2100,OM-fixed,5.98,refined liquids (CC) (recirculating)
peak generation,refined liquids,refined liquids_peak_CC,2100,OM-fixed,5.98,refined liquids (CC) (dry cooling)
peak generation,refined liquids,refined liquids_peak_CC_CCS,2100,OM-fixed,9.95,refined liquids (CC CCS) (once through)
peak generation,refined liquids,refined liquids_peak_CC_CCS,2100,OM-fixed,9.95,refined liquids (CC CCS) (seawater)
peak generation,refined liquids,refined liquids_peak_CC_CCS,2100,OM-fixed,9.95,refined liquids (CC CCS) (recirculating)
peak generation,refined liquids,refined liquids_peak_CC_CCS,2100,OM-fixed,9.95,refined liquids (CC CCS) (dry cooling)
peak generation,coal,coal_peak_conv pul_retire_2023,2100,OM-fixed,15.98,coal (conv pul) (once through)
peak generation,coal,coal_peak_conv pul_retire_2023,2100,OM-fixed,15.98,coal (conv pul) (seawater)
peak generation,coal,coal_peak_conv pul_retire_2023,2100,OM-fixed,15.98,coal (conv pul) (recirculating)
peak generation,coal,coal_peak_conv pul_retire_2023,2100,OM-fixed,15.98,coal (conv pul) (cooling pond)
peak generation,coal,coal_peak_conv pul_retire_2023,2100,OM-fixed,15.98,coal (conv pul) (dry cooling)
subpeak generation,coal,coal_subpeak_conv pul,1975,OM-fixed,19.37,coal (conv pul) (once through)
subpeak generation,coal,coal_subpeak_conv pul,1975,OM-fixed,19.37,coal (conv pul) (seawater)
subpeak generation,coal,coal_subpeak_conv pul,1975,OM-fixed,19.37,coal (conv pul) (recirculating)
subpeak generation,coal,coal_subpeak_conv pul,1975,OM-fixed,19.37,coal (conv pul) (cooling pond)
subpeak generation,coal,coal_subpeak_conv pul,1975,OM-fixed,19.37,coal (conv pul) (dry cooling)
subpeak generation,gas,gas_subpeak_steam/CT,1975,OM-fixed,5.64,gas (steam/CT) (once through)
subpeak generation,gas,gas_subpeak_steam/CT,1975,OM-fixed,5.64,gas (steam/CT) (seawater)
subpeak generation,gas,gas_subpeak_steam/CT,1975,OM-fixed,5.64,gas (steam/CT) (recirculating)
subpeak generation,gas,gas_subpeak_steam/CT,1975,OM-fixed,5.64,gas (steam/CT) (cooling pond)
subpeak generation,gas,gas_subpeak_steam/CT,1975,OM-fixed,5.64,gas (steam/CT) (dry cooling)
subpeak generation,gas,gas_subpeak_CC,1975,OM-fixed,7.36,gas (CC) (once through)
subpeak generation,gas,gas_subpeak_CC,1975,OM-fixed,7.36,gas (CC) (seawater)
subpeak generation,gas,gas_subpeak_CC,1975,OM-fixed,7.36,gas (CC) (recirculating)
subpeak generation,gas,gas_subpeak_CC,1975,OM-fixed,7.36,gas (CC) (cooling pond)
subpeak generation,gas,gas_subpeak_CC,1975,OM-fixed,7.36,gas (CC) (dry cooling)
subpeak generation,gas,gas_subpeak_CC_CCS,1975,OM-fixed,16.21,gas (CC CCS) (once through)
subpeak generation,gas,gas_subpeak_CC_CCS,1975,OM-fixed,16.21,gas (CC CCS) (seawater)
subpeak generation,gas,gas_subpeak_CC_CCS,1975,OM-fixed,16.21,gas (CC CCS) (recirculating)
subpeak generation,gas,gas_subpeak_CC_CCS,1975,OM-fixed,16.21,gas (CC CCS) (dry cooling)
subpeak generation,refined liquids,refined liquids_subpeak_steam/CT,1975,OM-fixed,5.64,refined liquids (steam/CT) (once through)
subpeak generation,refined liquids,refined liquids_subpeak_steam/CT,1975,OM-fixed,5.64,refined liquids (steam/CT) (seawater)
subpeak generation,refined liquids,refined liquids_subpeak_steam/CT,1975,OM-fixed,5.64,refined liquids (steam/CT) (recirculating)
subpeak generation,refined liquids,refined liquids_subpeak_steam/CT,1975,OM-fixed,5.64,refined liquids (steam/CT) (cooling pond)
subpeak generation,refined liquids,refined liquids_subpeak_steam/CT,1975,OM-fixed,5.64,refined liquids (steam/CT) (dry cooling)
subpeak generation,refined liquids,refined liquids_subpeak_CC,1975,OM-fixed,7.36,refined liquids (CC) (once through)
subpeak generation,refined liquids,refined liquids_subpeak_CC,1975,OM-fixed,7.36,refined liquids (CC) (seawater)
subpeak generation,refined liquids,refined liquids_subpeak_CC,1975,OM-fixed,7.36,refined liquids (CC) (recirculating)
subpeak generation,refined liquids,refined liquids_subpeak_CC,1975,OM-fixed,7.36,refined liquids (CC) (dry cooling)
subpeak generation,refined liquids,refined liquids_subpeak_CC_CCS,1975,OM-fixed,16.21,refined liquids (CC CCS) (once through)
subpeak generation,refined liquids,refined liquids_subpeak_CC_CCS,1975,OM-fixed,16.21,refined liquids (CC CCS) (seawater)
subpeak generation,refined liquids,refined liquids_subpeak_CC_CCS,1975,OM-fixed,16.21,refined liquids (CC CCS) (recirculating)
subpeak generation,refined liquids,refined liquids_subpeak_CC_CCS,1975,OM-fixed,16.21,refined liquids (CC CCS) (dry cooling)
subpeak generation,coal,coal_subpeak_conv pul_retire_2023,1975,OM-fixed,19.37,coal (conv pul) (once through)
subpeak generation,coal,coal_subpeak_conv pul_retire_2023,1975,OM-fixed,19.37,coal (conv pul) (seawater)
subpeak generation,coal,coal_subpeak_conv pul_retire_2023,1975,OM-fixed,19.37,coal (conv pul) (recirculating)
subpeak generation,coal,coal_subpeak_conv pul_retire_2023,1975,OM-fixed,19.37,coal (conv pul) (cooling pond)
subpeak generation,coal,coal_subpeak_conv pul_retire_2023,1975,OM-fixed,19.37,coal (conv pul) (dry cooling)
subpeak generation,coal,coal_subpeak_conv pul,1990,OM-fixed,19.37,coal (conv pul) (once through)
subpeak generation,coal,coal_subpeak_conv pul,1990,OM-fixed,19.37,coal (conv pul) (seawater)
subpeak generation,coal,coal_subpeak_conv pul,1990,OM-fixed,19.37,coal (conv pul) (recirculating)
subpeak generation,coal,coal_subpeak_conv pul,1990,OM-fixed,19.37,coal (conv pul) (cooling pond)
subpeak generation,coal,coal_subpeak_conv pul,1990,OM-fixed,19.37,coal (conv pul) (dry cooling)
subpeak generation,gas,gas_subpeak_steam/CT,1990,OM-fixed,5.64,gas (steam/CT) (once through)
subpeak generation,gas,gas_subpeak_steam/CT,1990,OM-fixed,5.64,gas (steam/CT) (seawater)
subpeak generation,gas,gas_subpeak_steam/CT,1990,OM-fixed,5.64,gas (steam/CT) (recirculating)
subpeak generation,gas,gas_subpeak_steam/CT,1990,OM-fixed,5.64,gas (steam/CT) (cooling pond)
subpeak generation,gas,gas_subpeak_steam/CT,1990,OM-fixed,5.64,gas (steam/CT) (dry cooling)
subpeak generation,gas,gas_subpeak_CC,1990,OM-fixed,7.36,gas (CC) (once through)
subpeak generation,gas,gas_subpeak_CC,1990,OM-fixed,7.36,gas (CC) (seawater)
subpeak generation,gas,gas_subpeak_CC,1990,OM-fixed,7.36,gas (CC) (recirculating)
subpeak generation,gas,gas_subpeak_CC,1990,OM-fixed,7.36,gas (CC) (cooling pond)
subpeak generation,gas,gas_subpeak_CC,1990,OM-fixed,7.36,gas (CC) (dry cooling)
subpeak generation,gas,gas_subpeak_CC_CCS,1990,OM-fixed,16.21,gas (CC CCS) (once through)
subpeak generation,gas,gas_subpeak_CC_CCS,1990,OM-fixed,16.21,gas (CC CCS) (seawater)
subpeak generation,gas,gas_subpeak_CC_CCS,1990,OM-fixed,16.21,gas (CC CCS) (recirculating)
subpeak generation,gas,gas_subpeak_CC_CCS,1990,OM-fixed,16.21,gas (CC CCS) (dry cooling)
subpeak generation,refined liquids,refined liquids_subpeak_steam/CT,1990,OM-fixed,5.64,refined liquids (steam/CT) (once through)
subpeak generation,refined liquids,refined liquids_subpeak_steam/CT,1990,OM-fixed,5.64,refined liquids (steam/CT) (seawater)
subpeak generation,refined liquids,refined liquids_subpeak_steam/CT,1990,OM-fixed,5.64,refined liquids (steam/CT) (recirculating)
subpeak generation,refined liquids,refined liquids_subpeak_steam/CT,1990,OM-fixed,5.64,refined liquids (steam/CT) (cooling pond)
subpeak generation,refined liquids,refined liquids_subpeak_steam/CT,1990,OM-fixed,5.64,refined liquids (steam/CT) (dry cooling)
subpeak generation,refined liquids,refined liquids_subpeak_CC,1990,OM-fixed,7.36,refined liquids (CC) (once through)
subpeak generation,refined liquids,refined liquids_subpeak_CC,1990,OM-fixed,7.36,refined liquids (CC) (seawater)
subpeak generation,refined liquids,refined liquids_subpeak_CC,1990,OM-fixed,7.36,refined liquids (CC) (recirculating)
subpeak generation,refined liquids,refined liquids_subpeak_CC,1990,OM-fixed,7.36,refined liquids (CC) (dry cooling)
subpeak generation,refined liquids,refined liquids_subpeak_CC_CCS,1990,OM-fixed,16.21,refined liquids (CC CCS) (once through)
subpeak generation,refined liquids,refined liquids_subpeak_CC_CCS,1990,OM-fixed,16.21,refined liquids (CC CCS) (seawater)
subpeak generation,refined liquids,refined liquids_subpeak_CC_CCS,1990,OM-fixed,16.21,refined liquids (CC CCS) (recirculating)
subpeak generation,refined liquids,refined liquids_subpeak_CC_CCS,1990,OM-fixed,16.21,refined liquids (CC CCS) (dry cooling)
subpeak generation,coal,coal_subpeak_conv pul_retire_2023,1990,OM-fixed,19.37,coal (conv pul) (once through)
subpeak generation,coal,coal_subpeak_conv pul_retire_2023,1990,OM-fixed,19.37,coal (conv pul) (seawater)
subpeak generation,coal,coal_subpeak_conv pul_retire_2023,1990,OM-fixed,19.37,coal (conv pul) (recirculating)
subpeak generation,coal,coal_subpeak_conv pul_retire_2023,1990,OM-fixed,19.37,coal (conv pul) (cooling pond)
subpeak generation,coal,coal_subpeak_conv pul_retire_2023,1990,OM-fixed,19.37,coal (conv pul) (dry cooling)
subpeak generation,coal,coal_subpeak_conv pul,2005,OM-fixed,19.37,coal (conv pul) (once through)
subpeak generation,coal,coal_subpeak_conv pul,2005,OM-fixed,19.37,coal (conv pul) (seawater)
subpeak generation,coal,coal_subpeak_conv pul,2005,OM-fixed,19.37,coal (conv pul) (recirculating)
subpeak generation,coal,coal_subpeak_conv pul,2005,OM-fixed,19.37,coal (conv pul) (cooling pond)
subpeak generation,coal,coal_subpeak_conv pul,2005,OM-fixed,19.37,coal (conv pul) (dry cooling)
subpeak generation,gas,gas_subpeak_steam/CT,2005,OM-fixed,5.64,gas (steam/CT) (once through)
subpeak generation,gas,gas_subpeak_steam/CT,2005,OM-fixed,5.64,gas (steam/CT) (seawater)
subpeak generation,gas,gas_subpeak_steam/CT,2005,OM-fixed,5.64,gas (steam/CT) (recirculating)
subpeak generation,gas,gas_subpeak_steam/CT,2005,OM-fixed,5.64,gas (steam/CT) (cooling pond)
subpeak generation,gas,gas_subpeak_steam/CT,2005,OM-fixed,5.64,gas (steam/CT) (dry cooling)
subpeak generation,gas,gas_subpeak_CC,2005,OM-fixed,7.36,gas (CC) (once through)
subpeak generation,gas,gas_subpeak_CC,2005,OM-fixed,7.36,gas (CC) (seawater)
subpeak generation,gas,gas_subpeak_CC,2005,OM-fixed,7.36,gas (CC) (recirculating)
subpeak generation,gas,gas_subpeak_CC,2005,OM-fixed,7.36,gas (CC) (cooling pond)
subpeak generation,gas,gas_subpeak_CC,2005,OM-fixed,7.36,gas (CC) (dry cooling)
subpeak generation,gas,gas_subpeak_CC_CCS,2005,OM-fixed,16.21,gas (CC CCS) (once through)
subpeak generation,gas,gas_subpeak_CC_CCS,2005,OM-fixed,16.21,gas (CC CCS) (seawater)
subpeak generation,gas,gas_subpeak_CC_CCS,2005,OM-fixed,16.21,gas (CC CCS) (recirculating)
subpeak generation,gas,gas_subpeak_CC_CCS,2005,OM-fixed,16.21,gas (CC CCS) (dry cooling)
subpeak generation,refined liquids,refined liquids_subpeak_steam/CT,2005,OM-fixed,5.64,refined liquids (steam/CT) (once through)
subpeak generation,refined liquids,refined liquids_subpeak_steam/CT,2005,OM-fixed,5.64,refined liquids (steam/CT) (seawater)
subpeak generation,refined liquids,refined liquids_subpeak_steam/CT,2005,OM-fixed,5.64,refined liquids (steam/CT) (recirculating)
subpeak generation,refined liquids,refined liquids_subpeak_steam/CT,2005,OM-fixed,5.64,refined liquids (steam/CT) (cooling pond)
subpeak generation,refined liquids,refined liquids_subpeak_steam/CT,2005,OM-fixed,5.64,refined liquids (steam/CT) (dry cooling)
subpeak generation,refined liquids,refined liquids_subpeak_CC,2005,OM-fixed,7.36,refined liquids (CC) (once through)
subpeak generation,refined liquids,refined liquids_subpeak_CC,2005,OM-fixed,7.36,refined liquids (CC) (seawater)
subpeak generation,refined liquids,refined liquids_subpeak_CC,2005,OM-fixed,7.36,refined liquids (CC) (recirculating)
subpeak generation,refined liquids,refined liquids_subpeak_CC,2005,OM-fixed,7.36,refined liquids (CC) (dry cooling)
subpeak generation,refined liquids,refined liquids_subpeak_CC_CCS,2005,OM-fixed,16.21,refined liquids (CC CCS) (once through)
subpeak generation,refined liquids,refined liquids_subpeak_CC_CCS,2005,OM-fixed,16.21,refined liquids (CC CCS) (seawater)
subpeak generation,refined liquids,refined liquids_subpeak_CC_CCS,2005,OM-fixed,16.21,refined liquids (CC CCS) (recirculating)
subpeak generation,refined liquids,refined liquids_subpeak_CC_CCS,2005,OM-fixed,16.21,refined liquids (CC CCS) (dry cooling)
subpeak generation,coal,coal_subpeak_conv pul_retire_2023,2005,OM-fixed,19.37,coal (conv pul) (once through)
subpeak generation,coal,coal_subpeak_conv pul_retire_2023,2005,OM-fixed,19.37,coal (conv pul) (seawater)
subpeak generation,coal,coal_subpeak_conv pul_retire_2023,2005,OM-fixed,19.37,coal (conv pul) (recirculating)
subpeak generation,coal,coal_subpeak_conv pul_retire_2023,2005,OM-fixed,19.37,coal (conv pul) (cooling pond)
subpeak generation,coal,coal_subpeak_conv pul_retire_2023,2005,OM-fixed,19.37,coal (conv pul) (dry cooling)
subpeak generation,coal,coal_subpeak_conv pul,2010,OM-fixed,19.37,coal (conv pul) (once through)
subpeak generation,coal,coal_subpeak_conv pul,2010,OM-fixed,19.37,coal (conv pul) (seawater)
subpeak generation,coal,coal_subpeak_conv pul,2010,OM-fixed,19.37,coal (conv pul) (recirculating)
subpeak generation,coal,coal_subpeak_conv pul,2010,OM-fixed,19.37,coal (conv pul) (cooling pond)
subpeak generation,coal,coal_subpeak_conv pul,2010,OM-fixed,19.37,coal (conv pul) (dry cooling)
subpeak generation,gas,gas_subpeak_steam/CT,2010,OM-fixed,5.64,gas (steam/CT) (once through)
subpeak generation,gas,gas_subpeak_steam/CT,2010,OM-fixed,5.64,gas (steam/CT) (seawater)
subpeak generation,gas,gas_subpeak_steam/CT,2010,OM-fixed,5.64,gas (steam/CT) (recirculating)
subpeak generation,gas,gas_subpeak_steam/CT,2010,OM-fixed,5.64,gas (steam/CT) (cooling pond)
subpeak generation,gas,gas_subpeak_steam/CT,2010,OM-fixed,5.64,gas (steam/CT) (dry cooling)
subpeak generation,gas,gas_subpeak_CC,2010,OM-fixed,7.36,gas (CC) (once through)
subpeak generation,gas,gas_subpeak_CC,2010,OM-fixed,7.36,gas (CC) (seawater)
subpeak generation,gas,gas_subpeak_CC,2010,OM-fixed,7.36,gas (CC) (recirculating)
subpeak generation,gas,gas_subpeak_CC,2010,OM-fixed,7.36,gas (CC) (cooling pond)
subpeak generation,gas,gas_subpeak_CC,2010,OM-fixed,7.36,gas (CC) (dry cooling)
subpeak generation,gas,gas_subpeak_CC_CCS,2010,OM-fixed,16.21,gas (CC CCS) (once through)
subpeak generation,gas,gas_subpeak_CC_CCS,2010,OM-fixed,16.21,gas (CC CCS) (seawater)
subpeak generation,gas,gas_subpeak_CC_CCS,2010,OM-fixed,16.21,gas (CC CCS) (recirculating)
subpeak generation,gas,gas_subpeak_CC_CCS,2010,OM-fixed,16.21,gas (CC CCS) (dry cooling)
subpeak generation,refined liquids,refined liquids_subpeak_steam/CT,2010,OM-fixed,5.64,refined liquids (steam/CT) (once through)
subpeak generation,refined liquids,refined liquids_subpeak_steam/CT,2010,OM-fixed,5.64,refined liquids (steam/CT) (seawater)
subpeak generation,refined liquids,refined liquids_subpeak_steam/CT,2010,OM-fixed,5.64,refined liquids (steam/CT) (recirculating)
subpeak generation,refined liquids,refined liquids_subpeak_steam/CT,2010,OM-fixed,5.64,refined liquids (steam/CT) (cooling pond)
subpeak generation,refined liquids,refined liquids_subpeak_steam/CT,2010,OM-fixed,5.64,refined liquids (steam/CT) (dry cooling)
subpeak generation,refined liquids,refined liquids_subpeak_CC,2010,OM-fixed,7.36,refined liquids (CC) (once through)
subpeak generation,refined liquids,refined liquids_subpeak_CC,2010,OM-fixed,7.36,refined liquids (CC) (seawater)
subpeak generation,refined liquids,refined liquids_subpeak_CC,2010,OM-fixed,7.36,refined liquids (CC) (recirculating)
subpeak generation,refined liquids,refined liquids_subpeak_CC,2010,OM-fixed,7.36,refined liquids (CC) (dry cooling)
subpeak generation,refined liquids,refined liquids_subpeak_CC_CCS,2010,OM-fixed,16.21,refined liquids (CC CCS) (once through)
subpeak generation,refined liquids,refined liquids_subpeak_CC_CCS,2010,OM-fixed,16.21,refined liquids (CC CCS) (seawater)
subpeak generation,refined liquids,refined liquids_subpeak_CC_CCS,2010,OM-fixed,16.21,refined liquids (CC CCS) (recirculating)
subpeak generation,refined liquids,refined liquids_subpeak_CC_CCS,2010,OM-fixed,16.21,refined liquids (CC CCS) (dry cooling)
subpeak generation,coal,coal_subpeak_conv pul_retire_2023,2010,OM-fixed,19.37,coal (conv pul) (once through)
subpeak generation,coal,coal_subpeak_conv pul_retire_2023,2010,OM-fixed,19.37,coal (conv pul) (seawater)
subpeak generation,coal,coal_subpeak_conv pul_retire_2023,2010,OM-fixed,19.37,coal (conv pul) (recirculating)
subpeak generation,coal,coal_subpeak_conv pul_retire_2023,2010,OM-fixed,19.37,coal (conv pul) (cooling pond)
subpeak generation,coal,coal_subpeak_conv pul_retire_2023,2010,OM-fixed,19.37,coal (conv pul) (dry cooling)
subpeak generation,coal,coal_subpeak_conv pul,2015,OM-fixed,19.37,coal (conv pul) (once through)
subpeak generation,coal,coal_subpeak_conv pul,2015,OM-fixed,19.37,coal (conv pul) (seawater)
subpeak generation,coal,coal_subpeak_conv pul,2015,OM-fixed,19.37,coal (conv pul) (recirculating)
subpeak generation,coal,coal_subpeak_conv pul,2015,OM-fixed,19.37,coal (conv pul) (cooling pond)
subpeak generation,coal,coal_subpeak_conv pul,2015,OM-fixed,19.37,coal (conv pul) (dry cooling)
subpeak generation,gas,gas_subpeak_steam/CT,2015,OM-fixed,5.64,gas (steam/CT) (once through)
subpeak generation,gas,gas_subpeak_steam/CT,2015,OM-fixed,5.64,gas (steam/CT) (seawater)
subpeak generation,gas,gas_subpeak_steam/CT,2015,OM-fixed,5.64,gas (steam/CT) (recirculating)
subpeak generation,gas,gas_subpeak_steam/CT,2015,OM-fixed,5.64,gas (steam/CT) (cooling pond)
subpeak generation,gas,gas_subpeak_steam/CT,2015,OM-fixed,5.64,gas (steam/CT) (dry cooling)
subpeak generation,gas,gas_subpeak_CC,2015,OM-fixed,7.36,gas (CC) (once through)
subpeak generation,gas,gas_subpeak_CC,2015,OM-fixed,7.36,gas (CC) (seawater)
subpeak generation,gas,gas_subpeak_CC,2015,OM-fixed,7.36,gas (CC) (recirculating)
subpeak generation,gas,gas_subpeak_CC,2015,OM-fixed,7.36,gas (CC) (cooling pond)
subpeak generation,gas,gas_subpeak_CC,2015,OM-fixed,7.36,gas (CC) (dry cooling)
subpeak generation,gas,gas_subpeak_CC_CCS,2015,OM-fixed,16.21,gas (CC CCS) (once through)
subpeak generation,gas,gas_subpeak_CC_CCS,2015,OM-fixed,16.21,gas (CC CCS) (seawater)
subpeak generation,gas,gas_subpeak_CC_CCS,2015,OM-fixed,16.21,gas (CC CCS) (recirculating)
subpeak generation,gas,gas_subpeak_CC_CCS,2015,OM-fixed,16.21,gas (CC CCS) (dry cooling)
subpeak generation,refined liquids,refined liquids_subpeak_steam/CT,2015,OM-fixed,5.64,refined liquids (steam/CT) (once through)
subpeak generation,refined liquids,refined liquids_subpeak_steam/CT,2015,OM-fixed,5.64,refined liquids (steam/CT) (seawater)
subpeak generation,refined liquids,refined liquids_subpeak_steam/CT,2015,OM-fixed,5.64,refined liquids (steam/CT) (recirculating)
subpeak generation,refined liquids,refined liquids_subpeak_steam/CT,2015,OM-fixed,5.64,refined liquids (steam/CT) (cooling pond)
subpeak generation,refined liquids,refined liquids_subpeak_steam/CT,2015,OM-fixed,5.64,refined liquids (steam/CT) (dry cooling)
subpeak generation,refined liquids,refined liquids_subpeak_CC,2015,OM-fixed,7.36,refined liquids (CC) (once through)
subpeak generation,refined liquids,refined liquids_subpeak_CC,2015,OM-fixed,7.36,refined liquids (CC) (seawater)
subpeak generation,refined liquids,refined liquids_subpeak_CC,2015,OM-fixed,7.36,refined liquids (CC) (recirculating)
subpeak generation,refined liquids,refined liquids_subpeak_CC,2015,OM-fixed,7.36,refined liquids (CC) (dry cooling)
subpeak generation,refined liquids,refined liquids_subpeak_CC_CCS,2015,OM-fixed,16.21,refined liquids (CC CCS) (once through)
subpeak generation,refined liquids,refined liquids_subpeak_CC_CCS,2015,OM-fixed,16.21,refined liquids (CC CCS) (seawater)
subpeak generation,refined liquids,refined liquids_subpeak_CC_CCS,2015,OM-fixed,16.21,refined liquids (CC CCS) (recirculating)
subpeak generation,refined liquids,refined liquids_subpeak_CC_CCS,2015,OM-fixed,16.21,refined liquids (CC CCS) (dry cooling)
subpeak generation,coal,coal_subpeak_conv pul_retire_2023,2015,OM-fixed,19.37,coal (conv pul) (once through)
subpeak generation,coal,coal_subpeak_conv pul_retire_2023,2015,OM-fixed,19.37,coal (conv pul) (seawater)
subpeak generation,coal,coal_subpeak_conv pul_retire_2023,2015,OM-fixed,19.37,coal (conv pul) (recirculating)
subpeak generation,coal,coal_subpeak_conv pul_retire_2023,2015,OM-fixed,19.37,coal (conv pul) (cooling pond)
subpeak generation,coal,coal_subpeak_conv pul_retire_2023,2015,OM-fixed,19.37,coal (conv pul) (dry cooling)
subpeak generation,coal,coal_subpeak_conv pul,2021,OM-fixed,19.75,coal (conv pul) (once through)
subpeak generation,coal,coal_subpeak_conv pul,2021,OM-fixed,19.75,coal (conv pul) (seawater)
subpeak generation,coal,coal_subpeak_conv pul,2021,OM-fixed,19.75,coal (conv pul) (recirculating)
subpeak generation,coal,coal_subpeak_conv pul,2021,OM-fixed,19.75,coal (conv pul) (cooling pond)
subpeak generation,coal,coal_subpeak_conv pul,2021,OM-fixed,19.75,coal (conv pul) (dry cooling)
subpeak generation,gas,gas_subpeak_steam/CT,2021,OM-fixed,6.11,gas (steam/CT) (once through)
subpeak generation,gas,gas_subpeak_steam/CT,2021,OM-fixed,6.11,gas (steam/CT) (seawater)
subpeak generation,gas,gas_subpeak_steam/CT,2021,OM-fixed,6.11,gas (steam/CT) (recirculating)
subpeak generation,gas,gas_subpeak_steam/CT,2021,OM-fixed,6.11,gas (steam/CT) (cooling pond)
subpeak generation,gas,gas_subpeak_steam/CT,2021,OM-fixed,6.11,gas (steam/CT) (dry cooling)
subpeak generation,gas,gas_subpeak_CC,2021,OM-fixed,7.91,gas (CC) (once through)
subpeak generation,gas,gas_subpeak_CC,2021,OM-fixed,7.91,gas (CC) (seawater)
subpeak generation,gas,gas_subpeak_CC,2021,OM-fixed,7.91,gas (CC) (recirculating)
subpeak generation,gas,gas_subpeak_CC,2021,OM-fixed,7.91,gas (CC) (cooling pond)
subpeak generation,gas,gas_subpeak_CC,2021,OM-fixed,7.91,gas (CC) (dry cooling)
subpeak generation,gas,gas_subpeak_CC_CCS,2021,OM-fixed,16.21,gas (CC CCS) (once through)
subpeak generation,gas,gas_subpeak_CC_CCS,2021,OM-fixed,16.21,gas (CC CCS) (seawater)
subpeak generation,gas,gas_subpeak_CC_CCS,2021,OM-fixed,16.21,gas (CC CCS) (recirculating)
subpeak generation,gas,gas_subpeak_CC_CCS,2021,OM-fixed,16.21,gas (CC CCS) (dry cooling)
subpeak generation,refined liquids,refined liquids_subpeak_steam/CT,2021,OM-fixed,6.11,refined liquids (steam/CT) (once through)
subpeak generation,refined liquids,refined liquids_subpeak_steam/CT,2021,OM-fixed,6.11,refined liquids (steam/CT) (seawater)
subpeak generation,refined liquids,refined liquids_subpeak_steam/CT,2021,OM-fixed,6.11,refined liquids (steam/CT) (recirculating)
subpeak generation,refined liquids,refined liquids_subpeak_steam/CT,2021,OM-fixed,6.11,refined liquids (steam/CT) (cooling pond)
subpeak generation,refined liquids,refined liquids_subpeak_steam/CT,2021,OM-fixed,6.11,refined liquids (steam/CT) (dry cooling)
subpeak generation,refined liquids,refined liquids_subpeak_CC,2021,OM-fixed,7.91,refined liquids (CC) (once through)
subpeak generation,refined liquids,refined liquids_subpeak_CC,2021,OM-fixed,7.91,refined liquids (CC) (seawater)
subpeak generation,refined liquids,refined liquids_subpeak_CC,2021,OM-fixed,7.91,refined liquids (CC) (recirculating)
subpeak generation,refined liquids,refined liquids_subpeak_CC,2021,OM-fixed,7.91,refined liquids (CC) (dry cooling)
subpeak generation,refined liquids,refined liquids_subpeak_CC_CCS,2021,OM-fixed,16.21,refined liquids (CC CCS) (once through)
subpeak generation,refined liquids,refined liquids_subpeak_CC_CCS,2021,OM-fixed,16.21,refined liquids (CC CCS) (seawater)
subpeak generation,refined liquids,refined liquids_subpeak_CC_CCS,2021,OM-fixed,16.21,refined liquids (CC CCS) (recirculating)
subpeak generation,refined liquids,refined liquids_subpeak_CC_CCS,2021,OM-fixed,16.21,refined liquids (CC CCS) (dry cooling)
subpeak generation,coal,coal_subpeak_conv pul_retire_2023,2021,OM-fixed,19.75,coal (conv pul) (once through)
subpeak generation,coal,coal_subpeak_conv pul_retire_2023,2021,OM-fixed,19.75,coal (conv pul) (seawater)
subpeak generation,coal,coal_subpeak_conv pul_retire_2023,2021,OM-fixed,19.75,coal (conv pul) (recirculating)
subpeak generation,coal,coal_subpeak_conv pul_retire_2023,2021,OM-fixed,19.75,coal (conv pul) (cooling pond)
subpeak generation,coal,coal_subpeak_conv pul_retire_2023,2021,OM-fixed,19.75,coal (conv pul) (dry cooling)
subpeak generation,coal,coal_subpeak_conv pul,2025,OM-fixed,20.1,coal (conv pul) (once through)
subpeak generation,coal,coal_subpeak_conv pul,2025,OM-fixed,20.1,coal (conv pul) (seawater)
subpeak generation,coal,coal_subpeak_conv pul,2025,OM-fixed,20.1,coal (conv pul) (recirculating)
subpeak generation,coal,coal_subpeak_conv pul,2025,OM-fixed,20.1,coal (conv pul) (cooling pond)
subpeak generation,coal,coal_subpeak_conv pul,2025,OM-fixed,20.1,coal (conv pul) (dry cooling)
subpeak generation,gas,gas_subpeak_steam/CT,2025,OM-fixed,6.06,gas (steam/CT) (once through)
subpeak generation,gas,gas_subpeak_steam/CT,2025,OM-fixed,6.06,gas (steam/CT) (seawater)
subpeak generation,gas,gas_subpeak_steam/CT,2025,OM-fixed,6.06,gas (steam/CT) (recirculating)
subpeak generation,gas,gas_subpeak_steam/CT,2025,OM-fixed,6.06,gas (steam/CT) (cooling pond)
subpeak generation,gas,gas_subpeak_steam/CT,2025,OM-fixed,6.06,gas (steam/CT) (dry cooling)
subpeak generation,gas,gas_subpeak_CC,2025,OM-fixed,7.89,gas (CC) (once through)
subpeak generation,gas,gas_subpeak_CC,2025,OM-fixed,7.89,gas (CC) (seawater)
subpeak generation,gas,gas_subpeak_CC,2025,OM-fixed,7.89,gas (CC) (recirculating)
subpeak generation,gas,gas_subpeak_CC,2025,OM-fixed,7.89,gas (CC) (cooling pond)
subpeak generation,gas,gas_subpeak_CC,2025,OM-fixed,7.89,gas (CC) (dry cooling)
subpeak generation,gas,gas_subpeak_CC_CCS,2025,OM-fixed,15.69,gas (CC CCS) (once through)
subpeak generation,gas,gas_subpeak_CC_CCS,2025,OM-fixed,15.69,gas (CC CCS) (seawater)
subpeak generation,gas,gas_subpeak_CC_CCS,2025,OM-fixed,15.69,gas (CC CCS) (recirculating)
subpeak generation,gas,gas_subpeak_CC_CCS,2025,OM-fixed,15.69,gas (CC CCS) (dry cooling)
subpeak generation,refined liquids,refined liquids_subpeak_steam/CT,2025,OM-fixed,6.06,refined liquids (steam/CT) (once through)
subpeak generation,refined liquids,refined liquids_subpeak_steam/CT,2025,OM-fixed,6.06,refined liquids (steam/CT) (seawater)
subpeak generation,refined liquids,refined liquids_subpeak_steam/CT,2025,OM-fixed,6.06,refined liquids (steam/CT) (recirculating)
subpeak generation,refined liquids,refined liquids_subpeak_steam/CT,2025,OM-fixed,6.06,refined liquids (steam/CT) (cooling pond)
subpeak generation,refined liquids,refined liquids_subpeak_steam/CT,2025,OM-fixed,6.06,refined liquids (steam/CT) (dry cooling)
subpeak generation,refined liquids,refined liquids_subpeak_CC,2025,OM-fixed,7.89,refined liquids (CC) (once through)
subpeak generation,refined liquids,refined liquids_subpeak_CC,2025,OM-fixed,7.89,refined liquids (CC) (seawater)
subpeak generation,refined liquids,refined liquids_subpeak_CC,2025,OM-fixed,7.89,refined liquids (CC) (recirculating)
subpeak generation,refined liquids,refined liquids_subpeak_CC,2025,OM-fixed,7.89,refined liquids (CC) (dry cooling)
subpeak generation,refined liquids,refined liquids_subpeak_CC_CCS,2025,OM-fixed,15.69,refined liquids (CC CCS) (once through)
subpeak generation,refined liquids,refined liquids_subpeak_CC_CCS,2025,OM-fixed,15.69,refined liquids (CC CCS) (seawater)
subpeak generation,refined liquids,refined liquids_subpeak_CC_CCS,2025,OM-fixed,15.69,refined liquids (CC CCS) (recirculating)
subpeak generation,refined liquids,refined liquids_subpeak_CC_CCS,2025,OM-fixed,15.69,refined liquids (CC CCS) (dry cooling)
subpeak generation,coal,coal_subpeak_conv pul_retire_2023,2025,OM-fixed,20.1,coal (conv pul) (once through)
subpeak generation,coal,coal_subpeak_conv pul_retire_2023,2025,OM-fixed,20.1,coal (conv pul) (seawater)
subpeak generation,coal,coal_subpeak_conv pul_retire_2023,2025,OM-fixed,20.1,coal (conv pul) (recirculating)
subpeak generation,coal,coal_subpeak_conv pul_retire_2023,2025,OM-fixed,20.1,coal (conv pul) (cooling pond)
subpeak generation,coal,coal_subpeak_conv pul_retire_2023,2025,OM-fixed,20.1,coal (conv pul) (dry cooling)
subpeak generation,coal,coal_subpeak_conv pul,2030,OM-fixed,19.63,coal (conv pul) (once through)
subpeak generation,coal,coal_subpeak_conv pul,2030,OM-fixed,19.63,coal (conv pul) (seawater)
subpeak generation,coal,coal_subpeak_conv pul,2030,OM-fixed,19.63,coal (conv pul) (recirculating)
subpeak generation,coal,coal_subpeak_conv pul,2030,OM-fixed,19.63,coal (conv pul) (cooling pond)
subpeak generation,coal,coal_subpeak_conv pul,2030,OM-fixed,19.63,coal (conv pul) (dry cooling)
subpeak generation,gas,gas_subpeak_steam/CT,2030,OM-fixed,5.89,gas (steam/CT) (once through)
subpeak generation,gas,gas_subpeak_steam/CT,2030,OM-fixed,5.89,gas (steam/CT) (seawater)
subpeak generation,gas,gas_subpeak_steam/CT,2030,OM-fixed,5.89,gas (steam/CT) (recirculating)
subpeak generation,gas,gas_subpeak_steam/CT,2030,OM-fixed,5.89,gas (steam/CT) (cooling pond)
subpeak generation,gas,gas_subpeak_steam/CT,2030,OM-fixed,5.89,gas (steam/CT) (dry cooling)
subpeak generation,gas,gas_subpeak_CC,2030,OM-fixed,7.49,gas (CC) (once through)
subpeak generation,gas,gas_subpeak_CC,2030,OM-fixed,7.49,gas (CC) (seawater)
subpeak generation,gas,gas_subpeak_CC,2030,OM-fixed,7.49,gas (CC) (recirculating)
subpeak generation,gas,gas_subpeak_CC,2030,OM-fixed,7.49,gas (CC) (cooling pond)
subpeak generation,gas,gas_subpeak_CC,2030,OM-fixed,7.49,gas (CC) (dry cooling)
subpeak generation,gas,gas_subpeak_CC_CCS,2030,OM-fixed,14.07,gas (CC CCS) (once through)
subpeak generation,gas,gas_subpeak_CC_CCS,2030,OM-fixed,14.07,gas (CC CCS) (seawater)
subpeak generation,gas,gas_subpeak_CC_CCS,2030,OM-fixed,14.07,gas (CC CCS) (recirculating)
subpeak generation,gas,gas_subpeak_CC_CCS,2030,OM-fixed,14.07,gas (CC CCS) (dry cooling)
subpeak generation,refined liquids,refined liquids_subpeak_steam/CT,2030,OM-fixed,5.89,refined liquids (steam/CT) (once through)
subpeak generation,refined liquids,refined liquids_subpeak_steam/CT,2030,OM-fixed,5.89,refined liquids (steam/CT) (seawater)
subpeak generation,refined liquids,refined liquids_subpeak_steam/CT,2030,OM-fixed,5.89,refined liquids (steam/CT) (recirculating)
subpeak generation,refined liquids,refined liquids_subpeak_steam/CT,2030,OM-fixed,5.89,refined liquids (steam/CT) (cooling pond)
subpeak generation,refined liquids,refined liquids_subpeak_steam/CT,2030,OM-fixed,5.89,refined liquids (steam/CT) (dry cooling)
subpeak generation,refined liquids,refined liquids_subpeak_CC,2030,OM-fixed,7.49,refined liquids (CC) (once through)
subpeak generation,refined liquids,refined liquids_subpeak_CC,2030,OM-fixed,7.49,refined liquids (CC) (seawater)
subpeak generation,refined liquids,refined liquids_subpeak_CC,2030,OM-fixed,7.49,refined liquids (CC) (recirculating)
subpeak generation,refined liquids,refined liquids_subpeak_CC,2030,OM-fixed,7.49,refined liquids (CC) (dry cooling)
subpeak generation,refined liquids,refined liquids_subpeak_CC_CCS,2030,OM-fixed,14.07,refined liquids (CC CCS) (once through)
subpeak generation,refined liquids,refined liquids_subpeak_CC_CCS,2030,OM-fixed,14.07,refined liquids (CC CCS) (seawater)
subpeak generation,refined liquids,refined liquids_subpeak_CC_CCS,2030,OM-fixed,14.07,refined liquids (CC CCS) (recirculating)
subpeak generation,refined liquids,refined liquids_subpeak_CC_CCS,2030,OM-fixed,14.07,refined liquids (CC CCS) (dry cooling)
subpeak generation,coal,coal_subpeak_conv pul_retire_2023,2030,OM-fixed,19.63,coal (conv pul) (once through)
subpeak generation,coal,coal_subpeak_conv pul_retire_2023,2030,OM-fixed,19.63,coal (conv pul) (seawater)
subpeak generation,coal,coal_subpeak_conv pul_retire_2023,2030,OM-fixed,19.63,coal (conv pul) (recirculating)
subpeak generation,coal,coal_subpeak_conv pul_retire_2023,2030,OM-fixed,19.63,coal (conv pul) (cooling pond)
subpeak generation,coal,coal_subpeak_conv pul_retire_2023,2030,OM-fixed,19.63,coal (conv pul) (dry cooling)
subpeak generation,coal,coal_subpeak_conv pul,2035,OM-fixed,19.13,coal (conv pul) (once through)
subpeak generation,coal,coal_subpeak_conv pul,2035,OM-fixed,19.13,coal (conv pul) (seawater)
subpeak generation,coal,coal_subpeak_conv pul,2035,OM-fixed,19.13,coal (conv pul) (recirculating)
subpeak generation,coal,coal_subpeak_conv pul,2035,OM-fixed,19.13,coal (conv pul) (cooling pond)
subpeak generation,coal,coal_subpeak_conv pul,2035,OM-fixed,19.13,coal (conv pul) (dry cooling)
subpeak generation,gas,gas_subpeak_steam/CT,2035,OM-fixed,5.7,gas (steam/CT) (once through)
subpeak generation,gas,gas_subpeak_steam/CT,2035,OM-fixed,5.7,gas (steam/CT) (seawater)
subpeak generation,gas,gas_subpeak_steam/CT,2035,OM-fixed,5.7,gas (steam/CT) (recirculating)
subpeak generation,gas,gas_subpeak_steam/CT,2035,OM-fixed,5.7,gas (steam/CT) (cooling pond)
subpeak generation,gas,gas_subpeak_steam/CT,2035,OM-fixed,5.7,gas (steam/CT) (dry cooling)
subpeak generation,gas,gas_subpeak_CC,2035,OM-fixed,7.09,gas (CC) (once through)
subpeak generation,gas,gas_subpeak_CC,2035,OM-fixed,7.09,gas (CC) (seawater)
subpeak generation,gas,gas_subpeak_CC,2035,OM-fixed,7.09,gas (CC) (recirculating)
subpeak generation,gas,gas_subpeak_CC,2035,OM-fixed,7.09,gas (CC) (cooling pond)
subpeak generation,gas,gas_subpeak_CC,2035,OM-fixed,7.09,gas (CC) (dry cooling)
subpeak generation,gas,gas_subpeak_CC_CCS,2035,OM-fixed,12.44,gas (CC CCS) (once through)
subpeak generation,gas,gas_subpeak_CC_CCS,2035,OM-fixed,12.44,gas (CC CCS) (seawater)
subpeak generation,gas,gas_subpeak_CC_CCS,2035,OM-fixed,12.44,gas (CC CCS) (recirculating)
subpeak generation,gas,gas_subpeak_CC_CCS,2035,OM-fixed,12.44,gas (CC CCS) (dry cooling)
subpeak generation,refined liquids,refined liquids_subpeak_steam/CT,2035,OM-fixed,5.7,refined liquids (steam/CT) (once through)
subpeak generation,refined liquids,refined liquids_subpeak_steam/CT,2035,OM-fixed,5.7,refined liquids (steam/CT) (seawater)
subpeak generation,refined liquids,refined liquids_subpeak_steam/CT,2035,OM-fixed,5.7,refined liquids (steam/CT) (recirculating)
subpeak generation,refined liquids,refined liquids_subpeak_steam/CT,2035,OM-fixed,5.7,refined liquids (steam/CT) (cooling pond)
subpeak generation,refined liquids,refined liquids_subpeak_steam/CT,2035,OM-fixed,5.7,refined liquids (steam/CT) (dry cooling)
subpeak generation,refined liquids,refined liquids_subpeak_CC,2035,OM-fixed,7.09,refined liquids (CC) (once through)
subpeak generation,refined liquids,refined liquids_subpeak_CC,2035,OM-fixed,7.09,refined liquids (CC) (seawater)
subpeak generation,refined liquids,refined liquids_subpeak_CC,2035,OM-fixed,7.09,refined liquids (CC) (recirculating)
subpeak generation,refined liquids,refined liquids_subpeak_CC,2035,OM-fixed,7.09,refined liquids (CC) (dry cooling)
subpeak generation,refined liquids,refined liquids_subpeak_CC_CCS,2035,OM-fixed,12.44,refined liquids (CC CCS) (once through)
subpeak generation,refined liquids,refined liquids_subpeak_CC_CCS,2035,OM-fixed,12.44,refined liquids (CC CCS) (seawater)
subpeak generation,refined liquids,refined liquids_subpeak_CC_CCS,2035,OM-fixed,12.44,refined liquids (CC CCS) (recirculating)
subpeak generation,refined liquids,refined liquids_subpeak_CC_CCS,2035,OM-fixed,12.44,refined liquids (CC CCS) (dry cooling)
subpeak generation,coal,coal_subpeak_conv pul_retire_2023,2035,OM-fixed,19.13,coal (conv pul) (once through)
subpeak generation,coal,coal_subpeak_conv pul_retire_2023,2035,OM-fixed,19.13,coal (conv pul) (seawater)
subpeak generation,coal,coal_subpeak_conv pul_retire_2023,2035,OM-fixed,19.13,coal (conv pul) (recirculating)
subpeak generation,coal,coal_subpeak_conv pul_retire_2023,2035,OM-fixed,19.13,coal (conv pul) (cooling pond)
subpeak generation,coal,coal_subpeak_conv pul_retire_2023,2035,OM-fixed,19.13,coal (conv pul) (dry cooling)
subpeak generation,coal,coal_subpeak_conv pul,2040,OM-fixed,18.36,coal (conv pul) (once through)
subpeak generation,coal,coal_subpeak_conv pul,2040,OM-fixed,18.36,coal (conv pul) (seawater)
subpeak generation,coal,coal_subpeak_conv pul,2040,OM-fixed,18.36,coal (conv pul) (recirculating)
subpeak generation,coal,coal_subpeak_conv pul,2040,OM-fixed,18.36,coal (conv pul) (cooling pond)
subpeak generation,coal,coal_subpeak_conv pul,2040,OM-fixed,18.36,coal (conv pul) (dry cooling)
subpeak generation,gas,gas_subpeak_steam/CT,2040,OM-fixed,5.54,gas (steam/CT) (once through)
subpeak generation,gas,gas_subpeak_steam/CT,2040,OM-fixed,5.54,gas (steam/CT) (seawater)
subpeak generation,gas,gas_subpeak_steam/CT,2040,OM-fixed,5.54,gas (steam/CT) (recirculating)
subpeak generation,gas,gas_subpeak_steam/CT,2040,OM-fixed,5.54,gas (steam/CT) (cooling pond)
subpeak generation,gas,gas_subpeak_steam/CT,2040,OM-fixed,5.54,gas (steam/CT) (dry cooling)
subpeak generation,gas,gas_subpeak_CC,2040,OM-fixed,6.83,gas (CC) (once through)
subpeak generation,gas,gas_subpeak_CC,2040,OM-fixed,6.83,gas (CC) (seawater)
subpeak generation,gas,gas_subpeak_CC,2040,OM-fixed,6.83,gas (CC) (recirculating)
subpeak generation,gas,gas_subpeak_CC,2040,OM-fixed,6.83,gas (CC) (cooling pond)
subpeak generation,gas,gas_subpeak_CC,2040,OM-fixed,6.83,gas (CC) (dry cooling)
subpeak generation,gas,gas_subpeak_CC_CCS,2040,OM-fixed,11.78,gas (CC CCS) (once through)
subpeak generation,gas,gas_subpeak_CC_CCS,2040,OM-fixed,11.78,gas (CC CCS) (seawater)
subpeak generation,gas,gas_subpeak_CC_CCS,2040,OM-fixed,11.78,gas (CC CCS) (recirculating)
subpeak generation,gas,gas_subpeak_CC_CCS,2040,OM-fixed,11.78,gas (CC CCS) (dry cooling)
subpeak generation,refined liquids,refined liquids_subpeak_steam/CT,2040,OM-fixed,5.54,refined liquids (steam/CT) (once through)
subpeak generation,refined liquids,refined liquids_subpeak_steam/CT,2040,OM-fixed,5.54,refined liquids (steam/CT) (seawater)
subpeak generation,refined liquids,refined liquids_subpeak_steam/CT,2040,OM-fixed,5.54,refined liquids (steam/CT) (recirculating)
subpeak generation,refined liquids,refined liquids_subpeak_steam/CT,2040,OM-fixed,5.54,refined liquids (steam/CT) (cooling pond)
subpeak generation,refined liquids,refined liquids_subpeak_steam/CT,2040,OM-fixed,5.54,refined liquids (steam/CT) (dry cooling)
subpeak generation,refined liquids,refined liquids_subpeak_CC,2040,OM-fixed,6.83,refined liquids (CC) (once through)
subpeak generation,refined liquids,refined liquids_subpeak_CC,2040,OM-fixed,6.83,refined liquids (CC) (seawater)
subpeak generation,refined liquids,refined liquids_subpeak_CC,2040,OM-fixed,6.83,refined liquids (CC) (recirculating)
subpeak generation,refined liquids,refined liquids_subpeak_CC,2040,OM-fixed,6.83,refined liquids (CC) (dry cooling)
subpeak generation,refined liquids,refined liquids_subpeak_CC_CCS,2040,OM-fixed,11.78,refined liquids (CC CCS) (once through)
subpeak generation,refined liquids,refined liquids_subpeak_CC_CCS,2040,OM-fixed,11.78,refined liquids (CC CCS) (seawater)
subpeak generation,refined liquids,refined liquids_subpeak_CC_CCS,2040,OM-fixed,11.78,refined liquids (CC CCS) (recirculating)
subpeak generation,refined liquids,refined liquids_subpeak_CC_CCS,2040,OM-fixed,11.78,refined liquids (CC CCS) (dry cooling)
subpeak generation,coal,coal_subpeak_conv pul_retire_2023,2040,OM-fixed,18.36,coal (conv pul) (once through)
subpeak generation,coal,coal_subpeak_conv pul_retire_2023,2040,OM-fixed,18.36,coal (conv pul) (seawater)
subpeak generation,coal,coal_subpeak_conv pul_retire_2023,2040,OM-fixed,18.36,coal (conv pul) (recirculating)
subpeak generation,coal,coal_subpeak_conv pul_retire_2023,2040,OM-fixed,18.36,coal (conv pul) (cooling pond)
subpeak generation,coal,coal_subpeak_conv pul_retire_2023,2040,OM-fixed,18.36,coal (conv pul) (dry cooling)
subpeak generation,coal,coal_subpeak_conv pul,2045,OM-fixed,17.58,coal (conv pul) (once through)
subpeak generation,coal,coal_subpeak_conv pul,2045,OM-fixed,17.58,coal (conv pul) (seawater)
subpeak generation,coal,coal_subpeak_conv pul,2045,OM-fixed,17.58,coal (conv pul) (recirculating)
subpeak generation,coal,coal_subpeak_conv pul,2045,OM-fixed,17.58,coal (conv pul) (cooling pond)
subpeak generation,coal,coal_subpeak_conv pul,2045,OM-fixed,17.58,coal (conv pul) (dry cooling)
subpeak generation,gas,gas_subpeak_steam/CT,2045,OM-fixed,5.37,gas (steam/CT) (once through)
subpeak generation,gas,gas_subpeak_steam/CT,2045,OM-fixed,5.37,gas (steam/CT) (seawater)
subpeak generation,gas,gas_subpeak_steam/CT,2045,OM-fixed,5.37,gas (steam/CT) (recirculating)
subpeak generation,gas,gas_subpeak_steam/CT,2045,OM-fixed,5.37,gas (steam/CT) (cooling pond)
subpeak generation,gas,gas_subpeak_steam/CT,2045,OM-fixed,5.37,gas (steam/CT) (dry cooling)
subpeak generation,gas,gas_subpeak_CC,2045,OM-fixed,6.55,gas (CC) (once through)
subpeak generation,gas,gas_subpeak_CC,2045,OM-fixed,6.55,gas (CC) (seawater)
subpeak generation,gas,gas_subpeak_CC,2045,OM-fixed,6.55,gas (CC) (recirculating)
subpeak generation,gas,gas_subpeak_CC,2045,OM-fixed,6.55,gas (CC) (cooling pond)
subpeak generation,gas,gas_subpeak_CC,2045,OM-fixed,6.55,gas (CC) (dry cooling)
subpeak generation,gas,gas_subpeak_CC_CCS,2045,OM-fixed,11.12,gas (CC CCS) (once through)
subpeak generation,gas,gas_subpeak_CC_CCS,2045,OM-fixed,11.12,gas (CC CCS) (seawater)
subpeak generation,gas,gas_subpeak_CC_CCS,2045,OM-fixed,11.12,gas (CC CCS) (recirculating)
subpeak generation,gas,gas_subpeak_CC_CCS,2045,OM-fixed,11.12,gas (CC CCS) (dry cooling)
subpeak generation,refined liquids,refined liquids_subpeak_steam/CT,2045,OM-fixed,5.37,refined liquids (steam/CT) (once through)
subpeak generation,refined liquids,refined liquids_subpeak_steam/CT,2045,OM-fixed,5.37,refined liquids (steam/CT) (seawater)
subpeak generation,refined liquids,refined liquids_subpeak_steam/CT,2045,OM-fixed,5.37,refined liquids (steam/CT) (recirculating)
subpeak generation,refined liquids,refined liquids_subpeak_steam/CT,2045,OM-fixed,5.37,refined liquids (steam/CT) (cooling pond)
subpeak generation,refined liquids,refined liquids_subpeak_steam/CT,2045,OM-fixed,5.37,refined liquids (steam/CT) (dry cooling)
subpeak generation,refined liquids,refined liquids_subpeak_CC,2045,OM-fixed,6.55,refined liquids (CC) (once through)
subpeak generation,refined liquids,refined liquids_subpeak_CC,2045,OM-fixed,6.55,refined liquids (CC) (seawater)
subpeak generation,refined liquids,refined liquids_subpeak_CC,2045,OM-fixed,6.55,refined liquids (CC) (recirculating)
subpeak generation,refined liquids,refined liquids_subpeak_CC,2045,OM-fixed,6.55,refined liquids (CC) (dry cooling)
subpeak generation,refined liquids,refined liquids_subpeak_CC_CCS,2045,OM-fixed,11.12,refined liquids (CC CCS) (once through)
subpeak generation,refined liquids,refined liquids_subpeak_CC_CCS,2045,OM-fixed,11.12,refined liquids (CC CCS) (seawater)
subpeak generation,refined liquids,refined liquids_subpeak_CC_CCS,2045,OM-fixed,11.12,refined liquids (CC CCS) (recirculating)
subpeak generation,refined liquids,refined liquids_subpeak_CC_CCS,2045,OM-fixed,11.12,refined liquids (CC CCS) (dry cooling)
subpeak generation,coal,coal_subpeak_conv pul_retire_2023,2045,OM-fixed,17.58,coal (conv pul) (once through)
subpeak generation,coal,coal_subpeak_conv pul_retire_2023,2045,OM-fixed,17.58,coal (conv pul) (seawater)
subpeak generation,coal,coal_subpeak_conv pul_retire_2023,2045,OM-fixed,17.58,coal (conv pul) (recirculating)
subpeak generation,coal,coal_subpeak_conv pul_retire_2023,2045,OM-fixed,17.58,coal (conv pul) (cooling pond)
subpeak generation,coal,coal_subpeak_conv pul_retire_2023,2045,OM-fixed,17.58,coal (conv pul) (dry cooling)
subpeak generation,coal,coal_subpeak_conv pul,2050,OM-fixed,16.8,coal (conv pul) (once through)
subpeak generation,coal,coal_subpeak_conv pul,2050,OM-fixed,16.8,coal (conv pul) (seawater)
subpeak generation,coal,coal_subpeak_conv pul,2050,OM-fixed,16.8,coal (conv pul) (recirculating)
subpeak generation,coal,coal_subpeak_conv pul,2050,OM-fixed,16.8,coal (conv pul) (cooling pond)
subpeak generation,coal,coal_subpeak_conv pul,2050,OM-fixed,16.8,coal (conv pul) (dry cooling)
subpeak generation,gas,gas_subpeak_steam/CT,2050,OM-fixed,5.18,gas (steam/CT) (once through)
subpeak generation,gas,gas_subpeak_steam/CT,2050,OM-fixed,5.18,gas (steam/CT) (seawater)
subpeak generation,gas,gas_subpeak_steam/CT,2050,OM-fixed,5.18,gas (steam/CT) (recirculating)
subpeak generation,gas,gas_subpeak_steam/CT,2050,OM-fixed,5.18,gas (steam/CT) (cooling pond)
subpeak generation,gas,gas_subpeak_steam/CT,2050,OM-fixed,5.18,gas (steam/CT) (dry cooling)
subpeak generation,gas,gas_subpeak_CC,2050,OM-fixed,6.29,gas (CC) (once through)
subpeak generation,gas,gas_subpeak_CC,2050,OM-fixed,6.29,gas (CC) (seawater)
subpeak generation,gas,gas_subpeak_CC,2050,OM-fixed,6.29,gas (CC) (recirculating)
subpeak generation,gas,gas_subpeak_CC,2050,OM-fixed,6.29,gas (CC) (cooling pond)
subpeak generation,gas,gas_subpeak_CC,2050,OM-fixed,6.29,gas (CC) (dry cooling)
subpeak generation,gas,gas_subpeak_CC_CCS,2050,OM-fixed,10.46,gas (CC CCS) (once through)
subpeak generation,gas,gas_subpeak_CC_CCS,2050,OM-fixed,10.46,gas (CC CCS) (seawater)
subpeak generation,gas,gas_subpeak_CC_CCS,2050,OM-fixed,10.46,gas (CC CCS) (recirculating)
subpeak generation,gas,gas_subpeak_CC_CCS,2050,OM-fixed,10.46,gas (CC CCS) (dry cooling)
subpeak generation,refined liquids,refined liquids_subpeak_steam/CT,2050,OM-fixed,5.18,refined liquids (steam/CT) (once through)
subpeak generation,refined liquids,refined liquids_subpeak_steam/CT,2050,OM-fixed,5.18,refined liquids (steam/CT) (seawater)
subpeak generation,refined liquids,refined liquids_subpeak_steam/CT,2050,OM-fixed,5.18,refined liquids (steam/CT) (recirculating)
subpeak generation,refined liquids,refined liquids_subpeak_steam/CT,2050,OM-fixed,5.18,refined liquids (steam/CT) (cooling pond)
subpeak generation,refined liquids,refined liquids_subpeak_steam/CT,2050,OM-fixed,5.18,refined liquids (steam/CT) (dry cooling)
subpeak generation,refined liquids,refined liquids_subpeak_CC,2050,OM-fixed,6.29,refined liquids (CC) (once through)
subpeak generation,refined liquids,refined liquids_subpeak_CC,2050,OM-fixed,6.29,refined liquids (CC) (seawater)
subpeak generation,refined liquids,refined liquids_subpeak_CC,2050,OM-fixed,6.29,refined liquids (CC) (recirculating)
subpeak generation,refined liquids,refined liquids_subpeak_CC,2050,OM-fixed,6.29,refined liquids (CC) (dry cooling)
subpeak generation,refined liquids,refined liquids_subpeak_CC_CCS,2050,OM-fixed,10.46,refined liquids (CC CCS) (once through)
subpeak generation,refined liquids,refined liquids_subpeak_CC_CCS,2050,OM-fixed,10.46,refined liquids (CC CCS) (seawater)
subpeak generation,refined liquids,refined liquids_subpeak_CC_CCS,2050,OM-fixed,10.46,refined liquids (CC CCS) (recirculating)
subpeak generation,refined liquids,refined liquids_subpeak_CC_CCS,2050,OM-fixed,10.46,refined liquids (CC CCS) (dry cooling)
subpeak generation,coal,coal_subpeak_conv pul_retire_2023,2050,OM-fixed,16.8,coal (conv pul) (once through)
subpeak generation,coal,coal_subpeak_conv pul_retire_2023,2050,OM-fixed,16.8,coal (conv pul) (seawater)
subpeak generation,coal,coal_subpeak_conv pul_retire_2023,2050,OM-fixed,16.8,coal (conv pul) (recirculating)
subpeak generation,coal,coal_subpeak_conv pul_retire_2023,2050,OM-fixed,16.8,coal (conv pul) (cooling pond)
subpeak generation,coal,coal_subpeak_conv pul_retire_2023,2050,OM-fixed,16.8,coal (conv pul) (dry cooling)
subpeak generation,coal,coal_subpeak_conv pul,2055,OM-fixed,16.72,coal (conv pul) (once through)
subpeak generation,coal,coal_subpeak_conv pul,2055,OM-fixed,16.72,coal (conv pul) (seawater)
subpeak generation,coal,coal_subpeak_conv pul,2055,OM-fixed,16.72,coal (conv pul) (recirculating)
subpeak generation,coal,coal_subpeak_conv pul,2055,OM-fixed,16.72,coal (conv pul) (cooling pond)
subpeak generation,coal,coal_subpeak_conv pul,2055,OM-fixed,16.72,coal (conv pul) (dry cooling)
subpeak generation,gas,gas_subpeak_steam/CT,2055,OM-fixed,5.16,gas (steam/CT) (once through)
subpeak generation,gas,gas_subpeak_steam/CT,2055,OM-fixed,5.16,gas (steam/CT) (seawater)
subpeak generation,gas,gas_subpeak_steam/CT,2055,OM-fixed,5.16,gas (steam/CT) (recirculating)
subpeak generation,gas,gas_subpeak_steam/CT,2055,OM-fixed,5.16,gas (steam/CT) (cooling pond)
subpeak generation,gas,gas_subpeak_steam/CT,2055,OM-fixed,5.16,gas (steam/CT) (dry cooling)
subpeak generation,gas,gas_subpeak_CC,2055,OM-fixed,6.26,gas (CC) (once through)
subpeak generation,gas,gas_subpeak_CC,2055,OM-fixed,6.26,gas (CC) (seawater)
subpeak generation,gas,gas_subpeak_CC,2055,OM-fixed,6.26,gas (CC) (recirculating)
subpeak generation,gas,gas_subpeak_CC,2055,OM-fixed,6.26,gas (CC) (cooling pond)
subpeak generation,gas,gas_subpeak_CC,2055,OM-fixed,6.26,gas (CC) (dry cooling)
subpeak generation,gas,gas_subpeak_CC_CCS,2055,OM-fixed,10.41,gas (CC CCS) (once through)
subpeak generation,gas,gas_subpeak_CC_CCS,2055,OM-fixed,10.41,gas (CC CCS) (seawater)
subpeak generation,gas,gas_subpeak_CC_CCS,2055,OM-fixed,10.41,gas (CC CCS) (recirculating)
subpeak generation,gas,gas_subpeak_CC_CCS,2055,OM-fixed,10.41,gas (CC CCS) (dry cooling)
subpeak generation,refined liquids,refined liquids_subpeak_steam/CT,2055,OM-fixed,5.16,refined liquids (steam/CT) (once through)
subpeak generation,refined liquids,refined liquids_subpeak_steam/CT,2055,OM-fixed,5.16,refined liquids (steam/CT) (seawater)
subpeak generation,refined liquids,refined liquids_subpeak_steam/CT,2055,OM-fixed,5.16,refined liquids (steam/CT) (recirculating)
subpeak generation,refined liquids,refined liquids_subpeak_steam/CT,2055,OM-fixed,5.16,refined liquids (steam/CT) (cooling pond)
subpeak generation,refined liquids,refined liquids_subpeak_steam/CT,2055,OM-fixed,5.16,refined liquids (steam/CT) (dry cooling)
subpeak generation,refined liquids,refined liquids_subpeak_CC,2055,OM-fixed,6.26,refined liquids (CC) (once through)
subpeak generation,refined liquids,refined liquids_subpeak_CC,2055,OM-fixed,6.26,refined liquids (CC) (seawater)
subpeak generation,refined liquids,refined liquids_subpeak_CC,2055,OM-fixed,6.26,refined liquids (CC) (recirculating)
subpeak generation,refined liquids,refined liquids_subpeak_CC,2055,OM-fixed,6.26,refined liquids (CC) (dry cooling)
subpeak generation,refined liquids,refined liquids_subpeak_CC_CCS,2055,OM-fixed,10.41,refined liquids (CC CCS) (once through)
subpeak generation,refined liquids,refined liquids_subpeak_CC_CCS,2055,OM-fixed,10.41,refined liquids (CC CCS) (seawater)
subpeak generation,refined liquids,refined liquids_subpeak_CC_CCS,2055,OM-fixed,10.41,refined liquids (CC CCS) (recirculating)
subpeak generation,refined liquids,refined liquids_subpeak_CC_CCS,2055,OM-fixed,10.41,refined liquids (CC CCS) (dry cooling)
subpeak generation,coal,coal_subpeak_conv pul_retire_2023,2055,OM-fixed,16.72,coal (conv pul) (once through)
subpeak generation,coal,coal_subpeak_conv pul_retire_2023,2055,OM-fixed,16.72,coal (conv pul) (seawater)
subpeak generation,coal,coal_subpeak_conv pul_retire_2023,2055,OM-fixed,16.72,coal (conv pul) (recirculating)
subpeak generation,coal,coal_subpeak_conv pul_retire_2023,2055,OM-fixed,16.72,coal (conv pul) (cooling pond)
subpeak generation,coal,coal_subpeak_conv pul_retire_2023,2055,OM-fixed,16.72,coal (conv pul) (dry cooling)
subpeak generation,coal,coal_subpeak_conv pul,2060,OM-fixed,16.63,coal (conv pul) (once through)
subpeak generation,coal,coal_subpeak_conv pul,2060,OM-fixed,16.63,coal (conv pul) (seawater)
subpeak generation,coal,coal_subpeak_conv pul,2060,OM-fixed,16.63,coal (conv pul) (recirculating)
subpeak generation,coal,coal_subpeak_conv pul,2060,OM-fixed,16.63,coal (conv pul) (cooling pond)
subpeak generation,coal,coal_subpeak_conv pul,2060,OM-fixed,16.63,coal (conv pul) (dry cooling)
subpeak generation,gas,gas_subpeak_steam/CT,2060,OM-fixed,5.13,gas (steam/CT) (once through)
subpeak generation,gas,gas_subpeak_steam/CT,2060,OM-fixed,5.13,gas (steam/CT) (seawater)
subpeak generation,gas,gas_subpeak_steam/CT,2060,OM-fixed,5.13,gas (steam/CT) (recirculating)
subpeak generation,gas,gas_subpeak_steam/CT,2060,OM-fixed,5.13,gas (steam/CT) (cooling pond)
subpeak generation,gas,gas_subpeak_steam/CT,2060,OM-fixed,5.13,gas (steam/CT) (dry cooling)
subpeak generation,gas,gas_subpeak_CC,2060,OM-fixed,6.23,gas (CC) (once through)
subpeak generation,gas,gas_subpeak_CC,2060,OM-fixed,6.23,gas (CC) (seawater)
subpeak generation,gas,gas_subpeak_CC,2060,OM-fixed,6.23,gas (CC) (recirculating)
subpeak generation,gas,gas_subpeak_CC,2060,OM-fixed,6.23,gas (CC) (cooling pond)
subpeak generation,gas,gas_subpeak_CC,2060,OM-fixed,6.23,gas (CC) (dry cooling)
subpeak generation,gas,gas_subpeak_CC_CCS,2060,OM-fixed,10.36,gas (CC CCS) (once through)
subpeak generation,gas,gas_subpeak_CC_CCS,2060,OM-fixed,10.36,gas (CC CCS) (seawater)
subpeak generation,gas,gas_subpeak_CC_CCS,2060,OM-fixed,10.36,gas (CC CCS) (recirculating)
subpeak generation,gas,gas_subpeak_CC_CCS,2060,OM-fixed,10.36,gas (CC CCS) (dry cooling)
subpeak generation,refined liquids,refined liquids_subpeak_steam/CT,2060,OM-fixed,5.13,refined liquids (steam/CT) (once through)
subpeak generation,refined liquids,refined liquids_subpeak_steam/CT,2060,OM-fixed,5.13,refined liquids (steam/CT) (seawater)
subpeak generation,refined liquids,refined liquids_subpeak_steam/CT,2060,OM-fixed,5.13,refined liquids (steam/CT) (recirculating)
subpeak generation,refined liquids,refined liquids_subpeak_steam/CT,2060,OM-fixed,5.13,refined liquids (steam/CT) (cooling pond)
subpeak generation,refined liquids,refined liquids_subpeak_steam/CT,2060,OM-fixed,5.13,refined liquids (steam/CT) (dry cooling)
subpeak generation,refined liquids,refined liquids_subpeak_CC,2060,OM-fixed,6.23,refined liquids (CC) (once through)
subpeak generation,refined liquids,refined liquids_subpeak_CC,2060,OM-fixed,6.23,refined liquids (CC) (seawater)
subpeak generation,refined liquids,refined liquids_subpeak_CC,2060,OM-fixed,6.23,refined liquids (CC) (recirculating)
subpeak generation,refined liquids,refined liquids_subpeak_CC,2060,OM-fixed,6.23,refined liquids (CC) (dry cooling)
subpeak generation,refined liquids,refined liquids_subpeak_CC_CCS,2060,OM-fixed,10.36,refined liquids (CC CCS) (once through)
subpeak generation,refined liquids,refined liquids_subpeak_CC_CCS,2060,OM-fixed,10.36,refined liquids (CC CCS) (seawater)
subpeak generation,refined liquids,refined liquids_subpeak_CC_CCS,2060,OM-fixed,10.36,refined liquids (CC CCS) (recirculating)
subpeak generation,refined liquids,refined liquids_subpeak_CC_CCS,2060,OM-fixed,10.36,refined liquids (CC CCS) (dry cooling)
subpeak generation,coal,coal_subpeak_conv pul_retire_2023,2060,OM-fixed,16.63,coal (conv pul) (once through)
subpeak generation,coal,coal_subpeak_conv pul_retire_2023,2060,OM-fixed,16.63,coal (conv pul) (seawater)
subpeak generation,coal,coal_subpeak_conv pul_retire_2023,2060,OM-fixed,16.63,coal (conv pul) (recirculating)
subpeak generation,coal,coal_subpeak_conv pul_retire_2023,2060,OM-fixed,16.63,coal (conv pul) (cooling pond)
subpeak generation,coal,coal_subpeak_conv pul_retire_2023,2060,OM-fixed,16.63,coal (conv pul) (dry cooling)
subpeak generation,coal,coal_subpeak_conv pul,2065,OM-fixed,16.55,coal (conv pul) (once through)
subpeak generation,coal,coal_subpeak_conv pul,2065,OM-fixed,16.55,coal (conv pul) (seawater)
subpeak generation,coal,coal_subpeak_conv pul,2065,OM-fixed,16.55,coal (conv pul) (recirculating)
subpeak generation,coal,coal_subpeak_conv pul,2065,OM-fixed,16.55,coal (conv pul) (cooling pond)
subpeak generation,coal,coal_subpeak_conv pul,2065,OM-fixed,16.55,coal (conv pul) (dry cooling)
subpeak generation,gas,gas_subpeak_steam/CT,2065,OM-fixed,5.11,gas (steam/CT) (once through)
subpeak generation,gas,gas_subpeak_steam/CT,2065,OM-fixed,5.11,gas (steam/CT) (seawater)
subpeak generation,gas,gas_subpeak_steam/CT,2065,OM-fixed,5.11,gas (steam/CT) (recirculating)
subpeak generation,gas,gas_subpeak_steam/CT,2065,OM-fixed,5.11,gas (steam/CT) (cooling pond)
subpeak generation,gas,gas_subpeak_steam/CT,2065,OM-fixed,5.11,gas (steam/CT) (dry cooling)
subpeak generation,gas,gas_subpeak_CC,2065,OM-fixed,6.2,gas (CC) (once through)
subpeak generation,gas,gas_subpeak_CC,2065,OM-fixed,6.2,gas (CC) (seawater)
subpeak generation,gas,gas_subpeak_CC,2065,OM-fixed,6.2,gas (CC) (recirculating)
subpeak generation,gas,gas_subpeak_CC,2065,OM-fixed,6.2,gas (CC) (cooling pond)
subpeak generation,gas,gas_subpeak_CC,2065,OM-fixed,6.2,gas (CC) (dry cooling)
subpeak generation,gas,gas_subpeak_CC_CCS,2065,OM-fixed,10.31,gas (CC CCS) (once through)
subpeak generation,gas,gas_subpeak_CC_CCS,2065,OM-fixed,10.31,gas (CC CCS) (seawater)
subpeak generation,gas,gas_subpeak_CC_CCS,2065,OM-fixed,10.31,gas (CC CCS) (recirculating)
subpeak generation,gas,gas_subpeak_CC_CCS,2065,OM-fixed,10.31,gas (CC CCS) (dry cooling)
subpeak generation,refined liquids,refined liquids_subpeak_steam/CT,2065,OM-fixed,5.11,refined liquids (steam/CT) (once through)
subpeak generation,refined liquids,refined liquids_subpeak_steam/CT,2065,OM-fixed,5.11,refined liquids (steam/CT) (seawater)
subpeak generation,refined liquids,refined liquids_subpeak_steam/CT,2065,OM-fixed,5.11,refined liquids (steam/CT) (recirculating)
subpeak generation,refined liquids,refined liquids_subpeak_steam/CT,2065,OM-fixed,5.11,refined liquids (steam/CT) (cooling pond)
subpeak generation,refined liquids,refined liquids_subpeak_steam/CT,2065,OM-fixed,5.11,refined liquids (steam/CT) (dry cooling)
subpeak generation,refined liquids,refined liquids_subpeak_CC,2065,OM-fixed,6.2,refined liquids (CC) (once through)
subpeak generation,refined liquids,refined liquids_subpeak_CC,2065,OM-fixed,6.2,refined liquids (CC) (seawater)
subpeak generation,refined liquids,refined liquids_subpeak_CC,2065,OM-fixed,6.2,refined liquids (CC) (recirculating)
subpeak generation,refined liquids,refined liquids_subpeak_CC,2065,OM-fixed,6.2,refined liquids (CC) (dry cooling)
subpeak generation,refined liquids,refined liquids_subpeak_CC_CCS,2065,OM-fixed,10.31,refined liquids (CC CCS) (once through)
subpeak generation,refined liquids,refined liquids_subpeak_CC_CCS,2065,OM-fixed,10.31,refined liquids (CC CCS) (seawater)
subpeak generation,refined liquids,refined liquids_subpeak_CC_CCS,2065,OM-fixed,10.31,refined liquids (CC CCS) (recirculating)
subpeak generation,refined liquids,refined liquids_subpeak_CC_CCS,2065,OM-fixed,10.31,refined liquids (CC CCS) (dry cooling)
subpeak generation,coal,coal_subpeak_conv pul_retire_2023,2065,OM-fixed,16.55,coal (conv pul) (once through)
subpeak generation,coal,coal_subpeak_conv pul_retire_2023,2065,OM-fixed,16.55,coal (conv pul) (seawater)
subpeak generation,coal,coal_subpeak_conv pul_retire_2023,2065,OM-fixed,16.55,coal (conv pul) (recirculating)
subpeak generation,coal,coal_subpeak_conv pul_retire_2023,2065,OM-fixed,16.55,coal (conv pul) (cooling pond)
subpeak generation,coal,coal_subpeak_conv pul_retire_2023,2065,OM-fixed,16.55,coal (conv pul) (dry cooling)
subpeak generation,coal,coal_subpeak_conv pul,2070,OM-fixed,16.47,coal (conv pul) (once through)
subpeak generation,coal,coal_subpeak_conv pul,2070,OM-fixed,16.47,coal (conv pul) (seawater)
subpeak generation,coal,coal_subpeak_conv pul,2070,OM-fixed,16.47,coal (conv pul) (recirculating)
subpeak generation,coal,coal_subpeak_conv pul,2070,OM-fixed,16.47,coal (conv pul) (cooling pond)
subpeak generation,coal,coal_subpeak_conv pul,2070,OM-fixed,16.47,coal (conv pul) (dry cooling)
subpeak generation,gas,gas_subpeak_steam/CT,2070,OM-fixed,5.08,gas (steam/CT) (once through)
subpeak generation,gas,gas_subpeak_steam/CT,2070,OM-fixed,5.08,gas (steam/CT) (seawater)
subpeak generation,gas,gas_subpeak_steam/CT,2070,OM-fixed,5.08,gas (steam/CT) (recirculating)
subpeak generation,gas,gas_subpeak_steam/CT,2070,OM-fixed,5.08,gas (steam/CT) (cooling pond)
subpeak generation,gas,gas_subpeak_steam/CT,2070,OM-fixed,5.08,gas (steam/CT) (dry cooling)
subpeak generation,gas,gas_subpeak_CC,2070,OM-fixed,6.17,gas (CC) (once through)
subpeak generation,gas,gas_subpeak_CC,2070,OM-fixed,6.17,gas (CC) (seawater)
subpeak generation,gas,gas_subpeak_CC,2070,OM-fixed,6.17,gas (CC) (recirculating)
subpeak generation,gas,gas_subpeak_CC,2070,OM-fixed,6.17,gas (CC) (cooling pond)
subpeak generation,gas,gas_subpeak_CC,2070,OM-fixed,6.17,gas (CC) (dry cooling)
subpeak generation,gas,gas_subpeak_CC_CCS,2070,OM-fixed,10.26,gas (CC CCS) (once through)
subpeak generation,gas,gas_subpeak_CC_CCS,2070,OM-fixed,10.26,gas (CC CCS) (seawater)
subpeak generation,gas,gas_subpeak_CC_CCS,2070,OM-fixed,10.26,gas (CC CCS) (recirculating)
subpeak generation,gas,gas_subpeak_CC_CCS,2070,OM-fixed,10.26,gas (CC CCS) (dry cooling)
subpeak generation,refined liquids,refined liquids_subpeak_steam/CT,2070,OM-fixed,5.08,refined liquids (steam/CT) (once through)
subpeak generation,refined liquids,refined liquids_subpeak_steam/CT,2070,OM-fixed,5.08,refined liquids (steam/CT) (seawater)
subpeak generation,refined liquids,refined liquids_subpeak_steam/CT,2070,OM-fixed,5.08,refined liquids (steam/CT) (recirculating)
subpeak generation,refined liquids,refined liquids_subpeak_steam/CT,2070,OM-fixed,5.08,refined liquids (steam/CT) (cooling pond)
subpeak generation,refined liquids,refined liquids_subpeak_steam/CT,2070,OM-fixed,5.08,refined liquids (steam/CT) (dry cooling)
subpeak generation,refined liquids,refined liquids_subpeak_CC,2070,OM-fixed,6.17,refined liquids (CC) (once through)
subpeak generation,refined liquids,refined liquids_subpeak_CC,2070,OM-fixed,6.17,refined liquids (CC) (seawater)
subpeak generation,refined liquids,refined liquids_subpeak_CC,2070,OM-fixed,6.17,refined liquids (CC) (recirculating)
subpeak generation,refined liquids,refined liquids_subpeak_CC,2070,OM-fixed,6.17,refined liquids (CC) (dry cooling)
subpeak generation,refined liquids,refined liquids_subpeak_CC_CCS,2070,OM-fixed,10.26,refined liquids (CC CCS) (once through)
subpeak generation,refined liquids,refined liquids_subpeak_CC_CCS,2070,OM-fixed,10.26,refined liquids (CC CCS) (seawater)
subpeak generation,refined liquids,refined liquids_subpeak_CC_CCS,2070,OM-fixed,10.26,refined liquids (CC CCS) (recirculating)
subpeak generation,refined liquids,refined liquids_subpeak_CC_CCS,2070,OM-fixed,10.26,refined liquids (CC CCS) (dry cooling)
subpeak generation,coal,coal_subpeak_conv pul_retire_2023,2070,OM-fixed,16.47,coal (conv pul) (once through)
subpeak generation,coal,coal_subpeak_conv pul_retire_2023,2070,OM-fixed,16.47,coal (conv pul) (seawater)
subpeak generation,coal,coal_subpeak_conv pul_retire_2023,2070,OM-fixed,16.47,coal (conv pul) (recirculating)
subpeak generation,coal,coal_subpeak_conv pul_retire_2023,2070,OM-fixed,16.47,coal (conv pul) (cooling pond)
subpeak generation,coal,coal_subpeak_conv pul_retire_2023,2070,OM-fixed,16.47,coal (conv pul) (dry cooling)
subpeak generation,coal,coal_subpeak_conv pul,2075,OM-fixed,16.39,coal (conv pul) (once through)
subpeak generation,coal,coal_subpeak_conv pul,2075,OM-fixed,16.39,coal (conv pul) (seawater)
subpeak generation,coal,coal_subpeak_conv pul,2075,OM-fixed,16.39,coal (conv pul) (recirculating)
subpeak generation,coal,coal_subpeak_conv pul,2075,OM-fixed,16.39,coal (conv pul) (cooling pond)
subpeak generation,coal,coal_subpeak_conv pul,2075,OM-fixed,16.39,coal (conv pul) (dry cooling)
subpeak generation,gas,gas_subpeak_steam/CT,2075,OM-fixed,5.06,gas (steam/CT) (once through)
subpeak generation,gas,gas_subpeak_steam/CT,2075,OM-fixed,5.06,gas (steam/CT) (seawater)
subpeak generation,gas,gas_subpeak_steam/CT,2075,OM-fixed,5.06,gas (steam/CT) (recirculating)
subpeak generation,gas,gas_subpeak_steam/CT,2075,OM-fixed,5.06,gas (steam/CT) (cooling pond)
subpeak generation,gas,gas_subpeak_steam/CT,2075,OM-fixed,5.06,gas (steam/CT) (dry cooling)
subpeak generation,gas,gas_subpeak_CC,2075,OM-fixed,6.14,gas (CC) (once through)
subpeak generation,gas,gas_subpeak_CC,2075,OM-fixed,6.14,gas (CC) (seawater)
subpeak generation,gas,gas_subpeak_CC,2075,OM-fixed,6.14,gas (CC) (recirculating)
subpeak generation,gas,gas_subpeak_CC,2075,OM-fixed,6.14,gas (CC) (cooling pond)
subpeak generation,gas,gas_subpeak_CC,2075,OM-fixed,6.14,gas (CC) (dry cooling)
subpeak generation,gas,gas_subpeak_CC_CCS,2075,OM-fixed,10.2,gas (CC CCS) (once through)
subpeak generation,gas,gas_subpeak_CC_CCS,2075,OM-fixed,10.2,gas (CC CCS) (seawater)
subpeak generation,gas,gas_subpeak_CC_CCS,2075,OM-fixed,10.2,gas (CC CCS) (recirculating)
subpeak generation,gas,gas_subpeak_CC_CCS,2075,OM-fixed,10.2,gas (CC CCS) (dry cooling)
subpeak generation,refined liquids,refined liquids_subpeak_steam/CT,2075,OM-fixed,5.06,refined liquids (steam/CT) (once through)
subpeak generation,refined liquids,refined liquids_subpeak_steam/CT,2075,OM-fixed,5.06,refined liquids (steam/CT) (seawater)
subpeak generation,refined liquids,refined liquids_subpeak_steam/CT,2075,OM-fixed,5.06,refined liquids (steam/CT) (recirculating)
subpeak generation,refined liquids,refined liquids_subpeak_steam/CT,2075,OM-fixed,5.06,refined liquids (steam/CT) (cooling pond)
subpeak generation,refined liquids,refined liquids_subpeak_steam/CT,2075,OM-fixed,5.06,refined liquids (steam/CT) (dry cooling)
subpeak generation,refined liquids,refined liquids_subpeak_CC,2075,OM-fixed,6.14,refined liquids (CC) (once through)
subpeak generation,refined liquids,refined liquids_subpeak_CC,2075,OM-fixed,6.14,refined liquids (CC) (seawater)
subpeak generation,refined liquids,refined liquids_subpeak_CC,2075,OM-fixed,6.14,refined liquids (CC) (recirculating)
subpeak generation,refined liquids,refined liquids_subpeak_CC,2075,OM-fixed,6.14,refined liquids (CC) (dry cooling)
subpeak generation,refined liquids,refined liquids_subpeak_CC_CCS,2075,OM-fixed,10.2,refined liquids (CC CCS) (once through)
subpeak generation,refined liquids,refined liquids_subpeak_CC_CCS,2075,OM-fixed,10.2,refined liquids (CC CCS) (seawater)
subpeak generation,refined liquids,refined liquids_subpeak_CC_CCS,2075,OM-fixed,10.2,refined liquids (CC CCS) (recirculating)
subpeak generation,refined liquids,refined liquids_subpeak_CC_CCS,2075,OM-fixed,10.2,refined liquids (CC CCS) (dry cooling)
subpeak generation,coal,coal_subpeak_conv pul_retire_2023,2075,OM-fixed,16.39,coal (conv pul) (once through)
subpeak generation,coal,coal_subpeak_conv pul_retire_2023,2075,OM-fixed,16.39,coal (conv pul) (seawater)
subpeak generation,coal,coal_subpeak_conv pul_retire_2023,2075,OM-fixed,16.39,coal (conv pul) (recirculating)
subpeak generation,coal,coal_subpeak_conv pul_retire_2023,2075,OM-fixed,16.39,coal (conv pul) (cooling pond)
subpeak generation,coal,coal_subpeak_conv pul_retire_2023,2075,OM-fixed,16.39,coal (conv pul) (dry cooling)
subpeak generation,coal,coal_subpeak_conv pul,2080,OM-fixed,16.3,coal (conv pul) (once through)
subpeak generation,coal,coal_subpeak_conv pul,2080,OM-fixed,16.3,coal (conv pul) (seawater)
subpeak generation,coal,coal_subpeak_conv pul,2080,OM-fixed,16.3,coal (conv pul) (recirculating)
subpeak generation,coal,coal_subpeak_conv pul,2080,OM-fixed,16.3,coal (conv pul) (cooling pond)
subpeak generation,coal,coal_subpeak_conv pul,2080,OM-fixed,16.3,coal (conv pul) (dry cooling)
subpeak generation,gas,gas_subpeak_steam/CT,2080,OM-fixed,5.03,gas (steam/CT) (once through)
subpeak generation,gas,gas_subpeak_steam/CT,2080,OM-fixed,5.03,gas (steam/CT) (seawater)
subpeak generation,gas,gas_subpeak_steam/CT,2080,OM-fixed,5.03,gas (steam/CT) (recirculating)
subpeak generation,gas,gas_subpeak_steam/CT,2080,OM-fixed,5.03,gas (steam/CT) (cooling pond)
subpeak generation,gas,gas_subpeak_steam/CT,2080,OM-fixed,5.03,gas (steam/CT) (dry cooling)
subpeak generation,gas,gas_subpeak_CC,2080,OM-fixed,6.11,gas (CC) (once through)
subpeak generation,gas,gas_subpeak_CC,2080,OM-fixed,6.11,gas (CC) (seawater)
subpeak generation,gas,gas_subpeak_CC,2080,OM-fixed,6.11,gas (CC) (recirculating)
subpeak generation,gas,gas_subpeak_CC,2080,OM-fixed,6.11,gas (CC) (cooling pond)
subpeak generation,gas,gas_subpeak_CC,2080,OM-fixed,6.11,gas (CC) (dry cooling)
subpeak generation,gas,gas_subpeak_CC_CCS,2080,OM-fixed,10.15,gas (CC CCS) (once through)
subpeak generation,gas,gas_subpeak_CC_CCS,2080,OM-fixed,10.15,gas (CC CCS) (seawater)
subpeak generation,gas,gas_subpeak_CC_CCS,2080,OM-fixed,10.15,gas (CC CCS) (recirculating)
subpeak generation,gas,gas_subpeak_CC_CCS,2080,OM-fixed,10.15,gas (CC CCS) (dry cooling)
subpeak generation,refined liquids,refined liquids_subpeak_steam/CT,2080,OM-fixed,5.03,refined liquids (steam/CT) (once through)
subpeak generation,refined liquids,refined liquids_subpeak_steam/CT,2080,OM-fixed,5.03,refined liquids (steam/CT) (seawater)
subpeak generation,refined liquids,refined liquids_subpeak_steam/CT,2080,OM-fixed,5.03,refined liquids (steam/CT) (recirculating)
subpeak generation,refined liquids,refined liquids_subpeak_steam/CT,2080,OM-fixed,5.03,refined liquids (steam/CT) (cooling pond)
subpeak generation,refined liquids,refined liquids_subpeak_steam/CT,2080,OM-fixed,5.03,refined liquids (steam/CT) (dry cooling)
subpeak generation,refined liquids,refined liquids_subpeak_CC,2080,OM-fixed,6.11,refined liquids (CC) (once through)
subpeak generation,refined liquids,refined liquids_subpeak_CC,2080,OM-fixed,6.11,refined liquids (CC) (seawater)
subpeak generation,refined liquids,refined liquids_subpeak_CC,2080,OM-fixed,6.11,refined liquids (CC) (recirculating)
subpeak generation,refined liquids,refined liquids_subpeak_CC,2080,OM-fixed,6.11,refined liquids (CC) (dry cooling)
subpeak generation,refined liquids,refined liquids_subpeak_CC_CCS,2080,OM-fixed,10.15,refined liquids (CC CCS) (once through)
subpeak generation,refined liquids,refined liquids_subpeak_CC_CCS,2080,OM-fixed,10.15,refined liquids (CC CCS) (seawater)
subpeak generation,refined liquids,refined liquids_subpeak_CC_CCS,2080,OM-fixed,10.15,refined liquids (CC CCS) (recirculating)
subpeak generation,refined liquids,refined liquids_subpeak_CC_CCS,2080,OM-fixed,10.15,refined liquids (CC CCS) (dry cooling)
subpeak generation,coal,coal_subpeak_conv pul_retire_2023,2080,OM-fixed,16.3,coal (conv pul) (once through)
subpeak generation,coal,coal_subpeak_conv pul_retire_2023,2080,OM-fixed,16.3,coal (conv pul) (seawater)
subpeak generation,coal,coal_subpeak_conv pul_retire_2023,2080,OM-fixed,16.3,coal (conv pul) (recirculating)
subpeak generation,coal,coal_subpeak_conv pul_retire_2023,2080,OM-fixed,16.3,coal (conv pul) (cooling pond)
subpeak generation,coal,coal_subpeak_conv pul_retire_2023,2080,OM-fixed,16.3,coal (conv pul) (dry cooling)
subpeak generation,coal,coal_subpeak_conv pul,2085,OM-fixed,16.22,coal (conv pul) (once through)
subpeak generation,coal,coal_subpeak_conv pul,2085,OM-fixed,16.22,coal (conv pul) (seawater)
subpeak generation,coal,coal_subpeak_conv pul,2085,OM-fixed,16.22,coal (conv pul) (recirculating)
subpeak generation,coal,coal_subpeak_conv pul,2085,OM-fixed,16.22,coal (conv pul) (cooling pond)
subpeak generation,coal,coal_subpeak_conv pul,2085,OM-fixed,16.22,coal (conv pul) (dry cooling)
subpeak generation,gas,gas_subpeak_steam/CT,2085,OM-fixed,5.01,gas (steam/CT) (once through)
subpeak generation,gas,gas_subpeak_steam/CT,2085,OM-fixed,5.01,gas (steam/CT) (seawater)
subpeak generation,gas,gas_subpeak_steam/CT,2085,OM-fixed,5.01,gas (steam/CT) (recirculating)
subpeak generation,gas,gas_subpeak_steam/CT,2085,OM-fixed,5.01,gas (steam/CT) (cooling pond)
subpeak generation,gas,gas_subpeak_steam/CT,2085,OM-fixed,5.01,gas (steam/CT) (dry cooling)
subpeak generation,gas,gas_subpeak_CC,2085,OM-fixed,6.08,gas (CC) (once through)
subpeak generation,gas,gas_subpeak_CC,2085,OM-fixed,6.08,gas (CC) (seawater)
subpeak generation,gas,gas_subpeak_CC,2085,OM-fixed,6.08,gas (CC) (recirculating)
subpeak generation,gas,gas_subpeak_CC,2085,OM-fixed,6.08,gas (CC) (cooling pond)
subpeak generation,gas,gas_subpeak_CC,2085,OM-fixed,6.08,gas (CC) (dry cooling)
subpeak generation,gas,gas_subpeak_CC_CCS,2085,OM-fixed,10.1,gas (CC CCS) (once through)
subpeak generation,gas,gas_subpeak_CC_CCS,2085,OM-fixed,10.1,gas (CC CCS) (seawater)
subpeak generation,gas,gas_subpeak_CC_CCS,2085,OM-fixed,10.1,gas (CC CCS) (recirculating)
subpeak generation,gas,gas_subpeak_CC_CCS,2085,OM-fixed,10.1,gas (CC CCS) (dry cooling)
subpeak generation,refined liquids,refined liquids_subpeak_steam/CT,2085,OM-fixed,5.01,refined liquids (steam/CT) (once through)
subpeak generation,refined liquids,refined liquids_subpeak_steam/CT,2085,OM-fixed,5.01,refined liquids (steam/CT) (seawater)
subpeak generation,refined liquids,refined liquids_subpeak_steam/CT,2085,OM-fixed,5.01,refined liquids (steam/CT) (recirculating)
subpeak generation,refined liquids,refined liquids_subpeak_steam/CT,2085,OM-fixed,5.01,refined liquids (steam/CT) (cooling pond)
subpeak generation,refined liquids,refined liquids_subpeak_steam/CT,2085,OM-fixed,5.01,refined liquids (steam/CT) (dry cooling)
subpeak generation,refined liquids,refined liquids_subpeak_CC,2085,OM-fixed,6.08,refined liquids (CC) (once through)
subpeak generation,refined liquids,refined liquids_subpeak_CC,2085,OM-fixed,6.08,refined liquids (CC) (seawater)
subpeak generation,refined liquids,refined liquids_subpeak_CC,2085,OM-fixed,6.08,refined liquids (CC) (recirculating)
subpeak generation,refined liquids,refined liquids_subpeak_CC,2085,OM-fixed,6.08,refined liquids (CC) (dry cooling)
subpeak generation,refined liquids,refined liquids_subpeak_CC_CCS,2085,OM-fixed,10.1,refined liquids (CC CCS) (once through)
subpeak generation,refined liquids,refined liquids_subpeak_CC_CCS,2085,OM-fixed,10.1,refined liquids (CC CCS) (seawater)
subpeak generation,refined liquids,refined liquids_subpeak_CC_CCS,2085,OM-fixed,10.1,refined liquids (CC CCS) (recirculating)
subpeak generation,refined liquids,refined liquids_subpeak_CC_CCS,2085,OM-fixed,10.1,refined liquids (CC CCS) (dry cooling)
subpeak generation,coal,coal_subpeak_conv pul_retire_2023,2085,OM-fixed,16.22,coal (conv pul) (once through)
subpeak generation,coal,coal_subpeak_conv pul_retire_2023,2085,OM-fixed,16.22,coal (conv pul) (seawater)
subpeak generation,coal,coal_subpeak_conv pul_retire_2023,2085,OM-fixed,16.22,coal (conv pul) (recirculating)
subpeak generation,coal,coal_subpeak_conv pul_retire_2023,2085,OM-fixed,16.22,coal (conv pul) (cooling pond)
subpeak generation,coal,coal_subpeak_conv pul_retire_2023,2085,OM-fixed,16.22,coal (conv pul) (dry cooling)
subpeak generation,coal,coal_subpeak_conv pul,2090,OM-fixed,16.14,coal (conv pul) (once through)
subpeak generation,coal,coal_subpeak_conv pul,2090,OM-fixed,16.14,coal (conv pul) (seawater)
subpeak generation,coal,coal_subpeak_conv pul,2090,OM-fixed,16.14,coal (conv pul) (recirculating)
subpeak generation,coal,coal_subpeak_conv pul,2090,OM-fixed,16.14,coal (conv pul) (cooling pond)
subpeak generation,coal,coal_subpeak_conv pul,2090,OM-fixed,16.14,coal (conv pul) (dry cooling)
subpeak generation,gas,gas_subpeak_steam/CT,2090,OM-fixed,4.98,gas (steam/CT) (once through)
subpeak generation,gas,gas_subpeak_steam/CT,2090,OM-fixed,4.98,gas (steam/CT) (seawater)
subpeak generation,gas,gas_subpeak_steam/CT,2090,OM-fixed,4.98,gas (steam/CT) (recirculating)
subpeak generation,gas,gas_subpeak_steam/CT,2090,OM-fixed,4.98,gas (steam/CT) (cooling pond)
subpeak generation,gas,gas_subpeak_steam/CT,2090,OM-fixed,4.98,gas (steam/CT) (dry cooling)
subpeak generation,gas,gas_subpeak_CC,2090,OM-fixed,6.04,gas (CC) (once through)
subpeak generation,gas,gas_subpeak_CC,2090,OM-fixed,6.04,gas (CC) (seawater)
subpeak generation,gas,gas_subpeak_CC,2090,OM-fixed,6.04,gas (CC) (recirculating)
subpeak generation,gas,gas_subpeak_CC,2090,OM-fixed,6.04,gas (CC) (cooling pond)
subpeak generation,gas,gas_subpeak_CC,2090,OM-fixed,6.04,gas (CC) (dry cooling)
subpeak generation,gas,gas_subpeak_CC_CCS,2090,OM-fixed,10.05,gas (CC CCS) (once through)
subpeak generation,gas,gas_subpeak_CC_CCS,2090,OM-fixed,10.05,gas (CC CCS) (seawater)
subpeak generation,gas,gas_subpeak_CC_CCS,2090,OM-fixed,10.05,gas (CC CCS) (recirculating)
subpeak generation,gas,gas_subpeak_CC_CCS,2090,OM-fixed,10.05,gas (CC CCS) (dry cooling)
subpeak generation,refined liquids,refined liquids_subpeak_steam/CT,2090,OM-fixed,4.98,refined liquids (steam/CT) (once through)
subpeak generation,refined liquids,refined liquids_subpeak_steam/CT,2090,OM-fixed,4.98,refined liquids (steam/CT) (seawater)
subpeak generation,refined liquids,refined liquids_subpeak_steam/CT,2090,OM-fixed,4.98,refined liquids (steam/CT) (recirculating)
subpeak generation,refined liquids,refined liquids_subpeak_steam/CT,2090,OM-fixed,4.98,refined liquids (steam/CT) (cooling pond)
subpeak generation,refined liquids,refined liquids_subpeak_steam/CT,2090,OM-fixed,4.98,refined liquids (steam/CT) (dry cooling)
subpeak generation,refined liquids,refined liquids_subpeak_CC,2090,OM-fixed,6.04,refined liquids (CC) (once through)
subpeak generation,refined liquids,refined liquids_subpeak_CC,2090,OM-fixed,6.04,refined liquids (CC) (seawater)
subpeak generation,refined liquids,refined liquids_subpeak_CC,2090,OM-fixed,6.04,refined liquids (CC) (recirculating)
subpeak generation,refined liquids,refined liquids_subpeak_CC,2090,OM-fixed,6.04,refined liquids (CC) (dry cooling)
subpeak generation,refined liquids,refined liquids_subpeak_CC_CCS,2090,OM-fixed,10.05,refined liquids (CC CCS) (once through)
subpeak generation,refined liquids,refined liquids_subpeak_CC_CCS,2090,OM-fixed,10.05,refined liquids (CC CCS) (seawater)
subpeak generation,refined liquids,refined liquids_subpeak_CC_CCS,2090,OM-fixed,10.05,refined liquids (CC CCS) (recirculating)
subpeak generation,refined liquids,refined liquids_subpeak_CC_CCS,2090,OM-fixed,10.05,refined liquids (CC CCS) (dry cooling)
subpeak generation,coal,coal_subpeak_conv pul_retire_2023,2090,OM-fixed,16.14,coal (conv pul) (once through)
subpeak generation,coal,coal_subpeak_conv pul_retire_2023,2090,OM-fixed,16.14,coal (conv pul) (seawater)
subpeak generation,coal,coal_subpeak_conv pul_retire_2023,2090,OM-fixed,16.14,coal (conv pul) (recirculating)
subpeak generation,coal,coal_subpeak_conv pul_retire_2023,2090,OM-fixed,16.14,coal (conv pul) (cooling pond)
subpeak generation,coal,coal_subpeak_conv pul_retire_2023,2090,OM-fixed,16.14,coal (conv pul) (dry cooling)
subpeak generation,coal,coal_subpeak_conv pul,2095,OM-fixed,16.06,coal (conv pul) (once through)
subpeak generation,coal,coal_subpeak_conv pul,2095,OM-fixed,16.06,coal (conv pul) (seawater)
subpeak generation,coal,coal_subpeak_conv pul,2095,OM-fixed,16.06,coal (conv pul) (recirculating)
subpeak generation,coal,coal_subpeak_conv pul,2095,OM-fixed,16.06,coal (conv pul) (cooling pond)
subpeak generation,coal,coal_subpeak_conv pul,2095,OM-fixed,16.06,coal (conv pul) (dry cooling)
subpeak generation,gas,gas_subpeak_steam/CT,2095,OM-fixed,4.96,gas (steam/CT) (once through)
subpeak generation,gas,gas_subpeak_steam/CT,2095,OM-fixed,4.96,gas (steam/CT) (seawater)
subpeak generation,gas,gas_subpeak_steam/CT,2095,OM-fixed,4.96,gas (steam/CT) (recirculating)
subpeak generation,gas,gas_subpeak_steam/CT,2095,OM-fixed,4.96,gas (steam/CT) (cooling pond)
subpeak generation,gas,gas_subpeak_steam/CT,2095,OM-fixed,4.96,gas (steam/CT) (dry cooling)
subpeak generation,gas,gas_subpeak_CC,2095,OM-fixed,6.01,gas (CC) (once through)
subpeak generation,gas,gas_subpeak_CC,2095,OM-fixed,6.01,gas (CC) (seawater)
subpeak generation,gas,gas_subpeak_CC,2095,OM-fixed,6.01,gas (CC) (recirculating)
subpeak generation,gas,gas_subpeak_CC,2095,OM-fixed,6.01,gas (CC) (cooling pond)
subpeak generation,gas,gas_subpeak_CC,2095,OM-fixed,6.01,gas (CC) (dry cooling)
subpeak generation,gas,gas_subpeak_CC_CCS,2095,OM-fixed,10,gas (CC CCS) (once through)
subpeak generation,gas,gas_subpeak_CC_CCS,2095,OM-fixed,10,gas (CC CCS) (seawater)
subpeak generation,gas,gas_subpeak_CC_CCS,2095,OM-fixed,10,gas (CC CCS) (recirculating)
subpeak generation,gas,gas_subpeak_CC_CCS,2095,OM-fixed,10,gas (CC CCS) (dry cooling)
subpeak generation,refined liquids,refined liquids_subpeak_steam/CT,2095,OM-fixed,4.96,refined liquids (steam/CT) (once through)
subpeak generation,refined liquids,refined liquids_subpeak_steam/CT,2095,OM-fixed,4.96,refined liquids (steam/CT) (seawater)
subpeak generation,refined liquids,refined liquids_subpeak_steam/CT,2095,OM-fixed,4.96,refined liquids (steam/CT) (recirculating)
subpeak generation,refined liquids,refined liquids_subpeak_steam/CT,2095,OM-fixed,4.96,refined liquids (steam/CT) (cooling pond)
subpeak generation,refined liquids,refined liquids_subpeak_steam/CT,2095,OM-fixed,4.96,refined liquids (steam/CT) (dry cooling)
subpeak generation,refined liquids,refined liquids_subpeak_CC,2095,OM-fixed,6.01,refined liquids (CC) (once through)
subpeak generation,refined liquids,refined liquids_subpeak_CC,2095,OM-fixed,6.01,refined liquids (CC) (seawater)
subpeak generation,refined liquids,refined liquids_subpeak_CC,2095,OM-fixed,6.01,refined liquids (CC) (recirculating)
subpeak generation,refined liquids,refined liquids_subpeak_CC,2095,OM-fixed,6.01,refined liquids (CC) (dry cooling)
subpeak generation,refined liquids,refined liquids_subpeak_CC_CCS,2095,OM-fixed,10,refined liquids (CC CCS) (once through)
subpeak generation,refined liquids,refined liquids_subpeak_CC_CCS,2095,OM-fixed,10,refined liquids (CC CCS) (seawater)
subpeak generation,refined liquids,refined liquids_subpeak_CC_CCS,2095,OM-fixed,10,refined liquids (CC CCS) (recirculating)
subpeak generation,refined liquids,refined liquids_subpeak_CC_CCS,2095,OM-fixed,10,refined liquids (CC CCS) (dry cooling)
subpeak generation,coal,coal_subpeak_conv pul_retire_2023,2095,OM-fixed,16.06,coal (conv pul) (once through)
subpeak generation,coal,coal_subpeak_conv pul_retire_2023,2095,OM-fixed,16.06,coal (conv pul) (seawater)
subpeak generation,coal,coal_subpeak_conv pul_retire_2023,2095,OM-fixed,16.06,coal (conv pul) (recirculating)
subpeak generation,coal,coal_subpeak_conv pul_retire_2023,2095,OM-fixed,16.06,coal (conv pul) (cooling pond)
subpeak generation,coal,coal_subpeak_conv pul_retire_2023,2095,OM-fixed,16.06,coal (conv pul) (dry cooling)
subpeak generation,coal,coal_subpeak_conv pul,2100,OM-fixed,15.98,coal (conv pul) (once through)
subpeak generation,coal,coal_subpeak_conv pul,2100,OM-fixed,15.98,coal (conv pul) (seawater)
subpeak generation,coal,coal_subpeak_conv pul,2100,OM-fixed,15.98,coal (conv pul) (recirculating)
subpeak generation,coal,coal_subpeak_conv pul,2100,OM-fixed,15.98,coal (conv pul) (cooling pond)
subpeak generation,coal,coal_subpeak_conv pul,2100,OM-fixed,15.98,coal (conv pul) (dry cooling)
subpeak generation,gas,gas_subpeak_steam/CT,2100,OM-fixed,4.93,gas (steam/CT) (once through)
subpeak generation,gas,gas_subpeak_steam/CT,2100,OM-fixed,4.93,gas (steam/CT) (seawater)
subpeak generation,gas,gas_subpeak_steam/CT,2100,OM-fixed,4.93,gas (steam/CT) (recirculating)
subpeak generation,gas,gas_subpeak_steam/CT,2100,OM-fixed,4.93,gas (steam/CT) (cooling pond)
subpeak generation,gas,gas_subpeak_steam/CT,2100,OM-fixed,4.93,gas (steam/CT) (dry cooling)
subpeak generation,gas,gas_subpeak_CC,2100,OM-fixed,5.98,gas (CC) (once through)
subpeak generation,gas,gas_subpeak_CC,2100,OM-fixed,5.98,gas (CC) (seawater)
subpeak generation,gas,gas_subpeak_CC,2100,OM-fixed,5.98,gas (CC) (recirculating)
subpeak generation,gas,gas_subpeak_CC,2100,OM-fixed,5.98,gas (CC) (cooling pond)
subpeak generation,gas,gas_subpeak_CC,2100,OM-fixed,5.98,gas (CC) (dry cooling)
subpeak generation,gas,gas_subpeak_CC_CCS,2100,OM-fixed,9.95,gas (CC CCS) (once through)
subpeak generation,gas,gas_subpeak_CC_CCS,2100,OM-fixed,9.95,gas (CC CCS) (seawater)
subpeak generation,gas,gas_subpeak_CC_CCS,2100,OM-fixed,9.95,gas (CC CCS) (recirculating)
subpeak generation,gas,gas_subpeak_CC_CCS,2100,OM-fixed,9.95,gas (CC CCS) (dry cooling)
subpeak generation,refined liquids,refined liquids_subpeak_steam/CT,2100,OM-fixed,4.93,refined liquids (steam/CT) (once through)
subpeak generation,refined liquids,refined liquids_subpeak_steam/CT,2100,OM-fixed,4.93,refined liquids (steam/CT) (seawater)
subpeak generation,refined liquids,refined liquids_subpeak_steam/CT,2100,OM-fixed,4.93,refined liquids (steam/CT) (recirculating)
subpeak generation,refined liquids,refined liquids_subpeak_steam/CT,2100,OM-fixed,4.93,refined liquids (steam/CT) (cooling pond)
subpeak generation,refined liquids,refined liquids_subpeak_steam/CT,2100,OM-fixed,4.93,refined liquids (steam/CT) (dry cooling)
subpeak generation,refined liquids,refined liquids_subpeak_CC,2100,OM-fixed,5.98,refined liquids (CC) (once through)
subpeak generation,refined liquids,refined liquids_subpeak_CC,2100,OM-fixed,5.98,refined liquids (CC) (seawater)
subpeak generation,refined liquids,refined liquids_subpeak_CC,2100,OM-fixed,5.98,refined liquids (CC) (recirculating)
subpeak generation,refined liquids,refined liquids_subpeak_CC,2100,OM-fixed,5.98,refined liquids (CC) (dry cooling)
subpeak generation,refined liquids,refined liquids_subpeak_CC_CCS,2100,OM-fixed,9.95,refined liquids (CC CCS) (once through)
subpeak generation,refined liquids,refined liquids_subpeak_CC_CCS,2100,OM-fixed,9.95,refined liquids (CC CCS) (seawater)
subpeak generation,refined liquids,refined liquids_subpeak_CC_CCS,2100,OM-fixed,9.95,refined liquids (CC CCS) (recirculating)
subpeak generation,refined liquids,refined liquids_subpeak_CC_CCS,2100,OM-fixed,9.95,refined liquids (CC CCS) (dry cooling)
subpeak generation,coal,coal_subpeak_conv pul_retire_2023,2100,OM-fixed,15.98,coal (conv pul) (once through)
subpeak generation,coal,coal_subpeak_conv pul_retire_2023,2100,OM-fixed,15.98,coal (conv pul) (seawater)
subpeak generation,coal,coal_subpeak_conv pul_retire_2023,2100,OM-fixed,15.98,coal (conv pul) (recirculating)
subpeak generation,coal,coal_subpeak_conv pul_retire_2023,2100,OM-fixed,15.98,coal (conv pul) (cooling pond)
subpeak generation,coal,coal_subpeak_conv pul_retire_2023,2100,OM-fixed,15.98,coal (conv pul) (dry cooling)
